team,ladder_points,points_for,points_against,points_diff,season,round,ladder_position
Rabbitohs,2,42,10,32,2016,1,1
Bulldogs,2,28,6,22,2016,1,2
Titans,2,30,12,18,2016,1,3
Broncos,2,17,4,13,2016,1,4
Raiders,2,30,22,8,2016,1,5
Wests Tigers,2,34,26,8,2016,1,6
Cowboys,2,20,14,6,2016,1,7
Storm,2,18,16,2,2016,1,8
Dragons,0,16,18,-2,2016,1,9
Sharks,0,14,20,-6,2016,1,10
Warriors,0,26,34,-8,2016,1,11
Panthers,0,22,30,-8,2016,1,12
Eels,0,4,17,-13,2016,1,13
Knights,0,12,30,-18,2016,1,14
Sea Eagles,0,6,28,-22,2016,1,15
Roosters,0,10,42,-32,2016,1,16
Rabbitohs,4,90,16,74,2016,2,1
Broncos,4,42,14,28,2016,2,2
Bulldogs,4,46,22,24,2016,2,3
Wests Tigers,4,70,48,22,2016,2,4
Storm,4,52,32,20,2016,2,5
Raiders,4,51,42,9,2016,2,6
Sharks,2,44,22,22,2016,2,7
Cowboys,2,36,34,2,2016,2,8
Titans,2,46,46,0,2016,2,9
Eels,2,24,33,-9,2016,2,10
Panthers,0,38,48,-10,2016,2,11
Warriors,0,36,59,-23,2016,2,12
Dragons,0,18,48,-30,2016,2,13
Roosters,0,30,63,-33,2016,2,14
Sea Eagles,0,28,64,-36,2016,2,15
Knights,0,18,78,-60,2016,2,16
Storm,6,73,46,27,2016,3,1
Raiders,5,75,66,9,2016,3,2
Rabbitohs,4,96,24,72,2016,3,3
Cowboys,4,76,34,42,2016,3,4
Broncos,4,64,37,27,2016,3,5
Titans,4,76,64,12,2016,3,6
Bulldogs,4,52,42,10,2016,3,7
Wests Tigers,4,88,78,10,2016,3,8
Eels,4,44,39,5,2016,3,9
Sharks,2,56,44,12,2016,3,10
Panthers,2,61,70,-9,2016,3,11
Sea Eagles,2,50,76,-26,2016,3,12
Dragons,2,26,54,-28,2016,3,13
Knights,1,42,102,-60,2016,3,14
Warriors,0,50,80,-30,2016,3,15
Roosters,0,30,103,-73,2016,3,16
Bulldogs,6,94,54,40,2016,4,1
Broncos,6,85,57,28,2016,4,2
Storm,6,79,60,19,2016,4,3
Titans,6,100,84,16,2016,4,4
Eels,6,52,39,13,2016,4,5
Raiders,5,95,90,5,2016,4,6
Rabbitohs,4,108,66,42,2016,4,7
Cowboys,4,96,55,41,2016,4,8
Sharks,4,70,50,20,2016,4,9
Wests Tigers,4,88,86,2,2016,4,10
Sea Eagles,4,72,96,-24,2016,4,11
Dragons,4,40,66,-26,2016,4,12
Warriors,2,90,98,-8,2016,4,13
Panthers,2,73,84,-11,2016,4,14
Knights,1,60,142,-82,2016,4,15
Roosters,0,50,125,-75,2016,4,16
Broncos,8,109,73,36,2016,5,1
Storm,8,97,74,23,2016,5,2
Raiders,7,117,98,19,2016,5,3
Cowboys,6,132,55,77,2016,5,4
Rabbitohs,6,124,78,46,2016,5,5
Sharks,6,104,76,28,2016,5,6
Bulldogs,6,102,76,26,2016,5,7
Eels,6,70,59,11,2016,5,8
Titans,6,116,108,8,2016,5,9
Warriors,4,122,126,-4,2016,5,10
Wests Tigers,4,114,120,-6,2016,5,11
Panthers,4,93,102,-9,2016,5,12
Sea Eagles,4,84,112,-28,2016,5,13
Dragons,4,40,102,-62,2016,5,14
Knights,1,74,160,-86,2016,5,15
Roosters,0,78,157,-79,2016,5,16
Broncos,10,135,73,62,2016,6,1
Cowboys,8,155,73,82,2016,6,2
Eels,8,106,65,41,2016,6,3
Sharks,8,129,96,33,2016,6,4
Bulldogs,8,120,88,32,2016,6,5
Storm,8,109,92,17,2016,6,6
Raiders,7,123,134,-11,2016,6,7
Rabbitohs,6,134,95,39,2016,6,8
Titans,6,136,133,3,2016,6,9
Sea Eagles,6,118,130,-12,2016,6,10
Wests Tigers,4,130,138,-8,2016,6,11
Panthers,4,111,125,-14,2016,6,12
Warriors,4,140,160,-20,2016,6,13
Dragons,4,40,128,-88,2016,6,14
Knights,3,92,176,-84,2016,6,15
Roosters,2,95,167,-72,2016,6,16
Broncos,12,188,73,115,2016,7,1
Cowboys,10,199,91,108,2016,7,2
Sharks,10,169,112,57,2016,7,3
Eels,10,128,75,53,2016,7,4
Storm,10,128,110,18,2016,7,5
Bulldogs,8,140,112,28,2016,7,6
Raiders,7,139,174,-35,2016,7,7
Rabbitohs,6,152,139,13,2016,7,8
Titans,6,150,152,-2,2016,7,9
Panthers,6,131,141,-10,2016,7,10
Warriors,6,164,180,-16,2016,7,11
Sea Eagles,6,128,152,-24,2016,7,12
Dragons,6,59,142,-83,2016,7,13
Wests Tigers,4,148,157,-9,2016,7,14
Knights,3,92,229,-137,2016,7,15
Roosters,2,111,187,-76,2016,7,16
Broncos,14,218,81,137,2016,8,1
Cowboys,12,231,107,124,2016,8,2
Storm,12,170,110,60,2016,8,3
Sharks,12,189,130,59,2016,8,4
Eels,10,144,107,37,2016,8,5
Bulldogs,10,161,132,29,2016,8,6
Raiders,9,199,180,19,2016,8,7
Sea Eagles,8,154,162,-8,2016,8,8
Dragons,8,79,160,-81,2016,8,9
Titans,6,170,173,-3,2016,8,10
Rabbitohs,6,160,169,-9,2016,8,11
Panthers,6,149,161,-12,2016,8,12
Warriors,6,164,222,-58,2016,8,13
Wests Tigers,4,154,217,-63,2016,8,14
Knights,3,102,255,-153,2016,8,15
Roosters,2,129,207,-78,2016,8,16
Cowboys,14,265,125,140,2016,9,1
Broncos,14,246,111,135,2016,9,2
Storm,14,208,110,98,2016,9,3
Sharks,14,219,158,61,2016,9,4
Bulldogs,10,173,152,21,2016,9,5
Raiders,9,217,199,18,2016,9,6
Panthers,8,168,179,-11,2016,9,7
Sea Eagles,8,172,196,-24,2016,9,8
Warriors,8,190,232,-42,2016,9,9
Dragons,8,89,186,-97,2016,9,10
Rabbitohs,6,182,199,-17,2016,9,11
Titans,6,170,211,-41,2016,9,12
Wests Tigers,6,184,239,-55,2016,9,13
Roosters,4,167,207,-40,2016,9,14
Knights,3,102,293,-191,2016,9,15
Eels,0,0,0,0,2016,9,16
Broncos,16,276,117,159,2016,10,1
Sharks,16,281,158,123,2016,10,2
Storm,16,223,124,99,2016,10,3
Cowboys,14,279,140,139,2016,10,4
Bulldogs,12,209,156,53,2016,10,5
Panthers,10,198,197,1,2016,10,6
Dragons,10,105,198,-93,2016,10,7
Raiders,9,229,215,14,2016,10,8
Rabbitohs,8,204,219,-15,2016,10,9
Titans,8,196,217,-21,2016,10,10
Sea Eagles,8,178,226,-48,2016,10,11
Warriors,8,208,262,-54,2016,10,12
Wests Tigers,6,188,275,-87,2016,10,13
Roosters,4,173,233,-60,2016,10,14
Knights,3,102,355,-253,2016,10,15
Eels,0,20,22,-2,2016,10,16
Sharks,18,301,170,131,2016,11,1
Storm,18,241,130,111,2016,11,2
Broncos,16,294,136,158,2016,11,3
Cowboys,16,298,158,140,2016,11,4
Bulldogs,14,241,176,65,2016,11,5
Raiders,11,267,227,40,2016,11,6
Panthers,10,222,225,-3,2016,11,7
Rabbitohs,10,238,243,-5,2016,11,8
Titans,10,224,241,-17,2016,11,9
Dragons,10,129,232,-103,2016,11,10
Sea Eagles,8,190,246,-56,2016,11,11
Wests Tigers,8,208,287,-79,2016,11,12
Warriors,8,220,300,-80,2016,11,13
Roosters,4,193,265,-72,2016,11,14
Knights,3,114,375,-261,2016,11,15
Eels,0,26,40,-14,2016,11,16
Sharks,20,301,170,131,2016,12,1
Storm,20,241,130,111,2016,12,2
Broncos,16,312,155,157,2016,12,3
Cowboys,16,308,172,136,2016,12,4
Bulldogs,14,261,208,53,2016,12,5
Raiders,13,299,247,52,2016,12,6
Panthers,12,222,225,-3,2016,12,7
Rabbitohs,12,238,243,-5,2016,12,8
Titans,12,224,241,-17,2016,12,9
Dragons,12,143,242,-99,2016,12,10
Sea Eagles,10,190,246,-56,2016,12,11
Wests Tigers,10,227,305,-78,2016,12,12
Warriors,10,220,300,-80,2016,12,13
Roosters,6,193,265,-72,2016,12,14
Knights,3,132,395,-263,2016,12,15
Eels,2,46,58,-12,2016,12,16
Sharks,22,321,188,133,2016,13,1
Storm,22,265,136,129,2016,13,2
Cowboys,18,354,188,166,2016,13,3
Broncos,16,330,191,139,2016,13,4
Raiders,15,329,265,64,2016,13,5
Bulldogs,14,279,228,51,2016,13,6
Titans,14,253,269,-16,2016,13,7
Dragons,14,143,242,-99,2016,13,8
Rabbitohs,12,266,272,-6,2016,13,9
Panthers,12,228,249,-21,2016,13,10
Warriors,12,256,318,-62,2016,13,11
Sea Eagles,10,208,276,-68,2016,13,12
Wests Tigers,10,245,337,-92,2016,13,13
Roosters,8,225,283,-58,2016,13,14
Eels,4,46,58,-12,2016,13,15
Knights,3,148,441,-293,2016,13,16
Storm,24,311,136,175,2016,14,1
Sharks,24,334,198,136,2016,14,2
Cowboys,18,364,201,163,2016,14,3
Broncos,18,356,209,147,2016,14,4
Bulldogs,16,313,244,69,2016,14,5
Raiders,15,347,291,56,2016,14,6
Panthers,14,259,273,-14,2016,14,7
Warriors,14,306,332,-26,2016,14,8
Titans,14,265,291,-26,2016,14,9
Dragons,14,159,276,-117,2016,14,10
Rabbitohs,12,280,302,-22,2016,14,11
Wests Tigers,12,275,351,-76,2016,14,12
Sea Eagles,10,232,307,-75,2016,14,13
Roosters,8,225,329,-104,2016,14,14
Eels,6,68,70,-2,2016,14,15
Knights,3,162,491,-329,2016,14,16
Sharks,26,334,198,136,2016,15,1
Storm,24,321,156,165,2016,15,2
Cowboys,20,364,201,163,2016,15,3
Broncos,20,356,209,147,2016,15,4
Bulldogs,18,313,244,69,2016,15,5
Raiders,17,347,291,56,2016,15,6
Titans,16,295,301,-6,2016,15,7
Panthers,16,259,273,-14,2016,15,8
Warriors,16,318,342,-24,2016,15,9
Dragons,16,179,286,-107,2016,15,10
Wests Tigers,14,275,351,-76,2016,15,11
Rabbitohs,12,292,332,-40,2016,15,12
Sea Eagles,10,242,337,-95,2016,15,13
Eels,8,98,82,16,2016,15,14
Roosters,8,235,341,-106,2016,15,15
Knights,5,162,491,-329,2016,15,16
Sharks,28,353,216,137,2016,16,1
Storm,26,350,176,174,2016,16,2
Cowboys,22,394,227,167,2016,16,3
Broncos,20,370,249,121,2016,16,4
Bulldogs,20,353,258,95,2016,16,5
Raiders,19,377,313,64,2016,16,6
Panthers,18,287,299,-12,2016,16,7
Dragons,18,209,304,-95,2016,16,8
Titans,16,317,331,-14,2016,16,9
Warriors,16,336,361,-25,2016,16,10
Wests Tigers,14,295,380,-85,2016,16,11
Rabbitohs,12,318,360,-42,2016,16,12
Eels,10,98,82,16,2016,16,13
Sea Eagles,10,268,367,-99,2016,16,14
Roosters,10,235,341,-106,2016,16,15
Knights,5,180,521,-341,2016,16,16
Sharks,30,387,240,147,2016,17,1
Storm,28,398,182,216,2016,17,2
Cowboys,24,414,227,187,2016,17,3
Bulldogs,22,377,278,99,2016,17,4
Raiders,21,406,338,68,2016,17,5
Broncos,20,376,297,79,2016,17,6
Warriors,18,363,379,-16,2016,17,7
Panthers,18,313,333,-20,2016,17,8
Dragons,18,215,340,-125,2016,17,9
Titans,16,335,358,-23,2016,17,10
Wests Tigers,16,329,406,-77,2016,17,11
Rabbitohs,12,318,380,-62,2016,17,12
Sea Eagles,12,304,373,-69,2016,17,13
Eels,10,122,116,6,2016,17,14
Roosters,10,255,365,-110,2016,17,15
Knights,5,205,550,-345,2016,17,16
Sharks,32,413,250,163,2016,18,1
Storm,30,398,182,216,2016,18,2
Cowboys,24,426,253,173,2016,18,3
Bulldogs,24,409,300,109,2016,18,4
Raiders,23,432,350,82,2016,18,5
Broncos,22,376,297,79,2016,18,6
Warriors,20,363,379,-16,2016,18,7
Dragons,20,215,340,-125,2016,18,8
Titans,18,335,358,-23,2016,18,9
Panthers,18,323,359,-36,2016,18,10
Wests Tigers,16,351,438,-87,2016,18,11
Rabbitohs,14,318,380,-62,2016,18,12
Sea Eagles,14,304,373,-69,2016,18,13
Eels,12,144,134,10,2016,18,14
Roosters,10,273,387,-114,2016,18,15
Knights,7,205,550,-345,2016,18,16
Sharks,34,445,270,175,2016,19,1
Storm,32,418,198,220,2016,19,2
Cowboys,26,426,253,173,2016,19,3
Bulldogs,26,409,300,109,2016,19,4
Raiders,25,432,350,82,2016,19,5
Broncos,24,406,307,99,2016,19,6
Titans,20,367,370,-3,2016,19,7
Warriors,20,377,394,-17,2016,19,8
Panthers,20,345,377,-32,2016,19,9
Dragons,20,227,372,-145,2016,19,10
Wests Tigers,18,351,438,-87,2016,19,11
Sea Eagles,16,319,387,-68,2016,19,12
Rabbitohs,14,328,410,-82,2016,19,13
Eels,12,162,156,6,2016,19,14
Roosters,10,293,419,-126,2016,19,15
Knights,7,221,570,-349,2016,19,16
Sharks,36,481,274,207,2016,20,1
Storm,34,444,208,236,2016,20,2
Cowboys,28,462,253,209,2016,20,3
Raiders,27,458,372,86,2016,20,4
Bulldogs,26,409,336,73,2016,20,5
Broncos,24,418,338,80,2016,20,6
Titans,22,401,384,17,2016,20,7
Panthers,22,376,389,-13,2016,20,8
Warriors,20,399,420,-21,2016,20,9
Wests Tigers,20,376,450,-74,2016,20,10
Dragons,20,239,397,-158,2016,20,11
Sea Eagles,18,339,399,-60,2016,20,12
Rabbitohs,14,340,430,-90,2016,20,13
Eels,12,176,190,-14,2016,20,14
Roosters,10,303,445,-142,2016,20,15
Knights,7,225,606,-381,2016,20,16
Sharks,37,499,292,207,2016,21,1
Storm,36,460,216,244,2016,21,2
Raiders,29,512,376,136,2016,21,3
Cowboys,28,470,269,201,2016,21,4
Bulldogs,28,422,346,76,2016,21,5
Broncos,24,434,370,64,2016,21,6
Titans,23,419,402,17,2016,21,7
Warriors,22,419,436,-17,2016,21,8
Panthers,22,392,409,-17,2016,21,9
Wests Tigers,22,399,458,-59,2016,21,10
Sea Eagles,20,375,415,-40,2016,21,11
Dragons,20,249,410,-161,2016,21,12
Rabbitohs,14,344,484,-140,2016,21,13
Eels,12,184,213,-29,2016,21,14
Roosters,12,335,461,-126,2016,21,15
Knights,7,241,642,-401,2016,21,16
Storm,38,475,230,245,2016,22,1
Sharks,37,513,322,191,2016,22,2
Raiders,31,542,390,152,2016,22,3
Bulldogs,30,450,360,90,2016,22,4
Cowboys,28,484,295,189,2016,22,5
Broncos,26,446,378,68,2016,22,6
Panthers,24,430,427,3,2016,22,7
Warriors,24,443,450,-7,2016,22,8
Wests Tigers,24,425,472,-47,2016,22,9
Titans,23,433,426,7,2016,22,10
Sea Eagles,20,384,425,-41,2016,22,11
Dragons,20,257,422,-165,2016,22,12
Eels,14,194,222,-28,2016,22,13
Rabbitohs,14,358,499,-141,2016,22,14
Roosters,12,353,499,-146,2016,22,15
Knights,7,255,670,-415,2016,22,16
Storm,38,483,252,231,2016,23,1
Sharks,37,531,354,177,2016,23,2
Raiders,33,564,398,166,2016,23,3
Bulldogs,32,470,376,94,2016,23,4
Cowboys,28,494,317,177,2016,23,5
Broncos,28,484,394,90,2016,23,6
Panthers,26,472,433,39,2016,23,7
Titans,25,452,444,8,2016,23,8
Warriors,24,465,491,-26,2016,23,9
Wests Tigers,24,443,491,-48,2016,23,10
Dragons,22,289,440,-151,2016,23,11
Sea Eagles,20,400,445,-45,2016,23,12
Rabbitohs,16,399,521,-122,2016,23,13
Eels,14,210,260,-50,2016,23,14
Roosters,14,375,509,-134,2016,23,15
Knights,7,261,712,-451,2016,23,16
Storm,40,521,270,251,2016,24,1
Sharks,37,537,366,171,2016,24,2
Raiders,35,592,416,176,2016,24,3
Bulldogs,32,480,396,84,2016,24,4
Cowboys,30,528,323,205,2016,24,5
Broncos,30,504,404,100,2016,24,6
Panthers,28,512,443,69,2016,24,7
Titans,27,478,450,28,2016,24,8
Warriors,24,471,525,-54,2016,24,9
Wests Tigers,24,453,531,-78,2016,24,10
Dragons,22,295,482,-187,2016,24,11
Sea Eagles,20,418,483,-65,2016,24,12
Rabbitohs,18,411,527,-116,2016,24,13
Roosters,16,417,515,-98,2016,24,14
Eels,14,228,288,-60,2016,24,15
Knights,7,267,738,-471,2016,24,16
Storm,40,537,296,241,2016,25,1
Sharks,39,574,378,196,2016,25,2
Raiders,37,636,446,190,2016,25,3
Cowboys,32,552,339,213,2016,25,4
Broncos,32,530,420,110,2016,25,5
Bulldogs,32,496,420,76,2016,25,6
Panthers,30,527,457,70,2016,25,7
Titans,27,492,465,27,2016,25,8
Wests Tigers,26,489,555,-66,2016,25,9
Warriors,24,495,561,-66,2016,25,10
Dragons,22,313,512,-199,2016,25,11
Sea Eagles,20,448,527,-79,2016,25,12
Rabbitohs,20,445,539,-94,2016,25,13
Eels,16,258,306,-48,2016,25,14
Roosters,16,429,552,-123,2016,25,15
Knights,7,279,772,-493,2016,25,16
Storm,42,563,302,261,2016,26,1
Raiders,39,688,456,232,2016,26,2
Sharks,39,580,404,176,2016,26,3
Cowboys,34,584,355,229,2016,26,4
Broncos,34,554,434,120,2016,26,5
Panthers,32,563,463,100,2016,26,6
Bulldogs,32,506,448,58,2016,26,7
Titans,27,508,497,11,2016,26,8
Wests Tigers,26,499,607,-108,2016,26,9
Warriors,24,513,601,-88,2016,26,10
Dragons,24,341,538,-197,2016,26,11
Rabbitohs,22,473,549,-76,2016,26,12
Sea Eagles,20,454,563,-109,2016,26,13
Eels,18,298,324,-26,2016,26,14
Roosters,16,443,576,-133,2016,26,15
Knights,7,305,800,-495,2016,26,16
Dragons,2,42,10,32,2017,1,1
Wests Tigers,2,34,18,16,2017,1,2
Roosters,2,32,18,14,2017,1,3
Eels,2,20,12,8,2017,1,4
Broncos,2,26,18,8,2017,1,5
Storm,2,12,6,6,2017,1,6
Cowboys,2,20,16,4,2017,1,7
Warriors,2,26,22,4,2017,1,8
Knights,0,22,26,-4,2017,1,9
Raiders,0,16,20,-4,2017,1,10
Bulldogs,0,6,12,-6,2017,1,11
Sharks,0,18,26,-8,2017,1,12
Sea Eagles,0,12,20,-8,2017,1,13
Titans,0,18,32,-14,2017,1,14
Rabbitohs,0,18,34,-16,2017,1,15
Panthers,0,10,42,-32,2017,1,16
Eels,4,54,28,26,2017,2,1
Storm,4,38,16,22,2017,2,2
Roosters,4,60,42,18,2017,2,3
Cowboys,4,41,36,5,2017,2,4
Sharks,2,60,42,18,2017,2,5
Dragons,2,58,44,14,2017,2,6
Broncos,2,46,39,7,2017,2,7
Knights,2,56,52,4,2017,2,8
Rabbitohs,2,56,52,4,2017,2,9
Panthers,2,46,44,2,2017,2,10
Warriors,2,36,48,-12,2017,2,11
Wests Tigers,2,36,54,-18,2017,2,12
Bulldogs,0,30,40,-10,2017,2,13
Titans,0,44,66,-22,2017,2,14
Sea Eagles,0,30,58,-28,2017,2,15
Raiders,0,32,62,-30,2017,2,16
Storm,6,52,28,24,2017,3,1
Roosters,6,74,54,20,2017,3,2
Dragons,4,74,54,20,2017,3,3
Eels,4,68,54,14,2017,3,4
Rabbitohs,4,80,70,10,2017,3,5
Cowboys,4,49,66,-17,2017,3,6
Sharks,2,70,58,12,2017,3,7
Raiders,2,78,68,10,2017,3,8
Broncos,2,58,53,5,2017,3,9
Bulldogs,2,54,52,2,2017,3,10
Panthers,2,58,58,0,2017,3,11
Knights,2,74,76,-2,2017,3,12
Sea Eagles,2,60,66,-6,2017,3,13
Titans,2,70,80,-10,2017,3,14
Warriors,2,48,72,-24,2017,3,15
Wests Tigers,2,42,100,-58,2017,3,16
Roosters,8,94,60,34,2017,4,1
Storm,8,74,42,32,2017,4,2
Dragons,6,100,66,34,2017,4,3
Cowboys,6,81,92,-11,2017,4,4
Panthers,4,98,58,40,2017,4,5
Sea Eagles,4,96,66,30,2017,4,6
Sharks,4,90,64,26,2017,4,7
Broncos,4,71,65,6,2017,4,8
Eels,4,74,74,0,2017,4,9
Rabbitohs,4,86,90,-4,2017,4,10
Raiders,2,90,81,9,2017,4,11
Titans,2,96,112,-16,2017,4,12
Bulldogs,2,54,88,-34,2017,4,13
Warriors,2,60,98,-38,2017,4,14
Knights,2,74,116,-42,2017,4,15
Wests Tigers,2,56,122,-66,2017,4,16
Storm,10,102,48,54,2017,5,1
Dragons,8,128,72,56,2017,5,2
Roosters,8,106,78,28,2017,5,3
Cowboys,8,101,98,3,2017,5,4
Sea Eagles,6,114,78,36,2017,5,5
Sharks,6,109,82,27,2017,5,6
Raiders,4,120,99,21,2017,5,7
Panthers,4,104,86,18,2017,5,8
Broncos,4,78,75,3,2017,5,9
Eels,4,92,104,-12,2017,5,10
Rabbitohs,4,92,110,-18,2017,5,11
Bulldogs,4,64,95,-31,2017,5,12
Warriors,4,88,120,-32,2017,5,13
Titans,2,118,140,-22,2017,5,14
Knights,2,92,135,-43,2017,5,15
Wests Tigers,2,62,150,-88,2017,5,16
Dragons,10,163,82,81,2017,6,1
Storm,10,104,59,45,2017,6,2
Sharks,8,120,84,36,2017,6,3
Roosters,8,114,110,4,2017,6,4
Cowboys,8,117,124,-7,2017,6,5
Raiders,6,162,115,47,2017,6,6
Broncos,6,110,83,27,2017,6,7
Sea Eagles,6,124,113,11,2017,6,8
Rabbitohs,6,113,130,-17,2017,6,9
Warriors,6,110,130,-20,2017,6,10
Bulldogs,6,86,107,-21,2017,6,11
Panthers,4,124,107,17,2017,6,12
Eels,4,102,126,-24,2017,6,13
Wests Tigers,4,88,166,-78,2017,6,14
Titans,2,134,182,-48,2017,6,15
Knights,2,104,157,-53,2017,6,16
Dragons,12,191,104,87,2017,7,1
Storm,12,134,85,49,2017,7,2
Sharks,10,148,86,62,2017,7,3
Roosters,10,138,116,22,2017,7,4
Raiders,8,182,123,59,2017,7,5
Broncos,8,134,105,29,2017,7,6
Bulldogs,8,110,116,-6,2017,7,7
Cowboys,8,139,152,-13,2017,7,8
Sea Eagles,6,150,143,7,2017,7,9
Eels,6,128,148,-20,2017,7,10
Rabbitohs,6,122,154,-32,2017,7,11
Warriors,6,118,150,-32,2017,7,12
Panthers,4,126,135,-9,2017,7,13
Wests Tigers,4,110,192,-82,2017,7,14
Titans,2,156,206,-50,2017,7,15
Knights,2,110,181,-71,2017,7,16
Storm,14,154,99,55,2017,8,1
Dragons,12,203,117,86,2017,8,2
Roosters,12,151,128,23,2017,8,3
Sharks,10,160,102,58,2017,8,4
Broncos,10,159,129,30,2017,8,5
Cowboys,10,163,164,-1,2017,8,6
Raiders,8,200,143,57,2017,8,7
Sea Eagles,8,170,161,9,2017,8,8
Bulldogs,8,122,134,-12,2017,8,9
Eels,8,146,160,-14,2017,8,10
Rabbitohs,6,146,179,-33,2017,8,11
Warriors,6,132,170,-38,2017,8,12
Wests Tigers,6,128,204,-76,2017,8,13
Panthers,4,138,153,-15,2017,8,14
Titans,4,172,218,-46,2017,8,15
Knights,2,122,205,-83,2017,8,16
Storm,16,188,121,67,2017,9,1
Dragons,12,225,151,74,2017,9,2
Sharks,12,182,118,64,2017,9,3
Broncos,12,191,147,44,2017,9,4
Roosters,12,164,142,22,2017,9,5
Sea Eagles,10,216,169,47,2017,9,6
Eels,10,172,166,6,2017,9,7
Bulldogs,10,138,144,-6,2017,9,8
Cowboys,10,169,190,-21,2017,9,9
Raiders,8,210,159,51,2017,9,10
Warriors,8,146,183,-37,2017,9,11
Titans,6,210,226,-16,2017,9,12
Rabbitohs,6,154,225,-71,2017,9,13
Wests Tigers,6,144,226,-82,2017,9,14
Panthers,4,156,185,-29,2017,9,15
Knights,2,130,243,-113,2017,9,16
Storm,16,224,159,65,2017,10,1
Sharks,14,200,132,68,2017,10,2
Roosters,14,212,152,60,2017,10,3
Broncos,14,215,161,54,2017,10,4
Dragons,12,239,169,70,2017,10,5
Cowboys,12,199,204,-5,2017,10,6
Sea Eagles,10,230,193,37,2017,10,7
Bulldogs,10,152,174,-22,2017,10,8
Eels,10,182,214,-32,2017,10,9
Raiders,8,230,193,37,2017,10,10
Titans,8,248,262,-14,2017,10,11
Warriors,8,174,219,-45,2017,10,12
Rabbitohs,8,182,233,-51,2017,10,13
Panthers,6,192,213,-21,2017,10,14
Wests Tigers,6,152,254,-102,2017,10,15
Knights,4,164,263,-99,2017,10,16
Storm,18,238,165,73,2017,11,1
Broncos,16,251,161,90,2017,11,2
Sharks,16,218,146,72,2017,11,3
Roosters,16,236,170,66,2017,11,4
Dragons,14,269,183,86,2017,11,5
Sea Eagles,12,260,203,57,2017,11,6
Cowboys,12,213,222,-9,2017,11,7
Raiders,10,252,209,43,2017,11,8
Bulldogs,10,170,198,-28,2017,11,9
Eels,10,198,236,-38,2017,11,10
Panthers,8,222,233,-11,2017,11,11
Titans,8,258,292,-34,2017,11,12
Rabbitohs,8,188,247,-59,2017,11,13
Warriors,8,188,249,-61,2017,11,14
Wests Tigers,6,152,290,-138,2017,11,15
Knights,4,184,293,-109,2017,11,16
Storm,20,238,165,73,2017,12,1
Sharks,18,227,154,73,2017,12,2
Dragons,16,269,183,86,2017,12,3
Broncos,16,261,189,72,2017,12,4
Roosters,16,252,194,58,2017,12,5
Sea Eagles,14,260,203,57,2017,12,6
Cowboys,14,213,222,-9,2017,12,7
Raiders,12,276,225,51,2017,12,8
Eels,12,220,252,-32,2017,12,9
Panthers,10,222,233,-11,2017,12,10
Bulldogs,10,178,207,-29,2017,12,11
Titans,10,258,292,-34,2017,12,12
Warriors,10,216,259,-43,2017,12,13
Rabbitohs,8,204,269,-65,2017,12,14
Wests Tigers,8,152,290,-138,2017,12,15
Knights,6,184,293,-109,2017,12,16
Storm,22,278,177,101,2017,13,1
Sharks,20,227,154,73,2017,13,2
Dragons,18,285,195,90,2017,13,3
Roosters,18,270,210,60,2017,13,4
Broncos,16,277,207,70,2017,13,5
Sea Eagles,16,281,223,58,2017,13,6
Cowboys,16,233,230,3,2017,13,7
Eels,14,252,276,-24,2017,13,8
Raiders,12,296,246,50,2017,13,9
Panthers,12,260,233,27,2017,13,10
Titans,10,266,312,-46,2017,13,11
Warriors,10,240,291,-51,2017,13,12
Rabbitohs,10,204,269,-65,2017,13,13
Bulldogs,10,178,245,-67,2017,13,14
Wests Tigers,8,164,306,-142,2017,13,15
Knights,6,196,333,-137,2017,13,16
Storm,24,296,190,106,2017,14,1
Roosters,20,310,228,82,2017,14,2
Sharks,20,240,172,68,2017,14,3
Dragons,18,287,211,76,2017,14,4
Broncos,18,301,225,76,2017,14,5
Sea Eagles,18,299,237,62,2017,14,6
Cowboys,18,265,236,29,2017,14,7
Panthers,14,284,253,31,2017,14,8
Eels,14,258,308,-50,2017,14,9
Raiders,12,316,270,46,2017,14,10
Warriors,12,274,303,-29,2017,14,11
Bulldogs,12,194,247,-53,2017,14,12
Titans,10,278,346,-68,2017,14,13
Rabbitohs,10,222,293,-71,2017,14,14
Wests Tigers,8,182,346,-164,2017,14,15
Knights,6,210,351,-141,2017,14,16
Storm,26,319,212,107,2017,15,1
Roosters,22,310,228,82,2017,15,2
Sharks,22,264,194,70,2017,15,3
Broncos,20,301,225,76,2017,15,4
Sea Eagles,20,299,237,62,2017,15,5
Dragons,18,297,235,62,2017,15,6
Cowboys,18,287,259,28,2017,15,7
Panthers,16,284,253,31,2017,15,8
Eels,16,282,318,-36,2017,15,9
Raiders,14,316,270,46,2017,15,10
Warriors,14,274,303,-29,2017,15,11
Bulldogs,14,194,247,-53,2017,15,12
Rabbitohs,12,258,313,-55,2017,15,13
Titans,10,298,382,-84,2017,15,14
Knights,8,210,351,-141,2017,15,15
Wests Tigers,8,204,370,-166,2017,15,16
Storm,26,343,237,106,2017,16,1
Roosters,24,335,252,83,2017,16,2
Broncos,22,331,245,86,2017,16,3
Sea Eagles,22,334,255,79,2017,16,4
Sharks,22,282,229,53,2017,16,5
Dragons,20,329,263,66,2017,16,6
Cowboys,20,301,271,30,2017,16,7
Eels,18,282,318,-36,2017,16,8
Panthers,16,296,267,29,2017,16,9
Warriors,16,295,317,-22,2017,16,10
Raiders,14,336,300,36,2017,16,11
Rabbitohs,14,258,313,-55,2017,16,12
Bulldogs,14,208,268,-60,2017,16,13
Titans,12,324,396,-72,2017,16,14
Knights,8,238,383,-145,2017,16,15
Wests Tigers,8,218,396,-178,2017,16,16
Storm,28,385,249,136,2017,17,1
Sharks,24,326,241,85,2017,17,2
Sea Eagles,24,360,277,83,2017,17,3
Roosters,24,347,296,51,2017,17,4
Broncos,22,343,287,56,2017,17,5
Cowboys,22,332,289,43,2017,17,6
Dragons,20,339,283,56,2017,17,7
Eels,20,295,330,-35,2017,17,8
Panthers,16,310,309,1,2017,17,9
Warriors,16,317,343,-26,2017,17,10
Rabbitohs,16,300,327,-27,2017,17,11
Raiders,14,354,331,23,2017,17,12
Bulldogs,14,220,281,-61,2017,17,13
Titans,14,344,406,-62,2017,17,14
Wests Tigers,10,251,408,-157,2017,17,15
Knights,8,250,416,-166,2017,17,16
Storm,28,391,271,120,2017,18,1
Sharks,26,326,241,85,2017,18,2
Roosters,26,361,308,53,2017,18,3
Sea Eagles,24,368,293,75,2017,18,4
Broncos,24,343,287,56,2017,18,5
Cowboys,24,332,289,43,2017,18,6
Dragons,22,339,283,56,2017,18,7
Eels,22,317,336,-19,2017,18,8
Panthers,18,326,317,9,2017,18,9
Warriors,18,317,343,-26,2017,18,10
Raiders,16,354,331,23,2017,18,11
Rabbitohs,16,312,341,-29,2017,18,12
Bulldogs,16,240,299,-59,2017,18,13
Titans,16,344,406,-62,2017,18,14
Wests Tigers,12,251,408,-157,2017,18,15
Knights,8,268,436,-168,2017,18,16
Storm,30,391,271,120,2017,19,1
Roosters,28,361,308,53,2017,19,2
Sea Eagles,26,396,309,87,2017,19,3
Broncos,26,377,309,68,2017,19,4
Sharks,26,336,271,65,2017,19,5
Cowboys,26,355,299,56,2017,19,6
Eels,24,317,336,-19,2017,19,7
Dragons,22,353,301,52,2017,19,8
Panthers,20,360,339,21,2017,19,9
Raiders,18,372,345,27,2017,19,10
Warriors,18,339,377,-38,2017,19,11
Titans,18,374,416,-42,2017,19,12
Bulldogs,18,240,299,-59,2017,19,13
Rabbitohs,16,322,364,-42,2017,19,14
Wests Tigers,12,267,436,-169,2017,19,15
Knights,8,290,470,-180,2017,19,16
Storm,32,411,285,126,2017,20,1
Roosters,30,389,312,77,2017,20,2
Broncos,28,419,321,98,2017,20,3
Sharks,28,362,283,79,2017,20,4
Cowboys,28,379,311,68,2017,20,5
Sea Eagles,26,418,361,57,2017,20,6
Eels,26,334,352,-18,2017,20,7
Dragons,24,405,323,82,2017,20,8
Panthers,22,384,355,29,2017,20,9
Raiders,18,386,365,21,2017,20,10
Titans,18,390,440,-50,2017,20,11
Warriors,18,351,401,-50,2017,20,12
Bulldogs,18,252,341,-89,2017,20,13
Rabbitohs,16,334,390,-56,2017,20,14
Wests Tigers,12,283,453,-170,2017,20,15
Knights,8,294,498,-204,2017,20,16
Storm,34,451,291,160,2017,21,1
Roosters,32,411,328,83,2017,21,2
Sharks,30,388,295,93,2017,21,3
Broncos,28,433,349,84,2017,21,4
Cowboys,28,395,333,62,2017,21,5
Eels,28,362,366,-4,2017,21,6
Sea Eagles,26,424,401,23,2017,21,7
Dragons,24,419,344,75,2017,21,8
Panthers,24,400,363,37,2017,21,9
Raiders,20,418,383,35,2017,21,10
Warriors,18,363,427,-64,2017,21,11
Titans,18,394,466,-72,2017,21,12
Bulldogs,18,260,357,-97,2017,21,13
Rabbitohs,16,352,422,-70,2017,21,14
Wests Tigers,14,309,457,-148,2017,21,15
Knights,10,315,512,-197,2017,21,16
Storm,36,477,299,178,2017,22,1
Roosters,32,429,364,65,2017,22,2
Broncos,30,487,349,138,2017,22,3
Sharks,30,400,325,75,2017,22,4
Eels,30,382,370,12,2017,22,5
Cowboys,28,403,359,44,2017,22,6
Sea Eagles,28,460,419,41,2017,22,7
Panthers,26,428,377,51,2017,22,8
Dragons,24,443,370,73,2017,22,9
Raiders,22,448,395,53,2017,22,10
Rabbitohs,18,378,446,-68,2017,22,11
Warriors,18,373,453,-80,2017,22,12
Bulldogs,18,264,377,-113,2017,22,13
Titans,18,394,520,-126,2017,22,14
Wests Tigers,14,323,485,-162,2017,22,15
Knights,12,341,522,-181,2017,22,16
Storm,38,493,312,181,2017,23,1
Broncos,32,519,359,160,2017,23,2
Roosters,32,442,380,62,2017,23,3
Sharks,30,410,357,53,2017,23,4
Eels,30,392,399,-7,2017,23,5
Panthers,28,452,393,59,2017,23,6
Sea Eagles,28,486,449,37,2017,23,7
Cowboys,28,419,383,36,2017,23,8
Dragons,26,485,386,99,2017,23,9
Raiders,24,484,411,73,2017,23,10
Rabbitohs,20,406,460,-54,2017,23,11
Warriors,18,389,489,-100,2017,23,12
Bulldogs,18,278,405,-127,2017,23,13
Titans,18,410,562,-152,2017,23,14
Wests Tigers,16,353,511,-158,2017,23,15
Knights,14,370,532,-162,2017,23,16
Storm,40,537,324,213,2017,24,1
Broncos,34,543,371,172,2017,24,2
Roosters,34,464,398,66,2017,24,3
Sharks,32,436,373,63,2017,24,4
Eels,32,422,407,15,2017,24,5
Panthers,30,478,415,63,2017,24,6
Cowboys,28,435,409,26,2017,24,7
Sea Eagles,28,502,479,23,2017,24,8
Dragons,26,497,410,87,2017,24,9
Raiders,24,506,437,69,2017,24,10
Rabbitohs,22,442,478,-36,2017,24,11
Bulldogs,20,308,421,-113,2017,24,12
Warriors,18,407,525,-118,2017,24,13
Titans,18,418,592,-174,2017,24,14
Wests Tigers,16,371,533,-162,2017,24,15
Knights,14,382,576,-194,2017,24,16
Storm,42,601,330,271,2017,25,1
Roosters,36,480,412,68,2017,25,2
Broncos,34,577,423,154,2017,25,3
Eels,34,474,441,33,2017,25,4
Sharks,32,450,389,61,2017,25,5
Panthers,30,492,431,61,2017,25,6
Cowboys,30,457,423,34,2017,25,7
Sea Eagles,30,524,500,24,2017,25,8
Dragons,28,513,424,89,2017,25,9
Raiders,26,552,465,87,2017,25,10
Rabbitohs,22,448,542,-94,2017,25,11
Bulldogs,22,334,435,-101,2017,25,12
Warriors,18,428,547,-119,2017,25,13
Titans,18,432,618,-186,2017,25,14
Wests Tigers,16,385,555,-170,2017,25,15
Knights,14,410,622,-212,2017,25,16
Storm,44,633,336,297,2017,26,1
Roosters,38,500,428,72,2017,26,2
Broncos,36,597,433,164,2017,26,3
Eels,36,496,457,39,2017,26,4
Sharks,34,476,407,69,2017,26,5
Sea Eagles,32,552,512,40,2017,26,6
Panthers,30,504,459,45,2017,26,7
Cowboys,30,467,443,24,2017,26,8
Dragons,28,533,450,83,2017,26,9
Raiders,26,558,497,61,2017,26,10
Bulldogs,24,360,455,-95,2017,26,11
Rabbitohs,22,464,564,-100,2017,26,12
Warriors,18,444,575,-131,2017,26,13
Wests Tigers,18,413,571,-158,2017,26,14
Titans,18,448,638,-190,2017,26,15
Knights,14,428,648,-220,2017,26,16
Dragons,2,34,12,22,2018,1,1
Storm,2,36,18,18,2018,1,2
Warriors,2,32,20,12,2018,1,3
Panthers,2,24,14,10,2018,1,4
Cowboys,2,20,14,6,2018,1,5
Wests Tigers,2,10,8,2,2018,1,6
Titans,2,30,28,2,2018,1,7
Knights,2,19,18,1,2018,1,8
Sea Eagles,0,18,19,-1,2018,1,9
Raiders,0,28,30,-2,2018,1,10
Roosters,0,8,10,-2,2018,1,11
Sharks,0,14,20,-6,2018,1,12
Eels,0,14,24,-10,2018,1,13
Rabbitohs,0,20,32,-12,2018,1,14
Bulldogs,0,18,36,-18,2018,1,15
Broncos,0,12,34,-22,2018,1,16
Dragons,4,54,28,26,2018,2,1
Warriors,4,52,28,24,2018,2,2
Panthers,4,42,28,14,2018,2,3
Wests Tigers,4,20,16,4,2018,2,4
Knights,4,49,46,3,2018,2,5
Sea Eagles,2,72,19,53,2018,2,6
Roosters,2,38,22,16,2018,2,7
Storm,2,44,28,16,2018,2,8
Cowboys,2,40,38,2,2018,2,9
Titans,2,38,48,-10,2018,2,10
Broncos,2,36,54,-18,2018,2,11
Raiders,0,56,60,-4,2018,2,12
Sharks,0,30,40,-10,2018,2,13
Rabbitohs,0,34,50,-16,2018,2,14
Bulldogs,0,30,66,-36,2018,2,15
Eels,0,14,78,-64,2018,2,16
Dragons,6,108,36,72,2018,3,1
Warriors,6,72,47,25,2018,3,2
Roosters,4,76,30,46,2018,3,3
Storm,4,74,42,32,2018,3,4
Panthers,4,60,48,12,2018,3,5
Wests Tigers,4,27,25,2,2018,3,6
Broncos,4,45,61,-16,2018,3,7
Knights,4,57,84,-27,2018,3,8
Sea Eagles,2,78,53,25,2018,3,9
Rabbitohs,2,68,56,12,2018,3,10
Sharks,2,44,44,0,2018,3,11
Cowboys,2,54,68,-14,2018,3,12
Bulldogs,2,50,84,-34,2018,3,13
Titans,2,46,102,-56,2018,3,14
Raiders,0,75,80,-5,2018,3,15
Eels,0,18,92,-74,2018,3,16
Dragons,8,138,48,90,2018,4,1
Warriors,8,102,53,49,2018,4,2
Panthers,6,93,62,31,2018,4,3
Wests Tigers,6,57,45,12,2018,4,4
Sea Eagles,4,110,69,41,2018,4,5
Storm,4,78,56,22,2018,4,6
Roosters,4,82,60,22,2018,4,7
Rabbitohs,4,88,72,16,2018,4,8
Sharks,4,58,48,10,2018,4,9
Broncos,4,59,87,-28,2018,4,10
Titans,4,72,116,-44,2018,4,11
Knights,4,69,114,-45,2018,4,12
Cowboys,2,68,101,-33,2018,4,13
Bulldogs,2,66,104,-38,2018,4,14
Raiders,0,91,112,-21,2018,4,15
Eels,0,38,122,-84,2018,4,16
Dragons,10,154,60,94,2018,5,1
Warriors,10,124,65,59,2018,5,2
Panthers,8,105,68,37,2018,5,3
Wests Tigers,8,68,55,13,2018,5,4
Roosters,6,110,70,40,2018,5,5
Titans,6,104,136,-32,2018,5,6
Knights,6,84,124,-40,2018,5,7
Sea Eagles,4,130,101,29,2018,5,8
Storm,4,88,67,21,2018,5,9
Rabbitohs,4,100,88,12,2018,5,10
Sharks,4,68,76,-8,2018,5,11
Broncos,4,69,102,-33,2018,5,12
Raiders,2,117,122,-5,2018,5,13
Cowboys,2,80,123,-43,2018,5,14
Bulldogs,2,76,130,-54,2018,5,15
Eels,0,44,134,-90,2018,5,16
Dragons,12,194,80,114,2018,6,1
Panthers,10,140,80,60,2018,6,2
Warriors,10,142,92,50,2018,6,3
Wests Tigers,10,106,67,39,2018,6,4
Storm,6,128,81,47,2018,6,5
Roosters,6,124,96,28,2018,6,6
Rabbitohs,6,126,102,24,2018,6,7
Broncos,6,96,120,-24,2018,6,8
Titans,6,116,171,-55,2018,6,9
Knights,6,98,164,-66,2018,6,10
Raiders,4,135,124,11,2018,6,11
Sea Eagles,4,142,139,3,2018,6,12
Sharks,4,88,116,-28,2018,6,13
Bulldogs,4,103,140,-37,2018,6,14
Cowboys,2,90,150,-60,2018,6,15
Eels,0,46,152,-106,2018,6,16
Dragons,12,206,100,106,2018,7,1
Warriors,12,162,104,58,2018,7,2
Panthers,10,162,106,56,2018,7,3
Wests Tigers,10,126,89,37,2018,7,4
Storm,8,162,101,61,2018,7,5
Rabbitohs,8,168,124,44,2018,7,6
Roosters,8,130,96,34,2018,7,7
Knights,8,120,184,-64,2018,7,8
Sharks,6,114,138,-24,2018,7,9
Broncos,6,116,154,-38,2018,7,10
Titans,6,130,197,-67,2018,7,11
Raiders,4,157,166,-9,2018,7,12
Sea Eagles,4,152,183,-31,2018,7,13
Bulldogs,4,103,146,-43,2018,7,14
Cowboys,4,116,164,-48,2018,7,15
Eels,2,90,162,-72,2018,7,16
Dragons,14,230,108,122,2018,8,1
Panthers,12,184,120,64,2018,8,2
Warriors,12,172,154,18,2018,8,3
Storm,10,212,111,101,2018,8,4
Wests Tigers,10,148,113,35,2018,8,5
Knights,10,138,196,-58,2018,8,6
Rabbitohs,8,188,148,40,2018,8,7
Roosters,8,138,120,18,2018,8,8
Sharks,8,124,147,-23,2018,8,9
Broncos,8,140,174,-34,2018,8,10
Raiders,6,175,174,1,2018,8,11
Titans,6,139,207,-68,2018,8,12
Sea Eagles,4,164,201,-37,2018,8,13
Bulldogs,4,117,168,-51,2018,8,14
Cowboys,4,124,182,-58,2018,8,15
Eels,4,114,184,-70,2018,8,16
Dragons,16,264,122,142,2018,9,1
Warriors,14,198,158,40,2018,9,2
Panthers,12,204,146,58,2018,9,3
Storm,10,226,145,81,2018,9,4
Rabbitohs,10,224,166,58,2018,9,5
Roosters,10,160,140,20,2018,9,6
Wests Tigers,10,152,139,13,2018,9,7
Sharks,10,146,167,-21,2018,9,8
Broncos,10,162,194,-32,2018,9,9
Knights,10,156,232,-76,2018,9,10
Raiders,8,207,192,15,2018,9,11
Cowboys,6,150,202,-52,2018,9,12
Titans,6,157,239,-82,2018,9,13
Sea Eagles,4,184,223,-39,2018,9,14
Bulldogs,4,137,190,-53,2018,9,15
Eels,4,134,206,-72,2018,9,16
Dragons,16,274,146,128,2018,10,1
Panthers,14,233,164,69,2018,10,2
Warriors,14,198,190,8,2018,10,3
Storm,12,254,159,95,2018,10,4
Rabbitohs,12,248,176,72,2018,10,5
Roosters,12,192,140,52,2018,10,6
Wests Tigers,12,172,151,21,2018,10,7
Sharks,12,170,183,-13,2018,10,8
Broncos,10,186,232,-46,2018,10,9
Knights,10,174,261,-87,2018,10,10
Raiders,8,223,216,7,2018,10,11
Sea Eagles,6,222,247,-25,2018,10,12
Bulldogs,6,157,202,-45,2018,10,13
Cowboys,6,162,222,-60,2018,10,14
Titans,6,171,267,-96,2018,10,15
Eels,4,146,226,-80,2018,10,16
Dragons,18,299,164,135,2018,11,1
Panthers,16,249,166,83,2018,11,2
Warriors,16,222,204,18,2018,11,3
Rabbitohs,14,268,195,73,2018,11,4
Sharks,14,192,199,-7,2018,11,5
Storm,12,258,183,75,2018,11,6
Roosters,12,214,168,46,2018,11,7
Wests Tigers,12,174,167,7,2018,11,8
Broncos,12,214,254,-40,2018,11,9
Knights,10,200,294,-94,2018,11,10
Raiders,8,241,241,0,2018,11,11
Sea Eagles,8,246,251,-5,2018,11,12
Titans,8,204,293,-89,2018,11,13
Bulldogs,6,173,224,-51,2018,11,14
Cowboys,6,181,242,-61,2018,11,15
Eels,4,160,250,-90,2018,11,16
Panthers,18,277,168,109,2018,12,1
Dragons,18,301,192,109,2018,12,2
Rabbitohs,16,298,205,93,2018,12,3
Sharks,16,240,209,31,2018,12,4
Warriors,16,232,234,-2,2018,12,5
Storm,14,265,189,76,2018,12,6
Roosters,14,248,182,66,2018,12,7
Wests Tigers,14,188,177,11,2018,12,8
Broncos,14,232,264,-32,2018,12,9
Raiders,10,262,261,1,2018,12,10
Knights,10,210,342,-132,2018,12,11
Sea Eagles,8,266,272,-6,2018,12,12
Titans,8,218,327,-109,2018,12,13
Bulldogs,6,183,238,-55,2018,12,14
Cowboys,6,187,249,-62,2018,12,15
Eels,4,170,268,-98,2018,12,16
Panthers,20,277,168,109,2018,13,1
Dragons,20,301,192,109,2018,13,2
Rabbitohs,18,320,219,101,2018,13,3
Warriors,18,232,234,-2,2018,13,4
Storm,16,265,189,76,2018,13,5
Roosters,16,264,196,68,2018,13,6
Sharks,16,254,231,23,2018,13,7
Broncos,16,232,264,-32,2018,13,8
Wests Tigers,14,202,193,9,2018,13,9
Raiders,12,262,261,1,2018,13,10
Knights,12,240,346,-106,2018,13,11
Titans,10,218,327,-109,2018,13,12
Sea Eagles,8,278,298,-20,2018,13,13
Cowboys,8,213,261,-48,2018,13,14
Bulldogs,8,183,238,-55,2018,13,15
Eels,4,174,298,-124,2018,13,16
Dragons,22,319,208,111,2018,14,1
Panthers,22,300,190,110,2018,14,2
Rabbitohs,20,338,235,103,2018,14,3
Warriors,20,266,248,18,2018,14,4
Storm,18,297,205,92,2018,14,5
Roosters,18,282,212,70,2018,14,6
Sharks,18,278,247,31,2018,14,7
Broncos,16,248,296,-48,2018,14,8
Wests Tigers,14,218,217,1,2018,14,9
Raiders,12,284,284,0,2018,14,10
Knights,12,256,364,-108,2018,14,11
Titans,10,234,345,-111,2018,14,12
Sea Eagles,8,292,332,-40,2018,14,13
Cowboys,8,227,281,-54,2018,14,14
Bulldogs,8,199,256,-57,2018,14,15
Eels,6,194,312,-118,2018,14,16
Dragons,24,351,216,135,2018,15,1
Rabbitohs,22,380,259,121,2018,15,2
Panthers,22,306,222,84,2018,15,3
Warriors,22,289,264,25,2018,15,4
Storm,20,325,215,110,2018,15,5
Roosters,20,314,218,96,2018,15,6
Sharks,18,294,267,27,2018,15,7
Broncos,18,268,312,-44,2018,15,8
Raiders,14,332,296,36,2018,15,9
Wests Tigers,14,230,265,-35,2018,15,10
Titans,12,266,355,-89,2018,15,11
Knights,12,266,392,-126,2018,15,12
Cowboys,8,243,304,-61,2018,15,13
Sea Eagles,8,300,364,-64,2018,15,14
Bulldogs,8,209,288,-79,2018,15,15
Eels,6,218,354,-136,2018,15,16
Dragons,26,371,234,137,2018,16,1
Rabbitohs,24,401,279,122,2018,16,2
Storm,22,334,223,111,2018,16,3
Panthers,22,316,240,76,2018,16,4
Warriors,22,304,282,22,2018,16,5
Roosters,20,322,227,95,2018,16,6
Sharks,20,312,282,30,2018,16,7
Broncos,20,294,334,-40,2018,16,8
Raiders,14,354,322,32,2018,16,9
Wests Tigers,14,242,295,-53,2018,16,10
Titans,14,296,367,-71,2018,16,11
Knights,12,282,428,-146,2018,16,12
Sea Eagles,10,318,374,-56,2018,16,13
Bulldogs,10,245,304,-59,2018,16,14
Cowboys,8,263,325,-62,2018,16,15
Eels,6,236,374,-138,2018,16,16
Rabbitohs,26,401,279,122,2018,17,1
Dragons,26,401,286,115,2018,17,2
Storm,24,386,253,133,2018,17,3
Panthers,24,352,244,108,2018,17,4
Roosters,22,322,227,95,2018,17,5
Sharks,22,312,282,30,2018,17,6
Broncos,22,328,334,-6,2018,17,7
Warriors,22,308,318,-10,2018,17,8
Raiders,16,386,350,36,2018,17,9
Wests Tigers,16,242,295,-53,2018,17,10
Titans,14,296,401,-105,2018,17,11
Knights,14,282,428,-146,2018,17,12
Sea Eagles,12,318,374,-56,2018,17,13
Cowboys,10,263,325,-62,2018,17,14
Bulldogs,10,273,336,-63,2018,17,15
Eels,8,236,374,-138,2018,17,16
Rabbitohs,28,425,285,140,2018,18,1
Storm,26,400,266,134,2018,18,2
Dragons,26,417,306,111,2018,18,3
Roosters,24,342,239,103,2018,18,4
Panthers,24,364,268,96,2018,18,5
Sharks,24,336,294,42,2018,18,6
Warriors,24,334,324,10,2018,18,7
Broncos,22,334,360,-26,2018,18,8
Raiders,18,424,362,62,2018,18,9
Wests Tigers,18,262,311,-49,2018,18,10
Knights,16,300,444,-144,2018,18,11
Titans,14,308,421,-113,2018,18,12
Sea Eagles,12,331,388,-57,2018,18,13
Bulldogs,10,279,360,-81,2018,18,14
Cowboys,10,275,363,-88,2018,18,15
Eels,8,252,392,-140,2018,18,16
Storm,28,412,272,140,2018,19,1
Dragons,28,441,316,125,2018,19,2
Rabbitohs,28,431,307,124,2018,19,3
Roosters,26,398,263,135,2018,19,4
Sharks,26,364,318,46,2018,19,5
Panthers,24,382,318,64,2018,19,6
Broncos,24,384,378,6,2018,19,7
Warriors,24,340,336,4,2018,19,8
Wests Tigers,20,284,317,-33,2018,19,9
Raiders,18,448,390,58,2018,19,10
Knights,18,330,468,-138,2018,19,11
Titans,14,332,451,-119,2018,19,12
Sea Eagles,12,355,444,-89,2018,19,13
Bulldogs,10,287,374,-87,2018,19,14
Cowboys,10,285,387,-102,2018,19,15
Eels,10,266,400,-134,2018,19,16
Storm,30,456,282,174,2018,20,1
Rabbitohs,30,457,327,130,2018,20,2
Roosters,28,434,281,153,2018,20,3
Dragons,28,459,352,107,2018,20,4
Panthers,26,410,342,68,2018,20,5
Sharks,26,374,330,44,2018,20,6
Broncos,26,396,388,8,2018,20,7
Warriors,24,352,372,-20,2018,20,8
Wests Tigers,20,288,333,-45,2018,20,9
Raiders,18,458,434,24,2018,20,10
Knights,18,348,488,-140,2018,20,11
Titans,16,368,463,-95,2018,20,12
Bulldogs,12,303,378,-75,2018,20,13
Sea Eagles,12,379,472,-93,2018,20,14
Cowboys,12,305,405,-100,2018,20,15
Eels,10,286,426,-140,2018,20,16
Rabbitohs,32,487,347,140,2018,21,1
Storm,30,476,312,164,2018,21,2
Roosters,30,460,301,159,2018,21,3
Dragons,28,471,370,101,2018,21,4
Panthers,28,450,373,77,2018,21,5
Sharks,26,406,363,43,2018,21,6
Broncos,26,418,424,-6,2018,21,7
Warriors,26,370,384,-14,2018,21,8
Wests Tigers,22,313,349,-36,2018,21,9
Raiders,18,489,474,15,2018,21,10
Knights,18,364,513,-149,2018,21,11
Titans,16,380,491,-111,2018,21,12
Bulldogs,14,339,400,-61,2018,21,13
Sea Eagles,14,412,504,-92,2018,21,14
Cowboys,12,325,431,-106,2018,21,15
Eels,12,314,438,-124,2018,21,16
Roosters,32,478,315,163,2018,22,1
Rabbitohs,32,501,365,136,2018,22,2
Storm,30,490,329,161,2018,22,3
Panthers,30,467,389,78,2018,22,4
Dragons,28,475,410,65,2018,22,5
Sharks,28,423,377,46,2018,22,6
Warriors,28,390,388,2,2018,22,7
Broncos,26,448,458,-10,2018,22,8
Wests Tigers,24,335,369,-34,2018,22,9
Raiders,18,509,496,13,2018,22,10
Knights,18,368,533,-165,2018,22,11
Sea Eagles,16,430,510,-80,2018,22,12
Titans,16,396,508,-112,2018,22,13
Bulldogs,14,345,418,-73,2018,22,14
Eels,14,354,442,-88,2018,22,15
Cowboys,14,359,461,-102,2018,22,16
Storm,32,510,333,177,2018,23,1
Roosters,32,490,329,161,2018,23,2
Rabbitohs,32,519,403,116,2018,23,3
Dragons,30,495,420,75,2018,23,4
Panthers,30,479,409,70,2018,23,5
Sharks,30,451,393,58,2018,23,6
Broncos,28,486,476,10,2018,23,7
Warriors,28,416,415,1,2018,23,8
Wests Tigers,24,345,389,-44,2018,23,9
Raiders,20,523,508,15,2018,23,10
Knights,20,388,545,-157,2018,23,11
Titans,18,438,542,-104,2018,23,12
Bulldogs,16,372,444,-72,2018,23,13
Sea Eagles,16,464,552,-88,2018,23,14
Eels,14,358,462,-104,2018,23,15
Cowboys,14,375,489,-114,2018,23,16
Storm,34,520,341,179,2018,24,1
Roosters,32,498,351,147,2018,24,2
Rabbitohs,32,531,427,104,2018,24,3
Sharks,32,489,405,84,2018,24,4
Panthers,30,495,445,50,2018,24,5
Dragons,30,495,458,37,2018,24,6
Broncos,30,508,484,24,2018,24,7
Warriors,30,452,431,21,2018,24,8
Wests Tigers,26,367,409,-42,2018,24,9
Raiders,22,547,520,27,2018,24,10
Knights,20,400,583,-183,2018,24,11
Bulldogs,18,410,444,-34,2018,24,12
Titans,18,446,552,-106,2018,24,13
Cowboys,16,419,495,-76,2018,24,14
Sea Eagles,16,484,574,-90,2018,24,15
Eels,14,364,506,-142,2018,24,16
Roosters,34,542,361,181,2018,25,1
Storm,34,536,363,173,2018,25,2
Rabbitohs,34,582,437,145,2018,25,3
Sharks,34,519,423,96,2018,25,4
Panthers,32,517,461,56,2018,25,5
Broncos,32,556,500,56,2018,25,6
Dragons,32,519,472,47,2018,25,7
Warriors,32,472,447,25,2018,25,8
Wests Tigers,26,377,460,-83,2018,25,9
Raiders,22,563,540,23,2018,25,10
Knights,20,414,607,-193,2018,25,11
Bulldogs,18,428,474,-46,2018,25,12
Cowboys,18,449,521,-72,2018,25,13
Titans,18,472,582,-110,2018,25,14
Sea Eagles,16,500,622,-122,2018,25,15
Eels,14,374,550,-176,2018,25,16
Warriors,2,40,6,34,2019,1,1
Raiders,2,21,0,21,2019,1,2
Wests Tigers,2,20,6,14,2019,1,3
Cowboys,2,24,12,12,2019,1,4
Storm,2,22,12,10,2019,1,5
Rabbitohs,2,26,16,10,2019,1,6
Eels,2,20,12,8,2019,1,7
Knights,2,14,8,6,2019,1,8
Sharks,0,8,14,-6,2019,1,9
Panthers,0,12,20,-8,2019,1,10
Roosters,0,16,26,-10,2019,1,11
Broncos,0,12,22,-10,2019,1,12
Dragons,0,12,24,-12,2019,1,13
Sea Eagles,0,6,20,-14,2019,1,14
Titans,0,0,21,-21,2019,1,15
Bulldogs,0,6,40,-34,2019,1,16
Wests Tigers,4,54,12,42,2019,2,1
Eels,4,56,28,28,2019,2,2
Rabbitohs,4,60,34,26,2019,2,3
Storm,4,44,22,22,2019,2,4
Raiders,2,31,22,9,2019,2,5
Broncos,2,41,32,9,2019,2,6
Sharks,2,28,20,8,2019,2,7
Warriors,2,46,40,6,2019,2,8
Knights,2,28,24,4,2019,2,9
Roosters,2,42,44,-2,2019,2,10
Panthers,2,28,34,-6,2019,2,11
Cowboys,2,34,41,-7,2019,2,12
Sea Eagles,0,24,46,-22,2019,2,13
Dragons,0,30,58,-28,2019,2,14
Titans,0,6,41,-35,2019,2,15
Bulldogs,0,22,76,-54,2019,2,16
Storm,6,76,24,52,2019,3,1
Rabbitohs,6,88,54,34,2019,3,2
Sharks,4,70,36,34,2019,3,3
Wests Tigers,4,62,34,28,2019,3,4
Raiders,4,48,32,16,2019,3,5
Eels,4,74,60,14,2019,3,6
Roosters,4,74,62,12,2019,3,7
Sea Eagles,2,70,58,12,2019,3,8
Broncos,2,65,57,8,2019,3,9
Knights,2,38,41,-3,2019,3,10
Dragons,2,55,82,-27,2019,3,11
Warriors,2,58,86,-28,2019,3,12
Cowboys,2,50,83,-33,2019,3,13
Panthers,2,30,66,-36,2019,3,14
Bulldogs,2,44,84,-40,2019,3,15
Titans,0,26,69,-43,2019,3,16
Storm,8,94,40,54,2019,4,1
Roosters,6,110,66,44,2019,4,2
Raiders,6,78,44,34,2019,4,3
Rabbitohs,6,100,67,33,2019,4,4
Eels,6,98,72,26,2019,4,5
Wests Tigers,4,70,43,27,2019,4,6
Sharks,4,82,60,22,2019,4,7
Sea Eagles,4,83,70,13,2019,4,8
Warriors,4,84,96,-12,2019,4,9
Dragons,4,68,94,-26,2019,4,10
Panthers,4,39,74,-35,2019,4,11
Knights,2,50,54,-4,2019,4,12
Broncos,2,69,93,-24,2019,4,13
Bulldogs,2,60,102,-42,2019,4,14
Cowboys,2,62,113,-51,2019,4,15
Titans,0,36,95,-59,2019,4,16
Storm,10,112,52,60,2019,5,1
Roosters,8,140,82,58,2019,5,2
Raiders,8,97,44,53,2019,5,3
Rabbitohs,8,128,91,37,2019,5,4
Wests Tigers,6,92,59,33,2019,5,5
Sea Eagles,6,109,88,21,2019,5,6
Dragons,6,108,98,10,2019,5,7
Eels,6,98,91,7,2019,5,8
Sharks,4,98,90,8,2019,5,9
Warriors,4,108,124,-16,2019,5,10
Panthers,4,63,104,-41,2019,5,11
Knights,2,68,80,-12,2019,5,12
Broncos,2,85,115,-30,2019,5,13
Titans,2,66,119,-53,2019,5,14
Cowboys,2,74,131,-57,2019,5,15
Bulldogs,2,64,142,-78,2019,5,16
Storm,10,132,73,59,2019,6,1
Roosters,10,161,102,59,2019,6,2
Raiders,10,123,66,57,2019,6,3
Rabbitohs,10,142,97,45,2019,6,4
Eels,8,149,97,52,2019,6,5
Dragons,8,120,108,12,2019,6,6
Sea Eagles,6,119,100,19,2019,6,7
Sharks,6,122,110,12,2019,6,8
Wests Tigers,6,98,110,-12,2019,6,9
Warriors,4,118,141,-23,2019,6,10
Titans,4,104,133,-29,2019,6,11
Panthers,4,83,128,-45,2019,6,12
Cowboys,4,91,141,-50,2019,6,13
Broncos,2,107,141,-34,2019,6,14
Knights,2,82,118,-36,2019,6,15
Bulldogs,2,70,156,-86,2019,6,16
Roosters,12,181,112,69,2019,7,1
Storm,12,145,85,60,2019,7,2
Rabbitohs,12,164,115,49,2019,7,3
Raiders,10,143,90,53,2019,7,4
Eels,8,163,125,38,2019,7,5
Sea Eagles,8,143,120,23,2019,7,6
Wests Tigers,8,128,124,4,2019,7,7
Dragons,8,130,128,2,2019,7,8
Sharks,6,128,139,-11,2019,7,9
Broncos,4,136,147,-11,2019,7,10
Knights,4,110,132,-22,2019,7,11
Warriors,4,130,154,-24,2019,7,12
Titans,4,118,163,-45,2019,7,13
Panthers,4,101,150,-49,2019,7,14
Cowboys,4,103,165,-62,2019,7,15
Bulldogs,4,94,168,-74,2019,7,16
Roosters,14,223,124,99,2019,8,1
Rabbitohs,14,202,121,81,2019,8,2
Raiders,12,173,102,71,2019,8,3
Storm,12,163,105,58,2019,8,4
Eels,10,195,143,52,2019,8,5
Sea Eagles,10,161,130,31,2019,8,6
Sharks,8,148,157,-9,2019,8,7
Dragons,8,148,160,-12,2019,8,8
Wests Tigers,8,140,166,-26,2019,8,9
Knights,6,146,150,-4,2019,8,10
Cowboys,6,131,179,-48,2019,8,11
Warriors,4,148,190,-42,2019,8,12
Broncos,4,142,185,-43,2019,8,13
Titans,4,132,191,-59,2019,8,14
Panthers,4,113,180,-67,2019,8,15
Bulldogs,4,104,186,-82,2019,8,16
Roosters,16,253,148,105,2019,9,1
Rabbitohs,16,234,137,97,2019,9,2
Storm,14,227,115,112,2019,9,3
Raiders,12,197,132,65,2019,9,4
Sea Eagles,10,171,156,15,2019,9,5
Wests Tigers,10,170,170,0,2019,9,6
Sharks,10,174,175,-1,2019,9,7
Eels,10,205,207,-2,2019,9,8
Knights,8,168,160,8,2019,9,9
Dragons,8,166,186,-20,2019,9,10
Broncos,6,168,195,-27,2019,9,11
Warriors,6,174,208,-34,2019,9,12
Cowboys,6,147,211,-64,2019,9,13
Titans,4,150,217,-67,2019,9,14
Panthers,4,117,210,-93,2019,9,15
Bulldogs,4,114,208,-94,2019,9,16
Rabbitohs,18,250,149,101,2019,10,1
Storm,16,251,137,114,2019,10,2
Roosters,16,263,163,100,2019,10,3
Raiders,12,209,148,61,2019,10,4
Sea Eagles,12,195,170,25,2019,10,5
Knights,10,213,172,41,2019,10,6
Wests Tigers,10,192,194,-2,2019,10,7
Eels,10,215,224,-9,2019,10,8
Sharks,10,188,199,-11,2019,10,9
Warriors,8,204,218,-14,2019,10,10
Broncos,8,183,205,-22,2019,10,11
Dragons,8,178,231,-53,2019,10,12
Cowboys,8,164,221,-57,2019,10,13
Bulldogs,6,136,224,-88,2019,10,14
Titans,4,166,239,-73,2019,10,15
Panthers,4,127,240,-113,2019,10,16
Rabbitohs,20,282,165,117,2019,11,1
Storm,18,279,143,136,2019,11,2
Roosters,16,275,201,74,2019,11,3
Knights,12,251,184,67,2019,11,4
Raiders,12,225,170,55,2019,11,5
Sea Eagles,12,213,206,7,2019,11,6
Sharks,12,210,208,2,2019,11,7
Eels,10,225,240,-15,2019,11,8
Broncos,10,191,207,-16,2019,11,9
Wests Tigers,10,208,226,-18,2019,11,10
Cowboys,10,186,237,-51,2019,11,11
Warriors,8,206,226,-20,2019,11,12
Dragons,8,187,253,-66,2019,11,13
Titans,6,202,257,-55,2019,11,14
Panthers,6,143,250,-107,2019,11,15
Bulldogs,6,142,252,-110,2019,11,16
Storm,20,279,143,136,2019,12,1
Rabbitohs,20,296,191,105,2019,12,2
Roosters,18,275,201,74,2019,12,3
Knights,14,251,184,67,2019,12,4
Raiders,14,237,180,57,2019,12,5
Sharks,14,210,208,2,2019,12,6
Sea Eagles,12,225,221,4,2019,12,7
Eels,12,251,254,-3,2019,12,8
Broncos,12,191,207,-16,2019,12,9
Wests Tigers,12,208,226,-18,2019,12,10
Cowboys,12,192,241,-49,2019,12,11
Warriors,10,206,226,-20,2019,12,12
Dragons,10,187,253,-66,2019,12,13
Panthers,8,158,262,-104,2019,12,14
Titans,6,206,263,-57,2019,12,15
Bulldogs,6,152,264,-112,2019,12,16
Storm,22,311,153,158,2019,13,1
Rabbitohs,20,308,211,97,2019,13,2
Roosters,18,285,220,65,2019,13,3
Raiders,16,265,180,85,2019,13,4
Knights,16,271,196,75,2019,13,5
Sharks,16,252,230,22,2019,13,6
Sea Eagles,14,247,241,6,2019,13,7
Eels,12,273,296,-23,2019,13,8
Broncos,12,209,233,-24,2019,13,9
Dragons,12,223,265,-42,2019,13,10
Wests Tigers,12,208,254,-46,2019,13,11
Cowboys,12,212,263,-51,2019,13,12
Warriors,10,216,258,-42,2019,13,13
Panthers,10,177,272,-95,2019,13,14
Titans,8,232,281,-49,2019,13,15
Bulldogs,6,164,300,-136,2019,13,16
Storm,24,345,157,188,2019,14,1
Rabbitohs,20,326,230,96,2019,14,2
Roosters,20,323,232,91,2019,14,3
Raiders,18,287,200,87,2019,14,4
Knights,16,275,230,45,2019,14,5
Sea Eagles,16,281,255,26,2019,14,6
Sharks,16,272,252,20,2019,14,7
Eels,14,311,306,5,2019,14,8
Wests Tigers,14,235,280,-45,2019,14,9
Warriors,12,240,278,-38,2019,14,10
Cowboys,12,238,290,-52,2019,14,11
Broncos,12,219,271,-52,2019,14,12
Dragons,12,237,299,-62,2019,14,13
Panthers,12,196,290,-94,2019,14,14
Titans,8,252,305,-53,2019,14,15
Bulldogs,6,176,338,-162,2019,14,16
Storm,26,359,169,190,2019,15,1
Rabbitohs,20,335,244,91,2019,15,2
Roosters,20,335,246,89,2019,15,3
Raiders,18,303,222,81,2019,15,4
Knights,18,301,242,59,2019,15,5
Sea Eagles,18,311,267,44,2019,15,6
Sharks,16,284,266,18,2019,15,7
Eels,16,333,322,11,2019,15,8
Wests Tigers,16,249,289,-40,2019,15,9
Dragons,14,259,313,-54,2019,15,10
Panthers,14,215,308,-93,2019,15,11
Warriors,12,258,297,-39,2019,15,12
Cowboys,12,252,312,-60,2019,15,13
Broncos,12,231,297,-66,2019,15,14
Titans,8,264,335,-71,2019,15,15
Bulldogs,8,190,350,-160,2019,15,16
Storm,28,375,183,192,2019,16,1
Roosters,22,359,262,97,2019,16,2
Rabbitohs,22,335,244,91,2019,16,3
Raiders,20,303,222,81,2019,16,4
Sea Eagles,20,311,267,44,2019,16,5
Knights,18,321,266,55,2019,16,6
Eels,18,333,322,11,2019,16,7
Sharks,16,306,290,16,2019,16,8
Wests Tigers,16,265,313,-48,2019,16,9
Panthers,16,215,308,-93,2019,16,10
Warriors,14,282,317,-35,2019,16,11
Dragons,14,273,329,-56,2019,16,12
Cowboys,14,252,312,-60,2019,16,13
Broncos,14,255,319,-64,2019,16,14
Titans,10,264,335,-71,2019,16,15
Bulldogs,10,190,350,-160,2019,16,16
Storm,30,415,199,216,2019,17,1
Rabbitohs,24,356,264,92,2019,17,2
Raiders,22,339,236,103,2019,17,3
Roosters,22,371,277,94,2019,17,4
Sea Eagles,20,331,288,43,2019,17,5
Eels,20,363,340,23,2019,17,6
Knights,18,335,286,49,2019,17,7
Panthers,18,239,310,-71,2019,17,8
Sharks,16,322,330,-8,2019,17,9
Cowboys,16,267,324,-57,2019,17,10
Wests Tigers,16,283,343,-60,2019,17,11
Warriors,15,300,335,-35,2019,17,12
Broncos,15,273,337,-64,2019,17,13
Dragons,14,287,365,-78,2019,17,14
Bulldogs,12,210,364,-154,2019,17,15
Titans,10,266,359,-93,2019,17,16
Storm,32,453,217,236,2019,18,1
Rabbitohs,26,386,282,104,2019,18,2
Roosters,24,419,287,132,2019,18,3
Raiders,24,359,248,111,2019,18,4
Sea Eagles,22,367,312,55,2019,18,5
Eels,20,387,376,11,2019,18,6
Panthers,20,279,328,-49,2019,18,7
Knights,18,345,334,11,2019,18,8
Warriors,17,319,353,-34,2019,18,9
Broncos,17,301,343,-42,2019,18,10
Sharks,16,340,349,-9,2019,18,11
Wests Tigers,16,295,363,-68,2019,18,12
Cowboys,16,285,354,-69,2019,18,13
Dragons,14,305,405,-100,2019,18,14
Bulldogs,12,216,392,-176,2019,18,15
Titans,10,284,397,-113,2019,18,16
Storm,32,463,228,235,2019,19,1
Rabbitohs,28,406,298,108,2019,19,2
Roosters,26,439,299,140,2019,19,3
Raiders,26,389,266,123,2019,19,4
Sea Eagles,24,378,322,56,2019,19,5
Eels,22,411,398,13,2019,19,6
Panthers,20,297,358,-61,2019,19,7
Broncos,19,335,355,-20,2019,19,8
Knights,18,371,362,9,2019,19,9
Sharks,18,356,363,-7,2019,19,10
Wests Tigers,18,323,389,-66,2019,19,11
Warriors,17,341,377,-36,2019,19,12
Cowboys,16,299,370,-71,2019,19,13
Dragons,14,321,425,-104,2019,19,14
Bulldogs,12,228,412,-184,2019,19,15
Titans,10,296,431,-135,2019,19,16
Storm,34,503,232,271,2019,20,1
Roosters,28,497,305,192,2019,20,2
Raiders,28,435,278,157,2019,20,3
Rabbitohs,28,430,337,93,2019,20,4
Sea Eagles,26,408,328,80,2019,20,5
Eels,24,423,402,21,2019,20,6
Sharks,20,395,387,8,2019,20,7
Wests Tigers,20,351,393,-42,2019,20,8
Panthers,20,305,374,-69,2019,20,9
Broncos,19,339,395,-56,2019,20,10
Knights,18,377,392,-15,2019,20,11
Warriors,17,353,423,-70,2019,20,12
Cowboys,16,303,398,-95,2019,20,13
Dragons,14,325,437,-112,2019,20,14
Bulldogs,14,244,420,-176,2019,20,15
Titans,10,302,489,-187,2019,20,16
Storm,36,529,248,281,2019,21,1
Roosters,30,519,323,196,2019,21,2
Raiders,28,453,300,153,2019,21,3
Rabbitohs,28,446,363,83,2019,21,4
Sea Eagles,26,424,352,72,2019,21,5
Eels,26,443,416,27,2019,21,6
Panthers,22,331,394,-63,2019,21,7
Broncos,21,357,409,-52,2019,21,8
Sharks,20,415,413,2,2019,21,9
Wests Tigers,20,367,411,-44,2019,21,10
Warriors,19,377,439,-62,2019,21,11
Knights,18,391,412,-21,2019,21,12
Cowboys,16,317,416,-99,2019,21,13
Dragons,16,365,465,-100,2019,21,14
Bulldogs,16,262,436,-174,2019,21,15
Titans,10,330,529,-199,2019,21,16
Storm,36,547,270,277,2019,22,1
Roosters,32,561,329,232,2019,22,2
Raiders,30,475,318,157,2019,22,3
Sea Eagles,28,456,364,92,2019,22,4
Rabbitohs,28,452,377,75,2019,22,5
Eels,28,479,428,51,2019,22,6
Broncos,23,381,421,-40,2019,22,7
Sharks,22,433,425,8,2019,22,8
Panthers,22,343,418,-75,2019,22,9
Knights,20,433,418,15,2019,22,10
Wests Tigers,20,379,443,-64,2019,22,11
Warriors,19,383,481,-98,2019,22,12
Bulldogs,18,276,442,-166,2019,22,13
Dragons,16,377,483,-106,2019,22,14
Cowboys,16,323,458,-135,2019,22,15
Titans,10,342,565,-223,2019,22,16
Storm,38,571,278,293,2019,23,1
Roosters,34,595,341,254,2019,23,2
Raiders,30,489,336,153,2019,23,3
Sea Eagles,30,474,378,96,2019,23,4
Rabbitohs,30,474,397,77,2019,23,5
Eels,28,485,440,45,2019,23,6
Sharks,24,475,441,34,2019,23,7
Broncos,23,401,443,-42,2019,23,8
Wests Tigers,22,425,447,-22,2019,23,9
Panthers,22,353,442,-89,2019,23,10
Knights,20,437,464,-27,2019,23,11
Bulldogs,20,288,448,-160,2019,23,12
Warriors,19,399,523,-124,2019,23,13
Cowboys,18,347,468,-121,2019,23,14
Dragons,16,389,517,-128,2019,23,15
Titans,10,350,589,-239,2019,23,16
Storm,40,607,284,323,2019,24,1
Roosters,36,617,347,270,2019,24,2
Raiders,32,504,350,154,2019,24,3
Rabbitohs,32,505,407,98,2019,24,4
Sea Eagles,30,480,414,66,2019,24,5
Eels,28,501,457,44,2019,24,6
Broncos,25,418,459,-41,2019,24,7
Sharks,24,489,456,33,2019,24,8
Wests Tigers,24,467,461,6,2019,24,9
Knights,22,475,468,7,2019,24,10
Panthers,22,359,464,-105,2019,24,11
Cowboys,20,362,476,-114,2019,24,12
Bulldogs,20,296,463,-167,2019,24,13
Warriors,19,409,554,-145,2019,24,14
Dragons,16,403,559,-156,2019,24,15
Titans,10,354,627,-273,2019,24,16
Storm,42,631,300,331,2019,25,1
Roosters,36,627,363,264,2019,25,2
Rabbitohs,34,521,417,104,2019,25,3
Raiders,32,524,374,150,2019,25,4
Eels,30,533,473,60,2019,25,5
Sea Eagles,30,496,446,50,2019,25,6
Sharks,26,514,464,50,2019,25,7
Broncos,25,432,489,-57,2019,25,8
Wests Tigers,24,475,486,-11,2019,25,9
Panthers,24,413,474,-61,2019,25,10
Knights,22,485,522,-37,2019,25,11
Bulldogs,22,326,477,-151,2019,25,12
Warriors,21,433,574,-141,2019,25,13
Cowboys,20,378,500,-122,2019,25,14
Dragons,18,427,575,-148,2019,25,15
Titans,10,370,651,-281,2019,25,16
Knights,2,20,0,20,2020,1,1
Raiders,2,24,6,18,2020,1,2
Storm,2,18,4,14,2020,1,3
Wests Tigers,2,24,14,10,2020,1,4
Broncos,2,28,21,7,2020,1,5
Eels,2,8,2,6,2020,1,6
Panthers,2,20,14,6,2020,1,7
Rabbitohs,2,22,18,4,2020,1,8
Sharks,0,18,22,-4,2020,1,9
Roosters,0,14,20,-6,2020,1,10
Bulldogs,0,2,8,-6,2020,1,11
Cowboys,0,21,28,-7,2020,1,12
Dragons,0,14,24,-10,2020,1,13
Sea Eagles,0,4,18,-14,2020,1,14
Titans,0,6,24,-18,2020,1,15
Warriors,0,0,20,-20,2020,1,16
Eels,4,54,8,46,2020,2,1
Knights,4,62,24,38,2020,2,2
Raiders,4,44,12,32,2020,2,3
Storm,4,30,14,16,2020,2,4
Broncos,4,50,39,11,2020,2,5
Panthers,4,52,42,10,2020,2,6
Cowboys,2,45,44,1,2020,2,7
Rabbitohs,2,40,40,0,2020,2,8
Wests Tigers,2,48,56,-8,2020,2,9
Sea Eagles,2,13,26,-13,2020,2,10
Sharks,0,28,34,-6,2020,2,11
Roosters,0,22,29,-7,2020,2,12
Dragons,0,42,56,-14,2020,2,13
Bulldogs,0,18,32,-14,2020,2,14
Warriors,0,6,40,-34,2020,2,15
Titans,0,12,70,-58,2020,2,16
Eels,6,88,14,74,2020,3,1
Raiders,6,66,18,48,2020,3,2
Knights,5,76,38,38,2020,3,3
Panthers,5,66,56,10,2020,3,4
Cowboys,4,81,50,31,2020,3,5
Sea Eagles,4,45,32,13,2020,3,6
Wests Tigers,4,76,72,4,2020,3,7
Storm,4,36,36,0,2020,3,8
Broncos,4,56,73,-17,2020,3,9
Roosters,2,50,41,9,2020,3,10
Rabbitohs,2,52,68,-16,2020,3,11
Warriors,2,24,40,-16,2020,3,12
Sharks,0,44,62,-18,2020,3,13
Dragons,0,42,74,-32,2020,3,14
Bulldogs,0,24,64,-40,2020,3,15
Titans,0,18,106,-88,2020,3,16
Eels,8,107,30,77,2020,4,1
Knights,7,110,56,54,2020,4,2
Panthers,7,92,56,36,2020,4,3
Raiders,6,84,52,32,2020,4,4
Storm,6,58,44,14,2020,4,5
Roosters,4,109,41,68,2020,4,6
Cowboys,4,97,76,21,2020,4,7
Sea Eagles,4,61,51,10,2020,4,8
Wests Tigers,4,99,100,-1,2020,4,9
Broncos,4,56,132,-76,2020,4,10
Sharks,2,70,78,-8,2020,4,11
Bulldogs,2,46,66,-20,2020,4,12
Rabbitohs,2,60,90,-30,2020,4,13
Warriors,2,24,66,-42,2020,4,14
Titans,2,46,129,-83,2020,4,15
Dragons,0,44,96,-52,2020,4,16
Eels,10,123,40,83,2020,5,1
Raiders,8,98,58,40,2020,5,2
Storm,8,84,56,28,2020,5,3
Knights,7,122,82,40,2020,5,4
Panthers,7,102,72,30,2020,5,5
Roosters,6,151,47,104,2020,5,6
Sea Eagles,6,81,69,12,2020,5,7
Cowboys,4,123,113,10,2020,5,8
Wests Tigers,4,105,114,-9,2020,5,9
Rabbitohs,4,92,102,-10,2020,5,10
Warriors,4,61,92,-31,2020,5,11
Broncos,4,74,152,-78,2020,5,12
Sharks,2,86,108,-22,2020,5,13
Dragons,2,74,112,-38,2020,5,14
Bulldogs,2,52,108,-56,2020,5,15
Titans,2,58,161,-103,2020,5,16
Eels,10,133,64,69,2020,6,1
Knights,9,149,88,61,2020,6,2
Panthers,9,123,86,37,2020,6,3
Roosters,8,175,57,118,2020,6,4
Raiders,8,104,72,32,2020,6,5
Storm,8,98,77,21,2020,6,6
Sea Eagles,8,95,75,20,2020,6,7
Rabbitohs,6,132,114,18,2020,6,8
Wests Tigers,6,141,134,7,2020,6,9
Cowboys,4,143,149,-6,2020,6,10
Sharks,4,106,126,-20,2020,6,11
Dragons,4,94,120,-26,2020,6,12
Warriors,4,73,132,-59,2020,6,13
Broncos,4,80,179,-99,2020,6,14
Bulldogs,2,70,128,-58,2020,6,15
Titans,2,66,181,-115,2020,6,16
Eels,12,158,88,70,2020,7,1
Panthers,11,143,98,45,2020,7,2
Roosters,10,201,69,132,2020,7,3
Storm,10,148,83,65,2020,7,4
Knights,9,169,120,49,2020,7,5
Wests Tigers,8,175,140,35,2020,7,6
Raiders,8,128,97,31,2020,7,7
Sea Eagles,8,117,115,2,2020,7,8
Rabbitohs,6,144,134,10,2020,7,9
Cowboys,6,175,169,6,2020,7,10
Sharks,6,146,148,-2,2020,7,11
Dragons,4,106,146,-40,2020,7,12
Titans,4,96,193,-97,2020,7,13
Warriors,4,79,182,-103,2020,7,14
Broncos,4,92,209,-117,2020,7,15
Bulldogs,2,76,162,-86,2020,7,16
Eels,14,200,92,108,2020,8,1
Panthers,13,162,110,52,2020,8,2
Storm,12,175,108,67,2020,8,3
Knights,11,183,132,51,2020,8,4
Roosters,10,226,96,130,2020,8,5
Raiders,10,150,113,37,2020,8,6
Sharks,8,186,158,28,2020,8,7
Wests Tigers,8,187,159,28,2020,8,8
Rabbitohs,8,170,144,26,2020,8,9
Sea Eagles,8,129,129,0,2020,8,10
Cowboys,6,179,211,-32,2020,8,11
Warriors,6,105,198,-93,2020,8,12
Dragons,4,122,168,-46,2020,8,13
Broncos,4,108,235,-127,2020,8,14
Titans,4,106,233,-127,2020,8,15
Bulldogs,2,86,188,-102,2020,8,16
Eels,16,210,96,114,2020,9,1
Panthers,15,218,134,84,2020,9,2
Storm,14,195,122,73,2020,9,3
Roosters,12,268,112,156,2020,9,4
Knights,11,187,142,45,2020,9,5
Rabbitohs,10,188,154,34,2020,9,6
Raiders,10,164,133,31,2020,9,7
Wests Tigers,8,197,177,20,2020,9,8
Sharks,8,210,214,-4,2020,9,9
Sea Eagles,8,133,163,-30,2020,9,10
Dragons,6,156,172,-16,2020,9,11
Cowboys,6,195,253,-58,2020,9,12
Warriors,6,117,214,-97,2020,9,13
Broncos,6,134,243,-109,2020,9,14
Titans,6,122,245,-123,2020,9,15
Bulldogs,2,94,214,-120,2020,9,16
Panthers,17,240,144,96,2020,10,1
Eels,16,228,118,110,2020,10,2
Storm,16,237,128,109,2020,10,3
Knights,13,207,160,47,2020,10,4
Roosters,12,288,136,152,2020,10,5
Raiders,12,188,153,35,2020,10,6
Wests Tigers,10,245,177,68,2020,10,7
Rabbitohs,10,206,174,32,2020,10,8
Sharks,10,256,224,32,2020,10,9
Sea Eagles,10,155,181,-26,2020,10,10
Dragons,8,184,194,-10,2020,10,11
Cowboys,6,205,275,-70,2020,10,12
Warriors,6,127,260,-133,2020,10,13
Broncos,6,134,291,-157,2020,10,14
Titans,6,128,287,-159,2020,10,15
Bulldogs,2,116,242,-126,2020,10,16
Panthers,19,262,158,104,2020,11,1
Storm,18,283,136,147,2020,11,2
Eels,18,254,134,120,2020,11,3
Roosters,14,306,146,160,2020,11,4
Raiders,14,206,165,41,2020,11,5
Knights,13,219,178,41,2020,11,6
Sharks,12,284,248,36,2020,11,7
Sea Eagles,12,179,193,-14,2020,11,8
Wests Tigers,10,261,203,58,2020,11,9
Rabbitohs,10,218,192,26,2020,11,10
Dragons,8,208,222,-14,2020,11,11
Cowboys,6,217,299,-82,2020,11,12
Warriors,6,137,278,-141,2020,11,13
Titans,6,142,309,-167,2020,11,14
Broncos,6,142,337,-195,2020,11,15
Bulldogs,4,134,254,-120,2020,11,16
Panthers,21,304,170,134,2020,12,1
Storm,20,309,152,157,2020,12,2
Eels,20,272,150,122,2020,12,3
Roosters,16,324,158,166,2020,12,4
Raiders,16,220,177,43,2020,12,5
Sharks,14,320,274,46,2020,12,6
Knights,13,235,204,31,2020,12,7
Rabbitohs,12,250,216,34,2020,12,8
Sea Eagles,12,191,235,-44,2020,12,9
Wests Tigers,10,281,229,52,2020,12,10
Dragons,8,232,254,-22,2020,12,11
Warriors,8,163,298,-135,2020,12,12
Cowboys,6,229,313,-84,2020,12,13
Titans,6,154,327,-173,2020,12,14
Broncos,6,168,373,-205,2020,12,15
Bulldogs,4,150,272,-122,2020,12,16
Panthers,23,332,182,150,2020,13,1
Storm,22,350,162,188,2020,13,2
Eels,22,286,162,124,2020,13,3
Roosters,18,348,174,174,2020,13,4
Raiders,16,232,205,27,2020,13,5
Knights,15,279,208,71,2020,13,6
Rabbitohs,14,278,226,52,2020,13,7
Sharks,14,332,288,44,2020,13,8
Sea Eagles,12,213,261,-48,2020,13,9
Wests Tigers,10,285,273,12,2020,13,10
Warriors,10,189,320,-131,2020,13,11
Dragons,8,248,278,-30,2020,13,12
Titans,8,184,337,-153,2020,13,13
Cowboys,6,239,343,-104,2020,13,14
Broncos,6,178,401,-223,2020,13,15
Bulldogs,4,160,313,-153,2020,13,16
Panthers,25,350,194,156,2020,14,1
Storm,24,374,168,206,2020,14,2
Eels,22,298,176,122,2020,14,3
Roosters,18,354,198,156,2020,14,4
Raiders,18,268,213,55,2020,14,5
Knights,17,305,232,73,2020,14,6
Sharks,16,362,306,56,2020,14,7
Rabbitohs,16,309,256,53,2020,14,8
Wests Tigers,12,314,301,13,2020,14,9
Sea Eagles,12,237,287,-50,2020,14,10
Dragons,10,262,290,-28,2020,14,11
Warriors,10,201,338,-137,2020,14,12
Titans,8,202,367,-165,2020,14,13
Cowboys,6,269,374,-105,2020,14,14
Broncos,6,186,437,-251,2020,14,15
Bulldogs,4,188,342,-154,2020,14,16
Panthers,27,388,206,182,2020,15,1
Storm,24,374,182,192,2020,15,2
Eels,24,312,176,136,2020,15,3
Roosters,20,392,214,178,2020,15,4
Raiders,20,304,229,75,2020,15,5
Knights,19,317,232,85,2020,15,6
Rabbitohs,18,365,272,93,2020,15,7
Sharks,16,374,344,30,2020,15,8
Wests Tigers,12,330,339,-9,2020,15,9
Dragons,12,290,314,-24,2020,15,10
Sea Eagles,12,253,343,-90,2020,15,11
Warriors,12,221,352,-131,2020,15,12
Titans,8,218,403,-185,2020,15,13
Cowboys,6,269,386,-117,2020,15,14
Broncos,6,210,465,-255,2020,15,15
Bulldogs,4,202,362,-160,2020,15,16
Panthers,29,418,212,206,2020,16,1
Storm,26,404,188,216,2020,16,2
Eels,24,312,214,98,2020,16,3
Roosters,22,450,226,224,2020,16,4
Raiders,22,338,249,89,2020,16,5
Rabbitohs,20,403,272,131,2020,16,6
Knights,19,323,268,55,2020,16,7
Sharks,18,402,356,46,2020,16,8
Warriors,14,257,358,-101,2020,16,9
Dragons,12,300,328,-28,2020,16,10
Wests Tigers,12,336,369,-33,2020,16,11
Sea Eagles,12,259,373,-114,2020,16,12
Titans,10,232,413,-181,2020,16,13
Cowboys,6,281,414,-133,2020,16,14
Broncos,6,222,523,-301,2020,16,15
Bulldogs,4,222,396,-174,2020,16,16
Panthers,31,443,224,219,2020,17,1
Storm,28,426,204,222,2020,17,2
Eels,26,336,232,104,2020,17,3
Roosters,24,468,232,236,2020,17,4
Raiders,22,344,267,77,2020,17,5
Knights,21,361,278,83,2020,17,6
Rabbitohs,20,419,294,125,2020,17,7
Sharks,18,412,394,18,2020,17,8
Wests Tigers,14,370,401,-31,2020,17,9
Warriors,14,275,382,-107,2020,17,10
Dragons,12,322,351,-29,2020,17,11
Sea Eagles,12,291,407,-116,2020,17,12
Titans,12,250,427,-177,2020,17,13
Cowboys,8,304,436,-132,2020,17,14
Broncos,6,234,548,-314,2020,17,15
Bulldogs,4,236,414,-178,2020,17,16
Panthers,33,463,226,237,2020,18,1
Storm,30,462,224,238,2020,18,2
Roosters,26,510,244,266,2020,18,3
Eels,26,338,252,86,2020,18,4
Raiders,24,381,275,106,2020,18,5
Rabbitohs,22,445,318,127,2020,18,6
Knights,21,373,320,53,2020,18,7
Sharks,20,434,408,26,2020,18,8
Wests Tigers,14,394,427,-33,2020,18,9
Sea Eagles,14,323,427,-104,2020,18,10
Warriors,14,289,404,-115,2020,18,11
Titans,14,268,433,-165,2020,18,12
Dragons,12,330,388,-58,2020,18,13
Cowboys,8,324,472,-148,2020,18,14
Broncos,6,240,566,-326,2020,18,15
Bulldogs,4,256,446,-190,2020,18,16
Panthers,35,495,238,257,2020,19,1
Storm,32,512,246,266,2020,19,2
Roosters,28,544,262,282,2020,19,3
Eels,28,364,264,100,2020,19,4
Raiders,26,407,289,118,2020,19,5
Knights,23,415,338,77,2020,19,6
Rabbitohs,22,461,344,117,2020,19,7
Sharks,20,452,442,10,2020,19,8
Titans,16,310,457,-147,2020,19,9
Wests Tigers,14,416,477,-61,2020,19,10
Sea Eagles,14,347,469,-122,2020,19,11
Warriors,14,303,430,-127,2020,19,12
Dragons,12,348,430,-82,2020,19,13
Cowboys,8,336,504,-168,2020,19,14
Bulldogs,6,282,462,-180,2020,19,15
Broncos,6,252,592,-340,2020,19,16
Panthers,37,537,238,299,2020,20,1
Storm,32,534,276,258,2020,20,2
Eels,30,392,288,104,2020,20,3
Roosters,28,552,322,230,2020,20,4
Raiders,28,445,317,128,2020,20,5
Rabbitohs,24,521,352,169,2020,20,6
Knights,23,421,374,47,2020,20,7
Sharks,20,480,480,0,2020,20,8
Titans,18,346,463,-117,2020,20,9
Warriors,16,343,458,-115,2020,20,10
Wests Tigers,14,440,505,-65,2020,20,11
Dragons,14,378,452,-74,2020,20,12
Sea Eagles,14,375,509,-134,2020,20,13
Cowboys,10,368,520,-152,2020,20,14
Bulldogs,6,282,504,-222,2020,20,15
Broncos,6,268,624,-356,2020,20,16
Roosters,2,46,4,42,2021,1,1
Panthers,2,24,0,24,2021,1,2
Raiders,2,30,12,18,2021,1,3
Knights,2,32,16,16,2021,1,4
Sharks,2,32,18,14,2021,1,5
Warriors,2,19,6,13,2021,1,6
Eels,2,24,16,8,2021,1,7
Storm,2,26,18,8,2021,1,8
Rabbitohs,0,18,26,-8,2021,1,9
Broncos,0,16,24,-8,2021,1,10
Titans,0,6,19,-13,2021,1,11
Dragons,0,18,32,-14,2021,1,12
Bulldogs,0,16,32,-16,2021,1,13
Wests Tigers,0,12,30,-18,2021,1,14
Cowboys,0,0,24,-24,2021,1,15
Sea Eagles,0,4,46,-42,2021,1,16
Roosters,4,86,10,76,2021,2,1
Panthers,4,52,0,52,2021,2,2
Raiders,4,42,22,20,2021,2,3
Knights,4,52,32,20,2021,2,4
Eels,4,40,28,12,2021,2,5
Sharks,2,42,30,12,2021,2,6
Warriors,2,35,26,9,2021,2,7
Rabbitohs,2,44,38,6,2021,2,8
Storm,2,38,34,4,2021,2,9
Titans,2,34,35,-1,2021,2,10
Dragons,2,43,50,-7,2021,2,11
Broncos,0,32,52,-20,2021,2,12
Cowboys,0,18,49,-31,2021,2,13
Bulldogs,0,16,60,-44,2021,2,14
Wests Tigers,0,18,70,-52,2021,2,15
Sea Eagles,0,16,72,-56,2021,2,16
Panthers,6,64,10,54,2021,3,1
Eels,6,68,32,36,2021,3,2
Roosters,4,102,36,66,2021,3,3
Titans,4,78,43,35,2021,3,4
Dragons,4,81,62,19,2021,3,5
Raiders,4,73,56,17,2021,3,6
Rabbitohs,4,70,54,16,2021,3,7
Knights,4,72,56,16,2021,3,8
Warriors,4,69,57,12,2021,3,9
Broncos,2,56,52,4,2021,3,10
Storm,2,48,46,2,2021,3,11
Sharks,2,46,58,-12,2021,3,12
Wests Tigers,2,42,90,-48,2021,3,13
Cowboys,0,26,93,-67,2021,3,14
Bulldogs,0,16,84,-68,2021,3,15
Sea Eagles,0,28,110,-82,2021,3,16
Panthers,8,110,16,94,2021,4,1
Eels,8,104,54,50,2021,4,2
Roosters,6,134,48,86,2021,4,3
Rabbitohs,6,108,54,54,2021,4,4
Raiders,6,93,60,33,2021,4,5
Dragons,6,103,75,28,2021,4,6
Storm,4,88,52,36,2021,4,7
Sharks,4,94,68,26,2021,4,8
Titans,4,82,63,19,2021,4,9
Knights,4,85,78,7,2021,4,10
Warriors,4,81,89,-8,2021,4,11
Broncos,2,62,92,-30,2021,4,12
Wests Tigers,2,64,126,-62,2021,4,13
Cowboys,0,36,141,-105,2021,4,14
Bulldogs,0,16,122,-106,2021,4,15
Sea Eagles,0,34,156,-122,2021,4,16
Panthers,10,140,26,114,2021,5,1
Roosters,8,160,66,94,2021,5,2
Rabbitohs,8,143,60,83,2021,5,3
Dragons,8,129,87,42,2021,5,4
Eels,8,116,80,36,2021,5,5
Storm,6,140,70,70,2021,5,6
Titans,6,124,79,45,2021,5,7
Raiders,6,103,90,13,2021,5,8
Sharks,4,112,94,18,2021,5,9
Warriors,4,93,102,-9,2021,5,10
Knights,4,101,120,-19,2021,5,11
Broncos,2,68,127,-59,2021,5,12
Wests Tigers,2,94,160,-66,2021,5,13
Cowboys,2,70,171,-101,2021,5,14
Sea Eagles,2,47,168,-121,2021,5,15
Bulldogs,0,34,174,-140,2021,5,16
Panthers,12,160,38,122,2021,6,1
Rabbitohs,10,161,74,87,2021,6,2
Eels,10,151,90,61,2021,6,3
Storm,8,160,74,86,2021,6,4
Roosters,8,164,86,78,2021,6,5
Dragons,8,143,107,36,2021,6,6
Titans,6,124,115,9,2021,6,7
Warriors,6,113,116,-3,2021,6,8
Raiders,6,113,125,-12,2021,6,9
Knights,6,127,142,-15,2021,6,10
Sharks,4,134,120,14,2021,6,11
Sea Eagles,4,83,168,-85,2021,6,12
Cowboys,4,100,189,-89,2021,6,13
Broncos,2,80,147,-67,2021,6,14
Wests Tigers,2,108,178,-70,2021,6,15
Bulldogs,0,52,204,-152,2021,6,16
Panthers,14,184,44,140,2021,7,1
Eels,12,197,96,101,2021,7,2
Rabbitohs,12,201,104,97,2021,7,3
Storm,10,202,94,108,2021,7,4
Roosters,10,198,96,102,2021,7,5
Dragons,8,153,141,12,2021,7,6
Titans,6,154,155,-1,2021,7,7
Raiders,6,137,151,-14,2021,7,8
Warriors,6,133,158,-25,2021,7,9
Knights,6,133,166,-33,2021,7,10
Sea Eagles,6,123,174,-51,2021,7,11
Cowboys,6,126,213,-87,2021,7,12
Sharks,4,146,138,8,2021,7,13
Wests Tigers,2,114,218,-104,2021,7,14
Broncos,2,86,193,-107,2021,7,15
Bulldogs,2,70,216,-146,2021,7,16
Panthers,16,212,60,152,2021,8,1
Eels,14,229,106,123,2021,8,2
Rabbitohs,14,235,124,111,2021,8,3
Roosters,12,236,100,136,2021,8,4
Storm,12,242,108,134,2021,8,5
Dragons,8,161,157,4,2021,8,6
Warriors,8,157,178,-21,2021,8,7
Titans,6,182,191,-9,2021,8,8
Raiders,6,157,185,-28,2021,8,9
Sea Eagles,6,139,202,-63,2021,8,10
Knights,6,137,204,-67,2021,8,11
Cowboys,6,146,237,-91,2021,8,12
Sharks,4,160,178,-18,2021,8,13
Wests Tigers,4,130,226,-96,2021,8,14
Broncos,4,122,221,-99,2021,8,15
Bulldogs,2,80,248,-168,2021,8,16
Panthers,18,260,60,200,2021,9,1
Eels,16,260,124,136,2021,9,2
Storm,14,292,108,184,2021,9,3
Rabbitohs,14,235,174,61,2021,9,4
Roosters,12,254,131,123,2021,9,5
Dragons,10,193,169,24,2021,9,6
Titans,8,218,219,-1,2021,9,7
Warriors,8,189,216,-27,2021,9,8
Sea Eagles,8,177,234,-57,2021,9,9
Knights,8,161,220,-59,2021,9,10
Cowboys,8,165,255,-90,2021,9,11
Raiders,6,173,209,-36,2021,9,12
Sharks,4,160,226,-66,2021,9,13
Broncos,4,140,240,-100,2021,9,14
Wests Tigers,4,158,262,-104,2021,9,15
Bulldogs,2,92,280,-188,2021,9,16
Panthers,20,308,72,236,2021,10,1
Eels,18,294,142,152,2021,10,2
Storm,16,336,126,210,2021,10,3
Rabbitohs,16,267,196,71,2021,10,4
Roosters,14,284,147,137,2021,10,5
Dragons,10,211,213,-2,2021,10,6
Sea Eagles,10,227,240,-13,2021,10,7
Raiders,8,193,227,-34,2021,10,8
Titans,8,230,267,-37,2021,10,9
Warriors,8,207,250,-43,2021,10,10
Knights,8,179,256,-77,2021,10,11
Cowboys,8,181,285,-104,2021,10,12
Wests Tigers,6,194,280,-86,2021,10,13
Sharks,4,182,258,-76,2021,10,14
Broncos,4,146,290,-144,2021,10,15
Bulldogs,2,110,300,-190,2021,10,16
Panthers,22,364,84,280,2021,11,1
Storm,18,370,136,234,2021,11,2
Eels,18,300,170,130,2021,11,3
Rabbitohs,16,279,252,27,2021,11,4
Roosters,14,300,181,119,2021,11,5
Sea Eagles,12,255,246,9,2021,11,6
Dragons,10,223,226,-3,2021,11,7
Titans,10,260,287,-27,2021,11,8
Warriors,10,237,276,-39,2021,11,9
Cowboys,10,217,305,-88,2021,11,10
Raiders,8,203,261,-58,2021,11,11
Knights,8,199,292,-93,2021,11,12
Sharks,6,195,270,-75,2021,11,13
Wests Tigers,6,220,310,-90,2021,11,14
Broncos,6,180,306,-126,2021,11,15
Bulldogs,2,130,330,-200,2021,11,16
Panthers,24,394,88,306,2021,12,1
Storm,20,410,148,262,2021,12,2
Eels,18,320,208,112,2021,12,3
Rabbitohs,18,317,272,45,2021,12,4
Roosters,16,344,197,147,2021,12,5
Sea Eagles,12,265,264,1,2021,12,6
Cowboys,12,246,333,-87,2021,12,7
Dragons,10,241,260,-19,2021,12,8
Warriors,10,265,305,-40,2021,12,9
Titans,10,270,325,-55,2021,12,10
Knights,10,217,302,-85,2021,12,11
Sharks,8,233,280,-47,2021,12,12
Wests Tigers,8,254,328,-74,2021,12,13
Raiders,8,219,305,-86,2021,12,14
Broncos,6,192,346,-154,2021,12,15
Bulldogs,2,134,360,-226,2021,12,16
Panthers,24,400,114,286,2021,13,1
Storm,22,430,162,268,2021,13,2
Eels,20,360,212,148,2021,13,3
Rabbitohs,20,317,272,45,2021,13,4
Roosters,18,344,197,147,2021,13,5
Sea Eagles,14,265,264,1,2021,13,6
Cowboys,14,246,333,-87,2021,13,7
Dragons,12,293,284,9,2021,13,8
Warriors,12,265,305,-40,2021,13,9
Sharks,10,233,280,-47,2021,13,10
Wests Tigers,10,280,334,-54,2021,13,11
Titans,10,284,345,-61,2021,13,12
Raiders,10,219,305,-86,2021,13,13
Knights,10,221,342,-121,2021,13,14
Broncos,6,216,398,-182,2021,13,15
Bulldogs,4,134,360,-226,2021,13,16
Storm,24,472,178,294,2021,14,1
Panthers,24,418,133,285,2021,14,2
Eels,22,400,224,176,2021,14,3
Rabbitohs,22,341,282,59,2021,14,4
Roosters,20,379,231,148,2021,14,5
Sea Eagles,16,315,282,33,2021,14,6
Cowboys,14,264,383,-119,2021,14,7
Dragons,12,299,312,-13,2021,14,8
Sharks,12,252,298,-46,2021,14,9
Raiders,12,257,321,-64,2021,14,10
Warriors,12,281,347,-66,2021,14,11
Titans,10,318,380,-62,2021,14,12
Wests Tigers,10,292,374,-82,2021,14,13
Knights,10,231,366,-135,2021,14,14
Broncos,6,232,436,-204,2021,14,15
Bulldogs,6,162,366,-204,2021,14,16
Storm,26,538,194,344,2021,15,1
Panthers,26,456,145,311,2021,15,2
Eels,24,436,234,202,2021,15,3
Rabbitohs,24,387,282,105,2021,15,4
Roosters,20,391,269,122,2021,15,5
Sea Eagles,18,371,306,65,2021,15,6
Dragons,14,321,332,-11,2021,15,7
Sharks,14,278,322,-44,2021,15,8
Cowboys,14,288,409,-121,2021,15,9
Raiders,12,277,343,-66,2021,15,10
Warriors,12,287,357,-70,2021,15,11
Knights,12,241,372,-131,2021,15,12
Titans,10,342,436,-94,2021,15,13
Wests Tigers,10,308,440,-132,2021,15,14
Bulldogs,6,172,402,-230,2021,15,15
Broncos,6,232,482,-250,2021,15,16
Storm,28,584,194,390,2021,16,1
Panthers,28,469,157,312,2021,16,2
Rabbitohs,26,425,304,121,2021,16,3
Eels,24,448,247,201,2021,16,4
Sea Eagles,20,437,306,131,2021,16,5
Roosters,20,391,315,76,2021,16,6
Dragons,16,340,350,-10,2021,16,7
Sharks,14,296,348,-52,2021,16,8
Knights,14,279,372,-93,2021,16,9
Cowboys,14,288,447,-159,2021,16,10
Titans,12,386,442,-56,2021,16,11
Warriors,12,305,376,-71,2021,16,12
Raiders,12,283,387,-104,2021,16,13
Wests Tigers,10,330,478,-148,2021,16,14
Broncos,8,258,500,-242,2021,16,15
Bulldogs,6,172,468,-296,2021,16,16
Storm,30,584,194,390,2021,17,1
Panthers,30,469,157,312,2021,17,2
Rabbitohs,28,471,322,149,2021,17,3
Eels,26,448,247,201,2021,17,4
Roosters,22,413,331,82,2021,17,5
Sea Eagles,20,453,336,117,2021,17,6
Dragons,18,340,350,-10,2021,17,7
Sharks,16,316,360,-44,2021,17,8
Knights,16,279,372,-93,2021,17,9
Titans,14,386,442,-56,2021,17,10
Raiders,14,313,403,-90,2021,17,11
Cowboys,14,306,493,-187,2021,17,12
Warriors,12,317,396,-79,2021,17,13
Wests Tigers,12,330,478,-148,2021,17,14
Broncos,10,258,500,-242,2021,17,15
Bulldogs,6,188,490,-302,2021,17,16
Storm,32,632,198,434,2021,18,1
Panthers,32,499,173,326,2021,18,2
Rabbitohs,30,503,346,157,2021,18,3
Eels,28,474,255,219,2021,18,4
Roosters,24,447,349,98,2021,18,5
Sea Eagles,22,485,354,131,2021,18,6
Dragons,18,358,382,-24,2021,18,7
Sharks,16,334,394,-60,2021,18,8
Raiders,16,347,421,-74,2021,18,9
Knights,16,283,420,-137,2021,18,10
Titans,14,394,468,-74,2021,18,11
Wests Tigers,14,372,502,-130,2021,18,12
Cowboys,14,324,527,-203,2021,18,13
Warriors,12,333,426,-93,2021,18,14
Broncos,10,282,542,-260,2021,18,15
Bulldogs,6,212,522,-310,2021,18,16
Storm,34,652,214,438,2021,19,1
Panthers,34,517,185,332,2021,19,2
Rabbitohs,32,563,368,195,2021,19,3
Eels,28,484,267,217,2021,19,4
Roosters,26,475,357,118,2021,19,5
Sea Eagles,24,529,378,151,2021,19,6
Sharks,18,378,418,-40,2021,19,7
Dragons,18,368,414,-46,2021,19,8
Raiders,18,359,431,-72,2021,19,9
Titans,16,426,478,-52,2021,19,10
Knights,16,291,448,-157,2021,19,11
Wests Tigers,14,396,546,-150,2021,19,12
Cowboys,14,340,547,-207,2021,19,13
Warriors,12,355,486,-131,2021,19,14
Broncos,10,294,560,-266,2021,19,15
Bulldogs,6,236,566,-330,2021,19,16
Storm,36,689,224,465,2021,20,1
Panthers,34,527,222,305,2021,20,2
Rabbitohs,34,613,382,231,2021,20,3
Eels,28,484,295,189,2021,20,4
Roosters,28,503,357,146,2021,20,5
Sea Eagles,26,569,400,169,2021,20,6
Titans,18,460,484,-24,2021,20,7
Sharks,18,400,458,-58,2021,20,8
Raiders,18,383,465,-82,2021,20,9
Dragons,18,382,464,-82,2021,20,10
Knights,18,325,472,-147,2021,20,11
Warriors,14,373,502,-129,2021,20,12
Wests Tigers,14,412,564,-152,2021,20,13
Cowboys,14,358,584,-226,2021,20,14
Broncos,12,331,578,-247,2021,20,15
Bulldogs,6,242,600,-358,2021,20,16
Storm,38,717,242,475,2021,21,1
Panthers,36,547,236,311,2021,21,2
Rabbitohs,36,653,394,259,2021,21,3
Eels,28,496,335,161,2021,21,4
Roosters,28,517,377,140,2021,21,5
Sea Eagles,26,587,428,159,2021,21,6
Titans,20,496,498,-2,2021,21,7
Raiders,20,403,477,-74,2021,21,8
Knights,20,353,492,-139,2021,21,9
Sharks,18,416,476,-60,2021,21,10
Dragons,18,394,484,-90,2021,21,11
Warriors,16,391,518,-127,2021,21,12
Wests Tigers,16,440,580,-140,2021,21,13
Cowboys,14,372,620,-248,2021,21,14
Broncos,12,351,606,-255,2021,21,15
Bulldogs,6,258,628,-370,2021,21,16
Storm,40,743,258,485,2021,22,1
Panthers,38,581,252,329,2021,22,2
Rabbitohs,38,689,400,289,2021,22,3
Roosters,30,538,397,141,2021,22,4
Sea Eagles,28,643,438,205,2021,22,5
Eels,28,506,391,115,2021,22,6
Knights,22,369,506,-137,2021,22,7
Titans,20,502,534,-32,2021,22,8
Raiders,20,419,503,-84,2021,22,9
Sharks,18,430,492,-62,2021,22,10
Dragons,18,410,518,-108,2021,22,11
Warriors,18,415,528,-113,2021,22,12
Wests Tigers,18,464,596,-132,2021,22,13
Cowboys,14,388,644,-256,2021,22,14
Broncos,12,371,627,-256,2021,22,15
Bulldogs,6,268,652,-384,2021,22,16
Storm,42,777,278,499,2021,23,1
Panthers,40,606,264,342,2021,23,2
Rabbitohs,38,701,425,276,2021,23,3
Roosters,32,578,419,159,2021,23,4
Sea Eagles,30,662,456,206,2021,23,5
Eels,30,538,407,131,2021,23,6
Knights,24,391,522,-131,2021,23,7
Sharks,20,480,512,-32,2021,23,8
Titans,20,522,568,-46,2021,23,9
Raiders,20,437,522,-85,2021,23,10
Warriors,18,437,552,-115,2021,23,11
Dragons,18,432,558,-126,2021,23,12
Wests Tigers,18,484,646,-162,2021,23,13
Broncos,14,395,649,-254,2021,23,14
Cowboys,14,404,676,-272,2021,23,15
Bulldogs,6,284,674,-390,2021,23,16
Storm,42,787,300,487,2021,24,1
Panthers,42,636,280,356,2021,24,2
Rabbitohs,40,755,437,318,2021,24,3
Sea Eagles,32,698,474,224,2021,24,4
Eels,32,560,417,143,2021,24,5
Roosters,32,590,473,117,2021,24,6
Knights,26,406,536,-130,2021,24,7
Sharks,22,504,528,-24,2021,24,8
Raiders,22,465,538,-73,2021,24,9
Titans,20,536,583,-47,2021,24,10
Warriors,18,453,580,-127,2021,24,11
Dragons,18,458,596,-138,2021,24,12
Wests Tigers,18,500,676,-176,2021,24,13
Cowboys,16,442,702,-260,2021,24,14
Broncos,14,411,673,-262,2021,24,15
Bulldogs,6,302,710,-408,2021,24,16
Storm,44,815,316,499,2021,25,1
Panthers,44,676,286,390,2021,25,2
Rabbitohs,42,775,453,322,2021,25,3
Sea Eagles,34,744,492,252,2021,25,4
Roosters,34,630,489,141,2021,25,5
Eels,32,566,457,109,2021,25,6
Knights,26,428,571,-143,2021,25,7
Titans,22,580,583,-3,2021,25,8
Sharks,22,520,556,-36,2021,25,9
Raiders,22,481,578,-97,2021,25,10
Dragons,18,474,616,-142,2021,25,11
Warriors,18,453,624,-171,2021,25,12
Wests Tigers,18,500,714,-214,2021,25,13
Broncos,16,446,695,-249,2021,25,14
Cowboys,16,460,748,-288,2021,25,15
Bulldogs,8,340,710,-370,2021,25,16
Panthers,2,28,6,22,2022,1,1
Knights,2,20,6,14,2022,1,2
Dragons,2,28,16,12,2022,1,3
Storm,2,26,16,10,2022,1,4
Broncos,2,11,4,7,2022,1,5
Raiders,2,24,19,5,2022,1,6
Eels,2,32,28,4,2022,1,7
Bulldogs,2,6,4,2,2022,1,8
Cowboys,0,4,6,-2,2022,1,9
Titans,0,28,32,-4,2022,1,10
Sharks,0,19,24,-5,2022,1,11
Rabbitohs,0,4,11,-7,2022,1,12
Wests Tigers,0,16,26,-10,2022,1,13
Warriors,0,16,28,-12,2022,1,14
Roosters,0,6,20,-14,2022,1,15
Sea Eagles,0,6,28,-22,2022,1,16
Knights,4,46,10,36,2022,2,1
Panthers,4,48,22,26,2022,2,2
Broncos,4,27,14,13,2022,2,3
Storm,4,41,30,11,2022,2,4
Cowboys,2,30,12,18,2022,2,5
Dragons,2,44,36,8,2022,2,6
Eels,2,48,46,2,2022,2,7
Roosters,2,32,32,0,2022,2,8
Titans,2,48,50,-2,2022,2,9
Sharks,2,37,40,-3,2022,2,10
Bulldogs,2,16,20,-4,2022,2,11
Raiders,2,30,45,-15,2022,2,12
Rabbitohs,0,18,26,-8,2022,2,13
Warriors,0,34,48,-14,2022,2,14
Wests Tigers,0,20,52,-32,2022,2,15
Sea Eagles,0,18,54,-36,2022,2,16
Panthers,6,86,42,44,2022,3,1
Cowboys,4,68,24,44,2022,3,2
Sharks,4,73,52,21,2022,3,3
Knights,4,66,48,18,2022,3,4
Storm,4,65,58,7,2022,3,5
Eels,4,76,70,6,2022,3,6
Raiders,4,54,67,-13,2022,3,7
Broncos,4,39,52,-13,2022,3,8
Rabbitohs,2,46,42,4,2022,3,9
Titans,2,70,74,-4,2022,3,10
Bulldogs,2,28,33,-5,2022,3,11
Warriors,2,50,60,-10,2022,3,12
Roosters,2,48,60,-12,2022,3,13
Dragons,2,56,72,-16,2022,3,14
Sea Eagles,2,31,66,-35,2022,3,15
Wests Tigers,0,32,68,-36,2022,3,16
Panthers,8,112,54,58,2022,4,1
Storm,6,109,58,51,2022,4,2
Eels,6,124,84,40,2022,4,3
Sharks,6,91,52,39,2022,4,4
Cowboys,4,72,52,20,2022,4,5
Roosters,4,76,64,12,2022,4,6
Warriors,4,70,66,4,2022,4,7
Knights,4,66,66,0,2022,4,8
Titans,4,78,80,-2,2022,4,9
Sea Eagles,4,56,72,-16,2022,4,10
Broncos,4,45,72,-27,2022,4,11
Raiders,4,60,92,-32,2022,4,12
Rabbitohs,2,58,68,-10,2022,4,13
Bulldogs,2,28,77,-49,2022,4,14
Dragons,2,70,120,-50,2022,4,15
Wests Tigers,0,38,76,-38,2022,4,16
Panthers,10,144,66,78,2022,5,1
Sharks,8,121,56,65,2022,5,2
Storm,8,139,74,65,2022,5,3
Eels,8,150,104,46,2022,5,4
Roosters,6,100,84,16,2022,5,5
Sea Eagles,6,86,78,8,2022,5,6
Warriors,6,95,90,5,2022,5,7
Cowboys,4,96,77,19,2022,5,8
Rabbitohs,4,82,80,2,2022,5,9
Titans,4,98,106,-8,2022,5,10
Knights,4,72,96,-24,2022,5,11
Broncos,4,65,96,-31,2022,5,12
Raiders,4,76,122,-46,2022,5,13
Dragons,2,82,144,-62,2022,5,14
Bulldogs,2,40,109,-69,2022,5,15
Wests Tigers,0,42,106,-64,2022,5,16
Panthers,12,184,78,106,2022,6,1
Storm,10,173,92,81,2022,6,2
Sharks,8,139,90,49,2022,6,3
Eels,8,170,125,45,2022,6,4
Roosters,8,122,98,24,2022,6,5
Sea Eagles,8,112,96,16,2022,6,6
Cowboys,6,114,89,25,2022,6,7
Rabbitohs,6,118,96,22,2022,6,8
Warriors,6,109,112,-3,2022,6,9
Titans,4,116,132,-16,2022,6,10
Knights,4,88,117,-29,2022,6,11
Raiders,4,88,140,-52,2022,6,12
Dragons,4,103,160,-57,2022,6,13
Broncos,4,77,136,-59,2022,6,14
Wests Tigers,2,63,126,-63,2022,6,15
Bulldogs,2,56,145,-89,2022,6,16
Panthers,14,220,84,136,2022,7,1
Storm,12,243,102,141,2022,7,2
Eels,10,209,127,82,2022,7,3
Sharks,10,173,112,61,2022,7,4
Cowboys,8,144,93,51,2022,7,5
Roosters,8,134,112,22,2022,7,6
Sea Eagles,8,134,130,4,2022,7,7
Rabbitohs,6,140,119,21,2022,7,8
Broncos,6,111,150,-39,2022,7,9
Dragons,6,117,172,-55,2022,7,10
Warriors,6,119,182,-63,2022,7,11
Titans,4,120,162,-42,2022,7,12
Wests Tigers,4,86,148,-62,2022,7,13
Knights,4,90,156,-66,2022,7,14
Raiders,4,94,176,-82,2022,7,15
Bulldogs,2,70,179,-109,2022,7,16
Panthers,16,238,88,150,2022,8,1
Storm,14,293,104,189,2022,8,2
Cowboys,10,179,97,82,2022,8,3
Sharks,10,180,128,52,2022,8,4
Eels,10,213,162,51,2022,8,5
Rabbitohs,8,180,141,39,2022,8,6
Roosters,8,146,128,18,2022,8,7
Sea Eagles,8,156,170,-14,2022,8,8
Broncos,8,127,157,-30,2022,8,9
Dragons,8,129,178,-49,2022,8,10
Warriors,8,140,202,-62,2022,8,11
Titans,4,124,180,-56,2022,8,12
Wests Tigers,4,92,160,-68,2022,8,13
Raiders,4,114,197,-83,2022,8,14
Bulldogs,4,86,191,-105,2022,8,15
Knights,4,92,206,-114,2022,8,16
Storm,16,335,110,225,2022,9,1
Panthers,16,258,110,148,2022,9,2
Cowboys,12,215,113,102,2022,9,3
Sharks,12,209,138,71,2022,9,4
Eels,12,235,182,53,2022,9,5
Roosters,10,190,144,46,2022,9,6
Sea Eagles,10,192,192,0,2022,9,7
Broncos,10,159,169,-10,2022,9,8
Rabbitohs,8,192,173,19,2022,9,9
Warriors,8,150,231,-81,2022,9,10
Dragons,8,135,220,-85,2022,9,11
Raiders,6,128,201,-73,2022,9,12
Wests Tigers,4,114,196,-82,2022,9,13
Titans,4,140,224,-84,2022,9,14
Bulldogs,4,90,205,-115,2022,9,15
Knights,4,108,242,-134,2022,9,16
Panthers,18,290,116,174,2022,10,1
Storm,16,341,142,199,2022,10,2
Cowboys,14,251,125,126,2022,10,3
Roosters,12,221,168,53,2022,10,4
Sharks,12,219,168,51,2022,10,5
Eels,12,259,213,46,2022,10,6
Broncos,12,197,169,28,2022,10,7
Rabbitohs,10,224,203,21,2022,10,8
Sea Eagles,10,192,230,-38,2022,10,9
Raiders,8,158,211,-53,2022,10,10
Warriors,8,180,263,-83,2022,10,11
Dragons,8,151,240,-89,2022,10,12
Titans,6,160,240,-80,2022,10,13
Knights,6,124,248,-124,2022,10,14
Wests Tigers,4,126,232,-106,2022,10,15
Bulldogs,4,96,221,-125,2022,10,16
Panthers,20,322,128,194,2022,11,1
Storm,16,347,178,169,2022,11,2
Cowboys,16,287,131,156,2022,11,3
Sharks,14,244,186,58,2022,11,4
Broncos,14,233,181,52,2022,11,5
Eels,14,281,233,48,2022,11,6
Roosters,12,233,200,33,2022,11,7
Rabbitohs,10,236,235,1,2022,11,8
Raiders,10,190,223,-33,2022,11,9
Sea Eagles,10,212,252,-40,2022,11,10
Dragons,10,175,258,-83,2022,11,11
Warriors,8,198,287,-89,2022,11,12
Titans,6,178,265,-87,2022,11,13
Wests Tigers,6,162,254,-92,2022,11,14
Knights,6,136,284,-148,2022,11,15
Bulldogs,4,118,257,-139,2022,11,16
Panthers,22,344,128,216,2022,12,1
Storm,18,375,186,189,2022,12,2
Cowboys,16,287,153,134,2022,12,3
Broncos,16,268,205,63,2022,12,4
Eels,16,309,253,56,2022,12,5
Roosters,14,269,216,53,2022,12,6
Sharks,14,260,222,38,2022,12,7
Rabbitohs,12,280,253,27,2022,12,8
Dragons,12,209,282,-73,2022,12,9
Raiders,10,210,251,-41,2022,12,10
Sea Eagles,10,220,280,-60,2022,12,11
Warriors,8,214,311,-97,2022,12,12
Knights,8,160,300,-140,2022,12,13
Titans,6,202,300,-98,2022,12,14
Wests Tigers,6,180,298,-118,2022,12,15
Bulldogs,4,142,291,-149,2022,12,16
Panthers,24,374,146,228,2022,13,1
Storm,20,375,186,189,2022,13,2
Cowboys,18,319,159,160,2022,13,3
Broncos,18,268,205,63,2022,13,4
Eels,18,309,253,56,2022,13,5
Sharks,16,260,222,38,2022,13,6
Roosters,14,285,238,47,2022,13,7
Rabbitohs,14,280,253,27,2022,13,8
Dragons,14,209,282,-73,2022,13,9
Sea Eagles,12,264,292,-28,2022,13,10
Raiders,12,232,267,-35,2022,13,11
Knights,10,160,300,-140,2022,13,12
Wests Tigers,8,180,298,-118,2022,13,13
Warriors,8,226,355,-129,2022,13,14
Titans,6,208,332,-124,2022,13,15
Bulldogs,4,160,321,-161,2022,13,16
Panthers,26,416,152,264,2022,14,1
Storm,22,401,204,197,2022,14,2
Cowboys,20,350,171,179,2022,14,3
Broncos,20,292,223,69,2022,14,4
Sharks,18,298,238,60,2022,14,5
Eels,18,313,287,26,2022,14,6
Rabbitohs,16,310,269,41,2022,14,7
Roosters,14,303,264,39,2022,14,8
Sea Eagles,14,294,296,-2,2022,14,9
Dragons,14,221,313,-92,2022,14,10
Raiders,12,250,291,-41,2022,14,11
Knights,10,166,342,-176,2022,14,12
Wests Tigers,8,184,328,-144,2022,14,13
Warriors,8,242,393,-151,2022,14,14
Bulldogs,6,194,325,-131,2022,14,15
Titans,6,224,362,-138,2022,14,16
Panthers,28,456,158,298,2022,15,1
Storm,24,433,224,209,2022,15,2
Cowboys,22,378,197,181,2022,15,3
Sharks,20,316,248,68,2022,15,4
Broncos,20,312,255,57,2022,15,5
Eels,20,339,303,36,2022,15,6
Rabbitohs,16,322,301,21,2022,15,7
Dragons,16,253,325,-72,2022,15,8
Roosters,14,319,290,29,2022,15,9
Sea Eagles,14,320,324,-4,2022,15,10
Raiders,14,270,309,-39,2022,15,11
Knights,10,184,362,-178,2022,15,12
Bulldogs,8,230,337,-107,2022,15,13
Wests Tigers,8,196,364,-168,2022,15,14
Warriors,8,248,433,-185,2022,15,15
Titans,6,234,380,-146,2022,15,16
Panthers,30,482,176,306,2022,16,1
Storm,24,463,260,203,2022,16,2
Cowboys,24,418,223,195,2022,16,3
Sharks,22,334,254,80,2022,16,4
Broncos,20,338,295,43,2022,16,5
Eels,20,351,333,18,2022,16,6
Rabbitohs,18,352,313,39,2022,16,7
Dragons,18,265,335,-70,2022,16,8
Sea Eagles,16,356,354,2,2022,16,9
Roosters,14,337,316,21,2022,16,10
Raiders,14,280,321,-41,2022,16,11
Knights,12,222,374,-152,2022,16,12
Warriors,10,270,435,-165,2022,16,13
Bulldogs,8,236,355,-119,2022,16,14
Wests Tigers,8,198,386,-188,2022,16,15
Titans,6,246,418,-172,2022,16,16
Panthers,32,482,176,306,2022,17,1
Cowboys,26,418,223,195,2022,17,2
Storm,24,469,288,181,2022,17,3
Sharks,24,362,260,102,2022,17,4
Broncos,22,370,313,57,2022,17,5
Eels,22,379,353,26,2022,17,6
Rabbitohs,20,392,341,51,2022,17,7
Sea Eagles,18,356,354,2,2022,17,8
Dragons,18,283,367,-84,2022,17,9
Roosters,16,337,316,21,2022,17,10
Raiders,16,280,321,-41,2022,17,11
Knights,12,250,414,-164,2022,17,12
Warriors,12,270,435,-165,2022,17,13
Bulldogs,10,236,355,-119,2022,17,14
Titans,8,246,418,-172,2022,17,15
Wests Tigers,8,218,414,-196,2022,17,16
Panthers,34,500,192,308,2022,18,1
Cowboys,26,430,249,181,2022,18,2
Sharks,26,388,272,116,2022,18,3
Storm,24,485,308,177,2022,18,4
Broncos,24,386,325,61,2022,18,5
Eels,24,407,371,36,2022,18,6
Rabbitohs,22,428,369,59,2022,18,7
Sea Eagles,20,398,366,32,2022,18,8
Roosters,18,391,342,49,2022,18,9
Raiders,18,300,337,-37,2022,18,10
Dragons,18,309,421,-112,2022,18,11
Warriors,12,288,463,-175,2022,18,12
Knights,12,262,456,-194,2022,18,13
Bulldogs,10,264,391,-127,2022,18,14
Titans,8,258,434,-176,2022,18,15
Wests Tigers,8,234,432,-198,2022,18,16
Panthers,36,520,202,318,2022,19,1
Cowboys,28,457,275,182,2022,19,2
Sharks,26,398,292,106,2022,19,3
Broncos,26,422,339,83,2022,19,4
Storm,24,497,332,165,2022,19,5
Rabbitohs,24,452,381,71,2022,19,6
Eels,24,421,407,14,2022,19,7
Roosters,20,433,354,79,2022,19,8
Sea Eagles,20,404,386,18,2022,19,9
Raiders,20,326,351,-25,2022,19,10
Dragons,20,329,427,-98,2022,19,11
Bulldogs,12,300,417,-117,2022,19,12
Warriors,12,302,489,-187,2022,19,13
Knights,12,274,498,-224,2022,19,14
Titans,8,284,470,-186,2022,19,15
Wests Tigers,8,260,459,-199,2022,19,16
Panthers,36,530,236,294,2022,20,1
Cowboys,30,491,283,208,2022,20,2
Sharks,28,419,312,107,2022,20,3
Storm,26,521,344,177,2022,20,4
Broncos,26,440,371,69,2022,20,5
Eels,26,455,417,38,2022,20,6
Rabbitohs,24,472,402,70,2022,20,7
Roosters,22,453,364,89,2022,20,8
Raiders,22,362,375,-13,2022,20,9
Sea Eagles,20,414,406,8,2022,20,10
Dragons,20,337,461,-124,2022,20,11
Bulldogs,14,324,427,-103,2022,20,12
Warriors,12,314,513,-199,2022,20,13
Knights,12,284,522,-238,2022,20,14
Wests Tigers,10,292,477,-185,2022,20,15
Titans,8,308,506,-198,2022,20,16
Panthers,38,556,242,314,2022,21,1
Cowboys,32,519,297,222,2022,21,2
Sharks,30,443,330,113,2022,21,3
Storm,28,553,358,195,2022,21,4
Eels,28,491,437,54,2022,21,5
Rabbitohs,26,520,412,108,2022,21,6
Broncos,26,456,405,51,2022,21,7
Roosters,24,487,380,107,2022,21,8
Raiders,22,368,401,-33,2022,21,9
Sea Eagles,20,434,442,-8,2022,21,10
Dragons,20,355,485,-130,2022,21,11
Bulldogs,14,338,455,-117,2022,21,12
Knights,14,298,532,-234,2022,21,13
Warriors,12,324,561,-237,2022,21,14
Wests Tigers,10,302,491,-189,2022,21,15
Titans,8,322,538,-216,2022,21,16
Panthers,38,556,258,298,2022,22,1
Cowboys,32,537,329,208,2022,22,2
Sharks,32,479,342,137,2022,22,3
Storm,30,569,358,211,2022,22,4
Rabbitohs,28,546,412,134,2022,22,5
Broncos,28,484,415,69,2022,22,6
Eels,28,491,463,28,2022,22,7
Roosters,26,519,398,121,2022,22,8
Raiders,24,392,423,-31,2022,22,9
Sea Eagles,20,458,486,-28,2022,22,10
Dragons,20,377,509,-132,2022,22,11
Bulldogs,14,356,497,-141,2022,22,12
Warriors,14,366,579,-213,2022,22,13
Knights,14,308,560,-252,2022,22,14
Titans,10,366,562,-196,2022,22,15
Wests Tigers,10,314,527,-213,2022,22,16
Panthers,40,582,280,302,2022,23,1
Cowboys,34,585,333,252,2022,23,2
Sharks,34,519,348,171,2022,23,3
Storm,32,629,370,259,2022,23,4
Eels,30,533,469,64,2022,23,5
Roosters,28,591,404,187,2022,23,6
Rabbitohs,28,568,438,130,2022,23,7
Broncos,28,496,475,21,2022,23,8
Raiders,26,420,445,-25,2022,23,9
Dragons,22,423,535,-112,2022,23,10
Sea Eagles,20,464,526,-62,2022,23,11
Bulldogs,14,362,539,-177,2022,23,12
Warriors,14,370,627,-257,2022,23,13
Knights,14,330,588,-258,2022,23,14
Titans,10,392,608,-216,2022,23,15
Wests Tigers,10,320,599,-279,2022,23,16
Panthers,42,628,292,336,2022,24,1
Sharks,36,535,348,187,2022,24,2
Cowboys,34,595,353,242,2022,24,3
Storm,32,643,388,255,2022,24,4
Eels,32,586,475,111,2022,24,5
Roosters,30,609,418,191,2022,24,6
Rabbitohs,30,588,448,140,2022,24,7
Raiders,28,468,451,17,2022,24,8
Broncos,28,502,528,-26,2022,24,9
Dragons,24,447,557,-110,2022,24,10
Sea Eagles,20,470,574,-104,2022,24,11
Bulldogs,14,362,555,-193,2022,24,12
Knights,14,356,624,-268,2022,24,13
Warriors,14,382,673,-291,2022,24,14
Titans,12,428,634,-206,2022,24,15
Wests Tigers,10,342,623,-281,2022,24,16
Panthers,42,636,330,306,2022,25,1
Sharks,38,573,364,209,2022,25,2
Cowboys,36,633,361,272,2022,25,3
Eels,34,608,489,119,2022,25,4
Storm,32,657,410,247,2022,25,5
Roosters,32,635,434,201,2022,25,6
Rabbitohs,30,604,474,130,2022,25,7
Raiders,30,524,461,63,2022,25,8
Broncos,28,514,550,-36,2022,25,9
Dragons,26,469,569,-100,2022,25,10
Sea Eagles,20,490,595,-105,2022,25,11
Bulldogs,16,383,575,-192,2022,25,12
Titans,14,455,660,-205,2022,25,13
Knights,14,372,662,-290,2022,25,14
Warriors,14,408,700,-292,2022,25,15
Wests Tigers,10,352,679,-327,2022,25,16
Sea Eagles,2,31,6,25,2023,1,1
Titans,2,22,10,12,2023,1,2
Dolphins,2,28,18,10,2023,1,3
Rabbitohs,2,27,18,9,2023,1,4
Warriors,2,20,12,8,2023,1,5
Storm,2,16,12,4,2023,1,6
Broncos,2,13,12,1,2023,1,7
Cowboys,2,19,18,1,2023,1,8
Dragons,2,0,0,0,2023,1,9
Raiders,0,18,19,-1,2023,1,10
Panthers,0,12,13,-1,2023,1,11
Eels,0,12,16,-4,2023,1,12
Knights,0,12,20,-8,2023,1,13
Sharks,0,18,27,-9,2023,1,14
Roosters,0,18,28,-10,2023,1,15
Wests Tigers,0,10,22,-12,2023,1,16
Bulldogs,0,6,31,-25,2023,1,17
Sea Eagles,4,31,6,25,2023,2,1
Dolphins,4,48,32,16,2023,2,2
Dragons,4,32,18,14,2023,2,3
Broncos,4,41,28,13,2023,2,4
Panthers,2,28,23,5,2023,2,5
Rabbitohs,2,37,34,3,2023,2,6
Warriors,2,32,32,0,2023,2,7
Titans,2,40,42,-2,2023,2,8
Roosters,2,38,40,-2,2023,2,9
Sharks,2,48,53,-5,2023,2,10
Knights,2,26,32,-6,2023,2,11
Storm,2,28,38,-10,2023,2,12
Cowboys,2,35,46,-11,2023,2,13
Bulldogs,2,32,43,-11,2023,2,14
Raiders,0,32,39,-7,2023,2,15
Eels,0,38,46,-8,2023,2,16
Wests Tigers,0,22,36,-14,2023,2,17
Broncos,6,81,46,35,2023,3,1
Dolphins,6,84,52,32,2023,3,2
Sea Eagles,6,65,36,29,2023,3,3
Warriors,4,58,44,14,2023,3,4
Panthers,4,28,23,5,2023,3,5
Titans,4,78,76,2,2023,3,6
Roosters,4,58,58,0,2023,3,7
Bulldogs,4,58,65,-7,2023,3,8
Dragons,4,50,58,-8,2023,3,9
Rabbitohs,2,55,54,1,2023,3,10
Raiders,2,56,59,-3,2023,3,11
Sharks,2,68,77,-9,2023,3,12
Storm,2,62,76,-14,2023,3,13
Knights,2,46,68,-22,2023,3,14
Cowboys,2,47,72,-25,2023,3,15
Eels,0,68,80,-12,2023,3,16
Wests Tigers,0,44,62,-18,2023,3,17
Broncos,8,99,58,41,2023,4,1
Sea Eagles,6,77,49,28,2023,4,2
Dolphins,6,96,70,26,2023,4,3
Warriors,6,74,58,16,2023,4,4
Roosters,6,58,58,0,2023,4,5
Sharks,4,108,85,23,2023,4,6
Panthers,4,44,40,4,2023,4,7
Rabbitohs,4,68,66,2,2023,4,8
Storm,4,86,88,-2,2023,4,9
Bulldogs,4,72,81,-9,2023,4,10
Titans,4,90,100,-10,2023,4,11
Knights,4,70,82,-12,2023,4,12
Cowboys,4,71,84,-13,2023,4,13
Dragons,4,58,98,-40,2023,4,14
Eels,2,85,96,-11,2023,4,15
Raiders,2,70,83,-13,2023,4,16
Wests Tigers,0,56,86,-30,2023,4,17
Broncos,10,145,70,75,2023,5,1
Warriors,8,106,88,18,2023,5,2
Roosters,8,86,78,8,2023,5,3
Sea Eagles,7,109,81,28,2023,5,4
Panthers,6,97,52,45,2023,5,5
Storm,6,104,98,6,2023,5,6
Dolphins,6,108,108,0,2023,5,7
Bulldogs,6,87,95,-8,2023,5,8
Titans,6,90,100,-10,2023,5,9
Dragons,6,96,110,-14,2023,5,10
Knights,5,102,114,-12,2023,5,11
Sharks,4,138,117,21,2023,5,12
Rabbitohs,4,78,84,-6,2023,5,13
Cowboys,4,85,99,-14,2023,5,14
Eels,2,105,124,-19,2023,5,15
Raiders,2,82,136,-54,2023,5,16
Wests Tigers,0,68,132,-64,2023,5,17
Broncos,10,159,90,69,2023,6,1
Panthers,8,141,64,77,2023,6,2
Storm,8,132,106,26,2023,6,3
Dolphins,8,140,130,10,2023,6,4
Warriors,8,130,122,8,2023,6,5
Titans,8,110,118,-8,2023,6,6
Roosters,8,94,106,-12,2023,6,7
Knights,7,136,138,-2,2023,6,8
Sea Eagles,7,121,125,-4,2023,6,9
Rabbitohs,6,128,100,28,2023,6,10
Sharks,6,138,117,21,2023,6,11
Dragons,6,114,130,-16,2023,6,12
Bulldogs,6,103,145,-42,2023,6,13
Eels,4,133,146,-13,2023,6,14
Cowboys,4,107,131,-24,2023,6,15
Raiders,4,102,150,-48,2023,6,16
Wests Tigers,0,90,160,-70,2023,6,17
Broncos,12,202,116,86,2023,7,1
Panthers,10,157,79,78,2023,7,2
Warriors,10,152,136,16,2023,7,3
Sea Eagles,9,139,133,6,2023,7,4
Rabbitohs,8,164,114,50,2023,7,5
Sharks,8,160,129,31,2023,7,6
Storm,8,140,124,16,2023,7,7
Dolphins,8,154,166,-12,2023,7,8
Roosters,8,106,128,-22,2023,7,9
Titans,8,136,161,-25,2023,7,10
Knights,7,151,154,-3,2023,7,11
Eels,6,163,150,13,2023,7,12
Dragons,6,128,150,-22,2023,7,13
Raiders,6,122,164,-42,2023,7,14
Bulldogs,6,107,175,-68,2023,7,15
Cowboys,4,121,153,-32,2023,7,16
Wests Tigers,2,90,160,-70,2023,7,17
Broncos,14,228,132,96,2023,8,1
Sea Eagles,11,161,149,12,2023,8,2
Panthers,10,175,99,76,2023,8,3
Rabbitohs,10,184,132,52,2023,8,4
Sharks,10,193,149,44,2023,8,5
Storm,10,170,146,24,2023,8,6
Warriors,10,174,166,8,2023,8,7
Dolphins,10,182,192,-10,2023,8,8
Roosters,10,133,154,-21,2023,8,9
Titans,8,162,189,-27,2023,8,10
Raiders,8,122,164,-42,2023,8,11
Knights,7,167,172,-5,2023,8,12
Eels,6,179,176,3,2023,8,13
Dragons,6,154,177,-23,2023,8,14
Cowboys,6,139,169,-30,2023,8,15
Bulldogs,6,127,208,-81,2023,8,16
Wests Tigers,2,106,182,-76,2023,8,17
Broncos,14,234,164,70,2023,9,1
Sharks,12,237,155,82,2023,9,2
Rabbitohs,12,216,138,78,2023,9,3
Storm,12,170,146,24,2023,9,4
Roosters,12,147,154,-7,2023,9,5
Sea Eagles,11,171,175,-4,2023,9,6
Panthers,10,183,111,72,2023,9,7
Warriors,10,174,180,-6,2023,9,8
Dolphins,10,212,223,-11,2023,9,9
Titans,10,188,199,-11,2023,9,10
Raiders,10,153,194,-41,2023,9,11
Eels,8,222,188,34,2023,9,12
Bulldogs,8,145,224,-79,2023,9,13
Knights,7,179,215,-36,2023,9,14
Dragons,6,170,195,-25,2023,9,15
Cowboys,6,145,213,-68,2023,9,16
Wests Tigers,4,118,190,-72,2023,9,17
Broncos,16,266,170,96,2023,10,1
Rabbitohs,14,244,150,94,2023,10,2
Panthers,12,201,117,84,2023,10,3
Sharks,12,253,191,62,2023,10,4
Dolphins,12,248,239,9,2023,10,5
Storm,12,182,174,8,2023,10,6
Titans,12,214,223,-9,2023,10,7
Roosters,12,153,174,-21,2023,10,8
Raiders,12,187,224,-37,2023,10,9
Sea Eagles,11,177,207,-30,2023,10,10
Warriors,10,180,198,-18,2023,10,11
Knights,9,179,215,-36,2023,10,12
Eels,8,246,214,32,2023,10,13
Cowboys,8,165,219,-54,2023,10,14
Bulldogs,8,175,258,-83,2023,10,15
Dragons,6,186,213,-27,2023,10,16
Wests Tigers,6,136,206,-70,2023,10,17
Rabbitohs,16,264,150,114,2023,11,1
Broncos,16,282,194,88,2023,11,2
Panthers,14,249,121,128,2023,11,3
Sharks,14,273,205,68,2023,11,4
Storm,14,206,190,16,2023,11,5
Dolphins,14,248,239,9,2023,11,6
Raiders,14,213,242,-29,2023,11,7
Warriors,12,204,210,-6,2023,11,8
Titans,12,240,269,-29,2023,11,9
Roosters,12,157,222,-65,2023,11,10
Knights,11,225,241,-16,2023,11,11
Sea Eagles,11,191,227,-36,2023,11,12
Cowboys,10,207,241,-34,2023,11,13
Eels,8,264,240,24,2023,11,14
Bulldogs,8,187,282,-95,2023,11,15
Dragons,6,208,255,-47,2023,11,16
Wests Tigers,6,136,226,-90,2023,11,17
Panthers,16,264,125,139,2023,12,1
Rabbitohs,16,280,186,94,2023,12,2
Sharks,16,299,211,88,2023,12,3
Broncos,16,286,209,77,2023,12,4
Storm,16,230,206,24,2023,12,5
Dolphins,14,264,263,1,2023,12,6
Warriors,14,204,210,-6,2023,12,7
Raiders,14,227,284,-57,2023,12,8
Sea Eagles,13,233,241,-8,2023,12,9
Titans,12,258,289,-31,2023,12,10
Roosters,12,179,246,-67,2023,12,11
Knights,11,231,267,-36,2023,12,12
Eels,10,300,256,44,2023,12,13
Cowboys,10,225,307,-82,2023,12,14
Bulldogs,10,207,300,-93,2023,12,15
Wests Tigers,8,202,244,-42,2023,12,16
Dragons,8,232,277,-45,2023,12,17
Panthers,18,264,125,139,2023,13,1
Sharks,18,299,211,88,2023,13,2
Broncos,18,312,231,81,2023,13,3
Storm,18,230,206,24,2023,13,4
Rabbitohs,16,306,219,87,2023,13,5
Dolphins,16,290,275,15,2023,13,6
Raiders,16,260,310,-50,2023,13,7
Warriors,14,226,236,-10,2023,13,8
Titans,14,258,289,-31,2023,13,9
Roosters,14,179,246,-67,2023,13,10
Sea Eagles,13,251,269,-18,2023,13,11
Knights,13,259,285,-26,2023,13,12
Eels,12,324,272,52,2023,13,13
Bulldogs,12,207,300,-93,2023,13,14
Wests Tigers,10,202,244,-42,2023,13,15
Cowboys,10,241,331,-90,2023,13,16
Dragons,8,244,303,-59,2023,13,17
Panthers,20,290,143,147,2023,14,1
Broncos,20,332,243,89,2023,14,2
Rabbitohs,18,352,247,105,2023,14,3
Sharks,18,311,231,80,2023,14,4
Storm,18,250,251,-1,2023,14,5
Raiders,18,280,329,-49,2023,14,6
Warriors,16,256,244,12,2023,14,7
Dolphins,16,298,305,-7,2023,14,8
Roosters,16,204,270,-66,2023,14,9
Sea Eagles,15,251,269,-18,2023,14,10
Knights,15,259,285,-26,2023,14,11
Eels,14,324,272,52,2023,14,12
Titans,14,286,335,-49,2023,14,13
Cowboys,12,286,351,-65,2023,14,14
Bulldogs,12,231,325,-94,2023,14,15
Wests Tigers,10,221,264,-43,2023,14,16
Dragons,8,262,329,-67,2023,14,17
Panthers,22,320,149,171,2023,15,1
Broncos,22,356,263,93,2023,15,2
Storm,20,304,261,43,2023,15,3
Rabbitohs,18,382,283,99,2023,15,4
Sharks,18,321,285,36,2023,15,5
Warriors,18,292,258,34,2023,15,6
Raiders,18,294,365,-71,2023,15,7
Sea Eagles,17,309,287,22,2023,15,8
Eels,16,358,284,74,2023,15,9
Titans,16,314,347,-33,2023,15,10
Dolphins,16,316,363,-47,2023,15,11
Roosters,16,210,300,-90,2023,15,12
Knights,15,279,309,-30,2023,15,13
Cowboys,14,286,351,-65,2023,15,14
Bulldogs,12,243,359,-116,2023,15,15
Wests Tigers,10,233,292,-59,2023,15,16
Dragons,10,298,359,-61,2023,15,17
Broncos,24,356,263,93,2023,16,1
Panthers,22,343,176,167,2023,16,2
Storm,22,332,267,65,2023,16,3
Rabbitohs,20,382,283,99,2023,16,4
Sharks,20,369,295,74,2023,16,5
Warriors,20,292,258,34,2023,16,6
Raiders,20,294,365,-71,2023,16,7
Eels,18,392,288,104,2023,16,8
Titans,18,314,347,-33,2023,16,9
Dolphins,18,316,363,-47,2023,16,10
Roosters,18,228,316,-88,2023,16,11
Sea Eagles,17,313,321,-8,2023,16,12
Cowboys,16,313,374,-61,2023,16,13
Knights,15,295,327,-32,2023,16,14
Dragons,12,298,359,-61,2023,16,15
Bulldogs,12,253,407,-154,2023,16,16
Wests Tigers,10,239,320,-81,2023,16,17
Panthers,24,363,188,175,2023,17,1
Broncos,24,368,281,87,2023,17,2
Storm,24,356,273,83,2023,17,3
Sharks,22,369,295,74,2023,17,4
Warriors,22,340,276,64,2023,17,5
Raiders,22,314,383,-69,2023,17,6
Eels,20,440,308,132,2023,17,7
Rabbitohs,20,388,314,74,2023,17,8
Titans,20,332,359,-27,2023,17,9
Cowboys,18,344,380,-36,2023,17,10
Dolphins,18,336,411,-75,2023,17,11
Roosters,18,246,336,-90,2023,17,12
Sea Eagles,17,319,345,-26,2023,17,13
Knights,15,307,347,-40,2023,17,14
Bulldogs,14,253,407,-154,2023,17,15
Wests Tigers,12,239,320,-81,2023,17,16
Dragons,12,316,407,-91,2023,17,17
Panthers,26,397,204,193,2023,18,1
Broncos,26,392,297,95,2023,18,2
Sharks,24,421,311,110,2023,18,3
Storm,24,372,307,65,2023,18,4
Raiders,24,340,405,-65,2023,18,5
Eels,22,440,308,132,2023,18,6
Rabbitohs,22,416,320,96,2023,18,7
Warriors,22,346,304,42,2023,18,8
Cowboys,20,418,380,38,2023,18,9
Titans,20,354,385,-31,2023,18,10
Sea Eagles,19,337,361,-24,2023,18,11
Dolphins,18,352,435,-83,2023,18,12
Roosters,18,262,354,-92,2023,18,13
Knights,17,373,347,26,2023,18,14
Bulldogs,14,253,473,-220,2023,18,15
Dragons,12,332,459,-127,2023,18,16
Wests Tigers,12,239,394,-155,2023,18,17
Panthers,28,397,204,193,2023,19,1
Broncos,28,392,297,95,2023,19,2
Sharks,26,457,323,134,2023,19,3
Storm,26,372,307,65,2023,19,4
Raiders,26,376,431,-55,2023,19,5
Warriors,24,392,314,78,2023,19,6
Eels,22,450,354,96,2023,19,7
Rabbitohs,22,448,356,92,2023,19,8
Cowboys,22,418,380,38,2023,19,9
Sea Eagles,21,337,361,-24,2023,19,10
Titans,20,375,408,-33,2023,19,11
Dolphins,20,375,456,-81,2023,19,12
Roosters,20,262,354,-92,2023,19,13
Knights,19,373,347,26,2023,19,14
Bulldogs,16,289,505,-216,2023,19,15
Dragons,12,358,495,-137,2023,19,16
Wests Tigers,12,251,430,-179,2023,19,17
Panthers,30,421,218,203,2023,20,1
Broncos,30,436,321,115,2023,20,2
Storm,28,402,323,79,2023,20,3
Raiders,28,376,431,-55,2023,20,4
Warriors,26,436,326,110,2023,20,5
Sharks,26,469,367,102,2023,20,6
Eels,24,475,378,97,2023,20,7
Rabbitohs,24,448,356,92,2023,20,8
Cowboys,24,437,388,49,2023,20,9
Knights,21,407,365,42,2023,20,10
Sea Eagles,21,345,380,-35,2023,20,11
Titans,20,399,433,-34,2023,20,12
Dolphins,20,389,480,-91,2023,20,13
Roosters,20,278,384,-106,2023,20,14
Bulldogs,16,313,549,-236,2023,20,15
Dragons,14,358,495,-137,2023,20,16
Wests Tigers,12,269,464,-195,2023,20,17
Panthers,32,465,236,229,2023,21,1
Broncos,32,472,341,131,2023,21,2
Warriors,28,457,346,111,2023,21,3
Storm,28,420,349,71,2023,21,4
Raiders,28,396,452,-56,2023,21,5
Sharks,26,495,397,98,2023,21,6
Cowboys,26,461,404,57,2023,21,7
Eels,24,491,402,89,2023,21,8
Rabbitohs,24,468,392,76,2023,21,9
Knights,23,433,383,50,2023,21,10
Sea Eagles,23,375,406,-31,2023,21,11
Roosters,22,314,402,-88,2023,21,12
Dolphins,22,389,480,-91,2023,21,13
Titans,20,417,469,-52,2023,21,14
Dragons,16,376,509,-133,2023,21,15
Bulldogs,16,331,593,-262,2023,21,16
Wests Tigers,12,283,482,-199,2023,21,17
Panthers,34,493,236,257,2023,22,1
Broncos,34,504,351,153,2023,22,2
Warriors,30,457,346,111,2023,22,3
Storm,30,466,365,101,2023,22,4
Raiders,28,402,480,-78,2023,22,5
Rabbitohs,26,500,410,90,2023,22,6
Sharks,26,495,425,70,2023,22,7
Cowboys,26,474,426,48,2023,22,8
Knights,25,461,389,72,2023,22,9
Sea Eagles,25,399,424,-25,2023,22,10
Eels,24,507,448,59,2023,22,11
Titans,22,439,482,-43,2023,22,12
Dolphins,22,411,503,-92,2023,22,13
Roosters,22,324,434,-110,2023,22,14
Bulldogs,18,354,615,-261,2023,22,15
Dragons,16,394,533,-139,2023,22,16
Wests Tigers,12,301,514,-213,2023,22,17
Panthers,36,519,242,277,2023,23,1
Broncos,36,534,365,169,2023,23,2
Warriors,32,485,364,121,2023,23,3
Storm,30,472,391,81,2023,23,4
Raiders,30,424,498,-74,2023,23,5
Sharks,28,521,441,80,2023,23,6
Knights,27,491,417,74,2023,23,7
Rabbitohs,26,516,436,80,2023,23,8
Eels,26,533,468,65,2023,23,9
Cowboys,26,488,456,32,2023,23,10
Sea Eagles,25,415,450,-35,2023,23,11
Roosters,24,350,450,-100,2023,23,12
Titans,22,457,510,-53,2023,23,13
Dolphins,22,439,533,-94,2023,23,14
Bulldogs,20,354,615,-261,2023,23,15
Dragons,16,414,559,-145,2023,23,16
Wests Tigers,12,319,536,-217,2023,23,17
Panthers,38,543,254,289,2023,24,1
Broncos,38,588,375,213,2023,24,2
Warriors,34,515,386,129,2023,24,3
Storm,32,520,393,127,2023,24,4
Sharks,30,557,447,110,2023,24,5
Raiders,30,426,546,-120,2023,24,6
Knights,29,533,423,110,2023,24,7
Rabbitohs,28,542,450,92,2023,24,8
Cowboys,28,488,456,32,2023,24,9
Eels,26,543,522,21,2023,24,10
Roosters,26,380,464,-84,2023,24,11
Sea Eagles,25,427,474,-47,2023,24,12
Titans,22,463,546,-83,2023,24,13
Dolphins,22,453,563,-110,2023,24,14
Bulldogs,20,360,657,-297,2023,24,15
Dragons,16,428,585,-157,2023,24,16
Wests Tigers,12,341,566,-225,2023,24,17
Panthers,40,583,268,315,2023,25,1
Broncos,40,588,375,213,2023,25,2
Warriors,36,544,408,136,2023,25,3
Storm,34,558,421,137,2023,25,4
Sharks,32,589,459,130,2023,25,5
Raiders,32,462,570,-108,2023,25,6
Knights,31,562,433,129,2023,25,7
Rabbitohs,28,552,479,73,2023,25,8
Cowboys,28,500,488,12,2023,25,9
Roosters,28,414,476,-62,2023,25,10
Eels,26,555,556,-1,2023,25,11
Sea Eagles,25,449,503,-54,2023,25,12
Titans,22,477,586,-109,2023,25,13
Dolphins,22,476,587,-111,2023,25,14
Bulldogs,20,384,693,-309,2023,25,15
Dragons,16,456,623,-167,2023,25,16
Wests Tigers,14,365,589,-224,2023,25,17
Broncos,42,617,393,224,2023,26,1
Panthers,40,601,300,301,2023,26,2
Warriors,38,562,414,148,2023,26,3
Storm,36,595,437,158,2023,26,4
Knights,33,594,439,155,2023,26,5
Sharks,32,595,491,104,2023,26,6
Raiders,32,480,599,-119,2023,26,7
Rabbitohs,30,552,479,73,2023,26,8
Cowboys,30,534,498,36,2023,26,9
Roosters,30,446,484,-38,2023,26,10
Eels,28,587,574,13,2023,26,11
Sea Eagles,27,491,527,-36,2023,26,12
Titans,22,493,623,-130,2023,26,13
Dolphins,22,486,621,-135,2023,26,14
Bulldogs,20,408,735,-327,2023,26,15
Dragons,16,462,641,-179,2023,26,16
Wests Tigers,14,373,621,-248,2023,26,17
Panthers,42,645,312,333,2023,27,1
Broncos,42,639,425,214,2023,27,2
Storm,38,627,459,168,2023,27,3
Warriors,38,572,448,124,2023,27,4
Knights,35,626,451,175,2023,27,5
Sharks,34,619,497,122,2023,27,6
Roosters,32,472,496,-24,2023,27,7
Raiders,32,486,623,-137,2023,27,8
Rabbitohs,30,564,505,59,2023,27,9
Eels,30,587,574,13,2023,27,10
Cowboys,30,546,542,4,2023,27,11
Sea Eagles,29,545,539,6,2023,27,12
Dolphins,24,520,631,-111,2023,27,13
Titans,24,527,653,-126,2023,27,14
Bulldogs,20,438,769,-331,2023,27,15
Dragons,16,474,673,-199,2023,27,16
Wests Tigers,14,385,675,-290,2023,27,17
Cowboys,2,43,18,25,2024,1,1
Dragons,2,28,4,24,2024,1,2
Eels,2,26,8,18,2024,1,3
Raiders,2,28,12,16,2024,1,4
Sea Eagles,2,36,24,12,2024,1,5
Roosters,2,20,10,10,2024,1,6
Storm,2,8,0,8,2024,1,7
Sharks,2,16,12,4,2024,1,8
Wests Tigers,2,0,0,0,2024,1,9
Warriors,0,12,16,-4,2024,1,10
Panthers,0,0,8,-8,2024,1,11
Broncos,0,10,20,-10,2024,1,12
Rabbitohs,0,24,36,-12,2024,1,13
Knights,0,12,28,-16,2024,1,14
Bulldogs,0,8,26,-18,2024,1,15
Titans,0,4,28,-24,2024,1,16
Dolphins,0,18,43,-25,2024,1,17
Raiders,4,60,24,36,2024,2,1
Cowboys,4,64,38,26,2024,2,2
Sharks,4,41,18,23,2024,2,3
Sea Eagles,4,57,38,19,2024,2,4
Storm,4,38,26,12,2024,2,5
Dolphins,2,56,43,13,2024,2,6
Eels,2,44,34,10,2024,2,7
Roosters,2,34,31,3,2024,2,8
Broncos,2,38,38,0,2024,2,9
Panthers,2,26,26,0,2024,2,10
Dragons,2,28,42,-14,2024,2,11
Wests Tigers,2,12,32,-20,2024,2,12
Titans,2,4,28,-24,2024,2,13
Warriors,0,38,46,-8,2024,2,14
Knights,0,32,49,-17,2024,2,15
Rabbitohs,0,42,64,-22,2024,2,16
Bulldogs,0,14,51,-37,2024,2,17
Cowboys,6,110,62,48,2024,3,1
Roosters,4,82,37,45,2024,3,2
Raiders,4,70,42,28,2024,3,3
Panthers,4,60,38,22,2024,3,4
Sea Eagles,4,81,66,15,2024,3,5
Eels,4,72,58,14,2024,3,6
Dolphins,4,56,43,13,2024,3,7
Storm,4,50,40,10,2024,3,8
Wests Tigers,4,44,38,6,2024,3,9
Sharks,4,47,50,-3,2024,3,10
Warriors,2,56,56,0,2024,3,11
Bulldogs,2,46,51,-5,2024,3,12
Knights,2,46,61,-15,2024,3,13
Broncos,2,50,72,-22,2024,3,14
Dragons,2,52,88,-36,2024,3,15
Titans,2,4,60,-56,2024,3,16
Rabbitohs,0,48,112,-64,2024,3,17
Dolphins,6,86,57,29,2024,4,1
Panthers,6,82,54,28,2024,4,2
Cowboys,6,122,100,22,2024,4,3
Sharks,6,83,72,11,2024,4,4
Storm,6,50,40,10,2024,4,5
Wests Tigers,6,61,54,7,2024,4,6
Roosters,4,98,59,39,2024,4,7
Raiders,4,92,78,14,2024,4,8
Eels,4,88,75,13,2024,4,9
Warriors,4,76,68,8,2024,4,10
Sea Eagles,4,93,86,7,2024,4,11
Broncos,4,88,84,4,2024,4,12
Dragons,4,72,100,-28,2024,4,13
Bulldogs,2,62,71,-9,2024,4,14
Knights,2,58,81,-23,2024,4,15
Rabbitohs,2,68,128,-60,2024,4,16
Titans,2,18,90,-72,2024,4,17
Dolphins,8,112,73,39,2024,5,1
Cowboys,8,157,122,35,2024,5,2
Storm,8,84,72,12,2024,5,3
Sharks,8,83,72,11,2024,5,4
Raiders,6,133,86,47,2024,5,5
Warriors,6,110,72,38,2024,5,6
Sea Eagles,6,125,104,21,2024,5,7
Panthers,6,100,86,14,2024,5,8
Wests Tigers,6,77,80,-3,2024,5,9
Roosters,4,124,89,35,2024,5,10
Broncos,4,120,118,2,2024,5,11
Knights,4,88,91,-3,2024,5,12
Bulldogs,4,92,97,-5,2024,5,13
Eels,4,96,116,-20,2024,5,14
Dragons,4,82,130,-48,2024,5,15
Titans,2,40,125,-85,2024,5,16
Rabbitohs,2,72,162,-90,2024,5,17
Sharks,10,117,94,23,2024,6,1
Storm,10,100,86,14,2024,6,2
Raiders,8,154,106,48,2024,6,3
Cowboys,8,177,149,28,2024,6,4
Dolphins,8,126,101,25,2024,6,5
Panthers,8,100,86,14,2024,6,6
Warriors,7,132,94,38,2024,6,7
Sea Eagles,7,147,126,21,2024,6,8
Roosters,6,146,109,37,2024,6,9
Broncos,6,148,132,16,2024,6,10
Eels,6,123,136,-13,2024,6,11
Wests Tigers,6,89,104,-15,2024,6,12
Dragons,6,106,142,-36,2024,6,13
Knights,4,108,113,-5,2024,6,14
Bulldogs,4,106,113,-7,2024,6,15
Titans,2,60,146,-86,2024,6,16
Rabbitohs,2,94,196,-102,2024,6,17
Sharks,12,159,100,59,2024,7,1
Storm,12,118,98,20,2024,7,2
Dolphins,10,170,117,53,2024,7,3
Panthers,10,122,92,30,2024,7,4
Sea Eagles,9,181,156,25,2024,7,5
Broncos,8,182,142,40,2024,7,6
Raiders,8,164,140,24,2024,7,7
Cowboys,8,183,191,-8,2024,7,8
Dragons,8,136,154,-18,2024,7,9
Warriors,7,144,124,20,2024,7,10
Roosters,6,158,127,31,2024,7,11
Bulldogs,6,142,125,17,2024,7,12
Wests Tigers,6,95,126,-31,2024,7,13
Eels,6,139,180,-41,2024,7,14
Knights,4,120,149,-29,2024,7,15
Rabbitohs,4,94,196,-102,2024,7,16
Titans,2,90,180,-90,2024,7,17
Sharks,14,199,100,99,2024,8,1
Storm,14,172,118,54,2024,8,2
Panthers,12,148,112,36,2024,8,3
Sea Eagles,11,213,174,39,2024,8,4
Broncos,10,216,152,64,2024,8,5
Dolphins,10,184,135,49,2024,8,6
Roosters,8,218,145,73,2024,8,7
Bulldogs,8,142,125,17,2024,8,8
Cowboys,8,203,217,-14,2024,8,9
Raiders,8,164,180,-16,2024,8,10
Dragons,8,154,214,-60,2024,8,11
Warriors,7,168,151,17,2024,8,12
Knights,6,138,163,-25,2024,8,13
Eels,6,157,212,-55,2024,8,14
Wests Tigers,6,105,160,-55,2024,8,15
Titans,4,117,204,-87,2024,8,16
Rabbitohs,4,114,250,-136,2024,8,17
Sharks,16,219,110,109,2024,9,1
Storm,16,194,138,56,2024,9,2
Panthers,14,190,124,66,2024,9,3
Dolphins,12,212,161,51,2024,9,4
Sea Eagles,11,237,200,37,2024,9,5
Roosters,10,258,163,95,2024,9,6
Broncos,10,234,192,42,2024,9,7
Bulldogs,10,164,139,25,2024,9,8
Raiders,10,190,204,-14,2024,9,9
Cowboys,8,229,245,-16,2024,9,10
Knights,8,152,171,-19,2024,9,11
Eels,8,157,212,-55,2024,9,12
Dragons,8,164,234,-70,2024,9,13
Warriors,7,176,165,11,2024,9,14
Wests Tigers,6,119,182,-63,2024,9,15
Titans,4,137,226,-89,2024,9,16
Rabbitohs,4,126,292,-166,2024,9,17
Sharks,18,244,128,116,2024,10,1
Panthers,16,206,134,72,2024,10,2
Storm,16,212,163,49,2024,10,3
Dolphins,14,242,185,57,2024,10,4
Roosters,12,296,181,115,2024,10,5
Broncos,12,264,206,58,2024,10,6
Raiders,12,190,204,-14,2024,10,7
Sea Eagles,11,261,230,31,2024,10,8
Bulldogs,10,174,155,19,2024,10,9
Knights,10,172,185,-13,2024,10,10
Dragons,10,192,248,-56,2024,10,11
Cowboys,8,247,265,-18,2024,10,12
Eels,8,171,242,-71,2024,10,13
Warriors,7,194,203,-9,2024,10,14
Wests Tigers,6,133,202,-69,2024,10,15
Titans,6,157,244,-87,2024,10,16
Rabbitohs,4,140,320,-180,2024,10,17
Sharks,20,282,158,124,2024,11,1
Storm,18,260,179,81,2024,11,2
Panthers,16,226,156,70,2024,11,3
Dolphins,16,266,197,69,2024,11,4
Broncos,14,277,218,59,2024,11,5
Raiders,14,214,224,-10,2024,11,6
Roosters,12,326,219,107,2024,11,7
Knights,12,200,209,-9,2024,11,8
Dragons,12,192,248,-56,2024,11,9
Sea Eagles,11,273,243,30,2024,11,10
Bulldogs,10,194,179,15,2024,11,11
Cowboys,10,275,287,-12,2024,11,12
Warriors,9,216,223,-7,2024,11,13
Eels,8,187,290,-103,2024,11,14
Wests Tigers,6,145,226,-81,2024,11,15
Titans,6,181,272,-91,2024,11,16
Rabbitohs,4,162,348,-186,2024,11,17
Sharks,20,282,200,82,2024,12,1
Panthers,18,268,156,112,2024,12,2
Storm,18,280,205,75,2024,12,3
Dolphins,16,286,221,65,2024,12,4
Roosters,14,370,235,135,2024,12,5
Broncos,14,311,254,57,2024,12,6
Knights,14,200,209,-9,2024,12,7
Raiders,14,230,268,-38,2024,12,8
Sea Eagles,13,299,263,36,2024,12,9
Bulldogs,12,238,191,47,2024,12,10
Cowboys,12,317,315,2,2024,12,11
Dragons,12,204,292,-88,2024,12,12
Warriors,11,240,243,-3,2024,12,13
Titans,8,217,306,-89,2024,12,14
Eels,8,213,332,-119,2024,12,15
Wests Tigers,6,173,268,-95,2024,12,16
Rabbitohs,6,204,374,-170,2024,12,17
Storm,20,280,205,75,2024,13,1
Sharks,20,304,234,70,2024,13,2
Panthers,18,278,178,100,2024,13,3
Dolphins,16,311,247,64,2024,13,4
Broncos,16,311,254,57,2024,13,5
Raiders,16,256,293,-37,2024,13,6
Sea Eagles,15,299,263,36,2024,13,7
Roosters,14,386,253,133,2024,13,8
Bulldogs,14,270,193,77,2024,13,9
Cowboys,14,335,331,4,2024,13,10
Knights,14,202,241,-39,2024,13,11
Dragons,14,226,302,-76,2024,13,12
Warriors,13,240,243,-3,2024,13,13
Titans,10,217,306,-89,2024,13,14
Eels,10,247,354,-107,2024,13,15
Wests Tigers,8,173,268,-95,2024,13,16
Rabbitohs,8,204,374,-170,2024,13,17
Storm,22,316,233,83,2024,14,1
Sharks,22,326,246,80,2024,14,2
Panthers,20,310,200,110,2024,14,3
Dolphins,18,311,247,64,2024,14,4
Raiders,18,256,293,-37,2024,14,5
Roosters,16,386,253,133,2024,14,6
Bulldogs,16,292,211,81,2024,14,7
Broncos,16,323,276,47,2024,14,8
Dragons,16,282,316,-34,2024,14,9
Warriors,15,282,255,27,2024,14,10
Sea Eagles,15,321,295,26,2024,14,11
Cowboys,14,347,373,-26,2024,14,12
Knights,14,230,277,-47,2024,14,13
Eels,10,265,376,-111,2024,14,14
Titans,10,229,352,-123,2024,14,15
Rabbitohs,10,250,386,-136,2024,14,16
Wests Tigers,8,187,324,-137,2024,14,17
Storm,24,354,257,97,2024,15,1
Panthers,22,336,218,118,2024,15,2
Sharks,22,354,276,78,2024,15,3
Dolphins,20,341,275,66,2024,15,4
Roosters,18,414,271,143,2024,15,5
Bulldogs,18,292,211,81,2024,15,6
Raiders,18,272,327,-55,2024,15,7
Sea Eagles,17,351,309,42,2024,15,8
Broncos,16,335,298,37,2024,15,9
Cowboys,16,381,389,-8,2024,15,10
Dragons,16,296,346,-50,2024,15,11
Warriors,15,306,293,13,2024,15,12
Knights,14,248,303,-55,2024,15,13
Rabbitohs,12,272,398,-126,2024,15,14
Eels,10,283,404,-121,2024,15,15
Wests Tigers,10,205,334,-129,2024,15,16
Titans,10,239,370,-131,2024,15,17
Storm,26,384,281,103,2024,16,1
Panthers,24,336,218,118,2024,16,2
Sharks,24,354,276,78,2024,16,3
Roosters,20,440,279,161,2024,16,4
Dolphins,20,365,305,60,2024,16,5
Bulldogs,18,300,237,63,2024,16,6
Broncos,18,335,298,37,2024,16,7
Cowboys,18,381,389,-8,2024,16,8
Dragons,18,296,346,-50,2024,16,9
Raiders,18,296,375,-79,2024,16,10
Sea Eagles,17,351,323,28,2024,16,11
Knights,16,248,303,-55,2024,16,12
Warriors,15,312,359,-47,2024,16,13
Rabbitohs,14,286,398,-112,2024,16,14
Titans,12,305,376,-71,2024,16,15
Wests Tigers,12,253,358,-105,2024,16,16
Eels,12,283,404,-121,2024,16,17
Storm,28,400,287,113,2024,17,1
Panthers,24,342,234,108,2024,17,2
Sharks,24,368,291,77,2024,17,3
Roosters,22,480,285,195,2024,17,4
Bulldogs,20,315,251,64,2024,17,5
Dolphins,20,371,331,40,2024,17,6
Cowboys,20,397,395,2,2024,17,7
Dragons,20,322,352,-30,2024,17,8
Sea Eagles,19,351,323,28,2024,17,9
Broncos,18,351,330,21,2024,17,10
Knights,18,282,329,-47,2024,17,11
Raiders,18,302,391,-89,2024,17,12
Warriors,17,344,375,-31,2024,17,13
Rabbitohs,16,286,398,-112,2024,17,14
Titans,14,305,376,-71,2024,17,15
Eels,12,309,438,-129,2024,17,16
Wests Tigers,12,259,398,-139,2024,17,17
Storm,30,440,315,125,2024,18,1
Panthers,26,356,240,116,2024,18,2
Roosters,24,522,297,225,2024,18,3
Sharks,24,384,311,73,2024,18,4
Bulldogs,22,328,263,65,2024,18,5
Dolphins,22,371,331,40,2024,18,6
Sea Eagles,21,372,343,29,2024,18,7
Cowboys,20,417,416,1,2024,18,8
Knights,20,298,341,-43,2024,18,9
Dragons,20,334,394,-60,2024,18,10
Broncos,18,357,344,13,2024,18,11
Raiders,18,314,407,-93,2024,18,12
Rabbitohs,18,318,414,-96,2024,18,13
Warriors,17,356,388,-32,2024,18,14
Titans,16,325,392,-67,2024,18,15
Eels,12,325,470,-145,2024,18,16
Wests Tigers,12,287,438,-151,2024,18,17
Storm,32,440,315,125,2024,19,1
Panthers,28,356,240,116,2024,19,2
Roosters,26,522,297,225,2024,19,3
Sharks,26,442,317,125,2024,19,4
Bulldogs,24,328,263,65,2024,19,5
Dolphins,24,407,359,48,2024,19,6
Sea Eagles,23,416,349,67,2024,19,7
Cowboys,22,417,416,1,2024,19,8
Dragons,22,364,420,-56,2024,19,9
Knights,20,304,385,-81,2024,19,10
Raiders,20,314,407,-93,2024,19,11
Warriors,19,356,388,-32,2024,19,12
Broncos,18,383,374,9,2024,19,13
Titans,18,349,408,-59,2024,19,14
Rabbitohs,18,346,450,-104,2024,19,15
Eels,12,341,494,-153,2024,19,16
Wests Tigers,12,293,496,-203,2024,19,17
Storm,34,464,323,141,2024,20,1
Panthers,30,384,266,118,2024,20,2
Sharks,28,442,317,125,2024,20,3
Roosters,26,530,321,209,2024,20,4
Sea Eagles,25,454,357,97,2024,20,5
Bulldogs,24,346,283,63,2024,20,6
Dolphins,24,433,387,46,2024,20,7
Cowboys,24,437,434,3,2024,20,8
Dragons,24,364,420,-56,2024,20,9
Raiders,22,334,425,-91,2024,20,10
Broncos,20,413,388,25,2024,20,11
Rabbitohs,20,388,478,-90,2024,20,12
Knights,20,318,415,-97,2024,20,13
Warriors,19,374,408,-34,2024,20,14
Titans,18,357,446,-89,2024,20,15
Eels,14,341,494,-153,2024,20,16
Wests Tigers,12,321,538,-217,2024,20,17
Storm,36,496,337,159,2024,21,1
Panthers,32,430,276,154,2024,21,2
Roosters,28,564,351,213,2024,21,3
Sharks,28,464,347,117,2024,21,4
Bulldogs,26,387,299,88,2024,21,5
Cowboys,26,467,456,11,2024,21,6
Sea Eagles,25,484,391,93,2024,21,7
Dolphins,24,447,408,39,2024,21,8
Raiders,24,366,437,-71,2024,21,9
Dragons,24,374,466,-92,2024,21,10
Knights,22,318,415,-97,2024,21,11
Warriors,21,402,424,-22,2024,21,12
Broncos,20,429,429,0,2024,21,13
Titans,20,378,460,-82,2024,21,14
Rabbitohs,20,400,510,-110,2024,21,15
Eels,14,355,526,-171,2024,21,16
Wests Tigers,12,337,566,-229,2024,21,17
Storm,36,512,355,157,2024,22,1
Panthers,34,452,290,162,2024,22,2
Roosters,30,604,385,219,2024,22,3
Sharks,30,484,353,131,2024,22,4
Bulldogs,28,409,317,92,2024,22,5
Cowboys,28,515,486,29,2024,22,6
Sea Eagles,27,484,391,93,2024,22,7
Dragons,26,392,482,-90,2024,22,8
Dolphins,24,481,448,33,2024,22,9
Raiders,24,384,459,-75,2024,22,10
Titans,22,424,478,-54,2024,22,11
Knights,22,332,437,-105,2024,22,12
Warriors,21,422,454,-32,2024,22,13
Broncos,20,447,475,-28,2024,22,14
Rabbitohs,20,406,530,-124,2024,22,15
Eels,16,385,546,-161,2024,22,16
Wests Tigers,12,367,614,-247,2024,22,17
Storm,38,540,371,169,2024,23,1
Panthers,36,488,324,164,2024,23,2
Roosters,32,604,385,219,2024,23,3
Sharks,32,528,353,175,2024,23,4
Bulldogs,30,437,327,110,2024,23,5
Sea Eagles,29,530,415,115,2024,23,6
Cowboys,28,533,528,5,2024,23,7
Dolphins,26,515,480,35,2024,23,8
Dragons,26,402,510,-108,2024,23,9
Knights,24,366,455,-89,2024,23,10
Raiders,24,408,505,-97,2024,23,11
Broncos,22,489,493,-4,2024,23,12
Titans,22,424,522,-98,2024,23,13
Warriors,21,454,488,-34,2024,23,14
Rabbitohs,20,422,558,-136,2024,23,15
Eels,16,419,582,-163,2024,23,16
Wests Tigers,12,385,648,-263,2024,23,17
Storm,40,564,393,171,2024,24,1
Panthers,36,510,348,162,2024,24,2
Roosters,34,642,399,243,2024,24,3
Sharks,34,547,371,176,2024,24,4
Bulldogs,32,467,337,130,2024,24,5
Sea Eagles,31,554,425,129,2024,24,6
Cowboys,30,575,532,43,2024,24,7
Dragons,28,434,526,-92,2024,24,8
Dolphins,26,525,510,15,2024,24,9
Broncos,24,489,493,-4,2024,24,10
Knights,24,384,474,-90,2024,24,11
Raiders,24,412,547,-135,2024,24,12
Titans,22,440,554,-114,2024,24,13
Warriors,21,464,512,-48,2024,24,14
Rabbitohs,20,438,576,-138,2024,24,15
Eels,16,433,620,-187,2024,24,16
Wests Tigers,14,403,664,-261,2024,24,17
Storm,42,612,399,213,2024,25,1
Roosters,36,690,421,269,2024,25,2
Sharks,36,585,381,204,2024,25,3
Panthers,36,528,370,158,2024,25,4
Bulldogs,34,501,355,146,2024,25,5
Cowboys,32,575,532,43,2024,25,6
Sea Eagles,31,580,459,121,2024,25,7
Dragons,28,444,564,-120,2024,25,8
Broncos,26,519,517,2,2024,25,9
Dolphins,26,531,558,-27,2024,25,10
Knights,26,420,490,-70,2024,25,11
Raiders,26,434,565,-131,2024,25,12
Titans,22,462,602,-140,2024,25,13
Warriors,21,482,546,-64,2024,25,14
Rabbitohs,20,454,612,-158,2024,25,15
Eels,16,457,650,-193,2024,25,16
Wests Tigers,16,437,690,-253,2024,25,17
Storm,42,642,437,205,2024,26,1
Panthers,38,562,382,180,2024,26,2
Roosters,36,702,435,267,2024,26,3
Sharks,36,613,411,202,2024,26,4
Bulldogs,34,523,389,134,2024,26,5
Cowboys,34,613,562,51,2024,26,6
Sea Eagles,33,614,481,133,2024,26,7
Dolphins,28,571,564,7,2024,26,8
Knights,28,456,504,-48,2024,26,9
Dragons,28,484,608,-124,2024,26,10
Raiders,28,448,577,-129,2024,26,11
Broncos,26,525,557,-32,2024,26,12
Warriors,23,512,574,-62,2024,26,13
Titans,22,476,638,-162,2024,26,14
Rabbitohs,20,466,646,-180,2024,26,15
Eels,18,501,690,-189,2024,26,16
Wests Tigers,18,437,690,-253,2024,26,17
Storm,44,692,449,243,2024,27,1
Panthers,40,580,394,186,2024,27,2
Roosters,38,738,463,275,2024,27,3
Sharks,38,653,431,222,2024,27,4
Cowboys,36,657,568,89,2024,27,5
Bulldogs,34,529,433,96,2024,27,6
Sea Eagles,33,634,521,113,2024,27,7
Knights,30,470,510,-40,2024,27,8
Raiders,30,474,601,-127,2024,27,9
Dolphins,28,577,578,-1,2024,27,10
Dragons,28,508,634,-126,2024,27,11
Broncos,26,537,607,-70,2024,27,12
Warriors,25,512,574,-62,2024,27,13
Titans,22,488,656,-168,2024,27,14
Eels,20,561,716,-155,2024,27,15
Rabbitohs,20,494,682,-188,2024,27,16
Wests Tigers,18,463,750,-287,2024,27,17
Storm,2,56,18,38,2025,1,1
Broncos,2,50,14,36,2025,1,2
Sea Eagles,2,42,12,30,2025,1,3
Raiders,2,30,8,22,2025,1,4
Bulldogs,2,28,20,8,2025,1,5
Panthers,2,28,22,6,2025,1,6
Knights,2,10,8,2,2025,1,7
Rabbitohs,2,16,14,2,2025,1,8
Titans,2,0,0,0,2025,1,9
Dolphins,0,14,16,-2,2025,1,10
Wests Tigers,0,8,10,-2,2025,1,11
Sharks,0,22,28,-6,2025,1,12
Dragons,0,20,28,-8,2025,1,13
Warriors,0,8,30,-22,2025,1,14
Cowboys,0,12,42,-30,2025,1,15
Roosters,0,14,50,-36,2025,1,16
Eels,0,18,56,-38,2025,1,17
Storm,4,56,18,38,2025,2,1
Raiders,4,62,30,32,2025,2,2
Bulldogs,4,68,44,24,2025,2,3
Knights,4,36,20,16,2025,2,4
Rabbitohs,4,41,38,3,2025,2,5
Broncos,2,72,46,26,2025,2,6
Wests Tigers,2,40,16,24,2025,2,7
Sharks,2,58,40,18,2025,2,8
Sea Eagles,2,58,48,10,2025,2,9
Panthers,2,60,60,0,2025,2,10
Warriors,2,44,46,-2,2025,2,11
Titans,2,24,40,-16,2025,2,12
Roosters,2,52,82,-30,2025,2,13
Dragons,0,44,53,-9,2025,2,14
Dolphins,0,26,42,-16,2025,2,15
Cowboys,0,24,78,-54,2025,2,16
Eels,0,24,88,-64,2025,2,17
Storm,6,86,42,44,2025,3,1
Bulldogs,6,84,52,32,2025,3,2
Sea Eagles,4,98,60,38,2025,3,3
Knights,4,42,46,-4,2025,3,4
Raiders,4,74,70,4,2025,3,5
Titans,4,50,46,4,2025,3,6
Rabbitohs,4,53,65,-12,2025,3,7
Broncos,4,98,62,36,2025,3,8
Wests Tigers,4,70,34,36,2025,3,9
Sharks,4,85,52,33,2025,3,10
Warriors,4,58,52,6,2025,3,11
Panthers,2,84,90,-6,2025,3,12
Dragons,2,44,53,-9,2025,3,13
Roosters,2,58,96,-38,2025,3,14
Dolphins,0,44,72,-28,2025,3,15
Cowboys,0,40,104,-64,2025,3,16
Eels,0,32,104,-72,2025,3,17
Bulldogs,8,104,58,46,2025,4,1
Sea Eagles,6,124,72,52,2025,4,2
Broncos,6,118,74,44,2025,4,3
Storm,6,94,56,38,2025,4,4
Titans,6,80,58,22,2025,4,5
Warriors,6,84,76,8,2025,4,6
Rabbitohs,6,81,83,-2,2025,4,7
Knights,6,42,46,-4,2025,4,8
Wests Tigers,4,94,60,34,2025,4,9
Sharks,4,91,72,19,2025,4,10
Dragons,4,58,61,-3,2025,4,11
Raiders,4,94,100,-6,2025,4,12
Panthers,2,102,118,-16,2025,4,13
Cowboys,2,70,124,-54,2025,4,14
Roosters,2,70,126,-56,2025,4,15
Dolphins,0,56,92,-36,2025,4,16
Eels,0,44,130,-86,2025,4,17
Bulldogs,10,124,58,66,2025,5,1
Broncos,8,164,98,66,2025,5,2
Storm,8,142,80,62,2025,5,3
Warriors,8,84,76,8,2025,5,4
Rabbitohs,8,101,97,4,2025,5,5
Sea Eagles,6,148,120,28,2025,5,6
Raiders,6,118,120,-2,2025,5,7
Titans,6,90,94,-4,2025,5,8
Knights,6,42,66,-24,2025,5,9
Sharks,4,111,96,15,2025,5,10
Wests Tigers,4,118,106,12,2025,5,11
Dragons,4,80,84,-4,2025,5,12
Cowboys,4,92,142,-50,2025,5,13
Dolphins,2,92,102,-10,2025,5,14
Panthers,2,120,140,-20,2025,5,15
Roosters,2,84,146,-62,2025,5,16
Eels,2,67,152,-85,2025,5,17
Bulldogs,12,124,58,66,2025,6,1
Storm,10,184,94,90,2025,6,2
Broncos,8,180,124,56,2025,6,3
Raiders,8,168,132,36,2025,6,4
Rabbitohs,8,117,121,-4,2025,6,5
Warriors,8,98,118,-20,2025,6,6
Wests Tigers,6,138,110,28,2025,6,7
Sea Eagles,6,166,144,22,2025,6,8
Sharks,6,135,114,21,2025,6,9
Dragons,6,118,100,18,2025,6,10
Titans,6,106,132,-26,2025,6,11
Knights,6,46,86,-40,2025,6,12
Cowboys,6,116,158,-42,2025,6,13
Dolphins,4,122,114,8,2025,6,14
Roosters,4,110,162,-52,2025,6,15
Panthers,2,132,170,-38,2025,6,16
Eels,2,79,202,-123,2025,6,17
Bulldogs,14,156,58,98,2025,7,1
Storm,10,206,136,70,2025,7,2
Raiders,10,198,152,46,2025,7,3
Warriors,10,118,136,-18,2025,7,4
Broncos,8,198,144,54,2025,7,5
Sharks,8,169,128,41,2025,7,6
Dragons,8,138,118,20,2025,7,7
Rabbitohs,8,117,153,-36,2025,7,8
Cowboys,8,116,158,-42,2025,7,9
Dolphins,6,164,136,28,2025,7,10
Sea Eagles,6,184,164,20,2025,7,11
Wests Tigers,6,160,148,12,2025,7,12
Titans,6,126,162,-36,2025,7,13
Knights,6,60,120,-60,2025,7,14
Panthers,4,172,182,-10,2025,7,15
Roosters,4,122,202,-80,2025,7,16
Eels,4,117,224,-107,2025,7,17
Bulldogs,14,174,100,74,2025,8,1
Storm,12,230,152,78,2025,8,2
Raiders,12,238,180,58,2025,8,3
Warriors,12,144,148,-4,2025,8,4
Broncos,10,240,162,78,2025,8,5
Cowboys,10,166,176,-10,2025,8,6
Sharks,8,187,148,39,2025,8,7
Sea Eagles,8,210,174,36,2025,8,8
Wests Tigers,8,180,166,14,2025,8,9
Dragons,8,156,164,-8,2025,8,10
Rabbitohs,8,133,177,-44,2025,8,11
Dolphins,6,192,176,16,2025,8,12
Roosters,6,168,220,-52,2025,8,13
Titans,6,144,212,-68,2025,8,14
Knights,6,72,146,-74,2025,8,15
Eels,6,117,224,-107,2025,8,16
Panthers,4,182,208,-26,2025,8,17
Bulldogs,16,212,118,94,2025,9,1
Raiders,14,258,198,60,2025,9,2
Warriors,14,174,174,0,2025,9,3
Storm,12,248,172,76,2025,9,4
Broncos,10,248,194,54,2025,9,5
Sharks,10,215,166,49,2025,9,6
Sea Eagles,10,210,174,36,2025,9,7
Wests Tigers,10,214,194,20,2025,9,8
Cowboys,10,192,206,-14,2025,9,9
Dragons,8,184,198,-14,2025,9,10
Roosters,8,204,246,-42,2025,9,11
Knights,8,102,150,-48,2025,9,12
Rabbitohs,8,137,207,-70,2025,9,13
Dolphins,6,218,212,6,2025,9,14
Panthers,6,214,216,-2,2025,9,15
Titans,6,162,250,-88,2025,9,16
Eels,6,135,252,-117,2025,9,17
Bulldogs,18,244,138,106,2025,10,1
Warriors,16,189,188,1,2025,10,2
Storm,14,312,172,140,2025,10,3
Raiders,14,278,230,48,2025,10,4
Sharks,12,245,180,65,2025,10,5
Cowboys,11,222,236,-14,2025,10,6
Broncos,10,262,216,46,2025,10,7
Sea Eagles,10,224,204,20,2025,10,8
Roosters,10,204,246,-42,2025,10,9
Wests Tigers,10,214,258,-44,2025,10,10
Rabbitohs,10,159,221,-62,2025,10,11
Dolphins,8,238,228,10,2025,10,12
Dragons,8,198,213,-15,2025,10,13
Knights,8,122,174,-52,2025,10,14
Titans,8,186,270,-84,2025,10,15
Panthers,7,244,246,-2,2025,10,16
Eels,6,151,272,-121,2025,10,17
Bulldogs,20,268,158,110,2025,11,1
Warriors,18,205,200,5,2025,11,2
Raiders,16,318,254,64,2025,11,3
Storm,14,338,203,135,2025,11,4
Sharks,14,276,206,70,2025,11,5
Sea Eagles,12,248,210,38,2025,11,6
Rabbitohs,12,181,233,-52,2025,11,7
Cowboys,11,228,260,-32,2025,11,8
Broncos,10,288,246,42,2025,11,9
Dragons,10,228,239,-11,2025,11,10
Roosters,10,224,270,-46,2025,11,11
Wests Tigers,10,226,280,-54,2025,11,12
Panthers,9,244,246,-2,2025,11,13
Dolphins,8,250,244,6,2025,11,14
Knights,8,128,202,-74,2025,11,15
Eels,8,179,278,-99,2025,11,16
Titans,8,210,310,-100,2025,11,17
Bulldogs,20,276,202,74,2025,12,1
Raiders,18,334,264,70,2025,12,2
Warriors,18,215,216,-1,2025,12,3
Storm,16,338,203,135,2025,12,4
Sharks,14,292,248,44,2025,12,5
Rabbitohs,14,181,233,-52,2025,12,6
Cowboys,13,228,260,-32,2025,12,7
Broncos,12,288,246,42,2025,12,8
Sea Eagles,12,258,240,18,2025,12,9
Dragons,12,228,239,-11,2025,12,10
Roosters,12,266,286,-20,2025,12,11
Wests Tigers,12,226,280,-54,2025,12,12
Dolphins,10,294,252,42,2025,12,13
Knights,10,153,208,-55,2025,12,14
Eels,10,209,288,-79,2025,12,15
Titans,10,210,310,-100,2025,12,16
Panthers,9,250,271,-21,2025,12,17
Bulldogs,22,276,202,74,2025,13,1
Raiders,20,360,288,72,2025,13,2
Warriors,20,251,246,5,2025,13,3
Storm,18,366,219,147,2025,13,4
Sharks,16,292,248,44,2025,13,5
Cowboys,15,260,288,-28,2025,13,6
Sea Eagles,14,292,246,46,2025,13,7
Dragons,14,248,245,3,2025,13,8
Rabbitohs,14,211,269,-58,2025,13,9
Dolphins,12,294,252,42,2025,13,10
Broncos,12,294,280,14,2025,13,11
Roosters,12,290,312,-22,2025,13,12
Wests Tigers,12,254,312,-58,2025,13,13
Panthers,11,268,281,-13,2025,13,14
Knights,10,159,228,-69,2025,13,15
Eels,10,219,306,-87,2025,13,16
Titans,10,226,338,-112,2025,13,17
Bulldogs,24,306,214,92,2025,14,1
Raiders,22,396,300,96,2025,14,2
Warriors,22,291,256,35,2025,14,3
Storm,20,404,233,171,2025,14,4
Sharks,16,302,288,14,2025,14,5
Cowboys,15,274,326,-52,2025,14,6
Dolphins,14,350,258,92,2025,14,7
Broncos,14,338,294,44,2025,14,8
Sea Eagles,14,314,272,42,2025,14,9
Roosters,14,290,312,-22,2025,14,10
Dragons,14,254,301,-47,2025,14,11
Rabbitohs,14,223,305,-82,2025,14,12
Panthers,13,286,295,-9,2025,14,13
Wests Tigers,12,268,330,-62,2025,14,14
Knights,12,185,250,-65,2025,14,15
Eels,10,231,336,-105,2025,14,16
Titans,10,240,382,-142,2025,14,17
Bulldogs,26,330,232,98,2025,15,1
Raiders,24,396,300,96,2025,15,2
Warriors,24,291,256,35,2025,15,3
Storm,22,404,233,171,2025,15,4
Sharks,18,332,306,26,2025,15,5
Dolphins,16,408,262,146,2025,15,6
Broncos,16,338,294,44,2025,15,7
Roosters,16,302,320,-18,2025,15,8
Panthers,15,286,295,-9,2025,15,9
Cowboys,15,278,384,-106,2025,15,10
Sea Eagles,14,322,300,22,2025,15,11
Dragons,14,272,331,-59,2025,15,12
Wests Tigers,14,268,330,-62,2025,15,13
Rabbitohs,14,241,329,-88,2025,15,14
Knights,12,193,262,-69,2025,15,15
Eels,12,231,336,-105,2025,15,16
Titans,12,268,390,-122,2025,15,17
Bulldogs,28,330,232,98,2025,16,1
Raiders,26,412,312,100,2025,16,2
Storm,24,429,257,172,2025,16,3
Warriors,24,309,284,25,2025,16,4
Broncos,18,372,322,50,2025,16,5
Sharks,18,360,340,20,2025,16,6
Roosters,18,344,328,16,2025,16,7
Panthers,17,314,313,1,2025,16,8
Dolphins,16,428,288,140,2025,16,9
Sea Eagles,16,322,300,22,2025,16,10
Dragons,16,272,331,-59,2025,16,11
Cowboys,15,286,426,-140,2025,16,12
Knights,14,219,282,-63,2025,16,13
Eels,14,267,356,-89,2025,16,14
Rabbitohs,14,265,354,-89,2025,16,15
Wests Tigers,14,280,346,-66,2025,16,16
Titans,12,288,426,-138,2025,16,17
Raiders,28,434,330,104,2025,17,1
Bulldogs,28,336,240,96,2025,17,2
Storm,26,459,263,196,2025,17,3
Warriors,24,321,310,11,2025,17,4
Broncos,20,398,334,64,2025,17,5
Roosters,20,344,328,16,2025,17,6
Panthers,19,322,319,3,2025,17,7
Dolphins,18,478,316,162,2025,17,8
Sea Eagles,18,350,310,40,2025,17,9
Sharks,18,366,370,-4,2025,17,10
Dragons,18,306,351,-45,2025,17,11
Cowboys,17,316,450,-134,2025,17,12
Knights,14,237,304,-67,2025,17,13
Wests Tigers,14,290,374,-84,2025,17,14
Eels,14,287,390,-103,2025,17,15
Rabbitohs,14,293,404,-111,2025,17,16
Titans,12,312,456,-144,2025,17,17
Raiders,30,462,354,108,2025,18,1
Storm,28,485,283,202,2025,18,2
Bulldogs,28,354,262,92,2025,18,3
Warriors,26,321,310,11,2025,18,4
Broncos,22,420,352,68,2025,18,5
Panthers,21,322,319,3,2025,18,6
Dolphins,20,478,316,162,2025,18,7
Sea Eagles,20,380,322,58,2025,18,8
Roosters,20,372,358,14,2025,18,9
Sharks,20,366,370,-4,2025,18,10
Dragons,18,330,379,-49,2025,18,11
Cowboys,17,336,476,-140,2025,18,12
Knights,16,237,304,-67,2025,18,13
Wests Tigers,16,320,402,-82,2025,18,14
Eels,16,287,390,-103,2025,18,15
Rabbitohs,14,305,434,-129,2025,18,16
Titans,14,312,456,-144,2025,18,17
Raiders,32,462,354,108,2025,19,1
Storm,30,517,297,220,2025,19,2
Bulldogs,30,366,270,96,2025,19,3
Warriors,28,355,324,31,2025,19,4
Broncos,24,446,366,80,2025,19,5
Panthers,23,354,329,25,2025,19,6
Sea Eagles,22,380,322,58,2025,19,7
Roosters,22,403,382,21,2025,19,8
Sharks,22,390,382,8,2025,19,9
Dolphins,20,490,340,150,2025,19,10
Dragons,18,354,410,-56,2025,19,11
Cowboys,17,344,488,-144,2025,19,12
Knights,16,251,336,-85,2025,19,13
Wests Tigers,16,334,436,-102,2025,19,14
Eels,16,297,422,-125,2025,19,15
Rabbitohs,16,305,434,-129,2025,19,16
Titans,14,326,482,-156,2025,19,17
Raiders,34,502,370,132,2025,20,1
Bulldogs,32,386,288,98,2025,20,2
Storm,30,533,315,218,2025,20,3
Warriors,30,375,339,36,2025,20,4
Broncos,26,446,366,80,2025,20,5
Panthers,25,384,339,45,2025,20,6
Sea Eagles,24,398,338,60,2025,20,7
Sharks,24,421,400,21,2025,20,8
Dolphins,22,533,364,169,2025,20,9
Roosters,22,421,413,8,2025,20,10
Dragons,18,372,430,-58,2025,20,11
Wests Tigers,18,355,456,-101,2025,20,12
Cowboys,17,368,531,-163,2025,20,13
Knights,16,266,356,-90,2025,20,14
Rabbitohs,16,315,464,-149,2025,20,15
Eels,16,313,462,-149,2025,20,16
Titans,14,346,503,-157,2025,20,17
Raiders,36,546,388,158,2025,21,1
Bulldogs,34,428,292,136,2025,21,2
Storm,32,567,345,222,2025,21,3
Warriors,30,391,363,28,2025,21,4
Panthers,27,420,341,79,2025,21,5
Broncos,26,466,388,78,2025,21,6
Sharks,26,435,412,23,2025,21,7
Dolphins,24,533,364,169,2025,21,8
Sea Eagles,24,402,380,22,2025,21,9
Roosters,22,451,447,4,2025,21,10
Cowboys,19,406,563,-157,2025,21,11
Dragons,18,404,468,-64,2025,21,12
Wests Tigers,18,357,492,-135,2025,21,13
Eels,18,335,482,-147,2025,21,14
Knights,16,284,400,-116,2025,21,15
Titans,16,370,519,-149,2025,21,16
Rabbitohs,16,327,478,-151,2025,21,17
Raiders,36,558,406,152,2025,22,1
Storm,34,583,355,228,2025,22,2
Bulldogs,34,442,320,122,2025,22,3
Warriors,30,409,383,26,2025,22,4
Panthers,29,450,367,83,2025,22,5
Broncos,28,526,402,124,2025,22,6
Sharks,28,467,424,43,2025,22,7
Dolphins,26,553,382,171,2025,22,8
Roosters,24,471,451,20,2025,22,9
Sea Eagles,24,406,400,6,2025,22,10
Dragons,20,422,480,-58,2025,22,11
Wests Tigers,20,385,506,-121,2025,22,12
Cowboys,19,418,595,-177,2025,22,13
Knights,18,284,400,-116,2025,22,14
Eels,18,345,498,-153,2025,22,15
Titans,16,396,549,-153,2025,22,16
Rabbitohs,16,341,538,-197,2025,22,17
Raiders,38,586,418,168,2025,23,1
Storm,36,605,357,248,2025,23,2
Bulldogs,36,474,334,140,2025,23,3
Panthers,31,498,379,119,2025,23,4
Warriors,30,423,415,8,2025,23,5
Broncos,28,528,424,104,2025,23,6
Sharks,28,481,446,35,2025,23,7
Dolphins,26,565,446,119,2025,23,8
Roosters,26,535,463,72,2025,23,9
Sea Eagles,24,418,428,-10,2025,23,10
Dragons,22,444,494,-50,2025,23,11
Wests Tigers,22,385,506,-121,2025,23,12
Eels,20,364,516,-152,2025,23,13
Cowboys,19,436,614,-178,2025,23,14
Knights,18,296,448,-152,2025,23,15
Rabbitohs,18,361,556,-195,2025,23,16
Titans,16,414,569,-155,2025,23,17
Raiders,40,586,418,168,2025,24,1
Storm,38,627,375,252,2025,24,2
Bulldogs,36,486,366,120,2025,24,3
Warriors,32,437,425,12,2025,24,4
Panthers,31,516,401,115,2025,24,5
Broncos,30,566,452,114,2025,24,6
Sharks,30,535,468,67,2025,24,7
Roosters,28,567,475,92,2025,24,8
Dolphins,26,593,484,109,2025,24,9
Sea Eagles,24,430,454,-24,2025,24,10
Wests Tigers,24,411,518,-107,2025,24,11
Dragons,22,454,508,-54,2025,24,12
Cowboys,21,474,618,-144,2025,24,13
Eels,20,380,536,-156,2025,24,14
Rabbitohs,20,381,572,-191,2025,24,15
Knights,18,300,486,-186,2025,24,16
Titans,16,436,623,-187,2025,24,17
Raiders,42,606,434,172,2025,25,1
Storm,40,647,389,258,2025,25,2
Bulldogs,36,500,386,114,2025,25,3
Warriors,34,469,443,26,2025,25,4
Broncos,32,612,464,148,2025,25,5
Sharks,32,535,468,67,2025,25,6
Panthers,31,532,421,111,2025,25,7
Roosters,28,577,505,72,2025,25,8
Dolphins,26,623,542,81,2025,25,9
Sea Eagles,26,488,484,4,2025,25,10
Wests Tigers,24,439,552,-113,2025,25,11
Cowboys,23,508,646,-138,2025,25,12
Dragons,22,454,548,-94,2025,25,13
Eels,22,410,546,-136,2025,25,14
Rabbitohs,22,421,572,-151,2025,25,15
Knights,18,312,532,-220,2025,25,16
Titans,16,454,655,-201,2025,25,17
Raiders,44,630,444,186,2025,26,1
Storm,40,657,429,228,2025,26,2
Bulldogs,38,528,390,138,2025,26,3
Broncos,34,650,494,156,2025,26,4
Sharks,34,575,484,91,2025,26,5
Warriors,34,491,469,22,2025,26,6
Panthers,31,536,449,87,2025,26,7
Roosters,30,617,515,102,2025,26,8
Dolphins,28,659,572,87,2025,26,9
Sea Eagles,28,528,508,20,2025,26,10
Wests Tigers,24,449,576,-127,2025,26,11
Eels,24,436,568,-132,2025,26,12
Rabbitohs,24,421,572,-151,2025,26,13
Cowboys,23,538,684,-146,2025,26,14
Dragons,22,478,588,-110,2025,26,15
Knights,18,328,572,-244,2025,26,16
Titans,16,484,691,-207,2025,26,17
Raiders,44,654,506,148,2025,27,1
Storm,40,671,459,212,2025,27,2
Bulldogs,38,534,414,120,2025,27,3
Broncos,36,680,508,172,2025,27,4
Sharks,36,599,490,109,2025,27,5
Warriors,34,517,496,21,2025,27,6
Panthers,33,576,469,107,2025,27,7
Roosters,32,653,521,132,2025,27,8
Dolphins,30,721,596,125,2025,27,9
Sea Eagles,30,555,534,21,2025,27,10
Eels,26,502,578,-76,2025,27,11
Cowboys,25,538,684,-146,2025,27,12
Wests Tigers,24,477,612,-135,2025,27,13
Rabbitohs,24,427,608,-181,2025,27,14
Dragons,22,498,628,-130,2025,27,15
Titans,18,520,719,-199,2025,27,16
Knights,18,338,638,-300,2025,27,17
Storm,2,52,4,48,2026,1,1
Sharks,2,50,10,40,2026,1,2
Panthers,2,26,0,26,2026,1,3
Warriors,2,42,18,24,2026,1,4
Knights,2,28,18,10,2026,1,5
Rabbitohs,2,40,30,10,2026,1,6
Bulldogs,2,15,14,1,2026,1,7
Raiders,2,29,28,1,2026,1,8
Wests Tigers,2,0,0,0,2026,1,9
Sea Eagles,0,28,29,-1,2026,1,10
Dragons,0,14,15,-1,2026,1,11
Dolphins,0,30,40,-10,2026,1,12
Cowboys,0,18,28,-10,2026,1,13
Roosters,0,18,42,-24,2026,1,14
Broncos,0,0,26,-26,2026,1,15
Titans,0,10,50,-40,2026,1,16
Eels,0,4,52,-48,2026,1,17
Storm,4,98,24,74,2026,2,1
Warriors,4,82,24,58,2026,2,2
Panthers,4,52,6,46,2026,2,3
Knights,4,64,34,30,2026,2,4
Wests Tigers,4,44,16,28,2026,2,5
Bulldogs,4,15,14,1,2026,2,6
Sharks,2,56,36,20,2026,2,7
Rabbitohs,2,58,56,2,2026,2,8
Dolphins,2,48,54,-6,2026,2,9
Roosters,2,44,60,-16,2026,2,10
Raiders,2,35,68,-33,2026,2,11
Eels,2,44,84,-40,2026,2,12
Sea Eagles,0,44,65,-21,2026,2,13
Dragons,0,34,61,-27,2026,2,14
Broncos,0,32,66,-34,2026,2,15
Cowboys,0,34,72,-38,2026,2,16
Titans,0,24,68,-44,2026,2,17
Warriors,6,120,36,84,2026,3,1
Panthers,6,92,10,82,2026,3,2
Bulldogs,6,29,24,5,2026,3,3
Storm,4,112,42,70,2026,3,4
Wests Tigers,4,60,36,24,2026,3,5
Dolphins,4,86,64,22,2026,3,6
Rabbitohs,4,78,72,6,2026,3,7
Knights,4,76,72,4,2026,3,8
Eels,4,74,104,-30,2026,3,9
Sharks,2,66,74,-8,2026,3,10
Sea Eagles,2,44,65,-21,2026,3,11
Cowboys,2,64,88,-24,2026,3,12
Broncos,2,50,80,-30,2026,3,13
Raiders,2,45,82,-37,2026,3,14
Roosters,2,48,100,-52,2026,3,15
Dragons,0,54,91,-37,2026,3,16
Titans,0,40,98,-58,2026,3,17
Panthers,8,140,30,110,2026,4,1
Warriors,6,134,68,66,2026,4,2
Wests Tigers,6,92,50,42,2026,4,3
Knights,6,100,88,12,2026,4,4
Rabbitohs,6,78,72,6,2026,4,5
Bulldogs,6,45,48,-3,2026,4,6
Storm,4,136,70,66,2026,4,7
Dolphins,4,98,90,8,2026,4,8
Sharks,4,100,96,4,2026,4,9
Broncos,4,76,92,-16,2026,4,10
Cowboys,4,92,112,-20,2026,4,11
Roosters,4,81,116,-35,2026,4,12
Eels,4,94,152,-58,2026,4,13
Sea Eagles,2,60,98,-38,2026,4,14
Raiders,2,67,116,-49,2026,4,15
Titans,2,62,112,-50,2026,4,16
Dragons,0,68,113,-45,2026,4,17
Panthers,10,190,40,150,2026,5,1
Wests Tigers,8,114,70,44,2026,5,2
Knights,8,132,100,32,2026,5,3
Rabbitohs,8,110,96,14,2026,5,4
Warriors,6,156,104,52,2026,5,5
Sharks,6,136,118,18,2026,5,6
Cowboys,6,124,112,12,2026,5,7
Broncos,6,102,104,-2,2026,5,8
Bulldogs,6,69,80,-11,2026,5,9
Roosters,6,81,116,-35,2026,5,10
Storm,4,146,120,26,2026,5,11
Sea Eagles,4,112,116,-4,2026,5,12
Dolphins,4,116,142,-26,2026,5,13
Eels,4,114,174,-60,2026,5,14
Titans,2,74,138,-64,2026,5,15
Raiders,2,79,148,-69,2026,5,16
Dragons,0,68,145,-77,2026,5,17
Panthers,10,206,72,134,2026,6,1
Wests Tigers,10,156,92,64,2026,6,2
Warriors,8,194,118,76,2026,6,3
Cowboys,8,159,143,16,2026,6,4
Rabbitohs,8,144,132,12,2026,6,5
Knights,8,154,142,12,2026,6,6
Bulldogs,8,101,96,5,2026,6,7
Roosters,8,115,138,-23,2026,6,8
Sea Eagles,6,140,134,6,2026,6,9
Sharks,6,158,152,6,2026,6,10
Broncos,6,133,139,-6,2026,6,11
Dolphins,6,116,142,-26,2026,6,12
Storm,4,160,158,2,2026,6,13
Titans,4,126,148,-22,2026,6,14
Raiders,4,115,182,-67,2026,6,15
Eels,4,124,226,-102,2026,6,16
Dragons,0,86,173,-87,2026,6,17
Panthers,12,229,94,135,2026,7,1
Warriors,10,222,138,84,2026,7,2
Wests Tigers,10,176,113,63,2026,7,3
Rabbitohs,10,174,144,30,2026,7,4
Roosters,10,153,162,-9,2026,7,5
Sea Eagles,8,178,140,38,2026,7,6
Sharks,8,158,152,6,2026,7,7
Knights,8,178,180,-2,2026,7,8
Broncos,8,154,159,-5,2026,7,9
Bulldogs,8,121,134,-13,2026,7,10
Cowboys,8,165,181,-16,2026,7,11
Dolphins,6,138,165,-27,2026,7,12
Raiders,6,141,204,-63,2026,7,13
Eels,6,162,246,-84,2026,7,14
Storm,4,182,184,-2,2026,7,15
Titans,4,146,176,-30,2026,7,16
Dragons,0,98,203,-105,2026,7,17
Panthers,14,273,106,167,2026,8,1
Warriors,12,242,156,86,2026,8,2
Wests Tigers,12,209,127,82,2026,8,3
Rabbitohs,12,222,150,72,2026,8,4
Roosters,12,215,178,37,2026,8,5
Sea Eagles,10,211,158,53,2026,8,6
Broncos,10,186,171,15,2026,8,7
Cowboys,10,211,215,-4,2026,8,8
Sharks,8,192,198,-6,2026,8,9
Bulldogs,8,133,166,-33,2026,8,10
Knights,8,190,224,-34,2026,8,11
Dolphins,6,156,185,-29,2026,8,12
Titans,6,146,176,-30,2026,8,13
Raiders,6,155,237,-82,2026,8,14
Eels,6,180,279,-99,2026,8,15
Storm,4,188,232,-44,2026,8,16
Dragons,0,114,265,-151,2026,8,17
Panthers,16,291,122,169,2026,9,1
Warriors,14,278,170,108,2026,9,2
Roosters,14,253,202,51,2026,9,3
Rabbitohs,12,260,192,68,2026,9,4
Wests Tigers,12,219,179,40,2026,9,5
Cowboys,12,239,227,12,2026,9,6
Sea Eagles,10,227,176,51,2026,9,7
Sharks,10,244,208,36,2026,9,8
Broncos,10,210,209,1,2026,9,9
Knights,10,232,262,-30,2026,9,10
Dolphins,8,184,195,-11,2026,9,11
Bulldogs,8,145,194,-49,2026,9,12
Raiders,8,183,249,-66,2026,9,13
Titans,6,158,204,-46,2026,9,14
Eels,6,194,315,-121,2026,9,15
Storm,4,198,260,-62,2026,9,16
Dragons,2,114,265,-151,2026,9,17
Panthers,18,321,140,181,2026,10,1
Warriors,16,278,170,108,2026,10,2
Roosters,16,281,214,67,2026,10,3
Rabbitohs,14,296,204,92,2026,10,4
Sea Eagles,12,259,180,79,2026,10,5
Wests Tigers,12,235,223,12,2026,10,6
Cowboys,12,269,260,9,2026,10,7
Knights,12,276,272,4,2026,10,8
Dolphins,10,228,207,21,2026,10,9
Sharks,10,256,244,12,2026,10,10
Broncos,10,214,241,-27,2026,10,11
Raiders,8,201,279,-78,2026,10,12
Bulldogs,8,157,238,-81,2026,10,13
Eels,8,227,345,-118,2026,10,14
Storm,6,242,276,-34,2026,10,15
Titans,6,170,232,-62,2026,10,16
Dragons,2,124,309,-185,2026,10,17
Panthers,20,349,146,203,2026,11,1
Warriors,18,320,182,138,2026,11,2
Roosters,16,293,232,61,2026,11,3
Sea Eagles,14,305,198,107,2026,11,4
Rabbitohs,14,306,236,70,2026,11,5
Knights,14,312,284,28,2026,11,6
Cowboys,14,287,272,15,2026,11,7
Dolphins,12,260,217,43,2026,11,8
Sharks,12,294,260,34,2026,11,9
Wests Tigers,12,253,269,-16,2026,11,10
Broncos,10,226,283,-57,2026,11,11
Raiders,10,201,279,-78,2026,11,12
Storm,8,276,284,-8,2026,11,13
Bulldogs,8,173,276,-103,2026,11,14
Eels,8,235,379,-144,2026,11,15
Titans,6,182,268,-86,2026,11,16
Dragons,2,130,337,-207,2026,11,17
Panthers,22,349,146,203,2026,12,1
Warriors,20,350,194,156,2026,12,2
Roosters,18,293,232,61,2026,12,3
Sea Eagles,16,317,208,109,2026,12,4
Knights,16,312,284,28,2026,12,5
Cowboys,16,317,290,27,2026,12,6
Rabbitohs,14,324,266,58,2026,12,7
Dolphins,14,290,239,51,2026,12,8
Sharks,14,294,260,34,2026,12,9
Wests Tigers,14,253,269,-16,2026,12,10
Broncos,12,226,283,-57,2026,12,11
Raiders,10,223,309,-86,2026,12,12
Bulldogs,10,203,296,-93,2026,12,13
Eels,10,235,379,-144,2026,12,14
Storm,8,296,314,-18,2026,12,15
Titans,6,192,280,-88,2026,12,16
Dragons,2,142,367,-225,2026,12,17
Panthers,24,369,164,205,2026,13,1
Warriors,20,368,214,154,2026,13,2
Roosters,18,297,250,47,2026,13,3
Knights,18,340,306,34,2026,13,4
Sea Eagles,16,339,236,103,2026,13,5
Rabbitohs,16,324,266,58,2026,13,6
Dolphins,16,290,239,51,2026,13,7
Sharks,16,322,282,40,2026,13,8
Cowboys,16,329,316,13,2026,13,9
Wests Tigers,16,275,285,-10,2026,13,10
Broncos,12,252,313,-61,2026,13,11
Raiders,12,249,321,-72,2026,13,12
Storm,10,314,318,-4,2026,13,13
Bulldogs,10,219,318,-99,2026,13,14
Eels,10,257,407,-150,2026,13,15
Titans,8,192,280,-88,2026,13,16
Dragons,4,172,393,-221,2026,13,17
Panthers,26,437,164,273,2026,14,1
Warriors,22,368,214,154,2026,14,2
Roosters,20,323,250,73,2026,14,3
Sea Eagles,18,367,250,117,2026,14,4
Dolphins,18,330,253,77,2026,14,5
Sharks,18,356,294,62,2026,14,6
Knights,18,370,338,32,2026,14,7
Rabbitohs,16,338,294,44,2026,14,8
Cowboys,16,343,356,-13,2026,14,9
Wests Tigers,16,275,353,-78,2026,14,10
Storm,12,346,348,-2,2026,14,11
Broncos,12,275,341,-66,2026,14,12
Bulldogs,12,233,330,-97,2026,14,13
Raiders,12,249,347,-98,2026,14,14
Titans,10,220,303,-83,2026,14,15
Eels,10,269,421,-152,2026,14,16
Dragons,4,184,427,-243,2026,14,17
Panthers,28,437,164,273,2026,15,1
Warriors,22,376,224,152,2026,15,2
Sea Eagles,20,367,250,117,2026,15,3
Dolphins,20,378,263,115,2026,15,4
Sharks,20,366,302,64,2026,15,5
Roosters,20,333,298,35,2026,15,6
Knights,20,370,338,32,2026,15,7
Rabbitohs,18,386,300,86,2026,15,8
Cowboys,18,343,356,-13,2026,15,9
Wests Tigers,18,311,381,-70,2026,15,10
Storm,14,346,348,-2,2026,15,11
Bulldogs,14,233,330,-97,2026,15,12
Raiders,12,261,362,-101,2026,15,13
Broncos,12,281,389,-108,2026,15,14
Eels,12,284,433,-149,2026,15,15
Titans,10,248,339,-91,2026,15,16
Dragons,6,184,427,-243,2026,15,17
Panthers,28,455,183,272,2026,16,1
Warriors,24,414,244,170,2026,16,2
Dolphins,22,414,285,129,2026,16,3
Roosters,22,360,306,54,2026,16,4
Knights,22,392,358,34,2026,16,5
Sea Eagles,20,379,263,116,2026,16,6
Rabbitohs,20,386,300,86,2026,16,7
Sharks,20,374,329,45,2026,16,8
Cowboys,18,363,394,-31,2026,16,9
Wests Tigers,18,333,417,-84,2026,16,10
Storm,16,388,368,20,2026,16,11
Bulldogs,16,246,342,-96,2026,16,12
Broncos,14,281,389,-108,2026,16,13
Eels,14,284,433,-149,2026,16,14
Titans,12,267,357,-90,2026,16,15
Raiders,12,281,404,-123,2026,16,16
Dragons,6,204,449,-245,2026,16,17
Panthers,28,467,209,258,2026,17,1
Warriors,24,438,270,168,2026,17,2
Dolphins,24,440,309,131,2026,17,3
Roosters,24,384,324,60,2026,17,4
Knights,24,404,364,40,2026,17,5
Sea Eagles,22,409,267,142,2026,17,6
Rabbitohs,22,418,312,106,2026,17,7
Sharks,22,374,329,45,2026,17,8
Cowboys,20,389,406,-17,2026,17,9
Bulldogs,18,276,354,-78,2026,17,10
Wests Tigers,18,339,429,-90,2026,17,11
Storm,16,392,398,-6,2026,17,12
Broncos,14,299,413,-114,2026,17,13
Raiders,14,305,420,-115,2026,17,14
Eels,14,296,465,-169,2026,17,15
Titans,12,279,387,-108,2026,17,16
Dragons,6,220,473,-253,2026,17,17
