player_id,firstname,surname,team_name,position,utc_start,match_id,competition_id,round,team_location,points,tries,conversion_attempts,conversions,penalty_goal_attempts,penalty_goals,try_assists,line_break_assists,passes,kick_metres,kicks_general_play,possessions,runs,runs_hitup,runs_normal,run_metres,runs_hitup_metres,runs_normal_metres,post_contact_metres,offloads,line_breaks,tackle_breaks,tackleds,tackles,tackles_ineffective,missed_tackles,try_saves,handling_errors,errors,penalties_conceded,season
30035,Corey,Parker,Brisbane Broncos,Lock,2016-03-03T00:00:00Z,98670101,9867,1,away,2,0,3,0,1,1,0,0,5,0,0,20,14,14,0,129,129,0,0,2,0,0,12,33,2,0,0,0,0,0,2016
30035,Corey,Parker,Brisbane Broncos,Lock,2016-03-11T00:00:00Z,98670202,9867,2,home,4,0,2,1,1,1,0,0,5,0,0,17,9,9,0,74,74,0,0,1,0,3,9,27,2,1,0,0,1,0,2016
30035,Corey,Parker,Brisbane Broncos,Lock,2016-03-19T00:00:00Z,98670304,9867,3,away,4,0,3,2,0,0,0,0,7,0,0,22,14,14,0,117,117,0,0,1,0,0,13,26,4,1,0,0,1,1,2016
30035,Corey,Parker,Brisbane Broncos,Lock,2016-03-25T00:00:00Z,98670402,9867,4,home,12,0,2,2,4,4,0,0,5,0,0,28,19,17,2,156,143,13,0,3,0,1,16,32,2,1,0,0,0,0,2016
30035,Corey,Parker,Brisbane Broncos,Lock,2016-04-01T00:00:00Z,98670502,9867,5,away,2,0,2,1,0,0,0,0,5,0,0,21,17,16,1,161,156,5,0,1,0,1,15,29,3,1,0,0,0,0,2016
30035,Corey,Parker,Brisbane Broncos,Lock,2016-04-07T00:00:00Z,98670601,9867,6,home,10,0,4,3,2,2,0,0,10,0,0,32,19,19,0,192,192,0,0,1,0,0,18,26,1,3,0,0,1,0,2016
30035,Corey,Parker,Brisbane Broncos,Lock,2016-04-16T00:00:00Z,98670705,9867,7,home,6,0,5,2,1,1,0,0,3,0,0,23,18,12,6,140,104,37,0,3,0,2,14,19,0,0,0,0,2,0,2016
30035,Corey,Parker,Brisbane Broncos,Lock,2016-04-22T00:00:00Z,98670801,9867,8,home,10,1,3,2,1,1,0,0,5,0,0,22,14,14,0,141,141,0,0,0,1,2,13,25,2,1,0,0,2,0,2016
30035,Corey,Parker,Brisbane Broncos,Lock,2016-05-01T00:00:00Z,98670908,9867,9,away,8,1,3,1,1,1,0,0,4,0,0,19,14,13,1,133,121,12,0,1,1,2,12,30,5,3,0,0,0,0,2016
30191,Jamie,Lyon,Manly-Warringah Sea Eagles,Centre,2016-03-04T00:00:00Z,98670102,9867,1,home,2,0,1,1,0,0,0,0,7,8,1,15,7,0,6,58,0,48,0,0,0,0,7,17,0,0,0,0,0,0,2016
30191,Jamie,Lyon,Manly-Warringah Sea Eagles,Centre,2016-03-14T00:00:00Z,98670208,9867,2,away,6,0,4,2,1,1,0,0,10,6,1,17,7,1,6,66,8,58,0,0,0,0,5,14,0,1,0,0,0,0,2016
30191,Jamie,Lyon,Manly-Warringah Sea Eagles,Centre,2016-03-21T00:00:00Z,98670308,9867,3,home,6,0,4,3,0,0,0,0,11,64,2,23,9,0,8,95,0,89,0,0,0,0,9,13,3,3,0,0,1,0,2016
30191,Jamie,Lyon,Manly-Warringah Sea Eagles,Centre,2016-03-26T00:00:00Z,98670404,9867,4,away,14,1,3,3,2,2,0,0,6,70,2,17,6,0,3,57,0,37,0,0,0,2,5,15,4,1,0,0,1,0,2016
30191,Jamie,Lyon,Manly-Warringah Sea Eagles,Centre,2016-03-31T00:00:00Z,98670501,9867,5,home,4,0,2,2,0,0,0,0,10,0,0,16,5,0,5,40,0,40,0,1,0,1,4,13,0,1,0,0,1,1,2016
30191,Jamie,Lyon,Manly-Warringah Sea Eagles,Centre,2016-04-09T00:00:00Z,98670604,9867,6,away,14,0,5,5,2,2,0,0,7,0,0,22,8,0,7,79,0,65,0,2,0,0,10,15,0,0,0,0,1,1,2016
30191,Jamie,Lyon,Manly-Warringah Sea Eagles,Centre,2016-04-14T00:00:00Z,98670701,9867,7,home,10,1,1,1,2,2,0,1,4,0,0,14,7,0,7,69,0,69,0,0,1,0,6,18,1,4,0,0,1,0,2016
30191,Jamie,Lyon,Manly-Warringah Sea Eagles,Centre,2016-04-25T00:00:00Z,98670806,9867,8,away,10,0,4,3,2,2,0,0,10,23,2,28,13,2,7,96,11,65,0,1,0,1,10,15,4,3,0,0,3,0,2016
30191,Jamie,Lyon,Manly-Warringah Sea Eagles,Centre,2016-04-30T00:00:00Z,98670905,9867,9,home,10,1,3,3,0,0,0,0,15,49,0,20,5,0,5,49,0,49,0,0,0,0,4,21,1,2,0,0,0,1,2016
30525,Paul,Gallen,Cronulla-Sutherland Sharks,Lock,2016-03-05T00:00:00Z,98670105,9867,1,away,0,0,0,0,0,0,0,0,6,0,0,18,13,11,2,125,112,14,0,1,0,1,11,26,0,0,0,0,0,0,2016
30525,Paul,Gallen,Cronulla-Sutherland Sharks,Interchange,2016-04-02T00:00:00Z,98670504,9867,5,away,4,1,0,0,0,0,0,0,2,0,0,16,14,12,2,165,123,42,0,1,1,2,11,16,0,0,0,0,0,1,2016
30525,Paul,Gallen,Cronulla-Sutherland Sharks,Lock,2016-04-10T00:00:00Z,98670606,9867,6,home,0,0,0,0,0,0,0,0,2,0,0,19,16,15,1,156,153,3,0,3,0,0,14,36,3,0,0,0,0,0,2016
30525,Paul,Gallen,Cronulla-Sutherland Sharks,Lock,2016-04-17T00:00:00Z,98670706,9867,7,away,0,0,0,0,0,0,1,1,1,0,0,24,22,17,2,186,142,13,0,1,0,2,22,29,2,0,0,0,0,0,2016
30525,Paul,Gallen,Cronulla-Sutherland Sharks,Lock,2016-04-24T00:00:00Z,98670805,9867,8,home,0,0,0,0,0,0,0,0,1,0,0,24,23,19,2,237,195,17,0,2,0,3,21,44,4,1,0,0,0,1,2016
30525,Paul,Gallen,Cronulla-Sutherland Sharks,Lock,2016-05-01T00:00:00Z,98670908,9867,9,home,4,1,0,0,0,0,0,0,6,0,0,27,20,17,1,188,151,9,0,3,0,3,16,26,5,4,0,0,1,0,2016
30525,Paul,Gallen,Cronulla-Sutherland Sharks,Lock,2016-09-23T00:00:00Z,98680301,9868,3,home,0,0,0,0,0,0,0,0,4,0,0,23,19,16,0,167,147,0,0,0,0,3,19,17,0,0,0,0,0,0,2016
30525,Paul,Gallen,Cronulla-Sutherland Sharks,Lock,2016-10-02T00:00:00Z,98680401,9868,4,away,0,0,0,0,0,0,1,1,5,0,0,24,19,19,0,159,159,0,0,0,0,1,19,29,1,1,0,0,0,0,2016
30525,Paul,Gallen,Cronulla-Sutherland Sharks,Lock,2017-03-02T00:00:00Z,100950101,10095,1,home,0,0,0,0,0,0,0,0,5,0,0,19,14,13,0,126,113,0,0,1,0,0,13,33,3,2,0,0,0,1,2017
30525,Paul,Gallen,Cronulla-Sutherland Sharks,Lock,2017-03-11T00:00:00Z,100950206,10095,2,away,4,1,0,0,0,0,0,0,4,0,0,25,20,19,0,160,152,0,0,3,0,0,17,25,2,0,0,0,0,4,2017
30525,Paul,Gallen,Cronulla-Sutherland Sharks,Lock,2017-03-19T00:00:00Z,100950308,10095,3,home,0,0,0,0,0,0,0,0,5,0,0,20,16,14,2,141,124,17,0,2,0,0,13,31,2,1,0,0,0,1,2017
30525,Paul,Gallen,Cronulla-Sutherland Sharks,Lock,2017-03-25T00:00:00Z,100950405,10095,4,away,0,0,0,0,0,0,1,1,4,0,0,26,22,22,0,197,197,0,0,3,0,5,19,31,3,0,0,0,0,2,2017
30525,Paul,Gallen,Cronulla-Sutherland Sharks,Lock,2017-04-01T00:00:00Z,100950504,10095,5,home,0,0,0,0,0,0,0,0,4,0,0,27,23,21,0,223,205,0,0,3,0,2,20,19,1,1,0,0,0,0,2017
30525,Paul,Gallen,Cronulla-Sutherland Sharks,Lock,2017-04-09T00:00:00Z,100950608,10095,6,away,0,0,0,0,0,0,0,0,4,0,0,26,22,22,0,200,200,0,0,3,0,1,19,36,1,1,0,0,0,1,2017
30525,Paul,Gallen,Cronulla-Sutherland Sharks,Lock,2017-04-16T00:00:00Z,100950707,10095,7,away,4,1,0,0,0,0,0,0,1,0,0,13,12,11,0,108,98,0,0,0,1,4,11,25,0,2,0,0,0,0,2017
30525,Paul,Gallen,Cronulla-Sutherland Sharks,Lock,2017-04-22T00:00:00Z,100950805,10095,8,home,0,0,0,0,0,0,0,1,3,0,0,24,21,21,0,187,187,0,0,1,0,1,20,40,0,3,0,0,0,1,2017
30525,Paul,Gallen,Cronulla-Sutherland Sharks,Lock,2017-04-29T00:00:00Z,100950906,10095,9,away,0,0,0,0,0,0,0,1,7,0,0,25,18,16,1,171,155,5,0,2,0,3,16,34,4,0,0,0,0,0,2017
30525,Paul,Gallen,Cronulla-Sutherland Sharks,Interchange,2018-03-09T00:00:00Z,104120103,10412,1,away,0,0,0,0,0,0,0,0,2,0,0,10,7,7,0,69,69,0,0,1,0,0,6,28,1,0,0,0,1,0,2018
30525,Paul,Gallen,Cronulla-Sutherland Sharks,Lock,2018-03-15T00:00:00Z,104120201,10412,2,home,0,0,0,0,0,0,0,0,2,0,0,15,13,12,1,125,106,19,0,0,0,1,13,20,1,3,0,0,0,1,2018
30525,Paul,Gallen,Cronulla-Sutherland Sharks,Lock,2018-03-24T00:00:00Z,104120306,10412,3,away,0,0,0,0,0,0,0,1,2,0,0,16,14,14,0,117,117,0,0,2,0,2,11,27,1,1,0,0,1,0,2018
30525,Paul,Gallen,Cronulla-Sutherland Sharks,Lock,2018-03-30T00:00:00Z,104120403,10412,4,home,0,0,0,0,0,0,0,0,1,0,0,17,16,15,0,127,121,0,0,1,0,1,14,30,0,0,0,0,1,1,2018
30525,Paul,Gallen,Cronulla-Sutherland Sharks,Lock,2018-04-06T00:00:00Z,104120502,10412,5,home,0,0,0,0,0,0,0,0,6,0,0,26,20,17,3,161,131,30,0,4,0,2,16,36,0,2,0,0,0,0,2018
30525,Paul,Gallen,Cronulla-Sutherland Sharks,Lock,2018-04-13T00:00:00Z,104120603,10412,6,away,0,0,0,0,0,0,0,0,1,4,1,4,3,3,0,23,23,0,0,0,0,1,2,3,0,0,0,0,0,0,2018
30525,Paul,Gallen,Cronulla-Sutherland Sharks,Lock,2019-03-15T00:00:00Z,106840102,10684,1,away,0,0,0,0,0,0,0,0,0,0,0,8,6,5,0,72,58,0,0,0,0,0,6,34,1,2,0,0,2,0,2019
30525,Paul,Gallen,Cronulla-Sutherland Sharks,Lock,2019-03-23T00:00:00Z,106840204,10684,2,home,0,0,0,0,0,0,0,0,1,0,0,12,12,11,1,101,80,21,0,0,0,0,11,17,0,2,0,0,0,2,2019
30525,Paul,Gallen,Cronulla-Sutherland Sharks,Lock,2019-03-30T00:00:00Z,106840305,10684,3,away,0,0,0,0,0,0,1,1,1,0,0,9,8,5,3,58,35,23,0,2,0,0,6,8,2,0,0,0,0,0,2019
30525,Paul,Gallen,Cronulla-Sutherland Sharks,Lock,2019-04-18T00:00:00Z,106840601,10684,6,home,0,0,0,0,0,0,0,0,4,0,0,18,15,14,1,113,102,11,0,0,0,3,14,31,0,2,0,0,0,0,2019
30525,Paul,Gallen,Cronulla-Sutherland Sharks,Lock,2019-04-27T00:00:00Z,106840706,10684,7,away,0,0,0,0,0,0,0,0,1,0,0,11,10,10,0,83,83,0,0,0,0,0,9,45,0,3,0,0,1,1,2019
30525,Paul,Gallen,Cronulla-Sutherland Sharks,Lock,2019-05-03T00:00:00Z,106840803,10684,8,home,0,0,0,0,0,0,0,0,2,0,0,13,11,9,2,111,88,23,0,0,0,0,11,29,1,2,0,0,0,0,2019
30525,Paul,Gallen,Cronulla-Sutherland Sharks,Lock,2019-05-09T00:00:00Z,106840901,10684,9,away,6,1,1,1,0,0,0,0,3,0,0,27,23,21,1,198,193,3,0,0,1,3,22,24,1,0,0,0,1,1,2019
30545,Luke,Lewis,Cronulla-Sutherland Sharks,Second Row,2016-03-13T00:00:00Z,98670206,9867,2,home,0,0,0,0,0,0,0,0,2,0,0,17,14,12,1,135,105,20,0,1,0,2,14,20,1,2,0,0,0,0,2016
30545,Luke,Lewis,Cronulla-Sutherland Sharks,Second Row,2016-03-21T00:00:00Z,98670308,9867,3,away,4,1,0,0,0,0,0,0,4,0,0,15,9,6,3,63,53,10,0,1,0,1,7,26,1,2,0,1,2,1,2016
30545,Luke,Lewis,Cronulla-Sutherland Sharks,Second Row,2016-03-28T00:00:00Z,98670408,9867,4,home,0,0,0,0,0,0,0,1,5,0,0,15,8,6,1,68,52,6,0,1,0,1,8,26,1,4,0,1,2,0,2016
30545,Luke,Lewis,Cronulla-Sutherland Sharks,Second Row,2018-04-22T00:00:00Z,104120708,10412,7,home,0,0,0,0,0,0,0,0,0,0,0,1,1,0,1,11,0,11,0,0,0,0,1,2,0,0,0,0,0,0,2018
30545,Luke,Lewis,Cronulla-Sutherland Sharks,Second Row,2018-09-08T00:00:00Z,104130103,10413,1,away,0,0,0,0,0,0,0,0,6,0,0,20,14,6,4,124,53,30,0,1,0,1,13,23,0,4,0,1,0,1,2018
30545,Luke,Lewis,Cronulla-Sutherland Sharks,Second Row,2018-09-14T00:00:00Z,104130201,10413,2,home,4,1,0,0,0,0,0,0,1,0,0,9,8,5,2,80,42,35,0,0,1,2,7,12,1,5,0,0,0,0,2018
30545,Luke,Lewis,Cronulla-Sutherland Sharks,Second Row,2018-09-21T00:00:00Z,104130301,10413,3,away,4,1,0,0,0,0,0,0,9,40,1,21,8,3,5,64,20,45,0,1,1,1,7,22,0,6,0,0,2,3,2018
30597,Nathan,Friend,Gold Coast Titans,Hooker,2016-03-06T00:00:00Z,98670107,9867,1,home,0,0,0,0,0,0,0,0,44,0,0,45,1,0,0,7,0,0,0,0,0,0,1,17,1,1,0,0,0,0,2016
30597,Nathan,Friend,Gold Coast Titans,Hooker,2016-03-13T00:00:00Z,98670207,9867,2,away,0,0,0,0,0,0,0,0,69,0,0,72,3,0,0,22,0,0,0,1,0,0,2,32,1,1,0,0,0,0,2016
30597,Nathan,Friend,Gold Coast Titans,Hooker,2016-03-19T00:00:00Z,98670305,9867,3,home,0,0,0,0,0,0,1,1,58,0,0,59,1,0,1,6,0,6,0,1,0,0,0,31,1,1,0,0,0,0,2016
30597,Nathan,Friend,Gold Coast Titans,Hooker,2016-04-01T00:00:00Z,98670502,9867,5,home,0,0,0,0,0,0,0,0,63,0,0,64,1,0,0,6,0,0,0,0,0,0,1,40,1,1,0,0,0,0,2016
30597,Nathan,Friend,Gold Coast Titans,Hooker,2016-04-10T00:00:00Z,98670606,9867,6,away,0,0,0,0,0,0,0,1,100,0,0,105,6,0,1,46,0,8,0,1,0,0,4,40,3,2,0,0,0,1,2016
30597,Nathan,Friend,Gold Coast Titans,Interchange,2016-04-16T00:00:00Z,98670703,9867,7,home,0,0,0,0,0,0,1,0,69,0,0,74,9,0,1,80,0,5,0,1,0,0,4,25,1,1,0,0,0,1,2016
30597,Nathan,Friend,Gold Coast Titans,Hooker,2016-04-23T00:00:00Z,98670802,9867,8,away,0,0,0,0,0,0,0,0,63,2,1,67,2,0,0,18,0,0,0,0,0,0,2,38,0,0,0,0,2,0,2016
30597,Nathan,Friend,Gold Coast Titans,Hooker,2016-05-01T00:00:00Z,98670907,9867,9,home,0,0,0,0,0,0,0,0,38,0,0,38,0,0,0,0,0,0,0,0,0,0,0,24,0,3,0,0,0,0,2016
30617,Greg,Bird,Gold Coast Titans,Lock,2016-03-26T00:00:00Z,98670403,9867,4,away,0,0,0,0,0,0,0,0,15,0,0,26,15,5,10,136,38,98,0,3,0,2,8,18,1,3,0,0,0,1,2016
30665,Cameron,Smith,Melbourne Storm,Hooker,2016-03-07T00:00:00Z,98670108,9867,1,home,6,0,3,1,2,2,1,1,103,142,2,109,4,0,0,41,0,0,0,0,0,1,2,32,1,2,0,0,1,1,2016
30665,Cameron,Smith,Melbourne Storm,Hooker,2016-03-13T00:00:00Z,98670207,9867,2,home,10,0,6,5,0,0,2,1,93,212,5,103,7,0,0,66,0,7,0,1,0,0,3,33,2,0,0,0,1,1,2016
30665,Cameron,Smith,Melbourne Storm,Hooker,2016-03-20T00:00:00Z,98670306,9867,3,away,8,0,3,3,1,1,0,0,109,98,2,112,0,0,0,0,0,0,0,0,0,0,0,40,5,1,0,0,0,0,2016
30665,Cameron,Smith,Melbourne Storm,Hooker,2016-03-28T00:00:00Z,98670408,9867,4,away,2,0,1,1,0,0,0,0,91,283,6,102,8,0,1,78,0,20,0,2,0,0,3,39,3,2,0,0,0,1,2016
30665,Cameron,Smith,Melbourne Storm,Hooker,2016-04-02T00:00:00Z,98670503,9867,5,home,6,0,3,2,1,1,0,0,104,361,4,117,10,0,2,95,0,23,0,1,0,0,6,41,0,1,0,0,1,1,2016
30665,Cameron,Smith,Melbourne Storm,Hooker,2016-04-11T00:00:00Z,98670608,9867,6,home,4,0,2,1,1,1,0,0,120,293,6,131,6,0,2,61,0,21,0,2,1,0,2,53,1,1,0,0,0,0,2016
30665,Cameron,Smith,Melbourne Storm,Hooker,2016-04-17T00:00:00Z,98670707,9867,7,away,2,0,4,1,1,0,1,1,126,378,6,135,4,0,0,47,0,0,0,0,0,0,1,51,1,2,0,0,0,0,2016
30665,Cameron,Smith,Melbourne Storm,Hooker,2016-04-25T00:00:00Z,98670808,9867,8,home,10,0,8,5,0,0,2,2,128,298,6,137,5,0,1,47,0,9,0,0,0,2,3,37,1,2,0,0,0,0,2016
30665,Cameron,Smith,Melbourne Storm,Hooker,2016-05-01T00:00:00Z,98670907,9867,9,away,10,0,7,4,1,1,1,1,106,200,3,117,7,0,1,97,0,20,0,1,0,2,6,30,1,2,0,0,0,1,2016
30665,Cameron,Smith,Melbourne Storm,Hooker,2017-03-03T00:00:00Z,100950102,10095,1,away,4,0,2,1,1,1,0,0,113,166,3,119,1,0,0,14,0,0,0,0,0,0,2,36,3,1,0,0,0,0,2017
30665,Cameron,Smith,Melbourne Storm,Hooker,2017-03-10T00:00:00Z,100950202,10095,2,away,10,0,4,4,1,1,0,1,109,251,5,121,8,0,3,52,0,22,0,1,0,0,4,46,2,2,0,0,1,2,2017
30665,Cameron,Smith,Melbourne Storm,Hooker,2017-03-16T00:00:00Z,100950301,10095,3,home,6,0,2,2,1,1,1,1,126,231,7,137,6,0,4,56,0,31,0,0,0,0,2,50,1,0,0,0,1,1,2017
30665,Cameron,Smith,Melbourne Storm,Hooker,2017-03-26T00:00:00Z,100950407,10095,4,away,6,0,4,3,0,0,0,0,74,218,6,82,3,0,0,25,0,0,0,0,0,1,1,40,1,2,0,1,2,0,2017
30665,Cameron,Smith,Melbourne Storm,Hooker,2017-04-01T00:00:00Z,100950506,10095,5,home,8,0,5,3,1,1,0,0,86,264,6,95,3,0,0,28,0,0,0,0,0,1,2,42,4,4,0,0,0,1,2017
30665,Cameron,Smith,Melbourne Storm,Hooker,2017-04-09T00:00:00Z,100950608,10095,6,home,2,0,0,0,1,1,0,0,103,198,1,114,7,0,1,78,0,20,0,2,0,4,7,47,3,3,0,0,0,1,2017
30665,Cameron,Smith,Melbourne Storm,Hooker,2017-04-15T00:00:00Z,100950704,10095,7,away,6,0,6,3,0,0,1,1,101,321,6,113,6,0,0,52,0,0,0,2,0,1,4,39,1,0,0,0,0,0,2017
30665,Cameron,Smith,Melbourne Storm,Hooker,2017-04-25T00:00:00Z,100950808,10095,8,home,4,0,4,1,1,1,1,1,100,255,5,111,7,0,2,66,0,5,0,0,0,2,5,40,0,2,0,0,0,1,2017
30665,Cameron,Smith,Melbourne Storm,Hooker,2017-04-30T00:00:00Z,100950908,10095,9,away,10,0,6,5,0,0,1,1,76,298,5,84,6,0,0,56,0,0,0,0,0,0,3,34,2,1,0,0,2,0,2017
30665,Cameron,Smith,Melbourne Storm,Hooker,2018-03-10T00:00:00Z,104120106,10412,1,away,12,0,6,6,0,0,0,0,115,165,4,122,4,0,2,33,0,17,0,0,0,1,3,45,2,1,0,0,0,2,2018
30665,Cameron,Smith,Melbourne Storm,Hooker,2018-03-17T00:00:00Z,104120206,10412,2,home,4,0,1,0,2,2,0,0,111,238,2,117,3,0,1,16,0,7,0,0,0,0,1,43,4,2,0,1,1,0,2018
30665,Cameron,Smith,Melbourne Storm,Hooker,2018-03-22T00:00:00Z,104120301,10412,3,home,12,0,2,2,4,4,2,2,93,130,3,106,6,0,1,45,0,2,0,1,0,1,3,35,0,2,0,0,2,2,2018
30665,Cameron,Smith,Melbourne Storm,Hooker,2018-03-30T00:00:00Z,104120403,10412,4,away,0,0,0,0,0,0,0,0,84,64,1,85,1,0,0,10,0,0,0,0,0,0,0,37,1,1,0,0,0,3,2018
30665,Cameron,Smith,Melbourne Storm,Hooker,2018-04-07T00:00:00Z,104120504,10412,5,away,0,0,0,0,0,0,0,1,93,279,6,105,6,0,2,47,0,14,0,3,0,0,3,61,0,1,0,0,0,0,2018
30665,Cameron,Smith,Melbourne Storm,Hooker,2018-04-13T00:00:00Z,104120602,10412,6,home,12,0,7,5,1,1,0,0,111,168,6,124,7,0,1,77,0,10,0,3,0,2,3,29,0,1,0,0,0,0,2018
30665,Cameron,Smith,Melbourne Storm,Hooker,2018-04-20T00:00:00Z,104120703,10412,7,away,10,0,6,4,1,1,1,0,78,206,4,84,2,0,0,18,0,0,0,1,0,0,0,36,0,0,0,0,0,0,2018
30665,Cameron,Smith,Melbourne Storm,Hooker,2018-04-25T00:00:00Z,104120802,10412,8,home,18,0,8,8,1,1,0,0,95,268,7,106,2,0,1,18,0,9,0,0,0,0,2,34,4,0,0,0,1,1,2018
30665,Cameron,Smith,Melbourne Storm,Hooker,2018-05-06T00:00:00Z,104120907,10412,9,away,2,0,3,1,0,0,0,0,72,95,1,78,1,0,1,8,0,8,0,1,0,0,2,32,4,3,0,1,2,1,2018
30665,Cameron,Smith,Melbourne Storm,Hooker,2019-03-14T00:00:00Z,106840101,10684,1,home,6,0,4,3,0,0,0,0,135,156,3,139,6,0,0,56,0,0,0,0,0,1,1,49,1,2,0,0,0,1,2019
30665,Cameron,Smith,Melbourne Storm,Hooker,2019-03-22T00:00:00Z,106840202,10684,2,away,6,0,4,2,1,1,1,1,106,170,4,114,10,0,1,62,0,2,0,0,0,0,2,47,3,1,0,0,0,1,2019
30665,Cameron,Smith,Melbourne Storm,Hooker,2019-03-30T00:00:00Z,106840306,10684,3,away,12,0,4,4,2,2,0,0,108,43,1,116,8,0,0,45,0,0,0,1,0,0,3,42,0,0,0,0,1,0,2019
30665,Cameron,Smith,Melbourne Storm,Hooker,2019-04-07T00:00:00Z,106840407,10684,4,home,6,0,3,3,0,0,1,1,125,190,1,131,6,0,1,74,0,6,0,0,0,2,4,40,2,3,0,0,0,1,2019
30665,Cameron,Smith,Melbourne Storm,Hooker,2019-04-12T00:00:00Z,106840503,10684,5,away,6,0,3,1,2,2,0,0,104,244,5,113,2,0,0,14,0,0,0,1,0,0,0,46,1,0,0,0,1,0,2019
30665,Cameron,Smith,Melbourne Storm,Hooker,2019-04-19T00:00:00Z,106840603,10684,6,home,0,0,0,0,0,0,1,1,138,109,4,144,10,0,1,83,0,7,0,0,0,1,2,52,2,0,0,0,0,0,2019
30665,Cameron,Smith,Melbourne Storm,Hooker,2019-04-25T00:00:00Z,106840702,10684,7,home,0,0,0,0,0,0,1,0,108,122,4,120,15,0,3,105,0,14,0,1,0,2,6,46,2,2,0,0,1,2,2019
30665,Cameron,Smith,Melbourne Storm,Hooker,2019-05-03T00:00:00Z,106840803,10684,8,away,6,0,3,2,1,1,0,0,94,166,3,98,1,0,0,6,0,0,0,0,0,0,0,53,3,4,0,0,0,0,2019
30665,Cameron,Smith,Melbourne Storm,Hooker,2019-05-11T00:00:00Z,106840906,10684,9,home,18,0,10,8,1,1,2,1,94,112,2,102,8,0,1,63,0,7,0,1,0,0,4,23,2,1,0,0,0,1,2019
30665,Cameron,Smith,Melbourne Storm,Hooker,2020-03-15T00:00:00Z,110950107,11095,1,away,6,0,3,2,1,1,1,0,125,195,6,134,7,0,1,42,0,6,0,0,0,0,2,39,0,1,0,0,0,0,2020
30665,Cameron,Smith,Melbourne Storm,Hooker,2020-03-21T00:00:00Z,110950206,11095,2,away,8,0,1,1,3,3,1,1,114,181,1,122,3,0,1,17,0,6,0,0,0,0,2,43,2,2,0,0,1,2,2020
30665,Cameron,Smith,Melbourne Storm,Hooker,2020-05-30T00:00:00Z,110950306,11095,3,home,2,0,1,1,0,0,1,1,123,52,2,131,7,0,2,64,0,13,0,1,0,0,4,65,3,2,0,0,1,0,2020
30665,Cameron,Smith,Melbourne Storm,Hooker,2020-06-05T00:00:00Z,110950403,11095,4,home,6,0,4,2,1,1,0,1,129,286,7,138,8,0,1,42,0,12,0,0,0,0,1,46,1,0,0,0,0,0,2020
30665,Cameron,Smith,Melbourne Storm,Hooker,2020-06-13T00:00:00Z,110950505,11095,5,away,10,0,4,4,1,1,3,3,134,208,4,146,11,0,2,77,0,27,0,2,0,3,4,43,1,2,0,0,1,0,2020
30665,Cameron,Smith,Melbourne Storm,Hooker,2020-06-19T00:00:00Z,110950603,11095,6,away,6,0,2,2,1,1,0,0,122,262,5,131,8,0,0,56,0,0,0,0,0,1,3,43,1,1,0,0,0,1,2020
30665,Cameron,Smith,Melbourne Storm,Hooker,2020-06-26T00:00:00Z,110950702,11095,7,home,14,0,9,7,0,0,1,2,81,304,7,89,3,0,2,30,0,21,0,0,0,0,1,38,0,1,0,0,1,0,2020
30665,Cameron,Smith,Melbourne Storm,Five-Eighth,2020-07-02T00:00:00Z,110950801,11095,8,home,10,0,4,4,1,1,0,0,97,245,6,111,8,0,6,43,0,28,0,3,0,0,4,25,2,0,0,0,0,0,2020
30665,Cameron,Smith,Melbourne Storm,Hooker,2020-07-11T00:00:00Z,110950906,11095,9,away,8,0,3,3,1,1,0,0,111,221,4,123,12,0,4,85,0,28,0,0,0,1,4,39,0,2,0,0,2,0,2020
30698,Johnathan,Thurston,North Queensland Cowboys,Halfback,2016-03-05T00:00:00Z,98670105,9867,1,home,8,0,3,3,1,1,1,1,47,342,10,64,4,0,3,55,0,44,0,0,0,1,5,15,0,2,0,0,0,1,2016
30698,Johnathan,Thurston,North Queensland Cowboys,Halfback,2016-03-12T00:00:00Z,98670205,9867,2,away,4,0,3,2,0,0,2,2,45,371,9,59,3,0,3,22,0,22,0,0,0,0,5,15,0,2,0,0,0,1,2016
30698,Johnathan,Thurston,North Queensland Cowboys,Halfback,2016-03-17T00:00:00Z,98670301,9867,3,home,12,0,7,6,0,0,2,1,45,512,17,69,6,0,6,42,0,42,0,0,0,1,7,13,0,2,0,0,0,1,2016
30698,Johnathan,Thurston,North Queensland Cowboys,Halfback,2016-03-25T00:00:00Z,98670402,9867,4,away,8,0,3,3,1,1,1,1,41,387,13,57,2,0,2,13,0,13,0,0,0,0,2,4,0,4,0,0,0,0,2016
30698,Johnathan,Thurston,North Queensland Cowboys,Halfback,2016-04-02T00:00:00Z,98670505,9867,5,home,12,0,6,6,0,0,2,0,36,412,14,56,6,1,5,62,6,56,0,0,0,0,6,11,0,0,0,0,1,0,2016
30698,Johnathan,Thurston,North Queensland Cowboys,Halfback,2016-04-09T00:00:00Z,98670605,9867,6,away,6,0,4,3,0,0,0,0,45,473,15,65,7,0,7,64,0,64,0,0,0,2,5,11,3,7,0,0,0,1,2016
30698,Johnathan,Thurston,North Queensland Cowboys,Halfback,2016-04-15T00:00:00Z,98670702,9867,7,home,16,1,8,6,0,0,1,2,42,350,11,57,4,0,4,44,0,44,0,0,0,3,3,12,0,1,0,0,1,0,2016
30698,Johnathan,Thurston,North Queensland Cowboys,Halfback,2016-04-23T00:00:00Z,98670804,9867,8,home,12,0,5,4,2,2,2,2,42,240,8,58,3,0,3,25,0,25,0,0,0,0,5,16,0,5,0,1,1,0,2016
30698,Johnathan,Thurston,North Queensland Cowboys,Halfback,2016-04-30T00:00:00Z,98670905,9867,9,away,10,0,6,5,0,0,2,1,50,475,13,66,1,0,1,0,0,0,0,0,0,0,0,13,0,2,0,0,2,2,2016
30698,Johnathan,Thurston,North Queensland Cowboys,Halfback,2017-03-04T00:00:00Z,100950105,10095,1,home,4,0,3,2,0,0,1,1,50,426,9,65,4,0,4,23,0,23,0,0,0,4,3,12,1,3,0,1,2,0,2017
30698,Johnathan,Thurston,North Queensland Cowboys,Halfback,2017-03-10T00:00:00Z,100950203,10095,2,away,8,0,3,3,1,1,0,0,53,240,8,71,8,0,7,82,0,73,0,0,0,3,6,10,1,2,0,0,1,1,2017
30698,Johnathan,Thurston,North Queensland Cowboys,Halfback,2017-03-18T00:00:00Z,100950306,10095,3,home,4,0,1,1,1,1,0,0,40,215,9,57,6,0,6,44,0,44,0,0,0,3,6,11,0,3,0,0,1,2,2017
30698,Johnathan,Thurston,North Queensland Cowboys,Halfback,2017-03-25T00:00:00Z,100950406,10095,4,away,16,1,5,4,2,2,2,3,28,255,7,46,10,0,9,84,0,80,0,2,0,4,6,21,2,4,0,0,0,1,2017
30698,Johnathan,Thurston,North Queensland Cowboys,Halfback,2017-03-31T00:00:00Z,100950503,10095,5,home,8,0,3,3,1,1,0,1,46,352,11,62,4,0,3,25,0,22,0,0,0,1,4,11,0,1,0,0,0,0,2017
30698,Johnathan,Thurston,North Queensland Cowboys,Halfback,2017-04-08T00:00:00Z,100950606,10095,6,home,4,0,3,2,0,0,1,0,39,506,16,63,4,0,4,43,0,43,0,0,1,1,6,20,2,7,0,0,2,0,2017
30698,Johnathan,Thurston,North Queensland Cowboys,Halfback,2018-03-09T00:00:00Z,104120103,10412,1,home,4,0,4,1,1,1,2,1,50,244,8,64,3,0,3,20,0,20,0,0,0,0,3,9,0,0,0,1,2,1,2018
30698,Johnathan,Thurston,North Queensland Cowboys,Halfback,2018-03-16T00:00:00Z,104120203,10412,2,away,8,0,3,3,1,1,3,2,44,281,11,67,11,1,8,79,10,49,0,2,0,2,9,10,0,3,0,0,0,0,2018
30698,Johnathan,Thurston,North Queensland Cowboys,Halfback,2018-03-22T00:00:00Z,104120301,10412,3,away,6,0,2,2,1,1,1,1,54,187,10,68,2,0,2,22,0,22,0,1,0,0,1,13,4,5,0,0,3,2,2018
30698,Johnathan,Thurston,North Queensland Cowboys,Halfback,2018-03-29T00:00:00Z,104120401,10412,4,home,2,0,3,1,0,0,0,0,36,326,7,49,3,0,3,25,0,25,0,0,0,1,6,7,0,2,0,0,1,0,2018
30698,Johnathan,Thurston,North Queensland Cowboys,Halfback,2018-04-07T00:00:00Z,104120505,10412,5,away,4,0,2,2,0,0,1,1,39,307,12,56,4,0,4,23,0,23,0,0,0,0,5,20,0,5,0,0,1,0,2018
30698,Johnathan,Thurston,North Queensland Cowboys,Halfback,2018-04-14T00:00:00Z,104120605,10412,6,home,2,0,2,1,0,0,0,1,52,29,1,57,4,0,4,32,0,32,0,1,0,0,2,17,0,3,0,1,1,0,2018
30698,Johnathan,Thurston,North Queensland Cowboys,Halfback,2018-04-21T00:00:00Z,104120706,10412,7,home,10,0,4,2,3,3,1,1,31,70,1,41,5,0,5,47,0,47,0,1,0,2,5,14,1,3,0,0,0,1,2018
30698,Johnathan,Thurston,North Queensland Cowboys,Halfback,2018-04-28T00:00:00Z,104120807,10412,8,home,4,0,1,1,1,1,1,2,55,233,13,70,4,0,4,35,0,35,0,0,0,1,1,15,1,1,0,0,0,0,2018
30698,Johnathan,Thurston,North Queensland Cowboys,Halfback,2018-05-04T00:00:00Z,104120903,10412,9,away,14,1,4,3,2,2,1,1,40,168,6,50,2,0,2,12,0,12,0,0,0,0,1,14,2,3,0,0,0,1,2018
30777,Chris,Heighington,Newcastle Knights,Interchange,2018-03-09T00:00:00Z,104120102,10412,1,home,0,0,0,0,0,0,0,0,2,0,0,8,6,6,0,48,48,0,0,0,0,2,6,24,0,1,0,0,0,0,2018
30777,Chris,Heighington,Newcastle Knights,Interchange,2018-03-18T00:00:00Z,104120208,10412,2,away,0,0,0,0,0,0,0,0,0,0,0,5,5,5,0,47,47,0,0,0,0,0,5,20,3,0,0,0,0,1,2018
30777,Chris,Heighington,Newcastle Knights,Interchange,2018-04-01T00:00:00Z,104120406,10412,4,away,4,1,0,0,0,0,0,0,4,0,0,13,8,7,1,63,53,11,0,1,1,0,6,20,2,2,0,0,1,0,2018
30777,Chris,Heighington,Newcastle Knights,Interchange,2018-04-07T00:00:00Z,104120506,10412,5,home,0,0,0,0,0,0,0,0,1,0,0,9,8,4,4,54,25,29,0,0,0,1,8,19,0,0,0,0,0,0,2018
30777,Chris,Heighington,Newcastle Knights,Interchange,2018-04-13T00:00:00Z,104120602,10412,6,away,0,0,0,0,0,0,0,0,3,0,0,7,4,4,0,43,43,0,0,0,0,0,4,15,1,1,0,0,0,0,2018
30777,Chris,Heighington,Newcastle Knights,Interchange,2018-04-21T00:00:00Z,104120705,10412,7,away,0,0,0,0,0,0,0,0,1,0,0,7,6,6,0,54,54,0,0,1,0,0,5,16,0,0,0,0,0,0,2018
30777,Chris,Heighington,Newcastle Knights,Interchange,2018-04-27T00:00:00Z,104120804,10412,8,away,0,0,0,0,0,0,0,0,3,0,0,7,4,4,0,37,37,0,0,0,0,0,4,8,0,0,0,0,0,0,2018
30777,Chris,Heighington,Newcastle Knights,Interchange,2018-05-04T00:00:00Z,104120902,10412,9,home,0,0,0,0,0,0,0,0,6,0,0,12,6,6,0,55,55,0,0,0,0,1,6,19,0,0,0,0,0,0,2018
30779,Billy,Slater,Melbourne Storm,Fullback,2017-09-09T00:00:00Z,100960102,10096,1,home,4,1,0,0,0,0,0,0,21,15,2,37,14,0,3,107,0,16,0,1,1,2,11,1,0,2,0,0,1,0,2017
30779,Billy,Slater,Melbourne Storm,Fullback,2018-09-07T00:00:00Z,104130101,10413,1,home,0,0,0,0,0,0,1,1,22,0,0,36,12,0,4,118,0,53,0,1,1,3,12,2,2,2,0,0,1,0,2018
30781,Ryan,Hoffman,Warriors,Second Row,2016-03-05T00:00:00Z,98670104,9867,1,away,0,0,0,0,0,0,0,0,1,0,0,13,13,12,0,97,84,0,0,0,0,0,12,22,0,1,1,0,0,0,2016
30781,Ryan,Hoffman,Warriors,Second Row,2016-03-11T00:00:00Z,98670202,9867,2,away,0,0,0,0,0,0,0,0,2,0,0,18,12,10,0,79,76,0,0,0,0,0,14,21,1,1,0,0,2,0,2016
30781,Ryan,Hoffman,Warriors,Second Row,2016-03-20T00:00:00Z,98670306,9867,3,home,0,0,0,0,0,0,0,0,5,14,1,23,15,15,0,135,135,0,0,0,0,0,16,16,0,0,0,0,1,1,2016
30781,Ryan,Hoffman,Warriors,Second Row,2016-03-28T00:00:00Z,98670406,9867,4,home,0,0,0,0,0,0,0,0,6,0,0,19,13,12,1,149,138,11,0,1,0,1,12,14,0,2,0,0,0,1,2016
30781,Ryan,Hoffman,Warriors,Second Row,2016-04-03T00:00:00Z,98670506,9867,5,away,0,0,0,0,0,0,0,0,6,31,1,17,10,7,2,100,76,20,0,0,0,0,10,20,1,0,0,0,0,1,2016
30781,Ryan,Hoffman,Warriors,Second Row,2016-04-09T00:00:00Z,98670604,9867,6,home,0,0,0,0,0,0,0,0,2,0,0,17,14,13,0,109,101,0,0,1,0,0,13,35,0,5,0,0,1,1,2016
30781,Ryan,Hoffman,Warriors,Second Row,2016-04-16T00:00:00Z,98670704,9867,7,away,0,0,0,0,0,0,0,0,4,0,0,16,13,9,2,101,83,14,0,0,0,0,12,25,2,0,0,0,0,1,2016
30781,Ryan,Hoffman,Warriors,Second Row,2016-04-25T00:00:00Z,98670808,9867,8,away,0,0,0,0,0,0,0,0,1,0,0,13,11,9,0,103,89,0,0,1,0,0,11,31,0,2,0,0,0,0,2016
30781,Ryan,Hoffman,Warriors,Second Row,2016-05-01T00:00:00Z,98670906,9867,9,home,0,0,0,0,0,0,0,0,0,21,1,14,12,10,2,84,69,16,0,1,0,0,12,20,2,2,0,0,1,1,2016
30781,Ryan,Hoffman,Warriors,Second Row,2017-03-05T00:00:00Z,100950107,10095,1,home,4,1,0,0,0,0,0,1,3,0,0,18,14,11,3,138,115,23,0,1,1,3,11,26,1,0,1,0,2,1,2017
30781,Ryan,Hoffman,Warriors,Second Row,2017-03-10T00:00:00Z,100950202,10095,2,home,0,0,0,0,0,0,0,0,1,13,1,10,8,6,1,73,52,10,0,0,0,1,8,19,3,0,0,0,0,1,2017
30781,Ryan,Hoffman,Warriors,Second Row,2017-03-17T00:00:00Z,100950302,10095,3,away,0,0,0,0,0,0,0,0,1,0,0,11,10,10,0,69,69,0,0,1,0,0,9,33,0,0,0,0,0,0,2017
30781,Ryan,Hoffman,Warriors,Second Row,2017-03-26T00:00:00Z,100950408,10095,4,away,0,0,0,0,0,0,0,0,1,0,0,15,10,8,2,99,74,25,0,0,0,1,12,21,1,1,0,0,2,3,2017
30781,Ryan,Hoffman,Warriors,Second Row,2017-04-02T00:00:00Z,100950507,10095,5,home,4,1,0,0,0,0,0,0,3,0,0,17,12,8,4,97,65,32,0,1,1,3,10,26,0,2,0,0,1,1,2017
30781,Ryan,Hoffman,Warriors,Second Row,2017-04-09T00:00:00Z,100950607,10095,6,home,0,0,0,0,0,0,0,0,0,0,0,12,11,9,0,105,78,0,0,0,0,1,10,39,1,0,0,0,2,0,2017
30781,Ryan,Hoffman,Warriors,Second Row,2017-04-15T00:00:00Z,100950705,10095,7,away,4,1,0,0,0,0,0,0,3,0,0,14,11,9,2,114,105,10,0,0,0,1,10,32,2,4,0,0,1,1,2017
30781,Ryan,Hoffman,Warriors,Second Row,2017-04-25T00:00:00Z,100950808,10095,8,away,0,0,0,0,0,0,0,0,3,10,1,17,14,6,7,149,45,102,0,1,0,1,12,17,0,0,0,0,0,0,2017
30781,Ryan,Hoffman,Warriors,Second Row,2017-04-30T00:00:00Z,100950907,10095,9,home,0,0,0,0,0,0,0,0,2,0,0,12,10,10,0,73,73,0,0,1,0,0,9,28,1,2,0,0,0,0,2017
30785,Ian,Henderson,Sydney Roosters,Interchange,2016-03-06T00:00:00Z,98670106,9867,1,home,0,0,0,0,0,0,0,0,12,0,0,21,9,3,5,60,24,34,0,0,0,0,9,18,1,0,0,0,0,1,2016
30785,Ian,Henderson,Sydney Roosters,Interchange,2016-03-12T00:00:00Z,98670203,9867,2,away,0,0,0,0,0,0,0,0,0,0,0,0,0,0,0,0,0,0,0,0,0,0,0,0,0,0,0,0,0,0,2016
30785,Ian,Henderson,Sydney Roosters,Interchange,2016-03-17T00:00:00Z,98670301,9867,3,away,0,0,0,0,0,0,0,0,35,11,1,36,1,0,0,6,0,0,0,0,0,0,0,21,1,0,0,0,0,0,2016
30805,Frank,Pritchard,Parramatta Eels,Interchange,2017-03-05T00:00:00Z,100950108,10095,1,away,0,0,0,0,0,0,0,0,2,0,0,9,7,7,0,65,65,0,0,0,0,1,7,6,1,0,0,0,0,0,2017
30805,Frank,Pritchard,Parramatta Eels,Interchange,2017-03-12T00:00:00Z,100950208,10095,2,away,0,0,0,0,0,0,0,0,0,0,0,9,9,9,0,82,82,0,0,0,0,0,9,10,0,0,0,0,0,0,2017
30805,Frank,Pritchard,Parramatta Eels,Interchange,2017-03-17T00:00:00Z,100950303,10095,3,away,0,0,0,0,0,0,0,0,1,0,0,10,8,8,0,79,79,0,0,1,0,0,7,20,0,0,0,0,1,0,2017
30805,Frank,Pritchard,Parramatta Eels,Second Row,2017-03-25T00:00:00Z,100950405,10095,4,home,0,0,0,0,0,0,0,0,0,0,0,16,14,11,3,139,102,37,0,1,0,1,13,23,6,1,0,0,3,0,2017
30805,Frank,Pritchard,Parramatta Eels,Second Row,2017-04-01T00:00:00Z,100950505,10095,5,away,0,0,0,0,0,0,0,0,4,0,0,15,12,10,1,117,99,7,0,0,0,0,11,22,1,2,0,0,0,0,2017
30805,Frank,Pritchard,Parramatta Eels,Second Row,2017-04-09T00:00:00Z,100950607,10095,6,away,0,0,0,0,0,0,0,0,1,0,0,6,4,4,0,37,37,0,0,0,0,0,4,21,0,1,0,0,1,1,2017
30822,Dene,Halatau,Wests Tigers,Hooker,2016-03-14T00:00:00Z,98670208,9867,2,home,0,0,0,0,0,0,0,0,44,0,0,48,3,0,1,30,0,8,0,0,0,0,3,16,0,2,0,0,1,0,2016
30822,Dene,Halatau,Wests Tigers,Hooker,2016-03-19T00:00:00Z,98670305,9867,3,away,0,0,0,0,0,0,0,0,63,0,0,66,2,0,0,16,0,0,0,0,0,0,2,28,1,0,0,0,1,0,2016
30822,Dene,Halatau,Wests Tigers,Hooker,2016-03-28T00:00:00Z,98670407,9867,4,home,0,0,0,0,0,0,0,0,31,0,0,39,7,6,1,51,44,8,0,1,0,0,7,36,3,1,0,0,0,0,2016
30822,Dene,Halatau,Wests Tigers,Second Row,2016-04-02T00:00:00Z,98670504,9867,5,home,0,0,0,0,0,0,0,0,1,0,0,13,11,9,1,105,80,13,0,0,0,2,11,21,2,4,0,0,1,2,2016
30822,Dene,Halatau,Wests Tigers,Second Row,2016-04-10T00:00:00Z,98670607,9867,6,away,0,0,0,0,0,0,0,0,3,0,0,14,10,8,2,88,76,12,0,0,0,0,10,29,0,0,0,0,1,2,2016
30822,Dene,Halatau,Wests Tigers,Second Row,2016-04-17T00:00:00Z,98670707,9867,7,home,0,0,0,0,0,0,0,0,2,0,0,10,8,8,0,74,74,0,0,0,0,0,8,28,2,3,0,0,0,0,2016
30822,Dene,Halatau,Wests Tigers,Lock,2016-04-23T00:00:00Z,98670803,9867,8,away,0,0,0,0,0,0,0,0,0,0,0,0,0,0,0,0,0,0,0,0,0,0,0,2,0,0,0,0,0,0,2016
30822,Dene,Halatau,Wests Tigers,Lock,2016-04-28T00:00:00Z,98670901,9867,9,away,0,0,0,0,0,0,0,0,1,0,0,9,8,8,0,89,89,0,0,0,0,0,8,27,2,2,0,0,0,1,2016
30823,Robbie,Farah,South Sydney Rabbitohs,Hooker,2017-03-03T00:00:00Z,100950103,10095,1,home,0,0,0,0,0,0,0,0,70,169,5,82,10,0,2,99,0,13,0,1,0,1,5,32,1,1,0,0,1,0,2017
30823,Robbie,Farah,South Sydney Rabbitohs,Hooker,2017-03-11T00:00:00Z,100950205,10095,2,away,4,1,0,0,0,0,2,2,63,158,5,73,4,0,1,57,0,29,0,1,0,1,2,20,0,0,0,0,1,0,2017
30823,Robbie,Farah,South Sydney Rabbitohs,Hooker,2017-03-18T00:00:00Z,100950304,10095,3,away,0,0,0,0,0,0,0,0,43,33,1,51,8,0,3,59,0,18,0,0,0,0,7,21,0,1,0,0,0,0,2017
30823,Robbie,Farah,South Sydney Rabbitohs,Hooker,2017-03-23T00:00:00Z,100950401,10095,4,home,0,0,0,0,0,0,0,0,66,63,4,73,3,0,1,33,0,9,0,1,0,1,2,36,1,1,0,0,0,0,2017
30823,Robbie,Farah,South Sydney Rabbitohs,Interchange,2017-03-31T00:00:00Z,100950503,10095,5,away,0,0,0,0,0,0,0,0,4,0,0,5,1,0,0,13,0,0,0,0,0,0,1,4,1,0,0,0,0,0,2017
30823,Robbie,Farah,South Sydney Rabbitohs,Interchange,2017-04-07T00:00:00Z,100950603,10095,6,away,0,0,0,0,0,0,0,0,56,92,2,62,4,0,3,23,0,15,0,0,0,0,4,20,0,0,0,0,0,0,2017
30823,Robbie,Farah,South Sydney Rabbitohs,Interchange,2017-04-14T00:00:00Z,100950701,10095,7,away,0,0,0,0,0,0,0,1,65,52,2,68,6,0,2,65,0,33,0,1,0,1,0,34,0,0,0,0,0,1,2017
30823,Robbie,Farah,South Sydney Rabbitohs,Interchange,2017-04-21T00:00:00Z,100950802,10095,8,home,0,0,0,0,0,0,2,3,57,56,2,61,1,0,0,14,0,0,0,0,0,0,1,22,0,1,0,0,1,0,2017
30823,Robbie,Farah,South Sydney Rabbitohs,Interchange,2017-04-28T00:00:00Z,100950902,10095,9,home,0,0,0,0,0,0,0,0,55,45,1,57,1,0,0,8,0,0,0,0,0,0,1,23,1,3,0,0,1,0,2017
30823,Robbie,Farah,Wests Tigers,Hooker,2019-03-16T00:00:00Z,106840105,10684,1,home,8,2,0,0,0,0,0,1,128,163,7,141,8,0,1,53,0,2,0,0,1,1,3,44,2,2,0,0,1,2,2019
30823,Robbie,Farah,Wests Tigers,Hooker,2019-03-24T00:00:00Z,106840208,10684,2,home,4,1,0,0,0,0,3,2,123,69,3,129,6,0,0,43,0,0,0,0,1,2,2,32,2,1,0,0,0,1,2019
30823,Robbie,Farah,Wests Tigers,Hooker,2019-03-31T00:00:00Z,106840307,10684,3,home,0,0,0,0,0,0,0,0,117,133,4,124,3,0,0,37,0,0,0,0,0,0,3,42,2,0,0,0,0,0,2019
30823,Robbie,Farah,Wests Tigers,Hooker,2019-04-05T00:00:00Z,106840403,10684,4,away,0,0,0,0,0,0,0,0,126,135,4,134,2,0,0,18,0,0,0,1,0,0,2,53,2,0,0,0,1,1,2019
30823,Robbie,Farah,Wests Tigers,Hooker,2019-04-11T00:00:00Z,106840501,10684,5,away,0,0,0,0,0,0,0,1,101,105,3,110,9,0,1,65,0,0,0,2,0,2,3,44,2,1,0,0,1,0,2019
30823,Robbie,Farah,Wests Tigers,Hooker,2019-04-22T00:00:00Z,106840608,10684,6,away,0,0,0,0,0,0,0,0,15,49,1,16,0,0,0,0,0,0,0,0,0,0,0,8,0,0,0,0,0,0,2019
30823,Robbie,Farah,Wests Tigers,Hooker,2019-04-27T00:00:00Z,106840705,10684,7,home,0,0,0,0,0,0,0,0,104,94,3,111,8,0,2,61,0,13,0,1,0,0,3,40,3,1,0,0,1,0,2019
30823,Robbie,Farah,Wests Tigers,Hooker,2019-05-04T00:00:00Z,106840806,10684,8,away,4,1,0,0,0,0,0,1,72,156,6,83,8,0,2,56,0,9,0,1,1,1,2,50,0,3,0,1,1,1,2019
30823,Robbie,Farah,Wests Tigers,Hooker,2019-05-10T00:00:00Z,106840902,10684,9,home,0,0,0,0,0,0,1,0,91,95,2,95,6,0,0,75,0,0,0,0,1,3,2,30,0,0,0,0,0,2,2019
30833,Sam,Thaiday,Brisbane Broncos,Second Row,2017-03-02T00:00:00Z,100950101,10095,1,away,0,0,0,0,0,0,0,0,2,0,0,14,12,9,2,90,74,12,0,0,0,3,12,19,1,1,0,0,0,1,2017
30833,Sam,Thaiday,Brisbane Broncos,Second Row,2017-03-10T00:00:00Z,100950203,10095,2,home,0,0,0,0,0,0,0,0,6,0,0,15,10,9,1,95,87,8,0,0,0,0,9,35,0,2,0,0,0,0,2017
30833,Sam,Thaiday,Brisbane Broncos,Second Row,2017-03-16T00:00:00Z,100950301,10095,3,away,0,0,0,0,0,0,0,0,3,0,0,14,10,8,2,89,76,13,0,0,0,0,10,23,1,1,0,0,1,1,2017
30833,Sam,Thaiday,Brisbane Broncos,Second Row,2017-03-24T00:00:00Z,100950403,10095,4,home,0,0,0,0,0,0,0,0,1,0,0,9,7,5,1,50,39,8,0,0,0,1,7,21,1,1,0,0,1,1,2017
30833,Sam,Thaiday,Brisbane Broncos,Second Row,2017-03-30T00:00:00Z,100950501,10095,5,away,4,1,0,0,0,0,0,0,1,0,0,14,12,12,0,98,98,0,0,0,0,0,12,28,0,3,0,0,0,1,2017
30833,Sam,Thaiday,Brisbane Broncos,Interchange,2017-04-06T00:00:00Z,100950601,10095,6,home,4,1,0,0,0,0,0,0,7,0,0,17,9,8,1,89,77,12,0,0,1,1,9,16,1,2,0,0,0,0,2017
30833,Sam,Thaiday,Brisbane Broncos,Interchange,2017-04-14T00:00:00Z,100950703,10095,7,home,0,0,0,0,0,0,0,0,3,0,0,11,7,5,2,62,39,23,0,2,0,0,6,16,0,1,0,0,0,0,2017
30833,Sam,Thaiday,Brisbane Broncos,Interchange,2017-04-21T00:00:00Z,100950802,10095,8,away,0,0,0,0,0,0,0,0,1,0,0,14,13,12,1,132,121,11,0,0,0,1,13,20,0,2,0,0,0,0,2017
30833,Sam,Thaiday,Brisbane Broncos,Interchange,2017-04-27T00:00:00Z,100950901,10095,9,home,0,0,0,0,0,0,0,0,0,0,0,9,9,9,0,71,71,0,0,0,0,3,9,15,1,2,0,0,1,0,2017
30833,Sam,Thaiday,Brisbane Broncos,Hooker,2018-03-08T00:00:00Z,104120101,10412,1,away,0,0,0,0,0,0,0,0,29,0,0,34,4,3,0,41,24,0,0,0,0,0,4,22,0,1,0,0,1,1,2018
30833,Sam,Thaiday,Brisbane Broncos,Interchange,2018-03-16T00:00:00Z,104120203,10412,2,home,0,0,0,0,0,0,0,0,2,0,0,8,5,5,0,49,49,0,0,0,0,1,5,14,1,0,0,0,0,1,2018
30833,Sam,Thaiday,Brisbane Broncos,Interchange,2018-03-23T00:00:00Z,104120303,10412,3,away,0,0,0,0,0,0,0,0,1,0,0,8,7,7,0,61,61,0,0,0,0,1,7,22,0,0,0,0,0,0,2018
30833,Sam,Thaiday,Brisbane Broncos,Interchange,2018-04-01T00:00:00Z,104120407,10412,4,home,0,0,0,0,0,0,0,0,0,0,0,5,4,4,0,33,33,0,0,0,0,0,4,23,1,0,0,0,1,0,2018
30833,Sam,Thaiday,Brisbane Broncos,Interchange,2018-04-07T00:00:00Z,104120506,10412,5,away,0,0,0,0,0,0,0,0,2,0,0,10,8,6,1,73,48,6,0,0,0,0,8,13,1,1,0,0,0,0,2018
30833,Sam,Thaiday,Brisbane Broncos,Prop,2018-04-14T00:00:00Z,104120604,10412,6,away,0,0,0,0,0,0,0,0,0,0,0,5,5,5,0,57,57,0,0,0,0,0,5,22,0,1,0,0,0,2,2018
30833,Sam,Thaiday,Brisbane Broncos,Prop,2018-04-20T00:00:00Z,104120703,10412,7,home,0,0,0,0,0,0,0,0,1,0,0,5,5,4,1,47,40,7,0,0,0,0,4,17,0,0,0,0,0,0,2018
30833,Sam,Thaiday,Brisbane Broncos,Prop,2018-04-26T00:00:00Z,104120803,10412,8,away,0,0,0,0,0,0,0,0,4,0,0,11,7,6,0,55,47,0,0,0,0,0,7,21,0,2,0,0,0,0,2018
30833,Sam,Thaiday,Brisbane Broncos,Prop,2018-05-03T00:00:00Z,104120901,10412,9,home,0,0,0,0,0,0,0,0,5,0,0,13,7,6,1,56,47,10,0,1,0,0,7,25,1,1,0,0,0,0,2018
30834,Matt,Ballin,Wests Tigers,Interchange,2017-04-02T00:00:00Z,100950508,10095,5,home,0,0,0,0,0,0,0,0,12,7,1,13,0,0,0,0,0,0,0,0,0,0,0,8,0,0,0,0,0,0,2017
30837,Jacob,Lillyman,Newcastle Knights,Prop,2018-03-25T00:00:00Z,104120308,10412,3,away,0,0,0,0,0,0,0,0,0,0,0,8,7,5,0,66,41,0,0,0,0,0,8,25,0,0,0,0,0,0,2018
30842,Ben,Creagh,St George-Illawarra Dragons,Interchange,2016-03-07T00:00:00Z,98670108,9867,1,away,0,0,0,0,0,0,0,0,0,0,0,6,6,5,0,61,47,0,0,0,0,0,5,7,0,0,0,0,1,0,2016
30842,Ben,Creagh,St George-Illawarra Dragons,Interchange,2016-03-13T00:00:00Z,98670206,9867,2,away,0,0,0,0,0,0,0,0,0,0,0,5,5,3,0,53,31,0,0,0,0,0,5,19,0,0,0,0,0,0,2016
30842,Ben,Creagh,St George-Illawarra Dragons,Interchange,2016-03-20T00:00:00Z,98670307,9867,3,home,0,0,0,0,0,0,0,0,1,0,0,9,8,7,0,71,57,0,0,0,0,0,8,9,0,0,0,0,0,0,2016
30849,Sonny Bill,Williams,Sydney Roosters,Interchange,2020-10-09T00:00:00Z,110960201,11096,2,home,0,0,0,0,0,0,0,0,11,0,0,22,17,5,11,112,37,61,0,3,0,1,8,21,0,3,0,0,0,0,2020
30862,Benji,Marshall,St George-Illawarra Dragons,Halfback,2016-04-02T00:00:00Z,98670505,9867,5,away,0,0,0,0,0,0,0,0,28,182,8,42,7,0,6,48,0,38,0,1,0,1,4,11,1,4,0,0,2,0,2016
30862,Benji,Marshall,St George-Illawarra Dragons,Halfback,2016-05-01T00:00:00Z,98670906,9867,9,away,0,0,0,0,0,0,0,0,36,170,7,45,5,0,5,39,0,39,0,0,0,0,2,12,0,2,0,0,0,1,2016
30862,Benji,Marshall,Brisbane Broncos,Halfback,2017-09-08T00:00:00Z,100960101,10096,1,away,0,0,0,0,0,0,2,0,30,413,13,47,2,0,1,20,0,13,0,0,0,0,2,18,2,3,0,0,2,1,2017
30862,Benji,Marshall,Brisbane Broncos,Halfback,2017-09-15T00:00:00Z,100960201,10096,2,home,0,0,0,0,0,0,0,0,26,426,12,45,8,0,6,63,0,50,0,0,0,3,6,23,2,3,0,0,0,2,2017
30862,Benji,Marshall,Wests Tigers,Five-Eighth,2018-03-10T00:00:00Z,104120104,10412,1,home,0,0,0,0,0,0,0,0,33,316,12,49,4,0,4,65,0,65,0,0,0,1,3,10,0,5,0,0,1,0,2018
30862,Benji,Marshall,Wests Tigers,Five-Eighth,2018-03-17T00:00:00Z,104120206,10412,2,away,0,0,0,0,0,0,0,0,35,280,8,46,6,0,6,56,0,56,0,1,0,1,2,9,1,4,0,0,0,1,2018
30862,Benji,Marshall,Wests Tigers,Five-Eighth,2018-03-23T00:00:00Z,104120303,10412,3,home,0,0,0,0,0,0,0,0,33,307,9,46,5,0,3,8,0,8,0,0,0,0,3,16,2,2,0,0,1,0,2018
30862,Benji,Marshall,Wests Tigers,Five-Eighth,2018-04-02T00:00:00Z,104120408,10412,4,home,0,0,0,0,0,0,1,1,35,265,7,43,3,0,3,31,0,31,0,0,0,2,0,21,0,2,0,0,1,0,2018
30862,Benji,Marshall,Wests Tigers,Five-Eighth,2018-04-07T00:00:00Z,104120504,10412,5,home,0,0,0,0,0,0,0,0,22,225,6,36,5,0,3,34,0,24,0,3,0,0,2,15,5,4,0,0,3,1,2018
30862,Benji,Marshall,Wests Tigers,Five-Eighth,2018-04-15T00:00:00Z,104120608,10412,6,away,8,2,0,0,0,0,0,0,32,242,11,51,10,0,9,115,0,105,0,1,3,3,5,8,1,4,0,0,0,1,2018
30862,Benji,Marshall,Wests Tigers,Five-Eighth,2018-04-21T00:00:00Z,104120705,10412,7,home,0,0,0,0,0,0,1,0,26,226,8,36,3,0,3,33,0,33,0,0,0,1,2,20,0,3,1,0,0,2,2018
30862,Benji,Marshall,Wests Tigers,Five-Eighth,2018-04-29T00:00:00Z,104120808,10412,8,away,4,1,0,0,0,0,0,2,23,378,10,38,4,0,4,40,0,40,0,0,1,1,4,19,1,4,0,0,0,0,2018
30862,Benji,Marshall,Wests Tigers,Five-Eighth,2018-05-05T00:00:00Z,104120905,10412,9,away,0,0,0,0,0,0,0,1,25,130,6,36,5,0,4,31,0,26,0,2,0,1,2,15,0,1,0,0,1,1,2018
30862,Benji,Marshall,Wests Tigers,Five-Eighth,2020-03-15T00:00:00Z,110950108,11095,1,away,12,1,4,3,1,1,2,0,60,440,16,79,3,0,3,24,0,24,0,1,1,1,0,11,0,6,0,0,0,0,2020
30862,Benji,Marshall,Wests Tigers,Five-Eighth,2020-03-22T00:00:00Z,110950207,11095,2,home,8,0,4,4,0,0,1,1,28,444,13,43,3,0,2,19,0,7,0,0,0,2,1,15,1,3,0,0,2,0,2020
30862,Benji,Marshall,Wests Tigers,Five-Eighth,2020-05-30T00:00:00Z,110950305,11095,3,away,4,0,4,1,1,1,0,1,29,257,10,44,7,0,5,65,0,41,0,0,1,3,4,13,2,3,0,0,0,0,2020
30862,Benji,Marshall,Wests Tigers,Five-Eighth,2020-06-07T00:00:00Z,110950407,11095,4,away,6,0,4,3,0,0,1,1,35,112,4,43,3,0,2,14,0,11,0,1,0,0,1,20,1,3,0,0,1,1,2020
30862,Benji,Marshall,Wests Tigers,Interchange,2020-07-10T00:00:00Z,110950903,11095,9,away,0,0,0,0,0,0,0,1,24,72,3,32,5,0,5,38,0,38,0,0,0,0,5,3,0,2,0,0,0,0,2020
30862,Benji,Marshall,South Sydney Rabbitohs,Interchange,2021-03-11T00:00:00Z,113550101,11355,1,away,0,0,0,0,0,0,0,0,22,0,0,27,5,0,4,35,0,33,10,0,0,0,5,19,0,3,0,0,0,0,2021
30862,Benji,Marshall,South Sydney Rabbitohs,Interchange,2021-03-20T00:00:00Z,113550205,11355,2,away,0,0,0,0,0,0,0,0,25,220,8,36,4,0,4,28,0,28,7,1,1,1,2,13,0,0,0,0,0,0,2021
30862,Benji,Marshall,South Sydney Rabbitohs,Interchange,2021-03-26T00:00:00Z,113550303,11355,3,home,0,0,0,0,0,0,0,0,1,0,0,1,0,0,0,0,0,0,0,0,0,0,0,2,0,1,0,0,0,0,2021
30862,Benji,Marshall,South Sydney Rabbitohs,Interchange,2021-04-02T00:00:00Z,113550402,11355,4,away,0,0,0,0,0,0,1,0,27,49,3,30,1,0,1,1,0,1,0,0,0,0,0,16,0,0,0,0,1,0,2021
30862,Benji,Marshall,South Sydney Rabbitohs,Five-Eighth,2021-04-08T00:00:00Z,113550501,11355,5,home,4,1,0,0,0,0,1,2,46,34,2,54,6,0,6,50,0,50,3,0,2,1,3,23,4,4,0,0,2,1,2021
30862,Benji,Marshall,South Sydney Rabbitohs,Interchange,2021-04-17T00:00:00Z,113550605,11355,6,home,0,0,0,0,0,0,0,0,8,57,2,11,3,0,3,24,0,24,9,0,0,2,1,10,0,2,0,0,0,0,2021
30862,Benji,Marshall,South Sydney Rabbitohs,Centre,2021-04-23T00:00:00Z,113550702,11355,7,away,8,2,0,0,0,0,1,3,24,94,3,32,10,0,10,99,0,99,22,0,1,2,2,8,1,1,0,0,1,1,2021
30862,Benji,Marshall,South Sydney Rabbitohs,Five-Eighth,2021-04-29T00:00:00Z,113550801,11355,8,away,0,0,0,0,0,0,1,1,24,161,4,34,6,0,6,34,0,34,3,2,0,0,2,11,0,3,0,0,2,0,2021
30862,Benji,Marshall,South Sydney Rabbitohs,Halfback,2021-05-06T00:00:00Z,113550901,11355,9,home,0,0,0,0,0,0,0,0,23,265,5,30,5,0,5,23,0,23,1,0,0,1,1,20,1,2,0,0,1,0,2021
30899,Anthony,Tupou,Newcastle Knights,Interchange,2017-04-01T00:00:00Z,100950504,10095,5,away,0,0,0,0,0,0,0,0,0,0,0,4,4,4,0,36,36,0,0,1,0,0,3,20,1,0,0,0,0,0,2017
30899,Anthony,Tupou,Newcastle Knights,Interchange,2017-04-07T00:00:00Z,100950602,10095,6,home,0,0,0,0,0,0,0,0,2,0,0,7,4,4,0,34,34,0,0,0,0,0,5,13,1,0,0,0,0,0,2017
30899,Anthony,Tupou,Newcastle Knights,Interchange,2017-04-22T00:00:00Z,100950804,10095,8,away,0,0,0,0,0,0,0,0,3,0,0,5,2,2,0,16,16,0,0,0,0,0,2,15,0,0,0,0,0,0,2017
30910,Jeff,Lima,Canberra Raiders,Interchange,2016-03-05T00:00:00Z,98670103,9867,1,home,0,0,0,0,0,0,0,0,2,0,0,14,12,8,1,127,72,7,0,0,0,0,12,10,0,1,0,0,0,0,2016
30910,Jeff,Lima,Canberra Raiders,Interchange,2016-03-12T00:00:00Z,98670203,9867,2,home,0,0,0,0,0,0,0,0,0,0,0,15,16,12,0,161,106,0,0,0,0,0,15,28,0,1,0,0,0,1,2016
30910,Jeff,Lima,Canberra Raiders,Interchange,2016-03-19T00:00:00Z,98670303,9867,3,away,0,0,0,0,0,0,0,0,1,0,0,11,10,10,0,85,85,0,0,0,0,0,10,27,0,1,0,0,0,2,2016
30910,Jeff,Lima,Canberra Raiders,Interchange,2016-03-26T00:00:00Z,98670403,9867,4,home,0,0,0,0,0,0,0,0,0,0,0,1,1,1,0,12,12,0,0,0,0,0,1,2,0,0,0,0,0,2,2016
30910,Jeff,Lima,Canberra Raiders,Interchange,2017-03-04T00:00:00Z,100950105,10095,1,away,0,0,0,0,0,0,0,0,0,0,0,6,5,3,0,52,29,0,0,0,0,0,5,6,0,1,0,0,1,0,2017
30910,Jeff,Lima,Canberra Raiders,Interchange,2017-03-11T00:00:00Z,100950206,10095,2,home,0,0,0,0,0,0,0,0,0,0,0,4,4,2,0,33,14,0,0,0,0,0,4,14,1,0,0,0,0,0,2017
30914,Cooper,Cronk,Sydney Roosters,Halfback,2018-03-10T00:00:00Z,104120104,10412,1,away,0,0,0,0,0,0,0,0,31,473,13,48,4,0,4,42,0,42,0,0,0,1,4,17,1,1,0,0,0,0,2018
30914,Cooper,Cronk,Sydney Roosters,Halfback,2018-03-16T00:00:00Z,104120202,10412,2,home,4,1,0,0,0,0,0,1,33,395,11,47,2,0,2,37,0,37,0,0,0,0,2,15,0,2,0,0,0,0,2018
30914,Cooper,Cronk,Sydney Roosters,Halfback,2018-03-25T00:00:00Z,104120308,10412,3,home,4,1,0,0,0,0,2,1,34,420,9,46,2,0,2,8,0,8,0,0,0,0,1,16,0,2,1,0,1,1,2018
30914,Cooper,Cronk,Sydney Roosters,Halfback,2018-03-31T00:00:00Z,104120404,10412,4,home,0,0,0,0,0,0,0,0,28,261,6,36,1,0,1,3,0,3,0,0,0,1,1,20,1,1,0,0,1,1,2018
30914,Cooper,Cronk,Sydney Roosters,Halfback,2018-04-06T00:00:00Z,104120502,10412,5,away,0,0,0,0,0,0,1,0,36,547,14,52,1,0,1,7,0,7,0,0,0,0,2,14,2,1,0,0,1,0,2018
30914,Cooper,Cronk,Sydney Roosters,Halfback,2018-04-12T00:00:00Z,104120601,10412,6,home,0,0,0,0,0,0,0,0,32,303,8,44,2,0,2,20,0,20,0,2,0,0,1,17,2,2,0,0,1,1,2018
30914,Cooper,Cronk,Sydney Roosters,Halfback,2018-04-19T00:00:00Z,104120701,10412,7,away,0,0,0,0,0,0,0,0,36,583,15,52,1,0,1,11,0,11,0,0,0,0,1,28,4,2,0,0,0,0,2018
30914,Cooper,Cronk,Sydney Roosters,Halfback,2018-04-25T00:00:00Z,104120801,10412,8,away,0,0,0,0,0,0,0,0,42,364,15,63,5,0,5,35,0,35,0,0,0,0,5,17,1,2,0,0,1,2,2018
30914,Cooper,Cronk,Sydney Roosters,Halfback,2018-05-06T00:00:00Z,104120908,10412,9,home,0,0,0,0,0,0,0,0,26,493,12,41,2,0,2,33,0,33,0,0,0,0,2,13,2,3,0,0,1,0,2018
30914,Cooper,Cronk,Sydney Roosters,Halfback,2019-03-15T00:00:00Z,106840103,10684,1,home,0,0,0,0,0,0,1,1,29,320,8,39,4,0,4,33,0,33,0,1,0,1,1,19,1,2,0,0,1,0,2019
30914,Cooper,Cronk,Sydney Roosters,Halfback,2019-04-04T00:00:00Z,106840401,10684,4,home,0,0,0,0,0,0,3,2,35,242,6,42,3,0,3,29,0,29,0,0,0,0,1,7,0,0,0,0,0,0,2019
30914,Cooper,Cronk,Sydney Roosters,Halfback,2019-04-13T00:00:00Z,106840506,10684,5,away,4,1,0,0,0,0,0,0,33,430,11,50,3,0,3,38,0,38,0,0,0,1,4,21,1,1,0,0,1,0,2019
30914,Cooper,Cronk,Sydney Roosters,Halfback,2019-04-19T00:00:00Z,106840603,10684,6,away,0,0,0,0,0,0,0,0,26,472,9,40,4,0,4,20,0,20,0,0,0,0,3,25,0,1,0,0,2,0,2019
30914,Cooper,Cronk,Sydney Roosters,Halfback,2019-04-25T00:00:00Z,106840701,10684,7,home,0,0,0,0,0,0,0,0,40,621,22,67,8,0,8,39,0,39,0,0,0,0,4,18,2,3,0,0,1,0,2019
30914,Cooper,Cronk,Sydney Roosters,Halfback,2019-05-04T00:00:00Z,106840806,10684,8,home,0,0,0,0,0,0,1,1,26,515,14,46,4,0,4,20,0,20,0,0,0,1,3,14,1,0,0,1,2,1,2019
30914,Cooper,Cronk,Sydney Roosters,Halfback,2019-05-12T00:00:00Z,106840907,10684,9,home,4,1,0,0,0,0,0,0,25,279,7,35,3,0,3,33,0,33,0,0,0,0,1,12,2,1,0,0,0,1,2019
30914,Cooper,Cronk,Sydney Roosters,Halfback,2019-09-28T00:00:00Z,106850302,10685,3,home,0,0,0,0,0,0,0,1,26,201,6,34,5,0,5,47,0,47,0,0,0,2,1,18,3,2,0,0,1,0,2019
30941,Sam,Perrett,Canterbury-Bankstown Bulldogs,Wing,2016-03-04T00:00:00Z,98670102,9867,1,away,4,1,0,0,0,0,0,0,9,7,1,21,10,0,7,95,0,50,0,0,2,2,10,9,0,0,0,0,0,1,2016
30941,Sam,Perrett,Canterbury-Bankstown Bulldogs,Wing,2016-03-10T00:00:00Z,98670201,9867,2,away,0,0,0,0,0,0,0,0,10,0,0,25,13,6,4,111,58,39,0,1,0,1,13,2,0,1,0,0,2,0,2016
30941,Sam,Perrett,Canterbury-Bankstown Bulldogs,Wing,2016-03-18T00:00:00Z,98670302,9867,3,home,0,0,0,0,0,0,0,0,5,0,0,21,14,0,13,96,0,85,0,0,0,2,16,8,1,3,0,0,1,0,2016
30941,Sam,Perrett,Canterbury-Bankstown Bulldogs,Wing,2016-03-25T00:00:00Z,98670401,9867,4,away,4,1,0,0,0,0,1,0,6,12,1,20,14,0,13,127,0,115,0,1,1,2,11,1,1,2,0,0,0,0,2016
30941,Sam,Perrett,Canterbury-Bankstown Bulldogs,Wing,2016-04-04T00:00:00Z,98670508,9867,5,home,0,0,0,0,0,0,0,0,8,52,2,26,15,6,8,95,36,50,0,0,0,1,14,6,0,2,0,1,4,0,2016
30941,Sam,Perrett,Canterbury-Bankstown Bulldogs,Wing,2016-04-11T00:00:00Z,98670608,9867,6,away,4,1,0,0,0,0,0,0,6,0,0,22,13,4,5,100,27,37,0,0,0,2,14,12,0,0,1,0,2,0,2016
30941,Sam,Perrett,Canterbury-Bankstown Bulldogs,Wing,2016-04-16T00:00:00Z,98670704,9867,7,home,8,2,0,0,0,0,2,2,6,26,1,23,16,3,13,148,32,115,0,0,2,3,12,9,0,3,0,1,2,0,2016
30941,Sam,Perrett,Canterbury-Bankstown Bulldogs,Wing,2016-04-23T00:00:00Z,98670802,9867,8,home,4,1,0,0,0,0,0,0,4,0,0,16,9,0,4,87,0,34,0,0,1,2,10,9,0,2,0,0,1,1,2016
30944,John,Sutton,South Sydney Rabbitohs,Second Row,2016-03-06T00:00:00Z,98670106,9867,1,away,0,0,0,0,0,0,1,1,18,2,1,32,12,4,8,117,42,76,0,2,0,0,11,23,3,6,0,0,0,0,2016
30944,John,Sutton,South Sydney Rabbitohs,Second Row,2018-03-10T00:00:00Z,104120105,10412,1,home,0,0,0,0,0,0,0,0,7,0,0,12,7,4,3,86,44,42,0,0,0,1,5,34,0,4,0,0,0,1,2018
30944,John,Sutton,South Sydney Rabbitohs,Second Row,2018-03-17T00:00:00Z,104120205,10412,2,away,0,0,0,0,0,0,0,0,10,0,0,17,8,4,4,87,45,42,0,0,0,0,7,34,1,0,0,0,0,0,2018
30944,John,Sutton,South Sydney Rabbitohs,Second Row,2018-03-24T00:00:00Z,104120305,10412,3,home,0,0,0,0,0,0,0,0,3,0,0,13,11,10,1,94,88,6,0,0,0,0,10,19,1,0,0,0,0,0,2018
30944,John,Sutton,South Sydney Rabbitohs,Second Row,2018-03-30T00:00:00Z,104120402,10412,4,home,0,0,0,0,0,0,1,1,16,0,0,28,13,11,2,124,99,25,0,0,0,1,12,29,1,1,0,0,0,0,2018
30944,John,Sutton,South Sydney Rabbitohs,Second Row,2018-04-06T00:00:00Z,104120503,10412,5,away,0,0,0,0,0,0,1,1,13,0,0,24,10,6,4,88,58,31,0,0,0,1,9,23,1,1,0,0,2,0,2018
30944,John,Sutton,South Sydney Rabbitohs,Second Row,2018-04-12T00:00:00Z,104120601,10412,6,away,4,1,0,0,0,0,0,0,13,0,0,27,15,10,4,148,108,36,0,1,1,4,12,24,0,1,0,0,0,2,2018
30944,John,Sutton,South Sydney Rabbitohs,Second Row,2018-04-21T00:00:00Z,104120704,10412,7,home,0,0,0,0,0,0,0,0,12,0,0,21,9,4,5,87,38,50,0,1,0,1,6,13,1,2,0,1,1,1,2018
30944,John,Sutton,South Sydney Rabbitohs,Second Row,2018-04-26T00:00:00Z,104120803,10412,8,home,4,1,0,0,0,0,0,1,22,6,1,31,10,2,8,80,18,62,0,1,1,2,6,27,0,2,0,0,0,0,2018
30944,John,Sutton,South Sydney Rabbitohs,Second Row,2018-05-04T00:00:00Z,104120902,10412,9,away,0,0,0,0,0,0,0,0,15,0,0,25,10,9,0,76,62,0,0,0,0,1,9,26,1,1,0,0,1,0,2018
30944,John,Sutton,South Sydney Rabbitohs,Second Row,2019-03-15T00:00:00Z,106840103,10684,1,away,0,0,0,0,0,0,1,1,10,0,0,24,15,10,5,119,84,35,0,2,0,1,12,17,1,1,0,0,0,1,2019
30944,John,Sutton,South Sydney Rabbitohs,Second Row,2019-03-21T00:00:00Z,106840201,10684,2,away,0,0,0,0,0,0,0,0,2,0,0,5,3,1,2,22,8,15,0,0,0,1,2,10,2,1,0,0,1,1,2019
30944,John,Sutton,South Sydney Rabbitohs,Second Row,2019-03-31T00:00:00Z,106840308,10684,3,home,0,0,0,0,0,0,0,0,6,0,0,20,14,10,3,116,85,24,0,0,0,0,14,21,0,0,0,0,0,0,2019
30944,John,Sutton,South Sydney Rabbitohs,Second Row,2019-04-06T00:00:00Z,106840404,10684,4,away,0,0,0,0,0,0,0,0,0,27,1,9,7,3,4,52,23,29,0,1,0,0,6,15,0,1,0,0,1,0,2019
30944,John,Sutton,South Sydney Rabbitohs,Second Row,2019-04-13T00:00:00Z,106840504,10684,5,home,0,0,0,0,0,0,0,0,6,0,0,19,11,7,4,100,62,38,0,1,0,6,10,17,1,0,0,0,2,0,2019
30944,John,Sutton,South Sydney Rabbitohs,Second Row,2019-04-19T00:00:00Z,106840602,10684,6,away,0,0,0,0,0,0,0,0,14,0,0,26,13,9,3,125,95,21,0,0,0,4,12,22,1,1,0,0,0,0,2019
30944,John,Sutton,South Sydney Rabbitohs,Second Row,2019-04-26T00:00:00Z,106840704,10684,7,away,0,0,0,0,0,0,0,0,4,0,0,14,10,7,3,90,61,28,0,0,0,1,10,18,1,0,0,0,0,0,2019
30944,John,Sutton,South Sydney Rabbitohs,Second Row,2019-05-02T00:00:00Z,106840801,10684,8,home,4,1,0,0,0,0,0,0,5,63,2,20,13,12,1,127,119,7,0,0,1,3,12,19,0,1,0,0,0,0,2019
30944,John,Sutton,South Sydney Rabbitohs,Second Row,2019-05-12T00:00:00Z,106840908,10684,9,home,0,0,0,0,0,0,0,0,4,0,0,14,10,8,2,108,85,23,0,2,0,1,8,15,0,1,0,0,0,0,2019
30946,Matthew,Scott,North Queensland Cowboys,Prop,2019-03-16T00:00:00Z,106840106,10684,1,home,0,0,0,0,0,0,0,0,3,0,0,13,11,7,2,102,62,16,0,1,0,0,9,23,0,2,0,0,0,0,2019
30946,Matthew,Scott,North Queensland Cowboys,Prop,2019-03-22T00:00:00Z,106840203,10684,2,away,0,0,0,0,0,0,0,0,3,0,0,12,9,9,0,92,92,0,0,1,0,1,8,23,0,2,0,0,0,0,2019
30946,Matthew,Scott,North Queensland Cowboys,Prop,2019-03-30T00:00:00Z,106840305,10684,3,home,0,0,0,0,0,0,0,0,3,0,0,14,11,10,0,93,80,0,0,2,0,0,9,27,3,1,0,0,0,1,2019
30946,Matthew,Scott,North Queensland Cowboys,Prop,2019-04-06T00:00:00Z,106840405,10684,4,home,0,0,0,0,0,0,0,0,1,0,0,13,12,9,1,122,83,7,0,0,0,0,11,27,1,2,0,0,1,1,2019
30946,Matthew,Scott,North Queensland Cowboys,Prop,2019-04-12T00:00:00Z,106840503,10684,5,home,0,0,0,0,0,0,0,0,0,0,0,14,13,10,0,141,89,0,0,2,0,1,12,22,1,1,0,0,0,0,2019
30946,Matthew,Scott,North Queensland Cowboys,Prop,2019-04-20T00:00:00Z,106840604,10684,6,away,0,0,0,0,0,0,0,0,5,0,0,16,11,8,1,107,78,5,0,0,0,1,10,25,1,2,0,0,1,1,2019
30946,Matthew,Scott,North Queensland Cowboys,Prop,2019-04-26T00:00:00Z,106840703,10684,7,away,0,0,0,0,0,0,0,0,1,0,0,14,13,9,0,148,82,0,0,1,0,1,12,26,0,1,0,0,0,1,2019
30946,Matthew,Scott,North Queensland Cowboys,Prop,2019-05-03T00:00:00Z,106840802,10684,8,home,0,0,0,0,0,0,0,0,1,0,0,9,8,8,0,77,77,0,0,0,0,1,8,20,0,1,0,0,0,1,2019
30946,Matthew,Scott,North Queensland Cowboys,Prop,2019-05-12T00:00:00Z,106840908,10684,9,away,0,0,0,0,0,0,0,0,2,0,0,12,10,9,0,114,98,0,0,0,0,0,10,32,0,2,0,0,0,1,2019
30967,Mitchell,Aubusson,Sydney Roosters,Second Row,2016-03-26T00:00:00Z,98670404,9867,4,home,0,0,0,0,0,0,0,0,4,0,0,10,7,4,3,57,35,22,0,0,0,0,6,35,0,3,0,0,0,2,2016
30967,Mitchell,Aubusson,Sydney Roosters,Second Row,2016-04-03T00:00:00Z,98670506,9867,5,home,4,1,0,0,0,0,0,0,1,0,0,9,8,3,5,122,27,95,0,0,1,2,7,24,1,0,0,0,0,0,2016
30967,Mitchell,Aubusson,Sydney Roosters,Second Row,2016-04-08T00:00:00Z,98670602,9867,6,away,0,0,0,0,0,0,0,0,4,0,0,13,9,7,2,94,59,35,0,0,0,1,8,25,0,2,0,0,1,0,2016
30967,Mitchell,Aubusson,Sydney Roosters,Second Row,2016-04-18T00:00:00Z,98670708,9867,7,home,0,0,0,0,0,0,0,0,1,0,0,8,7,5,2,73,45,28,0,0,0,2,7,34,0,1,0,0,0,0,2016
30967,Mitchell,Aubusson,Sydney Roosters,Second Row,2016-04-25T00:00:00Z,98670807,9867,8,away,0,0,0,0,0,0,0,0,1,0,0,11,10,3,7,86,28,58,0,4,0,1,6,30,1,1,0,0,0,0,2016
30967,Mitchell,Aubusson,Sydney Roosters,Centre,2016-04-30T00:00:00Z,98670904,9867,9,home,4,1,0,0,0,0,0,0,2,0,0,20,16,3,12,123,19,100,0,3,0,3,14,14,1,0,0,0,0,0,2016
30967,Mitchell,Aubusson,Sydney Roosters,Second Row,2017-03-04T00:00:00Z,100950106,10095,1,away,0,0,0,0,0,0,0,0,2,0,0,8,6,2,4,41,14,26,0,0,0,2,6,31,0,1,0,0,0,1,2017
30967,Mitchell,Aubusson,Sydney Roosters,Second Row,2017-03-09T00:00:00Z,100950201,10095,2,home,4,1,0,0,0,0,0,0,1,0,0,9,8,6,2,79,42,37,0,1,1,3,6,39,0,1,0,0,0,0,2017
30967,Mitchell,Aubusson,Sydney Roosters,Second Row,2017-03-18T00:00:00Z,100950305,10095,3,away,0,0,0,0,0,0,0,0,1,0,0,10,9,8,1,72,69,3,0,0,0,0,9,42,2,0,0,0,0,0,2017
30967,Mitchell,Aubusson,Sydney Roosters,Second Row,2017-03-23T00:00:00Z,100950401,10095,4,away,0,0,0,0,0,0,0,0,1,0,0,10,9,6,3,75,52,23,0,0,0,0,9,38,0,1,0,0,0,0,2017
30967,Mitchell,Aubusson,Sydney Roosters,Second Row,2017-03-31T00:00:00Z,100950502,10095,5,home,0,0,0,0,0,0,0,0,1,0,0,10,8,8,0,50,50,0,0,0,0,1,9,41,1,2,0,0,0,1,2017
30967,Mitchell,Aubusson,Sydney Roosters,Second Row,2017-04-06T00:00:00Z,100950601,10095,6,away,4,1,0,0,0,0,0,0,0,0,0,7,6,3,3,62,28,34,0,0,1,2,5,32,0,1,0,0,1,0,2017
30967,Mitchell,Aubusson,Sydney Roosters,Second Row,2017-04-14T00:00:00Z,100950702,10095,7,away,0,0,0,0,0,0,1,1,2,0,0,11,8,6,2,76,61,15,0,0,0,0,9,35,1,0,0,0,1,0,2017
30967,Mitchell,Aubusson,Sydney Roosters,Interchange,2017-04-30T00:00:00Z,100950907,10095,9,away,0,0,0,0,0,0,0,0,1,0,0,8,7,5,1,61,37,19,0,0,0,0,7,13,0,0,0,0,0,0,2017
30967,Mitchell,Aubusson,Sydney Roosters,Centre,2019-03-23T00:00:00Z,106840206,10684,2,away,0,0,0,0,0,0,0,0,2,0,0,9,7,4,2,54,33,16,0,0,0,1,7,13,1,0,0,0,0,1,2019
30967,Mitchell,Aubusson,Sydney Roosters,Centre,2019-03-29T00:00:00Z,106840303,10684,3,away,4,1,0,0,0,0,0,0,3,0,0,9,5,2,2,45,11,26,0,0,1,0,5,14,3,0,0,0,0,0,2019
30967,Mitchell,Aubusson,Sydney Roosters,Second Row,2020-03-14T00:00:00Z,110950106,11095,1,away,4,1,0,0,0,0,0,0,6,0,0,14,8,2,6,65,20,45,0,1,0,1,6,31,2,2,0,0,0,1,2020
30967,Mitchell,Aubusson,Sydney Roosters,Second Row,2020-03-21T00:00:00Z,110950205,11095,2,home,0,0,0,0,0,0,0,0,3,0,0,8,5,3,1,46,33,3,0,0,0,0,5,41,3,0,0,0,0,1,2020
30967,Mitchell,Aubusson,Sydney Roosters,Interchange,2020-06-15T00:00:00Z,110950507,11095,5,away,0,0,0,0,0,0,0,0,1,0,0,5,3,2,1,25,14,11,0,0,0,0,4,13,0,0,0,0,0,0,2020
30967,Mitchell,Aubusson,Sydney Roosters,Interchange,2020-06-20T00:00:00Z,110950606,11095,6,home,0,0,0,0,0,0,0,0,1,0,0,2,2,1,1,16,10,6,0,0,0,0,1,3,0,0,0,0,0,0,2020
30967,Mitchell,Aubusson,Sydney Roosters,Centre,2020-06-26T00:00:00Z,110950703,11095,7,home,0,0,0,0,0,0,0,0,1,0,0,8,7,1,6,68,17,51,0,1,0,1,6,13,0,2,0,0,0,0,2020
30967,Mitchell,Aubusson,Sydney Roosters,Interchange,2020-07-02T00:00:00Z,110950801,11095,8,away,0,0,0,0,0,0,0,0,0,0,0,2,2,2,0,19,19,0,0,0,0,0,2,1,0,0,0,0,0,0,2020
30967,Mitchell,Aubusson,Sydney Roosters,Second Row,2020-07-09T00:00:00Z,110950901,11095,9,away,0,0,0,0,0,0,0,0,3,0,0,11,8,3,5,74,27,48,0,0,0,2,8,37,2,0,0,0,0,0,2020
30973,Adam,Blair,Warriors,Prop,2018-03-10T00:00:00Z,104120105,10412,1,away,0,0,0,0,0,0,1,0,4,0,0,13,8,7,0,68,56,0,0,1,0,0,6,24,1,4,0,0,1,2,2018
30973,Adam,Blair,Warriors,Prop,2018-03-17T00:00:00Z,104120204,10412,2,home,0,0,0,0,0,0,0,0,9,0,0,19,9,7,2,84,66,18,0,5,0,1,5,30,3,0,0,0,0,2,2018
30973,Adam,Blair,Warriors,Prop,2018-03-24T00:00:00Z,104120304,10412,3,away,0,0,0,0,0,0,0,0,4,0,0,7,3,3,0,27,27,0,0,0,0,0,3,24,0,1,0,0,0,1,2018
30973,Adam,Blair,Warriors,Lock,2018-03-31T00:00:00Z,104120404,10412,4,away,0,0,0,0,0,0,1,1,6,0,0,16,10,5,4,86,51,17,0,3,0,0,7,24,2,3,0,0,0,0,2018
30973,Adam,Blair,Warriors,Lock,2018-04-07T00:00:00Z,104120505,10412,5,home,0,0,0,0,0,0,0,0,5,0,0,12,5,3,2,43,29,14,0,0,0,0,5,47,0,3,0,0,2,1,2018
30973,Adam,Blair,Warriors,Lock,2018-04-14T00:00:00Z,104120604,10412,6,home,0,0,0,0,0,0,0,0,6,0,0,13,8,6,2,73,62,11,0,0,0,0,7,32,0,1,0,0,0,0,2018
30973,Adam,Blair,Warriors,Lock,2018-04-20T00:00:00Z,104120702,10412,7,home,0,0,0,0,0,0,1,1,5,0,0,11,5,4,0,41,26,0,0,1,0,0,5,35,1,5,0,0,1,0,2018
30973,Adam,Blair,Warriors,Lock,2018-04-25T00:00:00Z,104120802,10412,8,away,0,0,0,0,0,0,0,0,7,0,0,18,10,8,2,78,68,10,0,1,0,0,9,33,0,1,0,0,1,1,2018
30973,Adam,Blair,Warriors,Lock,2018-05-05T00:00:00Z,104120905,10412,9,home,0,0,0,0,0,0,0,0,5,0,0,10,5,4,1,40,34,6,0,1,0,0,4,21,1,1,0,0,0,0,2018
30973,Adam,Blair,Warriors,Second Row,2019-03-16T00:00:00Z,106840104,10684,1,home,0,0,0,0,0,0,0,0,6,0,0,14,10,6,4,82,49,34,0,1,0,0,7,27,3,0,0,0,0,0,2019
30973,Adam,Blair,Warriors,Second Row,2019-03-24T00:00:00Z,106840208,10684,2,away,0,0,0,0,0,0,0,0,5,0,0,11,5,2,3,37,14,23,0,4,0,0,2,29,1,1,0,0,0,1,2019
30973,Adam,Blair,Warriors,Lock,2019-03-30T00:00:00Z,106840304,10684,3,away,0,0,0,0,0,0,1,1,5,0,0,14,8,6,2,60,46,14,0,4,0,0,5,34,0,2,0,0,0,2,2019
30973,Adam,Blair,Warriors,Interchange,2019-04-05T00:00:00Z,106840402,10684,4,home,0,0,0,0,0,0,0,0,4,0,0,12,8,5,3,70,45,25,0,1,0,1,7,16,0,2,0,0,0,0,2019
30973,Adam,Blair,Warriors,Second Row,2019-04-13T00:00:00Z,106840504,10684,5,away,0,0,0,0,0,0,0,0,2,11,1,6,3,1,2,19,7,12,0,1,0,0,1,39,3,3,0,0,1,0,2019
30973,Adam,Blair,Warriors,Second Row,2019-04-20T00:00:00Z,106840604,10684,6,home,0,0,0,0,0,0,0,0,1,0,0,11,6,6,0,39,39,0,0,2,0,0,5,35,1,1,0,0,2,2,2019
30973,Adam,Blair,Warriors,Second Row,2019-04-25T00:00:00Z,106840702,10684,7,away,4,1,0,0,0,0,0,0,2,0,0,4,1,0,1,14,0,14,0,0,1,2,0,47,0,5,0,1,1,1,2019
30973,Adam,Blair,Warriors,Interchange,2019-05-05T00:00:00Z,106840807,10684,8,home,0,0,0,0,0,0,0,0,1,0,0,9,8,8,0,66,66,0,0,0,0,1,8,29,0,1,0,0,0,2,2019
30973,Adam,Blair,Warriors,Second Row,2020-03-14T00:00:00Z,110950104,11095,1,away,0,0,0,0,0,0,0,0,2,0,0,14,12,5,7,84,37,47,0,1,0,1,11,35,2,8,0,0,0,1,2020
30973,Adam,Blair,Warriors,Lock,2020-03-21T00:00:00Z,110950204,11095,2,home,0,0,0,0,0,0,0,0,7,0,0,17,8,8,0,52,52,0,0,0,0,0,7,32,1,1,0,0,4,0,2020
30973,Adam,Blair,Warriors,Prop,2020-05-30T00:00:00Z,110950304,11095,3,home,0,0,0,0,0,0,0,0,4,0,0,17,13,12,1,139,129,9,0,0,0,1,13,30,1,1,0,0,0,0,2020
30973,Adam,Blair,Warriors,Prop,2020-06-05T00:00:00Z,110950402,11095,4,away,0,0,0,0,0,0,0,0,4,0,0,12,8,8,0,68,68,0,0,0,0,0,8,34,2,3,0,0,0,0,2020
30973,Adam,Blair,Warriors,Lock,2020-06-12T00:00:00Z,110950502,11095,5,home,0,0,0,0,0,0,0,0,6,0,0,20,17,10,6,144,92,33,0,1,0,1,13,29,1,2,0,0,0,0,2020
30973,Adam,Blair,Warriors,Lock,2020-06-19T00:00:00Z,110950602,11095,6,away,0,0,0,0,0,0,0,0,1,0,0,15,13,13,0,97,97,0,0,1,0,1,12,37,0,2,0,0,1,1,2020
30973,Adam,Blair,Warriors,Prop,2020-06-26T00:00:00Z,110950702,11095,7,away,0,0,0,0,0,0,0,0,3,0,0,11,10,6,4,78,50,28,0,0,1,1,7,29,1,2,0,1,1,1,2020
30973,Adam,Blair,Warriors,Prop,2020-07-04T00:00:00Z,110950805,11095,8,home,0,0,0,0,0,0,0,0,2,0,0,15,13,11,1,99,80,11,0,1,0,1,12,24,2,2,0,0,0,0,2020
30973,Adam,Blair,Warriors,Prop,2020-07-10T00:00:00Z,110950902,11095,9,away,0,0,0,0,0,0,0,0,0,0,0,12,12,9,3,76,62,13,0,1,0,2,11,17,0,1,0,0,0,0,2020
30979,Tim,Browne,Canterbury-Bankstown Bulldogs,Interchange,2016-04-29T00:00:00Z,98670902,9867,9,away,0,0,0,0,0,0,0,0,0,0,0,5,5,5,0,52,52,0,0,0,0,1,5,16,1,0,0,0,0,0,2016
30979,Tim,Browne,Penrith Panthers,Interchange,2017-03-04T00:00:00Z,100950104,10095,1,away,0,0,0,0,0,0,0,0,1,0,0,10,9,6,0,116,75,0,0,0,0,0,9,18,0,1,0,0,0,0,2017
30979,Tim,Browne,Penrith Panthers,Interchange,2017-04-16T00:00:00Z,100950707,10095,7,home,0,0,0,0,0,0,0,0,1,0,0,7,6,6,0,48,48,0,0,1,0,0,5,30,1,0,1,0,0,0,2017
30979,Tim,Browne,Penrith Panthers,Interchange,2017-04-22T00:00:00Z,100950803,10095,8,away,0,0,0,0,0,0,0,0,0,0,0,12,12,12,0,89,89,0,0,0,0,0,12,18,2,0,0,0,0,0,2017
30979,Tim,Browne,Penrith Panthers,Interchange,2017-04-27T00:00:00Z,100950901,10095,9,away,0,0,0,0,0,0,0,0,0,0,0,4,4,4,0,37,37,0,0,0,0,0,4,19,1,0,0,0,0,0,2017
30985,Will,Chambers,Cronulla-Sutherland Sharks,Centre,2021-04-30T00:00:00Z,113550802,11355,8,away,0,0,0,0,0,0,0,0,3,7,1,13,8,1,6,76,8,65,21,0,0,0,7,10,1,3,0,0,2,0,2021
30985,Will,Chambers,Cronulla-Sutherland Sharks,Centre,2021-05-07T00:00:00Z,113550902,11355,9,away,0,0,0,0,0,0,0,0,3,0,0,17,13,6,5,77,40,31,23,0,0,1,13,8,1,0,0,0,1,0,2021
30994,Isaac,De Gois,Parramatta Eels,Hooker,2016-03-18T00:00:00Z,98670302,9867,3,away,0,0,0,0,0,0,0,0,88,0,0,88,2,0,1,18,0,6,0,0,0,0,0,39,2,0,0,0,0,1,2016
30994,Isaac,De Gois,Parramatta Eels,Hooker,2016-03-28T00:00:00Z,98670407,9867,4,away,0,0,0,0,0,0,0,0,82,0,0,86,3,0,0,24,0,0,0,1,0,0,3,43,1,2,0,0,0,0,2016
30994,Isaac,De Gois,Parramatta Eels,Hooker,2016-04-03T00:00:00Z,98670507,9867,5,home,4,1,0,0,0,0,1,0,82,0,0,85,4,0,1,34,0,14,0,1,0,1,1,24,5,4,0,0,0,1,2016
30994,Isaac,De Gois,Parramatta Eels,Interchange,2016-04-09T00:00:00Z,98670603,9867,6,home,0,0,0,0,0,0,0,0,26,0,0,27,1,0,0,3,0,0,0,1,0,0,0,11,1,1,0,0,1,1,2016
30994,Isaac,De Gois,Parramatta Eels,Interchange,2016-04-14T00:00:00Z,98670701,9867,7,away,0,0,0,0,0,0,1,0,36,9,1,40,3,0,0,28,0,0,0,0,0,1,3,16,0,0,0,0,0,0,2016
30994,Isaac,De Gois,Parramatta Eels,Interchange,2016-04-23T00:00:00Z,98670804,9867,8,away,0,0,0,0,0,0,0,0,10,15,1,11,1,0,0,8,0,0,0,0,0,0,0,12,1,1,0,0,0,0,2016
30994,Isaac,De Gois,Parramatta Eels,Interchange,2016-04-29T00:00:00Z,98670902,9867,9,home,0,0,0,0,0,0,0,0,35,24,1,38,1,0,1,6,0,6,0,0,0,0,2,23,1,3,0,0,0,0,2016
30997,Luke,Douglas,Gold Coast Titans,Prop,2016-09-09T00:00:00Z,98680101,9868,1,away,0,0,0,0,0,0,0,0,2,0,0,16,14,10,0,148,76,0,0,1,0,0,13,22,0,1,0,0,1,0,2016
31011,Michael,Gordon,Parramatta Eels,Fullback,2016-03-03T00:00:00Z,98670101,9867,1,home,0,0,1,0,0,0,0,0,19,0,0,30,10,0,7,81,0,57,0,1,1,1,9,8,0,1,0,0,1,0,2016
31011,Michael,Gordon,Parramatta Eels,Fullback,2016-03-12T00:00:00Z,98670205,9867,2,home,8,0,3,2,2,2,0,0,20,0,0,31,8,0,6,77,0,55,0,0,0,1,9,10,0,1,0,0,0,0,2016
31011,Michael,Gordon,Sydney Roosters,Fullback,2017-04-25T00:00:00Z,100950807,10095,8,home,4,0,2,1,1,1,0,0,5,0,0,19,12,0,6,97,0,49,0,1,0,0,12,7,0,3,0,0,0,0,2017
31011,Michael,Gordon,Gold Coast Titans,Fullback,2018-03-11T00:00:00Z,104120108,10412,1,home,10,0,5,4,1,1,0,0,18,0,0,25,7,0,3,54,0,19,0,0,0,3,6,2,0,5,1,0,1,0,2018
31011,Michael,Gordon,Gold Coast Titans,Fullback,2018-03-17T00:00:00Z,104120204,10412,2,away,4,0,1,1,1,1,0,0,11,0,0,22,10,0,7,95,0,56,0,1,0,0,9,5,2,1,1,0,0,0,2018
31011,Michael,Gordon,Gold Coast Titans,Fullback,2018-03-25T00:00:00Z,104120307,10412,3,home,8,1,1,1,1,1,0,0,13,0,0,26,10,0,6,101,0,51,0,0,1,3,11,3,1,1,0,0,0,0,2018
31011,Michael,Gordon,Gold Coast Titans,Fullback,2018-04-01T00:00:00Z,104120407,10412,4,away,6,0,5,3,0,0,0,0,6,0,0,18,10,0,3,96,0,16,0,0,0,2,11,6,0,0,0,0,1,0,2018
31011,Michael,Gordon,Gold Coast Titans,Fullback,2018-04-08T00:00:00Z,104120507,10412,5,home,10,0,4,3,2,2,0,0,6,0,0,24,16,0,9,186,0,81,0,1,0,3,15,3,0,0,0,0,0,0,2018
31011,Michael,Gordon,Gold Coast Titans,Fullback,2018-04-15T00:00:00Z,104120607,10412,6,away,4,0,2,2,0,0,1,1,13,0,0,23,11,0,6,116,0,87,0,1,2,3,9,12,1,1,0,0,0,0,2018
31011,Michael,Gordon,Gold Coast Titans,Fullback,2018-04-21T00:00:00Z,104120706,10412,7,away,6,0,2,2,1,1,0,0,9,0,0,23,12,0,6,119,0,50,0,0,0,2,12,4,0,2,0,1,2,1,2018
31011,Michael,Gordon,Gold Coast Titans,Fullback,2018-04-28T00:00:00Z,104120806,10412,8,home,4,0,1,1,1,1,0,0,14,14,1,26,9,0,7,86,0,61,0,0,0,3,9,10,0,0,0,0,1,0,2018
31011,Michael,Gordon,Gold Coast Titans,Fullback,2018-05-05T00:00:00Z,104120904,10412,9,away,4,0,2,2,0,0,0,1,8,23,1,18,9,0,7,98,0,69,0,0,0,1,7,10,0,2,0,0,2,0,2018
31011,Michael,Gordon,Gold Coast Titans,Fullback,2019-03-17T00:00:00Z,106840108,10684,1,home,0,0,0,0,0,0,0,0,11,0,0,24,11,0,3,140,0,20,0,0,1,3,11,5,0,1,0,0,2,0,2019
31011,Michael,Gordon,Gold Coast Titans,Fullback,2019-03-23T00:00:00Z,106840204,10684,2,away,2,0,1,1,0,0,0,0,11,0,0,23,10,1,4,104,4,38,0,0,0,6,11,4,0,5,0,0,0,1,2019
31011,Michael,Gordon,Gold Coast Titans,Fullback,2019-03-31T00:00:00Z,106840308,10684,3,away,4,0,4,2,0,0,0,0,25,0,0,38,14,1,8,143,12,74,0,0,0,3,12,7,0,0,1,1,1,0,2019
31011,Michael,Gordon,Gold Coast Titans,Fullback,2019-04-05T00:00:00Z,106840402,10684,4,away,0,0,0,0,0,0,0,0,6,0,0,13,5,0,1,68,0,20,0,0,1,2,5,3,0,1,0,0,2,0,2019
31011,Michael,Gordon,Gold Coast Titans,Fullback,2019-04-12T00:00:00Z,106840502,10684,5,home,14,1,5,5,0,0,0,0,12,0,0,25,12,1,5,131,8,58,0,0,2,1,11,3,0,1,0,0,1,0,2019
31011,Michael,Gordon,Gold Coast Titans,Fullback,2019-04-21T00:00:00Z,106840606,10684,6,home,18,1,6,5,2,2,0,0,10,0,0,23,12,0,7,117,0,50,0,0,1,2,10,5,0,1,0,0,0,0,2019
31011,Michael,Gordon,Gold Coast Titans,Fullback,2019-04-27T00:00:00Z,106840705,10684,7,away,6,0,2,2,1,1,0,0,20,0,0,29,8,0,5,69,0,33,0,0,0,4,8,4,1,2,1,0,1,0,2019
31011,Michael,Gordon,Gold Coast Titans,Fullback,2019-05-03T00:00:00Z,106840802,10684,8,away,0,0,0,0,0,0,0,0,0,0,0,0,0,0,0,0,0,0,0,0,0,0,0,0,0,1,0,0,1,0,2019
31011,Michael,Gordon,Gold Coast Titans,Fullback,2019-05-09T00:00:00Z,106840901,10684,9,home,6,0,3,3,0,0,0,0,12,0,0,25,9,0,2,105,0,25,0,0,0,2,11,8,0,1,0,0,2,0,2019
31015,Tim,Grant,Wests Tigers,Prop,2016-03-05T00:00:00Z,98670104,9867,1,home,0,0,0,0,0,0,0,0,2,0,0,17,15,15,0,129,129,0,0,1,0,0,14,18,0,0,0,0,0,1,2016
31015,Tim,Grant,Wests Tigers,Interchange,2017-03-03T00:00:00Z,100950103,10095,1,away,0,0,0,0,0,0,0,0,0,0,0,14,14,13,0,121,112,0,0,0,0,0,14,23,0,1,0,0,1,0,2017
31015,Tim,Grant,Wests Tigers,Lock,2017-03-19T00:00:00Z,100950307,10095,3,away,0,0,0,0,0,0,0,0,0,0,0,9,9,5,2,86,38,14,0,0,0,0,9,34,1,0,0,0,0,1,2017
31015,Tim,Grant,Wests Tigers,Interchange,2017-03-26T00:00:00Z,100950407,10095,4,home,0,0,0,0,0,0,0,0,3,0,0,14,11,11,0,72,72,0,0,0,0,0,11,30,1,3,0,0,0,0,2017
31015,Tim,Grant,Wests Tigers,Interchange,2017-04-08T00:00:00Z,100950606,10095,6,away,0,0,0,0,0,0,0,0,0,0,0,8,7,6,1,53,44,9,0,0,0,1,7,28,0,2,0,0,1,0,2017
31015,Tim,Grant,Wests Tigers,Interchange,2017-04-17T00:00:00Z,100950708,10095,7,away,0,0,0,0,0,0,0,0,1,0,0,10,10,6,0,93,45,0,0,1,0,2,8,26,0,0,0,0,0,0,2017
31015,Tim,Grant,Wests Tigers,Interchange,2017-04-23T00:00:00Z,100950806,10095,8,home,0,0,0,0,0,0,0,0,1,0,0,5,4,2,1,29,22,6,0,0,0,0,3,12,0,1,0,0,1,1,2017
31015,Tim,Grant,Penrith Panthers,Prop,2019-04-18T00:00:00Z,106840601,10684,6,away,4,1,0,0,0,0,0,0,0,0,0,8,8,7,1,68,59,9,0,0,1,1,7,23,3,2,0,0,1,0,2019
31015,Tim,Grant,Penrith Panthers,Prop,2019-04-26T00:00:00Z,106840704,10684,7,home,0,0,0,0,0,0,0,0,1,0,0,6,5,5,0,37,37,0,0,0,0,0,5,20,0,2,0,0,0,1,2019
31015,Tim,Grant,Penrith Panthers,Prop,2019-05-04T00:00:00Z,106840804,10684,8,away,0,0,0,0,0,0,0,0,3,0,0,13,9,6,0,78,48,0,0,0,0,1,10,21,1,1,0,0,0,1,2019
31015,Tim,Grant,Penrith Panthers,Interchange,2019-05-10T00:00:00Z,106840902,10684,9,away,0,0,0,0,0,0,0,0,0,0,0,9,8,7,0,76,57,0,0,0,0,0,8,32,1,3,0,0,0,1,2019
31016,Blake,Green,Manly-Warringah Sea Eagles,Five-Eighth,2017-03-05T00:00:00Z,100950108,10095,1,home,4,1,0,0,0,0,1,1,19,111,5,27,3,0,3,19,0,19,0,0,1,1,2,14,1,1,0,0,0,3,2017
31016,Blake,Green,Manly-Warringah Sea Eagles,Five-Eighth,2017-03-11T00:00:00Z,100950205,10095,2,home,0,0,0,0,0,0,0,0,24,209,6,36,5,0,4,32,0,22,0,0,0,0,5,15,1,1,0,0,1,1,2017
31016,Blake,Green,Manly-Warringah Sea Eagles,Five-Eighth,2017-03-18T00:00:00Z,100950306,10095,3,away,0,0,0,0,0,0,0,1,24,180,6,30,0,0,0,0,0,0,0,0,0,0,0,24,0,1,0,0,0,0,2017
31016,Blake,Green,Manly-Warringah Sea Eagles,Five-Eighth,2017-03-25T00:00:00Z,100950404,10095,4,home,0,0,0,0,0,0,1,0,36,394,11,51,4,0,4,31,0,31,0,0,0,0,4,17,0,1,0,0,0,1,2017
31016,Blake,Green,Manly-Warringah Sea Eagles,Five-Eighth,2017-03-31T00:00:00Z,100950502,10095,5,away,0,0,0,0,0,0,1,0,28,306,9,44,7,0,6,36,0,36,0,0,0,0,7,12,0,2,0,0,0,0,2017
31016,Blake,Green,Manly-Warringah Sea Eagles,Five-Eighth,2017-04-08T00:00:00Z,100950604,10095,6,home,0,0,0,0,0,0,1,1,40,182,4,48,5,0,5,37,0,37,0,1,0,0,2,16,0,2,0,0,1,2,2017
31016,Blake,Green,Manly-Warringah Sea Eagles,Five-Eighth,2017-04-15T00:00:00Z,100950704,10095,7,home,0,0,0,0,0,0,0,0,37,172,5,44,2,0,1,16,0,4,0,0,0,0,2,11,1,1,0,0,0,1,2017
31016,Blake,Green,Manly-Warringah Sea Eagles,Five-Eighth,2017-04-21T00:00:00Z,100950801,10095,8,away,0,0,0,0,0,0,0,0,42,318,10,52,1,0,1,6,0,6,0,0,0,0,0,16,1,1,0,0,0,0,2017
31016,Blake,Green,Manly-Warringah Sea Eagles,Five-Eighth,2017-04-28T00:00:00Z,100950902,10095,9,away,4,1,0,0,0,0,1,2,31,256,8,45,4,0,3,56,0,44,0,0,0,0,3,8,0,2,0,0,2,0,2017
31016,Blake,Green,Warriors,Halfback,2019-05-11T00:00:00Z,106840905,10684,9,home,0,0,0,0,0,0,0,0,44,507,15,61,7,0,7,27,0,27,0,1,0,0,0,21,3,7,0,0,1,0,2019
31016,Blake,Green,Newcastle Knights,Interchange,2021-04-04T00:00:00Z,113550406,11355,4,home,0,0,0,0,0,0,0,0,15,208,7,23,3,0,3,12,0,12,3,0,0,0,1,7,1,0,0,0,0,0,2021
31016,Blake,Green,Newcastle Knights,Halfback,2021-04-10T00:00:00Z,113550504,11355,5,away,0,0,0,0,0,0,0,1,33,373,9,42,0,0,0,0,0,0,0,0,0,0,0,22,0,5,0,0,0,0,2021
31016,Blake,Green,Newcastle Knights,Halfback,2021-04-16T00:00:00Z,113550602,11355,6,home,0,0,0,0,0,0,0,0,40,495,13,57,4,0,4,21,0,21,3,0,0,0,2,22,1,5,0,1,2,0,2021
31016,Blake,Green,Newcastle Knights,Halfback,2021-04-22T00:00:00Z,113550701,11355,7,away,0,0,0,0,0,0,0,0,44,496,13,60,2,1,1,15,7,8,3,0,0,0,2,26,1,3,0,0,1,0,2021
31016,Blake,Green,Newcastle Knights,Halfback,2021-05-01T00:00:00Z,113550806,11355,8,home,0,0,0,0,0,0,0,0,52,352,9,65,8,0,8,46,0,46,7,2,0,0,2,19,0,3,0,0,0,1,2021
31021,Aidan,Guerra,Newcastle Knights,Interchange,2019-03-15T00:00:00Z,106840102,10684,1,home,0,0,0,0,0,0,0,0,1,0,0,10,10,5,3,112,48,35,0,0,0,2,9,18,2,1,0,0,0,0,2019
31021,Aidan,Guerra,Newcastle Knights,Interchange,2019-03-23T00:00:00Z,106840205,10684,2,home,0,0,0,0,0,0,0,0,0,0,0,8,8,8,0,78,78,0,0,0,0,0,8,27,0,2,0,0,0,0,2019
31021,Aidan,Guerra,Newcastle Knights,Interchange,2019-03-29T00:00:00Z,106840302,10684,3,away,0,0,0,0,0,0,0,0,1,0,0,5,3,2,1,24,13,11,0,0,0,0,3,31,2,4,0,0,0,2,2019
31021,Aidan,Guerra,Newcastle Knights,Interchange,2019-04-07T00:00:00Z,106840408,10684,4,home,0,0,0,0,0,0,0,0,1,0,0,15,13,13,0,95,95,0,0,0,0,1,13,34,0,3,0,0,0,1,2019
31021,Aidan,Guerra,Newcastle Knights,Interchange,2019-04-13T00:00:00Z,106840505,10684,5,home,4,1,0,0,0,0,0,0,1,0,0,8,7,6,0,49,48,0,0,0,0,1,6,17,0,3,0,1,0,0,2019
31021,Aidan,Guerra,Newcastle Knights,Interchange,2020-03-14T00:00:00Z,110950104,11095,1,home,0,0,0,0,0,0,0,0,0,0,0,5,5,4,1,42,36,6,0,0,0,0,5,17,1,0,0,0,0,1,2020
31021,Aidan,Guerra,Newcastle Knights,Interchange,2020-03-22T00:00:00Z,110950207,11095,2,away,0,0,0,0,0,0,0,0,0,0,0,5,4,4,0,29,29,0,0,0,0,1,5,20,1,1,0,0,0,1,2020
31021,Aidan,Guerra,Newcastle Knights,Second Row,2020-05-31T00:00:00Z,110950307,11095,3,away,0,0,0,0,0,0,0,0,2,0,0,16,13,10,3,109,89,19,0,0,0,0,13,47,2,5,1,0,1,0,2020
31021,Aidan,Guerra,Newcastle Knights,Second Row,2020-06-07T00:00:00Z,110950406,11095,4,away,0,0,0,0,0,0,0,0,1,0,0,13,12,6,5,107,44,55,0,0,0,2,11,48,2,5,0,0,2,0,2020
31021,Aidan,Guerra,Newcastle Knights,Second Row,2020-06-13T00:00:00Z,110950505,11095,5,home,0,0,0,0,0,0,0,0,0,0,0,8,8,6,2,69,49,21,0,0,0,0,8,31,1,0,0,0,0,0,2020
31021,Aidan,Guerra,Newcastle Knights,Interchange,2020-06-18T00:00:00Z,110950601,11095,6,home,0,0,0,0,0,0,0,0,0,0,0,7,6,5,1,54,44,9,0,0,0,0,6,9,0,0,0,0,1,0,2020
31021,Aidan,Guerra,Newcastle Knights,Interchange,2020-06-27T00:00:00Z,110950704,11095,7,away,0,0,0,0,0,0,0,0,0,0,0,7,7,7,0,77,77,0,0,0,0,2,7,18,1,1,0,0,1,0,2020
31021,Aidan,Guerra,Newcastle Knights,Interchange,2020-07-05T00:00:00Z,110950807,11095,8,away,0,0,0,0,0,0,0,0,1,0,0,12,11,9,1,99,75,4,0,0,0,3,10,38,1,0,0,0,1,1,2020
31021,Aidan,Guerra,Newcastle Knights,Second Row,2020-07-12T00:00:00Z,110950907,11095,9,home,0,0,0,0,0,0,0,0,3,0,0,13,10,3,6,88,29,53,0,0,0,0,10,38,2,7,0,0,0,0,2020
31025,Jarryd,Hayne,Gold Coast Titans,Fullback,2017-03-04T00:00:00Z,100950106,10095,1,home,4,1,0,0,0,0,0,0,9,11,1,22,10,3,4,81,22,31,0,0,0,2,11,7,0,1,0,0,0,0,2017
31025,Jarryd,Hayne,Gold Coast Titans,Fullback,2017-03-11T00:00:00Z,100950204,10095,2,away,0,0,0,0,0,0,0,0,2,0,0,5,3,0,0,42,0,0,0,0,0,0,3,6,0,0,0,0,0,0,2017
31025,Jarryd,Hayne,Gold Coast Titans,Fullback,2017-04-22T00:00:00Z,100950805,10095,8,away,0,0,0,0,0,0,1,1,7,74,4,23,13,0,5,94,0,34,0,2,0,0,10,11,0,0,1,0,2,0,2017
31025,Jarryd,Hayne,Gold Coast Titans,Centre,2017-04-29T00:00:00Z,100950904,10095,9,home,8,2,0,0,0,0,0,0,3,5,1,18,13,2,10,93,13,77,0,0,2,3,11,10,0,1,0,0,1,2,2017
31025,Jarryd,Hayne,Parramatta Eels,Centre,2018-03-11T00:00:00Z,104120107,10412,1,away,0,0,0,0,0,0,0,0,4,30,2,17,11,0,7,102,0,63,0,0,0,2,11,15,0,2,0,0,0,0,2018
31025,Jarryd,Hayne,Parramatta Eels,Centre,2018-03-18T00:00:00Z,104120207,10412,2,away,0,0,0,0,0,0,0,0,6,0,0,15,8,0,6,62,0,47,0,1,0,1,7,12,2,5,0,1,1,0,2018
31025,Jarryd,Hayne,Parramatta Eels,Centre,2018-03-24T00:00:00Z,104120306,10412,3,home,0,0,0,0,0,0,0,0,2,0,0,7,5,1,4,28,7,21,0,0,0,0,5,3,0,0,0,0,1,0,2018
31025,Jarryd,Hayne,Parramatta Eels,Wing,2018-04-22T00:00:00Z,104120707,10412,7,home,0,0,0,0,0,0,1,1,1,0,0,5,5,1,3,42,10,23,0,0,0,1,4,2,0,0,0,0,1,0,2018
31031,Albert,Hopoate,Canberra Raiders,Interchange,2022-09-10T00:00:00Z,116890102,11689,1,away,0,0,0,0,0,0,0,0,0,0,0,0,0,0,0,0,0,0,0,0,0,0,0,0,0,0,0,0,0,0,2022
31031,Albert,Hopoate,Canberra Raiders,Interchange,2022-09-16T00:00:00Z,116890201,11689,2,away,0,0,0,0,0,0,0,0,0,0,0,0,0,0,0,0,0,0,0,0,0,0,0,0,0,0,0,0,0,0,2022
31031,Albert,Hopoate,Canberra Raiders,Wing,2023-03-11T00:00:00Z,120670205,12067,2,away,0,0,0,0,0,0,0,0,5,0,0,23,18,13,1,145,123,5,59,1,0,4,17,2,0,0,0,0,1,0,2023
31031,Albert,Hopoate,Canberra Raiders,Wing,2023-03-19T00:00:00Z,120670308,12067,3,home,4,1,0,0,0,0,0,0,1,0,0,21,19,10,6,189,118,45,64,0,1,4,19,8,0,0,0,0,0,0,2023
31031,Albert,Hopoate,Canberra Raiders,Wing,2023-03-26T00:00:00Z,120670407,12067,4,away,0,0,0,0,0,0,0,0,3,0,0,22,16,12,1,155,112,10,38,0,1,0,19,6,0,1,0,0,0,1,2023
31031,Albert,Hopoate,Canberra Raiders,Wing,2023-03-31T00:00:00Z,120670502,12067,5,home,0,0,0,0,0,0,0,0,2,16,1,14,11,3,2,78,23,33,24,0,1,4,10,5,1,0,0,0,1,0,2023
31031,Albert,Hopoate,Canberra Raiders,Wing,2023-04-08T00:00:00Z,120670605,12067,6,away,4,1,0,0,0,0,0,0,3,0,0,26,20,13,5,164,107,43,58,0,0,2,21,5,0,2,0,0,2,0,2023
31031,Albert,Hopoate,Canberra Raiders,Wing,2023-04-16T00:00:00Z,120670707,12067,7,home,0,0,0,0,0,0,0,0,3,0,0,23,18,10,4,139,70,35,54,0,0,4,18,4,0,3,0,0,2,0,2023
31031,Albert,Hopoate,Canberra Raiders,Wing,2023-04-29T00:00:00Z,120670904,12067,9,home,0,0,0,0,0,0,0,0,3,0,0,21,18,9,2,151,86,10,63,0,0,8,18,2,0,1,0,0,0,1,2023
31031,Albert,Hopoate,Canberra Raiders,Interchange,2023-09-10T00:00:00Z,120680104,12068,1,away,0,0,0,0,0,0,0,0,0,0,0,0,0,0,0,0,0,0,0,0,0,0,0,0,0,0,0,0,0,0,2023
31031,Albert,Hopoate,Canberra Raiders,Centre,2024-03-07T00:00:00Z,124450103,12445,1,away,0,0,0,0,0,0,1,1,3,0,0,27,22,17,5,150,124,26,55,2,0,1,21,10,0,3,0,1,2,0,2024
31031,Albert,Hopoate,Canberra Raiders,Wing,2024-03-16T00:00:00Z,124450204,12445,2,home,0,0,0,0,0,0,0,0,7,6,1,24,15,11,3,127,103,17,57,1,0,3,15,2,0,0,0,0,0,0,2024
31031,Albert,Hopoate,Canberra Raiders,Centre,2024-03-22T00:00:00Z,124450302,12445,3,away,0,0,0,0,0,0,0,0,5,0,0,26,17,12,3,127,88,23,36,0,0,2,20,5,0,2,0,0,1,0,2024
31031,Albert,Hopoate,Canberra Raiders,Interchange,2024-04-28T00:00:00Z,124450808,12445,8,home,0,0,0,0,0,0,0,0,0,0,0,0,0,0,0,0,0,0,0,0,0,0,0,0,0,0,0,0,0,0,2024
31031,Albert,Hopoate,Canberra Raiders,Fullback,2024-05-03T00:00:00Z,124450902,12445,9,away,0,0,0,0,0,0,0,0,2,7,1,19,15,3,11,101,27,69,26,0,0,1,15,14,0,1,0,0,1,1,2024
31031,Albert,Hopoate,Canberra Raiders,Wing,2025-03-15T00:00:00Z,127550206,12755,2,home,0,0,0,0,0,0,0,0,0,0,0,14,14,10,3,118,83,30,44,0,0,0,14,5,1,2,0,0,2,0,2025
31031,Albert,Hopoate,Canberra Raiders,Interchange,2025-03-23T00:00:00Z,127550308,12755,3,away,0,0,0,0,0,0,0,0,0,0,0,0,0,0,0,0,0,0,0,0,0,0,0,0,0,0,0,0,0,0,2025
31036,Greg,Inglis,South Sydney Rabbitohs,Fullback,2016-03-12T00:00:00Z,98670204,9867,2,home,0,0,0,0,0,0,2,2,9,0,0,19,9,1,6,107,9,58,0,1,0,1,8,7,0,1,0,0,1,1,2016
31036,Greg,Inglis,South Sydney Rabbitohs,Fullback,2016-03-20T00:00:00Z,98670307,9867,3,away,0,0,0,0,0,0,0,0,8,101,2,26,16,2,7,156,24,60,0,0,0,0,15,13,0,0,0,0,0,2,2016
31036,Greg,Inglis,South Sydney Rabbitohs,Fullback,2016-03-25T00:00:00Z,98670401,9867,4,home,0,0,0,0,0,0,0,0,10,26,0,28,18,0,13,176,0,102,0,1,0,3,16,4,0,1,0,0,1,0,2016
31036,Greg,Inglis,South Sydney Rabbitohs,Fullback,2016-03-31T00:00:00Z,98670501,9867,5,away,0,0,0,0,0,0,0,0,14,30,0,27,11,1,5,110,11,54,0,0,1,3,12,9,0,2,0,0,1,0,2016
31036,Greg,Inglis,South Sydney Rabbitohs,Fullback,2016-04-08T00:00:00Z,98670602,9867,6,home,0,0,0,0,0,0,0,0,12,0,0,33,19,1,13,189,11,121,0,3,0,5,18,7,0,0,0,0,1,0,2016
31036,Greg,Inglis,South Sydney Rabbitohs,Fullback,2016-04-15T00:00:00Z,98670702,9867,7,away,0,0,0,0,0,0,0,0,6,0,0,16,9,0,5,101,0,51,0,1,0,0,9,6,0,1,0,0,0,0,2016
31036,Greg,Inglis,South Sydney Rabbitohs,Fullback,2016-04-22T00:00:00Z,98670801,9867,8,away,4,1,0,0,0,0,0,0,10,0,0,28,16,0,11,159,0,113,0,1,1,6,15,3,0,1,0,0,1,0,2016
31036,Greg,Inglis,South Sydney Rabbitohs,Fullback,2016-04-28T00:00:00Z,98670901,9867,9,home,0,0,0,0,0,0,1,1,19,0,0,41,23,1,16,302,11,168,0,4,0,8,18,5,0,0,0,0,0,0,2016
31039,Michael,Jennings,Parramatta Eels,Centre,2017-04-17T00:00:00Z,100950708,10095,7,home,4,1,0,0,0,0,0,0,10,0,0,25,13,0,10,206,0,183,0,1,0,7,10,12,3,4,0,0,4,0,2017
31039,Michael,Jennings,Parramatta Eels,Centre,2017-04-22T00:00:00Z,100950803,10095,8,home,0,0,0,0,0,0,0,0,15,0,0,24,9,0,8,67,0,58,0,1,0,3,7,4,0,2,0,0,1,0,2017
31039,Michael,Jennings,Parramatta Eels,Centre,2017-04-28T00:00:00Z,100950903,10095,9,away,0,0,0,0,0,0,1,1,13,24,1,24,11,0,5,130,0,45,0,1,1,4,9,11,0,2,0,0,0,0,2017
31039,Michael,Jennings,Parramatta Eels,Centre,2018-04-02T00:00:00Z,104120408,10412,4,away,0,0,0,0,0,0,1,2,12,0,0,22,8,2,5,68,16,46,0,2,0,2,7,12,1,0,0,0,1,1,2018
31039,Michael,Jennings,Parramatta Eels,Centre,2018-04-08T00:00:00Z,104120508,10412,5,home,0,0,0,0,0,0,0,0,15,43,1,27,10,2,6,80,12,48,0,0,1,5,10,19,0,1,0,0,2,0,2018
31039,Michael,Jennings,Parramatta Eels,Centre,2018-04-14T00:00:00Z,104120606,10412,6,away,0,0,0,0,0,0,0,0,4,0,0,15,12,3,9,131,27,104,0,0,0,0,9,17,0,2,0,1,2,0,2018
31039,Michael,Jennings,Parramatta Eels,Centre,2018-04-29T00:00:00Z,104120808,10412,8,home,4,1,0,0,0,0,0,1,12,0,0,26,14,2,11,95,15,68,0,0,1,3,12,17,0,1,0,0,1,1,2018
31039,Michael,Jennings,Parramatta Eels,Centre,2018-05-05T00:00:00Z,104120906,10412,9,away,4,1,0,0,0,0,1,1,10,0,0,18,8,0,7,83,0,71,0,0,0,2,7,17,1,2,0,0,0,1,2018
31039,Michael,Jennings,Parramatta Eels,Centre,2019-03-17T00:00:00Z,106840107,10684,1,away,8,2,0,0,0,0,0,0,7,0,0,21,13,1,12,123,10,114,0,0,2,4,9,9,0,1,0,0,3,1,2019
31039,Michael,Jennings,Parramatta Eels,Centre,2019-03-29T00:00:00Z,106840303,10684,3,home,0,0,0,0,0,0,0,0,5,0,0,8,3,2,0,32,15,0,0,1,0,1,2,17,2,1,0,0,0,0,2019
31039,Michael,Jennings,Parramatta Eels,Centre,2019-04-06T00:00:00Z,106840406,10684,4,home,8,2,0,0,0,0,0,0,4,0,0,17,12,2,8,125,21,76,0,0,0,0,11,11,0,3,0,0,0,0,2019
31039,Michael,Jennings,Parramatta Eels,Centre,2019-04-14T00:00:00Z,106840508,10684,5,away,0,0,0,0,0,0,0,0,6,0,0,15,9,1,8,83,9,74,0,0,0,4,9,21,0,4,0,0,0,2,2019
31039,Michael,Jennings,Parramatta Eels,Centre,2019-04-22T00:00:00Z,106840608,10684,6,home,8,2,0,0,0,0,0,0,9,0,0,20,11,2,9,161,16,145,0,0,2,4,8,19,1,0,0,0,1,1,2019
31039,Michael,Jennings,Parramatta Eels,Centre,2019-04-28T00:00:00Z,106840708,10684,7,away,0,0,0,0,0,0,0,0,5,0,0,21,16,2,12,156,14,131,0,0,1,10,15,10,1,2,0,1,1,1,2019
31039,Michael,Jennings,Parramatta Eels,Centre,2019-05-05T00:00:00Z,106840808,10684,8,home,0,0,0,0,0,0,1,1,9,0,0,13,4,2,0,31,18,0,0,0,0,0,3,11,0,5,0,0,0,1,2019
31039,Michael,Jennings,Parramatta Eels,Centre,2019-05-11T00:00:00Z,106840906,10684,9,away,0,0,0,0,0,0,0,0,5,0,0,10,6,3,2,67,26,31,0,0,0,3,5,9,0,1,0,0,0,0,2019
31039,Michael,Jennings,Parramatta Eels,Centre,2019-09-21T00:00:00Z,106850202,10685,2,away,0,0,0,0,0,0,0,0,4,0,0,10,6,0,6,58,0,58,0,0,0,1,6,12,0,2,0,0,0,0,2019
31039,Michael,Jennings,Parramatta Eels,Centre,2020-03-12T00:00:00Z,110950101,11095,1,home,0,0,0,0,0,0,0,0,4,0,0,10,7,0,3,75,0,23,0,0,0,3,6,8,0,1,0,0,0,0,2020
31039,Michael,Jennings,Parramatta Eels,Centre,2020-03-22T00:00:00Z,110950208,11095,2,away,0,0,0,0,0,0,1,1,6,0,0,16,9,3,4,102,22,53,0,1,0,1,8,5,1,1,0,0,1,0,2020
31039,Michael,Jennings,Parramatta Eels,Centre,2020-05-28T00:00:00Z,110950301,11095,3,away,4,1,0,0,0,0,1,1,8,0,0,21,13,1,11,129,10,101,0,2,1,3,10,5,0,1,0,0,0,0,2020
31039,Michael,Jennings,Parramatta Eels,Centre,2020-06-06T00:00:00Z,110950404,11095,4,home,4,1,0,0,0,0,0,0,6,0,0,17,10,6,3,134,42,70,0,0,1,3,10,17,0,5,0,0,0,1,2020
31039,Michael,Jennings,Parramatta Eels,Centre,2020-06-12T00:00:00Z,110950503,11095,5,home,0,0,0,0,0,0,0,0,6,0,0,21,13,0,12,121,0,112,0,1,0,3,11,13,0,2,0,0,3,0,2020
31039,Michael,Jennings,Parramatta Eels,Centre,2020-06-20T00:00:00Z,110950606,11095,6,away,4,1,0,0,0,0,1,1,8,0,0,24,16,0,13,143,0,111,0,1,1,7,12,11,1,1,0,0,2,1,2020
31039,Michael,Jennings,Parramatta Eels,Centre,2020-06-27T00:00:00Z,110950706,11095,7,home,4,1,0,0,0,0,0,0,7,13,1,25,17,1,15,129,7,110,0,0,1,4,16,17,0,0,0,0,0,0,2020
31039,Michael,Jennings,Parramatta Eels,Centre,2020-07-03T00:00:00Z,110950803,11095,8,home,4,1,0,0,0,0,0,0,1,0,0,12,10,1,9,82,11,71,0,0,1,3,10,6,1,1,0,0,0,0,2020
31039,Michael,Jennings,Parramatta Eels,Centre,2020-07-12T00:00:00Z,110950907,11095,9,away,0,0,0,0,0,0,0,0,7,0,0,22,15,0,11,113,0,71,0,0,0,3,13,17,0,2,0,0,3,0,2020
31039,Michael,Jennings,Sydney Roosters,Interchange,2024-03-22T00:00:00Z,124450303,12445,3,home,0,0,0,0,0,0,0,0,0,0,0,0,0,0,0,0,0,0,0,0,0,0,0,0,0,0,0,0,0,0,2024
31039,Michael,Jennings,Sydney Roosters,Interchange,2024-03-28T00:00:00Z,124450401,12445,4,home,0,0,0,0,0,0,0,0,0,0,0,0,0,0,0,0,0,0,0,0,0,0,0,0,0,0,0,0,0,0,2024
31039,Michael,Jennings,Sydney Roosters,Interchange,2024-04-05T00:00:00Z,124450502,12445,5,away,0,0,0,0,0,0,1,1,4,0,0,9,5,0,4,39,0,35,9,0,0,2,5,8,0,1,0,0,1,0,2024
31039,Michael,Jennings,Sydney Roosters,Centre,2024-04-11T00:00:00Z,124450601,12445,6,away,0,0,0,0,0,0,0,0,4,0,0,13,7,4,2,63,36,17,27,0,0,2,7,26,0,4,0,1,2,0,2024
31039,Michael,Jennings,Sydney Roosters,Centre,2024-04-18T00:00:00Z,124450701,12445,7,home,4,1,0,0,0,0,0,0,11,0,0,17,5,4,1,35,24,11,11,0,0,0,5,20,2,3,0,0,0,1,2024
31039,Michael,Jennings,Sydney Roosters,Centre,2024-04-25T00:00:00Z,124450802,12445,8,away,0,0,0,0,0,0,1,0,1,0,0,6,5,1,4,51,5,47,20,0,0,5,5,8,0,0,0,0,0,0,2024
31039,Michael,Jennings,Sydney Roosters,Interchange,2024-09-13T00:00:00Z,124460101,12446,1,away,0,0,0,0,0,0,0,0,0,0,0,0,0,0,0,0,0,0,0,0,0,0,0,0,0,0,0,0,0,0,2024
31049,Shaun,Kenny-Dowall,Newcastle Knights,Wing,2019-04-21T00:00:00Z,106840606,10684,6,away,0,0,0,0,0,0,0,0,3,0,0,22,19,10,7,148,74,69,0,1,0,4,18,2,1,0,0,0,0,1,2019
31049,Shaun,Kenny-Dowall,Newcastle Knights,Wing,2019-04-28T00:00:00Z,106840708,10684,7,home,0,0,0,0,0,0,0,0,1,0,0,16,14,10,1,159,100,16,0,0,0,1,13,1,0,3,0,1,3,0,2019
31049,Shaun,Kenny-Dowall,Newcastle Knights,Wing,2019-05-05T00:00:00Z,106840807,10684,8,away,4,1,0,0,0,0,0,0,1,0,0,20,18,12,6,191,110,81,0,0,0,4,18,2,0,3,0,0,0,1,2019
31049,Shaun,Kenny-Dowall,Newcastle Knights,Wing,2019-05-11T00:00:00Z,106840904,10684,9,away,0,0,0,0,0,0,0,0,0,0,0,14,14,9,2,117,67,16,0,0,0,4,14,3,0,0,0,0,1,0,2019
31065,Issac,Luke,St George-Illawarra Dragons,Hooker,2020-03-15T00:00:00Z,110950108,11095,1,home,0,0,0,0,0,0,0,0,76,10,1,83,6,0,2,56,0,27,0,1,0,1,5,28,1,1,0,0,0,0,2020
31065,Issac,Luke,St George-Illawarra Dragons,Hooker,2020-03-20T00:00:00Z,110950202,11095,2,home,0,0,0,0,0,0,0,0,69,40,1,72,3,0,0,30,0,0,0,1,0,0,1,30,3,4,0,0,0,1,2020
31065,Issac,Luke,St George-Illawarra Dragons,Interchange,2020-06-08T00:00:00Z,110950408,11095,4,away,0,0,0,0,0,0,0,0,36,51,1,38,4,0,0,32,0,0,0,0,0,0,1,22,1,1,0,0,0,0,2020
31065,Issac,Luke,Brisbane Broncos,Hooker,2020-06-18T00:00:00Z,110950601,11095,6,away,0,0,0,0,0,0,0,0,49,50,1,53,4,0,0,33,0,0,0,0,0,1,3,32,1,4,0,0,0,0,2020
31065,Issac,Luke,Brisbane Broncos,Hooker,2020-06-27T00:00:00Z,110950705,11095,7,home,0,0,0,0,0,0,0,0,75,79,2,83,10,0,3,76,0,12,0,1,0,0,5,30,4,1,0,0,0,0,2020
31065,Issac,Luke,Brisbane Broncos,Hooker,2020-07-04T00:00:00Z,110950805,11095,8,away,0,0,0,0,0,0,0,0,84,42,1,91,8,0,0,86,0,0,0,0,0,0,6,39,1,4,0,0,0,0,2020
31065,Issac,Luke,Brisbane Broncos,Hooker,2020-07-11T00:00:00Z,110950905,11095,9,home,0,0,0,0,0,0,1,1,62,23,1,66,5,0,1,48,0,4,0,1,0,0,1,22,0,4,0,1,1,0,2020
31067,Simon,Mannering,Warriors,Lock,2018-09-08T00:00:00Z,104130102,10413,1,away,0,0,0,0,0,0,0,0,6,0,0,20,10,10,0,73,73,0,0,2,0,1,11,29,0,2,0,0,1,0,2018
31076,Josh,McCrone,St George-Illawarra Dragons,Halfback,2016-03-27T00:00:00Z,98670405,9867,4,home,0,0,0,0,0,0,1,0,25,158,5,35,4,0,2,40,0,19,0,0,0,0,4,20,3,6,0,0,1,1,2016
31076,Josh,McCrone,St George-Illawarra Dragons,Halfback,2016-04-07T00:00:00Z,98670601,9867,6,away,0,0,0,0,0,0,0,1,38,205,6,46,1,0,0,13,0,0,0,0,0,1,1,19,0,2,0,0,1,1,2016
31076,Josh,McCrone,St George-Illawarra Dragons,Halfback,2016-04-16T00:00:00Z,98670703,9867,7,away,0,0,0,0,0,0,1,0,24,448,12,38,2,0,2,20,0,20,0,1,0,1,0,18,3,2,0,0,2,0,2016
31076,Josh,McCrone,St George-Illawarra Dragons,Halfback,2016-04-25T00:00:00Z,98670807,9867,8,home,0,0,0,0,0,0,0,1,34,389,10,46,2,0,2,23,0,23,0,0,0,0,2,13,2,7,0,0,0,0,2016
31076,Josh,McCrone,St George-Illawarra Dragons,Halfback,2017-03-04T00:00:00Z,100950104,10095,1,home,0,0,0,0,0,0,2,1,25,231,8,38,4,0,4,22,0,22,0,2,0,2,2,10,2,1,0,0,1,2,2017
31076,Josh,McCrone,St George-Illawarra Dragons,Halfback,2017-03-12T00:00:00Z,100950208,10095,2,home,0,0,0,0,0,0,0,0,14,385,10,31,5,0,5,40,0,40,0,0,0,1,6,21,0,1,0,0,1,2,2017
31076,Josh,McCrone,St George-Illawarra Dragons,Halfback,2017-03-19T00:00:00Z,100950308,10095,3,away,0,0,0,0,0,0,0,0,25,403,13,42,2,0,2,26,0,26,0,0,0,0,3,22,2,0,1,0,1,1,2017
31076,Josh,McCrone,St George-Illawarra Dragons,Halfback,2017-03-26T00:00:00Z,100950408,10095,4,home,4,1,0,0,0,0,0,0,21,211,8,32,3,0,2,18,0,13,0,0,1,0,2,21,1,5,0,0,1,0,2017
31076,Josh,McCrone,St George-Illawarra Dragons,Halfback,2017-04-02T00:00:00Z,100950508,10095,5,away,0,0,0,0,0,0,1,1,26,508,12,41,3,0,2,17,0,17,0,0,0,1,2,18,1,2,0,0,1,0,2017
31076,Josh,McCrone,St George-Illawarra Dragons,Halfback,2017-04-08T00:00:00Z,100950604,10095,6,away,0,0,0,0,0,0,4,2,33,234,7,41,5,0,5,45,0,45,0,1,1,2,0,18,4,1,0,0,0,0,2017
31076,Josh,McCrone,St George-Illawarra Dragons,Halfback,2017-04-15T00:00:00Z,100950706,10095,7,home,0,0,0,0,0,0,1,1,21,97,3,28,1,0,1,11,0,11,0,0,0,0,2,9,0,1,1,0,2,2,2017
31076,Josh,McCrone,St George-Illawarra Dragons,Halfback,2017-04-25T00:00:00Z,100950807,10095,8,away,0,0,0,0,0,0,0,0,22,420,11,35,4,0,4,42,0,42,0,2,0,2,0,25,1,2,0,0,0,1,2017
31076,Josh,McCrone,St George-Illawarra Dragons,Halfback,2017-04-30T00:00:00Z,100950908,10095,9,home,0,0,0,0,0,0,1,2,40,277,6,47,1,0,1,10,0,10,0,1,0,0,0,14,2,3,0,0,0,1,2017
31087,Brett,Morris,Canterbury-Bankstown Bulldogs,Fullback,2016-09-11T00:00:00Z,98680104,9868,1,away,0,0,0,0,0,0,0,0,6,0,0,16,9,0,3,73,0,22,0,0,0,1,10,2,0,0,1,0,0,0,2016
31087,Brett,Morris,Canterbury-Bankstown Bulldogs,Wing,2017-03-03T00:00:00Z,100950102,10095,1,home,0,0,0,0,0,0,0,0,8,0,0,18,9,0,3,91,0,49,0,0,1,4,9,6,0,0,0,1,1,0,2017
31087,Brett,Morris,Canterbury-Bankstown Bulldogs,Wing,2017-03-09T00:00:00Z,100950201,10095,2,away,4,1,0,0,0,0,0,0,4,24,2,16,10,0,5,102,0,56,0,0,1,2,9,5,1,1,0,0,0,0,2017
31087,Brett,Morris,Canterbury-Bankstown Bulldogs,Wing,2017-03-17T00:00:00Z,100950302,10095,3,home,8,2,0,0,0,0,0,0,1,0,0,13,10,0,3,95,0,46,0,0,2,2,10,5,1,0,0,0,0,0,2017
31087,Brett,Morris,Canterbury-Bankstown Bulldogs,Wing,2017-03-25T00:00:00Z,100950404,10095,4,away,0,0,0,0,0,0,0,0,6,0,0,14,5,0,2,31,0,13,0,1,0,1,5,5,0,1,0,0,1,1,2017
31087,Brett,Morris,Canterbury-Bankstown Bulldogs,Wing,2017-03-30T00:00:00Z,100950501,10095,5,home,0,0,0,0,0,0,0,0,9,0,0,22,10,0,2,94,0,9,0,1,0,0,11,9,0,0,0,0,1,0,2017
31087,Brett,Morris,Canterbury-Bankstown Bulldogs,Wing,2017-04-07T00:00:00Z,100950602,10095,6,away,0,0,0,0,0,0,1,1,9,0,0,20,11,0,3,113,0,28,0,0,0,4,11,6,0,1,0,0,0,0,2017
31087,Brett,Morris,Canterbury-Bankstown Bulldogs,Fullback,2017-04-14T00:00:00Z,100950701,10095,7,home,0,0,0,0,0,0,0,0,13,43,1,27,15,1,9,175,18,103,0,2,1,2,10,8,0,0,1,0,2,0,2017
31087,Brett,Morris,Canterbury-Bankstown Bulldogs,Fullback,2017-04-23T00:00:00Z,100950806,10095,8,away,0,0,0,0,0,0,0,0,11,0,0,26,16,0,5,179,0,35,0,0,0,2,14,5,0,0,0,0,1,0,2017
31087,Brett,Morris,Canterbury-Bankstown Bulldogs,Wing,2017-04-29T00:00:00Z,100950905,10095,9,home,0,0,0,0,0,0,0,0,6,0,0,22,13,1,5,139,9,51,0,3,0,4,11,6,1,0,0,0,2,0,2017
31087,Brett,Morris,Canterbury-Bankstown Bulldogs,Wing,2018-03-10T00:00:00Z,104120106,10412,1,home,4,1,0,0,0,0,0,0,4,0,0,15,10,1,3,80,9,30,0,1,1,2,9,4,0,1,0,0,0,0,2018
31087,Brett,Morris,Canterbury-Bankstown Bulldogs,Wing,2018-03-16T00:00:00Z,104120202,10412,2,away,0,0,0,0,0,0,0,0,3,0,0,10,7,2,3,58,20,10,0,0,0,3,7,5,2,1,0,0,0,0,2018
31087,Brett,Morris,Canterbury-Bankstown Bulldogs,Wing,2018-03-23T00:00:00Z,104120302,10412,3,home,0,0,0,0,0,0,0,0,4,0,0,18,14,1,6,113,7,56,0,1,0,3,13,3,0,1,0,0,0,0,2018
31087,Brett,Morris,Canterbury-Bankstown Bulldogs,Wing,2018-03-30T00:00:00Z,104120402,10412,4,away,0,0,0,0,0,0,2,0,2,0,0,17,13,3,6,150,37,57,0,1,1,1,13,2,0,2,0,0,1,0,2018
31087,Brett,Morris,Canterbury-Bankstown Bulldogs,Wing,2018-04-05T00:00:00Z,104120501,10412,5,away,0,0,0,0,0,0,0,0,1,0,0,2,1,0,1,7,0,7,0,0,0,0,1,0,0,0,0,0,0,0,2018
31087,Brett,Morris,Canterbury-Bankstown Bulldogs,Wing,2018-04-14T00:00:00Z,104120605,10412,6,away,0,0,0,0,0,0,0,0,0,0,0,12,12,0,6,130,0,65,0,0,0,3,12,5,1,1,0,0,0,0,2018
31087,Brett,Morris,Canterbury-Bankstown Bulldogs,Wing,2018-04-19T00:00:00Z,104120701,10412,7,home,0,0,0,0,0,0,0,0,8,0,0,23,15,0,7,127,0,44,0,2,0,2,12,6,0,2,1,0,1,0,2018
31087,Brett,Morris,Canterbury-Bankstown Bulldogs,Wing,2018-04-27T00:00:00Z,104120805,10412,8,away,0,0,0,0,0,0,0,0,6,0,0,17,10,0,5,86,0,49,0,1,0,1,10,6,0,0,0,0,0,0,2018
31087,Brett,Morris,Canterbury-Bankstown Bulldogs,Wing,2018-05-03T00:00:00Z,104120901,10412,9,away,0,0,0,0,0,0,0,0,1,0,0,10,7,0,2,69,0,14,0,0,0,0,8,7,1,0,0,0,1,0,2018
31087,Brett,Morris,Sydney Roosters,Wing,2019-10-06T00:00:00Z,106850401,10685,4,home,0,0,0,0,0,0,0,0,0,0,0,20,16,7,6,137,57,49,0,0,0,3,19,6,2,1,0,0,1,0,2019
31087,Brett,Morris,Sydney Roosters,Wing,2020-05-29T00:00:00Z,110950303,11095,3,home,0,0,0,0,0,0,0,0,2,0,0,16,13,3,5,107,22,41,0,0,0,2,14,8,0,2,0,0,0,0,2020
31087,Brett,Morris,Sydney Roosters,Fullback,2020-06-04T00:00:00Z,110950401,11095,4,away,4,1,0,0,0,0,2,2,15,0,0,29,15,0,11,160,0,113,0,3,0,3,9,4,0,0,1,0,1,1,2020
31087,Brett,Morris,Sydney Roosters,Wing,2021-03-13T00:00:00Z,113550105,11355,1,home,12,3,0,0,0,0,0,0,4,0,0,27,22,11,4,301,99,130,84,0,2,4,18,10,0,0,0,0,2,0,2021
31087,Brett,Morris,Sydney Roosters,Wing,2021-03-21T00:00:00Z,113550207,11355,2,away,12,3,0,0,0,0,1,0,5,11,1,27,23,10,10,226,73,140,78,0,2,5,17,6,0,2,0,0,1,0,2021
31087,Brett,Morris,Sydney Roosters,Wing,2021-03-26T00:00:00Z,113550303,11355,3,away,4,1,0,0,0,0,0,0,4,0,0,16,12,7,2,95,47,19,30,2,0,2,9,6,0,1,0,0,0,0,2021
31087,Brett,Morris,Sydney Roosters,Wing,2021-04-04T00:00:00Z,113550407,11355,4,home,8,2,0,0,0,0,0,0,3,0,0,17,13,5,6,79,30,45,24,2,2,6,9,14,0,1,1,1,1,0,2021
31087,Brett,Morris,Sydney Roosters,Wing,2021-04-10T00:00:00Z,113550506,11355,5,home,8,2,0,0,0,0,0,0,3,63,3,18,13,3,10,121,27,94,49,2,2,6,8,14,1,4,0,0,0,0,2021
31087,Brett,Morris,Sydney Roosters,Wing,2021-04-25T00:00:00Z,113550707,11355,7,home,0,0,0,0,0,0,1,1,3,0,0,13,8,2,4,55,9,24,6,4,0,0,6,19,0,0,0,0,0,0,2021
31087,Brett,Morris,Sydney Roosters,Centre,2021-05-01T00:00:00Z,113550806,11355,8,away,0,0,0,0,0,0,1,1,5,20,1,14,8,2,6,87,14,73,14,4,0,4,4,26,0,3,0,0,2,1,2021
31088,Josh,Morris,Cronulla-Sutherland Sharks,Centre,2019-04-06T00:00:00Z,106840406,10684,4,away,0,0,0,0,0,0,0,0,6,0,0,17,9,4,3,92,35,34,0,1,0,2,10,9,1,1,0,0,0,1,2019
31088,Josh,Morris,Cronulla-Sutherland Sharks,Centre,2019-04-13T00:00:00Z,106840506,10684,5,home,4,1,0,0,0,0,1,0,4,0,0,16,14,4,10,145,41,104,0,2,2,6,8,9,1,0,0,1,1,0,2019
31088,Josh,Morris,Cronulla-Sutherland Sharks,Centre,2020-03-14T00:00:00Z,110950105,11095,1,away,0,0,0,0,0,0,0,0,3,0,0,16,12,0,12,98,0,98,0,1,0,1,10,7,1,0,0,0,2,0,2020
31088,Josh,Morris,Cronulla-Sutherland Sharks,Centre,2020-03-21T00:00:00Z,110950206,11095,2,home,0,0,0,0,0,0,0,0,1,0,0,10,6,1,5,50,5,45,0,1,0,1,6,7,1,0,0,0,2,0,2020
31088,Josh,Morris,Sydney Roosters,Centre,2021-04-16T00:00:00Z,113550603,11355,6,away,0,0,0,0,0,0,0,0,4,0,0,18,13,5,8,96,26,70,42,1,1,3,12,13,1,1,0,0,1,0,2021
31088,Josh,Morris,Sydney Roosters,Centre,2021-05-07T00:00:00Z,113550903,11355,9,away,0,0,0,0,0,0,0,0,1,0,0,8,7,3,2,49,25,12,13,1,0,0,5,10,0,1,0,0,1,0,2021
31090,Jarrod,Mullen,Newcastle Knights,Five-Eighth,2016-03-06T00:00:00Z,98670107,9867,1,away,0,0,0,0,0,0,1,2,32,266,9,44,3,0,3,18,0,18,0,0,0,1,2,13,1,0,0,0,1,0,2016
31090,Jarrod,Mullen,Newcastle Knights,Five-Eighth,2016-03-12T00:00:00Z,98670204,9867,2,away,0,0,0,0,0,0,0,0,27,97,4,32,3,0,3,53,0,53,0,1,1,2,0,13,2,4,0,0,1,1,2016
31090,Jarrod,Mullen,Newcastle Knights,Five-Eighth,2016-03-19T00:00:00Z,98670303,9867,3,home,0,0,0,0,0,0,1,1,46,221,7,58,6,0,5,85,0,80,0,1,1,2,3,19,0,2,0,0,0,3,2016
31090,Jarrod,Mullen,Newcastle Knights,Five-Eighth,2016-03-28T00:00:00Z,98670406,9867,4,away,0,0,0,0,0,0,0,0,16,295,8,29,6,0,5,64,0,53,0,1,0,0,3,8,2,3,0,0,1,0,2016
31090,Jarrod,Mullen,Newcastle Knights,Five-Eighth,2016-04-02T00:00:00Z,98670503,9867,5,away,0,0,0,0,0,0,0,0,17,500,12,34,5,0,5,23,0,23,0,1,0,1,3,17,2,1,0,0,1,1,2016
31090,Jarrod,Mullen,Newcastle Knights,Five-Eighth,2016-04-10T00:00:00Z,98670607,9867,6,home,0,0,0,0,0,0,2,1,24,354,8,38,5,0,5,69,0,69,0,0,0,3,4,24,1,2,0,0,2,0,2016
31090,Jarrod,Mullen,Newcastle Knights,Five-Eighth,2016-04-16T00:00:00Z,98670705,9867,7,away,0,0,0,0,0,0,0,0,3,79,3,6,1,0,1,8,0,8,0,0,0,0,0,2,0,1,0,0,0,0,2016
31090,Jarrod,Mullen,Newcastle Knights,Five-Eighth,2016-04-25T00:00:00Z,98670806,9867,8,home,0,0,0,0,0,0,1,0,25,286,9,39,6,1,4,110,8,57,0,1,1,3,4,8,1,1,0,0,0,1,2016
31097,Jason,Nightingale,St George-Illawarra Dragons,Wing,2018-03-08T00:00:00Z,104120101,10412,1,home,4,1,0,0,0,0,0,0,6,0,0,24,16,10,4,156,80,56,0,0,1,1,16,2,0,0,0,0,1,0,2018
31097,Jason,Nightingale,St George-Illawarra Dragons,Wing,2018-03-15T00:00:00Z,104120201,10412,2,away,0,0,0,0,0,0,0,0,3,0,0,19,13,5,4,88,32,31,0,1,0,3,12,15,1,2,0,0,3,1,2018
31097,Jason,Nightingale,St George-Illawarra Dragons,Wing,2018-03-25T00:00:00Z,104120307,10412,3,away,0,0,0,0,0,0,0,0,11,0,0,22,11,7,2,94,57,7,0,0,0,1,10,6,0,0,0,0,1,0,2018
31097,Jason,Nightingale,St George-Illawarra Dragons,Wing,2018-04-01T00:00:00Z,104120406,10412,4,home,0,0,0,0,0,0,0,0,10,0,0,23,13,0,9,81,0,47,0,0,0,0,13,17,0,1,0,0,0,1,2018
31097,Jason,Nightingale,St George-Illawarra Dragons,Wing,2018-04-06T00:00:00Z,104120503,10412,5,home,0,0,0,0,0,0,0,0,3,0,0,20,16,0,6,136,0,36,0,1,0,2,16,10,0,0,0,0,0,0,2018
31097,Jason,Nightingale,St George-Illawarra Dragons,Wing,2018-04-13T00:00:00Z,104120603,10412,6,home,0,0,0,0,0,0,0,0,5,31,1,16,9,1,6,68,8,52,0,0,0,1,9,14,3,0,0,1,3,0,2018
31097,Jason,Nightingale,St George-Illawarra Dragons,Wing,2018-04-20T00:00:00Z,104120702,10412,7,away,0,0,0,0,0,0,0,0,6,0,0,23,18,0,8,136,0,59,0,0,0,4,17,9,0,0,0,0,1,0,2018
31097,Jason,Nightingale,St George-Illawarra Dragons,Wing,2018-04-25T00:00:00Z,104120801,10412,8,home,0,0,0,0,0,0,0,0,5,0,0,31,22,3,13,211,18,134,0,2,0,6,22,9,1,0,0,0,3,0,2018
31097,Jason,Nightingale,St George-Illawarra Dragons,Wing,2018-05-06T00:00:00Z,104120907,10412,9,home,0,0,0,0,0,0,0,0,0,0,0,15,14,0,12,130,0,96,0,0,0,3,13,12,0,3,0,1,3,0,2018
31098,Frank-Paul,Nu'uausala,Canberra Raiders,Prop,2016-04-04T00:00:00Z,98670508,9867,5,away,0,0,0,0,0,0,0,0,0,0,0,14,14,11,0,140,90,0,0,0,0,0,14,18,0,0,0,0,0,1,2016
31098,Frank-Paul,Nu'uausala,Canberra Raiders,Prop,2016-04-09T00:00:00Z,98670603,9867,6,away,0,0,0,0,0,0,0,0,1,0,0,11,10,9,0,95,74,0,0,0,0,0,10,16,0,0,0,0,0,0,2016
31098,Frank-Paul,Nu'uausala,Canberra Raiders,Prop,2016-04-17T00:00:00Z,98670706,9867,7,home,0,0,0,0,0,0,0,0,0,0,0,6,5,4,0,32,26,0,0,0,0,0,5,8,0,0,0,0,1,0,2016
31102,Russell,Packer,Wests Tigers,Interchange,2020-06-13T00:00:00Z,110950506,11095,5,home,0,0,0,0,0,0,0,0,0,0,0,1,1,1,0,10,10,0,0,0,0,0,1,15,0,1,0,0,0,2,2020
31102,Russell,Packer,Wests Tigers,Interchange,2021-03-14T00:00:00Z,113550107,11355,1,away,0,0,0,0,0,0,0,0,0,0,0,4,4,2,0,48,19,0,17,0,0,0,4,7,0,0,0,0,0,0,2021
31104,Mickey,Paea,Newcastle Knights,Prop,2016-04-30T00:00:00Z,98670904,9867,9,away,0,0,0,0,0,0,0,0,0,0,0,7,6,6,0,53,53,0,0,0,0,1,6,26,0,2,0,0,1,0,2016
31108,Junior,Paulo,Canberra Raiders,Prop,2017-03-19T00:00:00Z,100950307,10095,3,home,0,0,0,0,0,0,1,0,5,0,0,16,10,7,2,100,65,22,0,1,1,4,9,18,1,0,0,0,1,0,2017
31108,Junior,Paulo,Canberra Raiders,Prop,2017-03-24T00:00:00Z,100950403,10095,4,away,0,0,0,0,0,0,0,0,2,0,0,12,11,10,1,104,99,5,0,1,0,1,8,25,1,3,0,1,1,0,2017
31108,Junior,Paulo,Canberra Raiders,Prop,2017-04-01T00:00:00Z,100950505,10095,5,home,0,0,0,0,0,0,0,0,3,0,0,15,12,9,0,119,91,0,0,0,0,1,12,25,0,0,0,0,0,0,2017
31108,Junior,Paulo,Canberra Raiders,Prop,2017-04-08T00:00:00Z,100950605,10095,6,away,0,0,0,0,0,0,1,1,5,0,0,25,20,13,1,215,120,6,0,2,0,0,18,13,1,1,0,0,0,0,2017
31108,Junior,Paulo,Canberra Raiders,Prop,2017-04-15T00:00:00Z,100950705,10095,7,home,0,0,0,0,0,0,0,0,5,0,0,22,18,12,2,174,111,7,0,2,0,1,15,16,1,2,0,0,0,0,2017
31108,Junior,Paulo,Canberra Raiders,Prop,2017-04-21T00:00:00Z,100950801,10095,8,home,0,0,0,0,0,0,0,0,0,0,0,15,15,13,0,148,121,0,0,1,0,1,13,16,4,1,0,0,1,0,2017
31108,Junior,Paulo,Canberra Raiders,Prop,2017-04-29T00:00:00Z,100950905,10095,9,away,0,0,0,0,0,0,0,0,4,0,0,21,17,15,0,170,139,0,0,3,0,2,14,19,2,1,0,0,0,0,2017
31108,Junior,Paulo,Canberra Raiders,Interchange,2018-03-11T00:00:00Z,104120108,10412,1,away,4,1,0,0,0,0,0,0,0,0,0,9,8,8,0,73,73,0,0,1,1,1,6,24,1,2,0,0,1,0,2018
31108,Junior,Paulo,Canberra Raiders,Interchange,2018-03-18T00:00:00Z,104120208,10412,2,home,0,0,0,0,0,0,1,1,2,0,0,13,11,7,0,116,59,0,0,3,0,1,8,16,0,0,0,0,0,1,2018
31108,Junior,Paulo,Canberra Raiders,Interchange,2018-03-24T00:00:00Z,104120304,10412,3,home,0,0,0,0,0,0,0,0,4,0,0,11,9,9,0,76,76,0,0,2,0,3,5,14,1,1,0,0,0,0,2018
31108,Junior,Paulo,Canberra Raiders,Interchange,2018-03-31T00:00:00Z,104120405,10412,4,away,0,0,0,0,0,0,0,0,3,0,0,15,12,9,0,111,79,0,0,2,0,2,10,20,2,2,0,0,0,1,2018
31108,Junior,Paulo,Canberra Raiders,Prop,2018-04-05T00:00:00Z,104120501,10412,5,home,0,0,0,0,0,0,0,0,0,0,0,12,12,8,1,131,77,10,0,0,0,0,12,18,2,1,0,0,0,2,2018
31108,Junior,Paulo,Canberra Raiders,Prop,2018-04-14T00:00:00Z,104120606,10412,6,home,0,0,0,0,0,0,0,0,1,0,0,15,14,13,0,122,114,0,0,3,0,1,11,20,3,0,0,0,0,0,2018
31108,Junior,Paulo,Canberra Raiders,Prop,2018-04-21T00:00:00Z,104120704,10412,7,away,0,0,0,0,0,0,0,0,4,0,0,19,14,11,1,132,91,11,0,2,0,5,12,19,0,1,0,0,1,0,2018
31108,Junior,Paulo,Canberra Raiders,Prop,2018-04-28T00:00:00Z,104120807,10412,8,away,0,0,0,0,0,0,0,0,2,0,0,14,11,10,0,85,77,0,0,1,0,1,10,24,0,0,0,0,1,0,2018
31108,Junior,Paulo,Canberra Raiders,Prop,2018-05-05T00:00:00Z,104120904,10412,9,home,0,0,0,0,0,0,0,0,1,0,0,11,9,7,1,76,54,12,0,2,0,3,8,12,2,0,0,0,0,0,2018
31108,Junior,Paulo,Parramatta Eels,Prop,2019-03-24T00:00:00Z,106840207,10684,2,away,0,0,0,0,0,0,0,0,3,0,0,16,13,10,0,136,91,0,0,2,0,0,11,26,2,0,0,0,0,0,2019
31108,Junior,Paulo,Parramatta Eels,Prop,2019-09-15T00:00:00Z,106850104,10685,1,home,0,0,0,0,0,0,0,0,0,0,0,12,11,3,2,114,25,9,0,4,0,5,8,9,0,1,0,0,0,0,2019
31108,Junior,Paulo,Parramatta Eels,Prop,2021-03-12T00:00:00Z,113550103,11355,1,away,4,1,0,0,0,0,0,0,1,0,0,15,14,12,2,140,125,16,55,5,1,4,8,32,2,4,0,0,0,0,2021
31108,Junior,Paulo,Parramatta Eels,Prop,2021-03-18T00:00:00Z,113550201,11355,2,home,4,1,0,0,0,0,0,0,6,0,0,16,12,9,3,91,75,16,29,1,1,4,8,32,0,2,0,0,0,0,2021
31108,Junior,Paulo,Parramatta Eels,Prop,2021-03-27T00:00:00Z,113550306,11355,3,home,0,0,0,0,0,0,1,1,3,0,0,16,13,9,2,121,81,12,49,2,0,2,10,17,0,1,0,0,1,0,2021
31108,Junior,Paulo,Parramatta Eels,Prop,2021-04-05T00:00:00Z,113550408,11355,4,away,0,0,0,0,0,0,0,0,4,0,0,21,16,12,1,162,112,5,77,3,0,4,13,22,1,2,0,0,2,0,2021
31108,Junior,Paulo,Parramatta Eels,Prop,2021-04-11T00:00:00Z,113550508,11355,5,home,0,0,0,0,0,0,0,0,3,0,0,13,9,8,1,85,76,9,37,1,0,0,8,26,1,2,0,0,0,1,2021
31108,Junior,Paulo,Parramatta Eels,Prop,2021-04-17T00:00:00Z,113550606,11355,6,away,0,0,0,0,0,0,0,0,3,0,0,15,14,12,2,117,107,10,48,0,0,1,12,19,0,1,0,0,0,0,2021
31108,Junior,Paulo,Parramatta Eels,Prop,2021-04-23T00:00:00Z,113550703,11355,7,home,0,0,0,0,0,0,0,0,4,0,0,14,11,8,1,100,64,5,31,2,0,3,8,21,3,2,0,0,0,0,2021
31108,Junior,Paulo,Parramatta Eels,Interchange,2021-05-01T00:00:00Z,113550805,11355,8,away,0,0,0,0,0,0,0,0,5,0,0,18,12,9,1,111,82,5,42,0,0,0,12,19,0,2,0,0,1,0,2021
31108,Junior,Paulo,Parramatta Eels,Prop,2021-05-07T00:00:00Z,113550903,11355,9,home,0,0,0,0,0,0,0,0,13,0,0,34,23,19,4,160,142,19,61,4,0,0,16,24,0,2,0,0,1,0,2021
31108,Junior,Paulo,Parramatta Eels,Prop,2022-03-13T00:00:00Z,116880107,11688,1,home,0,0,0,0,0,0,0,0,13,0,0,24,11,6,0,135,52,0,32,0,0,0,11,26,0,3,0,0,1,0,2022
31108,Junior,Paulo,Parramatta Eels,Prop,2022-03-19T00:00:00Z,116880205,11688,2,away,0,0,0,0,0,0,0,0,6,15,1,19,12,8,3,90,59,21,27,4,0,1,8,27,0,1,0,0,0,0,2022
31108,Junior,Paulo,Parramatta Eels,Prop,2022-03-26T00:00:00Z,116880305,11688,3,away,0,0,0,0,0,0,0,0,4,0,0,22,20,14,6,156,116,41,41,2,0,2,16,29,0,3,0,0,0,0,2022
31108,Junior,Paulo,Parramatta Eels,Prop,2022-04-03T00:00:00Z,116880408,11688,4,home,0,0,0,0,0,0,0,1,8,0,0,15,9,3,2,80,18,13,18,2,0,4,5,11,0,0,0,0,0,0,2022
31108,Junior,Paulo,Parramatta Eels,Prop,2022-04-09T00:00:00Z,116880506,11688,5,away,0,0,0,0,0,0,0,0,4,0,0,20,17,9,3,197,92,21,70,1,0,0,15,17,0,1,0,0,0,1,2022
31108,Junior,Paulo,Parramatta Eels,Prop,2022-04-24T00:00:00Z,116880705,11688,7,away,0,0,0,0,0,0,0,0,3,0,0,15,13,8,1,129,90,4,48,0,0,0,12,14,0,2,0,0,0,0,2022
31108,Junior,Paulo,Parramatta Eels,Prop,2022-04-30T00:00:00Z,116880806,11688,8,home,0,0,0,0,0,0,0,0,8,0,0,16,8,7,0,86,75,0,41,0,0,3,8,18,2,1,0,0,0,0,2022
31108,Junior,Paulo,Parramatta Eels,Prop,2022-05-06T00:00:00Z,116880903,11688,9,away,0,0,0,0,0,0,0,0,8,0,0,29,22,13,5,188,110,29,51,4,0,3,17,27,2,4,0,0,1,0,2022
31108,Junior,Paulo,Parramatta Eels,Prop,2023-03-02T00:00:00Z,120670101,12067,1,home,4,1,0,0,0,0,0,0,5,0,0,24,19,17,2,170,151,18,73,2,1,7,16,33,2,1,0,0,0,1,2023
31108,Junior,Paulo,Parramatta Eels,Prop,2023-03-10T00:00:00Z,120670202,12067,2,home,0,0,0,0,0,0,0,0,1,0,0,17,15,12,0,144,114,0,52,0,0,3,15,31,0,1,0,0,1,0,2023
31108,Junior,Paulo,Parramatta Eels,Prop,2023-03-16T00:00:00Z,120670301,12067,3,away,0,0,0,0,0,0,0,0,12,0,0,25,13,10,1,108,76,6,25,3,0,1,10,23,0,2,0,0,0,0,2023
31108,Junior,Paulo,Parramatta Eels,Prop,2023-03-23T00:00:00Z,120670401,12067,4,home,0,0,0,0,0,0,0,0,3,0,0,21,18,13,0,203,131,0,69,0,0,2,18,17,1,0,0,0,0,1,2023
31108,Junior,Paulo,Parramatta Eels,Prop,2023-04-16T00:00:00Z,120670708,12067,7,home,0,0,0,0,0,0,0,0,4,0,0,13,9,7,1,72,53,5,32,0,0,3,9,21,1,1,0,0,0,0,2023
31108,Junior,Paulo,Parramatta Eels,Prop,2023-04-21T00:00:00Z,120670802,12067,8,home,0,0,0,0,0,0,0,0,6,0,0,18,13,9,1,133,89,6,56,1,0,4,11,13,0,3,0,0,0,0,2023
31108,Junior,Paulo,Parramatta Eels,Prop,2023-04-28T00:00:00Z,120670902,12067,9,home,4,1,0,0,0,0,0,1,4,0,0,14,10,8,2,88,78,10,42,2,1,4,7,19,0,5,0,0,0,0,2023
31108,Junior,Paulo,Parramatta Eels,Interchange,2024-03-09T00:00:00Z,124450106,12445,1,home,0,0,0,0,0,0,0,0,3,0,0,19,17,11,2,142,83,10,51,2,0,4,14,12,0,1,0,0,0,0,2024
31108,Junior,Paulo,Parramatta Eels,Interchange,2024-03-15T00:00:00Z,124450203,12445,2,away,0,0,0,0,0,0,0,0,3,0,0,18,15,12,1,141,103,6,52,2,0,0,13,22,1,0,0,0,0,1,2024
31108,Junior,Paulo,Parramatta Eels,Interchange,2024-03-24T00:00:00Z,124450307,12445,3,home,0,0,0,0,0,0,1,1,3,0,0,14,13,3,6,121,24,40,23,4,0,0,7,10,0,0,0,0,0,0,2024
31108,Junior,Paulo,Parramatta Eels,Prop,2024-04-01T00:00:00Z,124450408,12445,4,home,0,0,0,0,0,0,0,0,1,0,0,12,10,9,1,83,75,9,22,2,0,0,7,27,1,2,0,0,2,0,2024
31108,Junior,Paulo,Parramatta Eels,Interchange,2024-04-07T00:00:00Z,124450508,12445,5,away,0,0,0,0,0,0,0,0,3,0,0,10,8,4,3,71,44,12,27,0,0,0,7,18,0,2,0,0,0,0,2024
31108,Junior,Paulo,Parramatta Eels,Interchange,2024-04-13T00:00:00Z,124450605,12445,6,home,0,0,0,0,0,0,0,0,2,0,0,15,13,12,1,123,119,4,52,2,0,1,11,15,0,0,0,0,0,0,2024
31108,Junior,Paulo,Parramatta Eels,Interchange,2024-04-19T00:00:00Z,124450703,12445,7,home,0,0,0,0,0,0,0,0,0,0,0,10,10,6,0,119,58,0,44,1,0,1,9,25,2,1,0,0,0,0,2024
31108,Junior,Paulo,Parramatta Eels,Interchange,2024-04-26T00:00:00Z,124450804,12445,8,away,0,0,0,0,0,0,1,1,4,0,0,14,11,8,2,92,67,13,26,1,0,3,9,21,3,2,0,0,0,1,2024
31108,Junior,Paulo,Parramatta Eels,Prop,2025-03-09T00:00:00Z,127550108,12755,1,away,0,0,0,0,0,0,0,0,5,0,0,13,9,4,3,63,23,7,21,1,0,1,7,22,1,2,0,0,0,0,2025
31108,Junior,Paulo,Parramatta Eels,Prop,2025-03-16T00:00:00Z,127550207,12755,2,home,0,0,0,0,0,0,0,0,5,0,0,17,11,9,2,99,88,11,42,1,0,0,10,28,0,4,0,0,1,0,2025
31108,Junior,Paulo,Parramatta Eels,Prop,2025-03-23T00:00:00Z,127550307,12755,3,home,0,0,0,0,0,0,0,0,4,0,0,17,12,7,4,98,45,33,36,4,0,3,9,30,1,5,0,0,0,0,2025
31108,Junior,Paulo,Parramatta Eels,Prop,2025-03-30T00:00:00Z,127550407,12755,4,away,0,0,0,0,0,0,1,1,3,0,0,14,13,8,4,100,61,26,28,1,0,3,10,25,0,3,0,0,0,0,2025
31108,Junior,Paulo,Parramatta Eels,Prop,2025-04-05T00:00:00Z,127550504,12755,5,home,0,0,0,0,0,0,0,0,1,0,0,19,19,13,2,169,108,14,58,3,0,2,15,29,2,1,0,0,0,0,2025
31108,Junior,Paulo,Parramatta Eels,Prop,2025-04-12T00:00:00Z,127550606,12755,6,home,0,0,0,0,0,0,0,0,0,0,0,3,4,3,0,33,26,0,9,0,0,0,3,27,1,4,0,0,0,1,2025
31108,Junior,Paulo,Parramatta Eels,Prop,2025-04-21T00:00:00Z,127550708,12755,7,away,0,0,0,0,0,0,0,0,2,0,0,15,14,8,4,123,77,28,46,2,0,2,11,22,0,1,0,0,0,1,2025
31108,Junior,Paulo,Parramatta Eels,Prop,2025-05-02T00:00:00Z,127550901,12755,9,away,0,0,0,0,0,0,0,1,5,0,0,19,12,9,2,99,79,8,46,3,0,1,10,45,1,0,0,0,1,0,2025
31108,Junior,Paulo,Parramatta Eels,Prop,2026-03-05T00:00:00Z,129990103,12999,1,away,0,0,0,0,0,0,0,0,5,0,0,13,8,6,2,67,54,14,31,0,0,3,7,38,1,4,0,0,1,0,2026
31108,Junior,Paulo,Parramatta Eels,Prop,2026-03-12T00:00:00Z,129990201,12999,2,away,0,0,0,0,0,0,0,0,5,0,0,16,11,7,2,90,56,9,32,1,0,3,10,24,1,3,0,0,0,0,2026
31108,Junior,Paulo,Parramatta Eels,Prop,2026-03-22T00:00:00Z,129990307,12999,3,home,0,0,0,0,0,0,0,0,1,0,0,13,10,2,5,100,17,41,25,0,0,1,10,35,1,1,0,0,2,0,2026
31108,Junior,Paulo,Parramatta Eels,Prop,2026-03-28T00:00:00Z,129990405,12999,4,away,0,0,0,0,0,0,0,0,4,0,0,11,7,2,4,60,17,31,23,0,0,0,7,22,0,0,0,0,0,1,2026
31108,Junior,Paulo,Parramatta Eels,Prop,2026-04-06T00:00:00Z,129990508,12999,5,home,4,1,0,0,0,0,0,0,6,0,0,19,13,9,2,108,69,13,32,0,1,1,12,25,0,3,0,0,0,0,2026
31108,Junior,Paulo,Parramatta Eels,Prop,2026-04-12T00:00:00Z,129990607,12999,6,home,0,0,0,0,0,0,0,0,4,0,0,13,10,2,8,59,17,42,24,1,0,1,8,20,0,1,0,0,0,0,2026
31108,Junior,Paulo,Parramatta Eels,Prop,2026-04-19T00:00:00Z,129990708,12999,7,home,0,0,0,0,0,0,0,0,4,0,0,21,17,6,7,161,55,61,60,0,0,1,17,23,1,1,0,0,0,0,2026
31108,Junior,Paulo,Parramatta Eels,Prop,2026-04-26T00:00:00Z,129990808,12999,8,away,0,0,0,0,0,0,0,0,5,0,0,15,10,5,2,93,37,16,31,3,0,0,6,25,3,3,0,0,1,0,2026
31108,Junior,Paulo,Parramatta Eels,Prop,2026-05-02T00:00:00Z,129990904,12999,9,home,0,0,0,0,0,0,0,0,7,0,0,23,16,0,13,141,0,98,40,2,0,1,14,29,0,3,0,0,0,0,2026
31108,Junior,Paulo,Parramatta Eels,Interchange,2026-05-08T00:00:00Z,129991003,12999,10,away,0,0,0,0,0,0,0,0,2,0,0,20,18,16,2,165,148,18,68,1,0,2,17,20,0,0,0,0,0,0,2026
31111,Mitchell,Pearce,Newcastle Knights,Halfback,2021-03-12T00:00:00Z,113550102,11355,1,home,0,0,0,0,0,0,2,2,55,432,13,78,11,0,11,62,0,62,20,3,0,1,7,14,0,4,0,0,0,0,2021
31111,Mitchell,Pearce,Newcastle Knights,Halfback,2021-03-19T00:00:00Z,113550202,11355,2,away,0,0,0,0,0,0,0,0,56,681,22,83,11,0,11,52,0,52,6,1,0,0,3,28,2,1,0,0,1,1,2021
31111,Mitchell,Pearce,Newcastle Knights,Halfback,2021-03-28T00:00:00Z,113550307,11355,3,home,4,1,0,0,0,0,0,0,60,319,12,80,12,0,12,108,0,108,18,2,0,1,5,25,0,4,0,0,0,0,2021
31118,Matt,Prior,Cronulla-Sutherland Sharks,Prop,2018-04-28T00:00:00Z,104120806,10412,8,away,0,0,0,0,0,0,0,0,0,0,0,11,11,9,0,89,66,0,0,1,0,1,10,22,1,0,0,0,0,0,2018
31118,Matt,Prior,Cronulla-Sutherland Sharks,Prop,2018-05-05T00:00:00Z,104120906,10412,9,home,0,0,0,0,0,0,0,0,1,0,0,16,13,8,1,119,82,2,0,1,0,2,13,31,0,2,0,0,1,0,2018
31119,Kevin,Proctor,Melbourne Storm,Second Row,2016-10-02T00:00:00Z,98680401,9868,4,home,0,0,0,0,0,0,0,0,5,0,0,13,10,9,1,73,64,10,0,0,0,1,8,42,0,0,0,0,0,0,2016
31119,Kevin,Proctor,Gold Coast Titans,Second Row,2017-03-17T00:00:00Z,100950303,10095,3,home,0,0,0,0,0,0,0,0,4,0,0,15,11,11,0,75,75,0,0,0,0,0,11,35,4,2,0,0,0,0,2017
31119,Kevin,Proctor,Gold Coast Titans,Second Row,2017-03-25T00:00:00Z,100950406,10095,4,home,0,0,0,0,0,0,0,0,3,0,0,21,16,15,1,133,121,12,0,0,0,0,16,27,1,1,0,0,2,0,2017
31119,Kevin,Proctor,Gold Coast Titans,Second Row,2017-04-02T00:00:00Z,100950507,10095,5,away,0,0,0,0,0,0,0,1,3,0,0,12,10,8,2,73,58,15,0,0,0,0,9,31,2,4,0,0,0,0,2017
31119,Kevin,Proctor,Gold Coast Titans,Second Row,2020-03-13T00:00:00Z,110950102,11095,1,away,0,0,0,0,0,0,0,0,2,0,0,14,12,2,9,88,15,66,0,1,0,1,11,34,1,3,0,0,0,0,2020
31119,Kevin,Proctor,Gold Coast Titans,Second Row,2020-05-29T00:00:00Z,110950302,11095,3,away,0,0,0,0,0,0,0,0,0,0,0,6,6,5,1,51,40,11,0,0,0,1,6,41,0,1,0,0,0,0,2020
31119,Kevin,Proctor,Gold Coast Titans,Second Row,2020-06-07T00:00:00Z,110950407,11095,4,home,4,1,0,0,0,0,0,0,3,0,0,13,10,9,1,69,64,6,0,1,1,2,8,31,1,0,0,0,0,1,2020
31119,Kevin,Proctor,Gold Coast Titans,Second Row,2020-06-13T00:00:00Z,110950504,11095,5,away,0,0,0,0,0,0,0,0,1,0,0,6,5,5,0,39,39,0,0,1,0,0,4,35,2,4,0,0,1,0,2020
31119,Kevin,Proctor,Gold Coast Titans,Second Row,2020-06-20T00:00:00Z,110950604,11095,6,home,0,0,0,0,0,0,1,0,3,0,0,12,8,4,4,53,17,36,0,0,0,0,8,33,0,3,0,0,1,0,2020
31119,Kevin,Proctor,Gold Coast Titans,Second Row,2020-06-27T00:00:00Z,110950705,11095,7,away,0,0,0,0,0,0,0,0,3,0,0,13,10,2,8,99,17,83,0,2,0,1,8,32,3,2,0,0,0,0,2020
31119,Kevin,Proctor,Gold Coast Titans,Second Row,2021-03-13T00:00:00Z,113550104,11355,1,away,0,0,0,0,0,0,0,0,2,0,0,16,13,5,8,110,38,72,37,1,0,0,12,33,0,1,0,0,1,0,2021
31119,Kevin,Proctor,Gold Coast Titans,Second Row,2021-03-19T00:00:00Z,113550203,11355,2,home,0,0,0,0,0,0,0,0,3,0,0,9,5,2,3,36,20,16,19,1,0,1,4,24,0,1,0,0,1,0,2021
31119,Kevin,Proctor,Gold Coast Titans,Second Row,2021-03-28T00:00:00Z,113550308,11355,3,away,0,0,0,0,0,0,0,0,1,0,0,7,5,0,5,66,0,66,34,1,1,2,5,24,1,5,0,0,0,0,2021
31119,Kevin,Proctor,Gold Coast Titans,Second Row,2021-04-03T00:00:00Z,113550405,11355,4,home,0,0,0,0,0,0,0,0,4,0,0,9,5,1,4,42,14,28,13,0,0,1,5,38,1,2,0,0,0,0,2021
31119,Kevin,Proctor,Gold Coast Titans,Second Row,2021-04-10T00:00:00Z,113550504,11355,5,home,4,1,0,0,0,0,0,0,3,0,0,9,4,2,2,30,18,12,9,0,1,0,4,24,1,0,0,0,1,0,2021
31119,Kevin,Proctor,Gold Coast Titans,Second Row,2021-04-17T00:00:00Z,113550604,11355,6,away,0,0,0,0,0,0,0,0,1,0,0,7,5,1,4,33,4,29,14,0,0,0,5,39,0,3,0,0,2,1,2021
31119,Kevin,Proctor,Gold Coast Titans,Second Row,2021-04-23T00:00:00Z,113550702,11355,7,home,0,0,0,0,0,0,0,0,1,0,0,6,5,0,5,42,0,42,19,0,0,2,5,31,1,2,0,0,0,1,2021
31119,Kevin,Proctor,Gold Coast Titans,Second Row,2021-04-30T00:00:00Z,113550803,11355,8,away,4,1,0,0,0,0,0,0,2,0,0,11,9,3,6,59,25,34,25,0,0,1,8,33,1,0,0,0,1,0,2021
31119,Kevin,Proctor,Gold Coast Titans,Second Row,2021-05-08T00:00:00Z,113550905,11355,9,away,0,0,0,0,0,0,0,0,1,0,0,11,7,2,5,60,16,44,24,0,0,0,8,32,3,4,0,0,1,2,2021
31119,Kevin,Proctor,Gold Coast Titans,Interchange,2022-03-13T00:00:00Z,116880107,11688,1,away,0,0,0,0,0,0,0,0,2,0,0,5,3,3,0,19,19,0,8,0,0,0,3,19,1,1,0,0,0,0,2022
31119,Kevin,Proctor,Gold Coast Titans,Interchange,2022-03-19T00:00:00Z,116880204,11688,2,home,0,0,0,0,0,0,0,0,0,0,0,6,6,6,0,60,60,0,29,2,0,0,4,20,0,2,0,0,0,0,2022
31119,Kevin,Proctor,Gold Coast Titans,Interchange,2022-03-26T00:00:00Z,116880306,11688,3,away,0,0,0,0,0,0,0,0,2,0,0,5,3,3,0,30,30,0,14,0,0,1,3,15,1,0,0,0,0,0,2022
31119,Kevin,Proctor,Gold Coast Titans,Second Row,2022-03-31T00:00:00Z,116880401,11688,4,home,0,0,0,0,0,0,0,0,3,0,0,7,4,1,3,24,9,15,12,1,0,1,3,36,2,3,0,0,0,0,2022
31119,Kevin,Proctor,Gold Coast Titans,Interchange,2022-04-09T00:00:00Z,116880506,11688,5,home,0,0,0,0,0,0,0,0,4,0,0,9,3,2,1,16,7,9,5,1,0,0,3,13,0,0,0,0,1,0,2022
31119,Kevin,Proctor,Gold Coast Titans,Second Row,2022-04-23T00:00:00Z,116880703,11688,7,away,0,0,0,0,0,0,0,0,1,0,0,5,4,4,0,37,37,0,20,0,0,2,4,23,2,1,0,0,0,2,2022
31119,Kevin,Proctor,Gold Coast Titans,Second Row,2022-04-29T00:00:00Z,116880802,11688,8,home,0,0,0,0,0,0,0,0,4,0,0,5,0,0,0,0,0,0,0,1,0,0,0,27,1,0,0,0,0,0,2022
31119,Kevin,Proctor,Gold Coast Titans,Second Row,2022-05-07T00:00:00Z,116880905,11688,9,away,0,0,0,0,0,0,0,0,2,0,0,6,3,2,1,26,17,8,11,0,0,0,4,21,0,0,0,0,0,0,2022
31146,Iosia,Soliola,Canberra Raiders,Interchange,2019-03-17T00:00:00Z,106840108,10684,1,away,4,1,0,0,0,0,0,0,0,0,0,14,13,9,1,112,72,7,0,1,0,0,12,24,2,1,0,0,0,0,2019
31146,Iosia,Soliola,Canberra Raiders,Interchange,2019-03-22T00:00:00Z,106840202,10684,2,home,0,0,0,0,0,0,0,0,1,0,0,14,12,10,1,104,79,10,0,0,0,0,12,25,1,4,0,0,1,1,2019
31146,Iosia,Soliola,Canberra Raiders,Interchange,2019-03-29T00:00:00Z,106840302,10684,3,home,0,0,0,0,0,0,0,0,1,0,0,16,14,12,1,141,106,12,0,0,0,0,14,22,2,1,0,0,1,0,2019
31146,Iosia,Soliola,Canberra Raiders,Interchange,2019-04-06T00:00:00Z,106840405,10684,4,away,0,0,0,0,0,0,0,0,1,0,0,12,11,8,0,115,67,0,0,0,0,0,11,28,0,1,0,0,1,0,2019
31146,Iosia,Soliola,Canberra Raiders,Interchange,2019-04-14T00:00:00Z,106840508,10684,5,home,0,0,0,0,0,0,0,0,0,0,0,11,11,7,1,131,72,12,0,0,0,0,11,18,2,0,0,0,0,0,2019
31146,Iosia,Soliola,Canberra Raiders,Interchange,2019-04-21T00:00:00Z,106840607,10684,6,home,0,0,0,0,0,0,0,0,0,0,0,12,11,9,0,108,81,0,0,0,0,0,12,28,1,4,0,0,0,0,2019
31146,Iosia,Soliola,Canberra Raiders,Interchange,2019-04-28T00:00:00Z,106840707,10684,7,away,0,0,0,0,0,0,0,0,0,0,0,9,9,8,0,73,66,0,0,0,0,0,9,22,2,1,0,0,0,3,2019
31146,Iosia,Soliola,Canberra Raiders,Interchange,2019-05-04T00:00:00Z,106840804,10684,8,home,0,0,0,0,0,0,0,0,0,0,0,17,17,12,2,132,86,16,0,0,0,1,16,21,1,1,0,0,0,1,2019
31146,Iosia,Soliola,Canberra Raiders,Interchange,2019-05-12T00:00:00Z,106840907,10684,9,away,0,0,0,0,0,0,0,0,2,0,0,13,11,9,0,113,75,0,0,1,0,0,10,26,0,0,0,0,0,0,2019
31146,Iosia,Soliola,Canberra Raiders,Interchange,2020-03-13T00:00:00Z,110950102,11095,1,home,0,0,0,0,0,0,0,0,0,0,0,13,13,11,1,120,98,12,0,0,0,0,13,21,1,2,0,0,0,0,2020
31146,Iosia,Soliola,Canberra Raiders,Interchange,2020-03-21T00:00:00Z,110950204,11095,2,away,4,1,0,0,0,0,0,0,1,0,0,15,13,11,0,134,105,0,0,0,0,2,13,27,0,1,0,0,0,2,2020
31146,Iosia,Soliola,Canberra Raiders,Interchange,2020-05-30T00:00:00Z,110950306,11095,3,away,0,0,0,0,0,0,0,0,1,0,0,15,14,13,0,126,110,0,0,0,0,3,14,18,0,1,0,0,0,0,2020
31146,Iosia,Soliola,Canberra Raiders,Interchange,2020-06-07T00:00:00Z,110950406,11095,4,home,0,0,0,0,0,0,0,0,1,0,0,6,5,5,0,45,45,0,0,0,0,0,5,22,2,2,0,0,0,0,2020
31146,Iosia,Soliola,Canberra Raiders,Lock,2020-06-13T00:00:00Z,110950506,11095,5,away,0,0,0,0,0,0,0,0,0,0,0,8,8,7,1,62,57,5,0,0,0,0,8,32,0,1,0,0,0,1,2020
31146,Iosia,Soliola,Canberra Raiders,Prop,2020-06-21T00:00:00Z,110950607,11095,6,home,0,0,0,0,0,0,0,0,1,0,0,6,5,4,1,37,34,3,0,0,0,0,5,16,0,2,0,0,0,1,2020
31146,Iosia,Soliola,Canberra Raiders,Prop,2020-06-27T00:00:00Z,110950706,11095,7,away,0,0,0,0,0,0,0,0,0,0,0,11,11,7,3,87,58,19,0,1,0,3,10,33,1,4,0,0,0,0,2020
31146,Iosia,Soliola,Canberra Raiders,Prop,2020-07-03T00:00:00Z,110950802,11095,8,home,0,0,0,0,0,0,0,0,0,0,0,6,6,5,0,58,47,0,0,0,0,0,6,9,0,2,0,0,0,0,2020
31146,Iosia,Soliola,Canberra Raiders,Interchange,2021-03-14T00:00:00Z,113550107,11355,1,home,0,0,0,0,0,0,0,0,1,0,0,13,12,8,0,118,74,0,51,0,0,0,12,11,1,0,0,0,0,0,2021
31146,Iosia,Soliola,Canberra Raiders,Interchange,2021-03-21T00:00:00Z,113550208,11355,2,away,0,0,0,0,0,0,0,0,1,0,0,11,10,5,4,84,41,25,30,0,0,3,10,14,1,0,0,0,0,0,2021
31146,Iosia,Soliola,Canberra Raiders,Interchange,2021-03-27T00:00:00Z,113550304,11355,3,home,4,1,0,0,0,0,0,0,1,0,0,17,15,11,2,131,92,15,53,0,1,1,14,24,3,4,0,0,1,0,2021
31146,Iosia,Soliola,Canberra Raiders,Interchange,2021-04-03T00:00:00Z,113550405,11355,4,away,0,0,0,0,0,0,0,0,2,0,0,9,7,4,3,57,33,23,23,0,0,0,7,18,3,0,0,0,0,0,2021
31146,Iosia,Soliola,Canberra Raiders,Prop,2021-04-09T00:00:00Z,113550503,11355,5,away,0,0,0,0,0,0,0,0,0,0,0,12,12,12,0,76,76,0,31,0,0,0,12,23,1,1,0,0,0,0,2021
31146,Iosia,Soliola,Canberra Raiders,Interchange,2021-04-17T00:00:00Z,113550606,11355,6,home,0,0,0,0,0,0,0,0,0,0,0,8,7,6,0,47,39,0,14,1,0,0,6,21,1,3,0,0,1,0,2021
31146,Iosia,Soliola,Canberra Raiders,Interchange,2021-04-24T00:00:00Z,113550705,11355,7,away,0,0,0,0,0,0,0,0,0,0,0,0,0,0,0,0,0,0,0,0,0,0,0,0,0,0,0,0,0,0,2021
31146,Iosia,Soliola,Canberra Raiders,Interchange,2021-04-29T00:00:00Z,113550801,11355,8,home,0,0,0,0,0,0,0,0,1,0,0,6,4,3,0,33,21,0,12,0,0,0,5,3,0,0,0,0,0,0,2021
31148,Jamie,Soward,Penrith Panthers,Five-Eighth,2016-03-05T00:00:00Z,98670103,9867,1,away,10,0,3,3,2,2,0,0,27,155,4,37,4,0,4,47,0,47,0,1,0,0,2,13,0,1,0,0,2,2,2016
31148,Jamie,Soward,Penrith Panthers,Five-Eighth,2016-03-10T00:00:00Z,98670201,9867,2,home,8,0,2,2,2,2,1,0,16,616,19,44,5,0,4,43,0,28,0,0,0,1,5,13,2,1,0,0,1,0,2016
31148,Jamie,Soward,Penrith Panthers,Halfback,2016-03-19T00:00:00Z,98670304,9867,3,home,6,0,4,3,1,0,1,0,21,304,10,35,2,0,2,18,0,18,0,1,0,1,1,12,1,4,0,0,1,0,2016
31148,Jamie,Soward,Penrith Panthers,Halfback,2016-03-27T00:00:00Z,98670405,9867,4,away,4,0,2,1,1,1,1,1,29,493,16,50,5,0,5,32,0,32,0,2,0,1,2,11,4,3,0,0,0,2,2016
31148,Jamie,Soward,Penrith Panthers,Halfback,2016-04-03T00:00:00Z,98670507,9867,5,away,4,0,4,2,0,0,0,0,28,364,12,44,3,0,2,16,0,10,0,1,0,1,3,18,2,0,0,0,0,0,2016
31148,Jamie,Soward,Penrith Panthers,Halfback,2016-04-09T00:00:00Z,98670605,9867,6,home,6,0,3,2,1,1,0,0,19,502,14,36,3,0,3,35,0,35,0,1,0,0,0,15,0,3,0,0,1,1,2016
31148,Jamie,Soward,Penrith Panthers,Halfback,2016-04-18T00:00:00Z,98670708,9867,7,away,8,0,3,3,1,1,0,0,18,574,16,38,1,1,0,9,9,0,0,0,0,0,2,7,2,4,0,0,1,0,2016
31148,Jamie,Soward,Penrith Panthers,Halfback,2016-04-24T00:00:00Z,98670805,9867,8,away,2,0,3,1,0,0,1,1,27,553,14,41,3,0,3,33,0,33,0,0,0,0,0,9,2,4,0,0,0,1,2016
31148,Jamie,Soward,Penrith Panthers,Five-Eighth,2016-04-30T00:00:00Z,98670903,9867,9,home,6,0,3,2,1,1,0,0,12,266,6,26,8,0,6,76,0,61,0,0,0,1,5,10,0,6,2,0,1,0,2016
31157,Elijah,Taylor,Wests Tigers,Lock,2017-03-12T00:00:00Z,100950207,10095,2,home,0,0,0,0,0,0,0,0,10,0,0,19,10,6,4,63,41,23,0,1,0,0,8,48,0,2,0,0,0,1,2017
31157,Elijah,Taylor,Wests Tigers,Lock,2017-04-29T00:00:00Z,100950906,10095,9,home,0,0,0,0,0,0,0,0,6,0,0,13,6,4,2,25,17,9,0,0,0,0,7,49,0,0,0,0,0,0,2017
31157,Elijah,Taylor,Wests Tigers,Interchange,2020-06-28T00:00:00Z,110950708,11095,7,away,0,0,0,0,0,0,0,0,4,0,0,8,5,4,1,38,31,7,0,0,0,0,4,19,1,0,0,0,0,0,2020
31157,Elijah,Taylor,Wests Tigers,Interchange,2020-07-04T00:00:00Z,110950806,11095,8,home,0,0,0,0,0,0,0,0,3,0,0,8,4,4,0,30,30,0,0,0,0,0,5,34,0,1,0,0,0,0,2020
31160,Luke,Thompson,Canterbury-Bankstown Bulldogs,Lock,2020-07-11T00:00:00Z,110950905,11095,9,away,0,0,0,0,0,0,0,0,1,0,0,10,9,8,1,78,72,6,0,0,0,2,9,39,2,2,0,0,0,2,2020
31160,Luke,Thompson,Canterbury-Bankstown Bulldogs,Interchange,2021-04-10T00:00:00Z,113550505,11355,5,home,4,1,0,0,0,0,0,0,1,0,0,17,16,11,3,132,98,15,44,1,1,4,14,26,2,0,0,0,0,0,2021
31160,Luke,Thompson,Canterbury-Bankstown Bulldogs,Lock,2021-04-18T00:00:00Z,113550608,11355,6,away,0,0,0,0,0,0,0,0,1,0,0,17,16,13,1,132,108,10,53,0,0,4,16,37,0,3,0,0,0,0,2021
31160,Luke,Thompson,Canterbury-Bankstown Bulldogs,Prop,2021-04-24T00:00:00Z,113550704,11355,7,away,0,0,0,0,0,0,0,0,0,0,0,18,17,16,1,147,140,7,53,1,0,2,15,37,1,5,0,0,2,0,2021
31160,Luke,Thompson,Canterbury-Bankstown Bulldogs,Prop,2021-05-01T00:00:00Z,113550805,11355,8,home,0,0,0,0,0,0,0,0,2,0,0,17,14,12,1,96,84,3,39,1,0,2,12,44,0,3,0,0,2,0,2021
31160,Luke,Thompson,Canterbury-Bankstown Bulldogs,Prop,2021-05-09T00:00:00Z,113550908,11355,9,away,0,0,0,0,0,0,0,0,3,0,0,16,13,11,2,122,96,26,52,2,0,3,11,50,0,5,0,0,0,0,2021
31160,Luke,Thompson,Canterbury-Bankstown Bulldogs,Interchange,2022-03-13T00:00:00Z,116880108,11688,1,away,0,0,0,0,0,0,0,0,0,0,0,15,15,13,0,120,100,0,48,0,0,0,15,45,0,2,0,0,0,0,2022
31160,Luke,Thompson,Canterbury-Bankstown Bulldogs,Interchange,2022-03-20T00:00:00Z,116880208,11688,2,home,0,0,0,0,0,0,0,0,5,0,0,12,6,1,2,62,9,11,23,0,0,0,6,33,0,1,0,0,1,1,2022
31160,Luke,Thompson,Canterbury-Bankstown Bulldogs,Interchange,2022-03-27T00:00:00Z,116880308,11688,3,away,0,0,0,0,0,0,0,0,0,0,0,10,10,8,0,96,71,0,43,0,0,1,10,24,1,6,0,0,1,0,2022
31160,Luke,Thompson,Canterbury-Bankstown Bulldogs,Prop,2022-04-03T00:00:00Z,116880407,11688,4,away,0,0,0,0,0,0,0,0,7,0,0,23,16,13,3,105,91,14,44,3,0,0,12,23,1,3,0,1,1,0,2022
31160,Luke,Thompson,Canterbury-Bankstown Bulldogs,Prop,2022-04-10T00:00:00Z,116880508,11688,5,home,0,0,0,0,0,0,0,0,0,0,0,8,8,8,0,88,88,0,43,0,0,0,8,34,0,3,0,0,0,0,2022
31160,Luke,Thompson,Canterbury-Bankstown Bulldogs,Prop,2022-04-15T00:00:00Z,116880602,11688,6,away,0,0,0,0,0,0,0,0,1,0,0,16,15,13,1,118,104,7,51,2,0,3,13,56,1,2,0,0,0,1,2022
31160,Luke,Thompson,Canterbury-Bankstown Bulldogs,Prop,2022-04-22T00:00:00Z,116880702,11688,7,away,0,0,0,0,0,0,0,0,0,0,0,8,8,7,0,84,65,0,24,0,0,0,8,36,0,1,0,0,0,0,2022
31160,Luke,Thompson,Canterbury-Bankstown Bulldogs,Prop,2022-04-30T00:00:00Z,116880805,11688,8,home,0,0,0,0,0,0,0,0,0,0,0,16,15,11,2,126,91,14,42,0,0,0,15,41,0,2,0,0,1,1,2022
31160,Luke,Thompson,Canterbury-Bankstown Bulldogs,Prop,2022-05-06T00:00:00Z,116880902,11688,9,away,0,0,0,0,0,0,0,0,0,0,0,8,7,7,0,72,72,0,35,1,0,0,6,44,1,4,0,0,1,0,2022
31164,Aiden,Tolman,Canterbury-Bankstown Bulldogs,Prop,2019-03-16T00:00:00Z,106840104,10684,1,away,0,0,0,0,0,0,0,0,4,0,0,18,14,13,0,148,130,0,0,1,0,0,13,36,0,2,0,0,0,0,2019
31164,Aiden,Tolman,Canterbury-Bankstown Bulldogs,Prop,2019-03-24T00:00:00Z,106840207,10684,2,home,0,0,0,0,0,0,0,0,5,0,0,23,18,18,0,143,143,0,0,0,0,0,18,24,0,0,0,0,0,0,2019
31164,Aiden,Tolman,Canterbury-Bankstown Bulldogs,Prop,2019-03-31T00:00:00Z,106840307,10684,3,away,0,0,0,0,0,0,0,0,6,0,0,20,13,10,0,118,93,0,0,0,0,0,14,40,1,2,0,0,0,0,2019
31164,Aiden,Tolman,Canterbury-Bankstown Bulldogs,Prop,2019-04-07T00:00:00Z,106840407,10684,4,away,0,0,0,0,0,0,0,0,5,0,0,22,16,14,0,136,123,0,0,0,0,1,17,46,2,1,0,0,0,1,2019
31164,Aiden,Tolman,Canterbury-Bankstown Bulldogs,Prop,2019-04-14T00:00:00Z,106840507,10684,5,away,0,0,0,0,0,0,0,0,2,0,0,13,10,6,3,93,48,26,0,0,0,1,11,31,0,2,0,0,0,1,2019
31164,Aiden,Tolman,Canterbury-Bankstown Bulldogs,Prop,2019-04-19T00:00:00Z,106840602,10684,6,home,0,0,0,0,0,0,0,0,2,0,0,19,18,16,0,147,133,0,0,0,0,0,17,49,4,0,0,0,0,1,2019
31164,Aiden,Tolman,Canterbury-Bankstown Bulldogs,Prop,2019-04-26T00:00:00Z,106840703,10684,7,home,0,0,0,0,0,0,0,0,4,0,0,24,20,20,0,142,142,0,0,2,0,0,18,43,1,0,0,0,0,1,2019
31164,Aiden,Tolman,Canterbury-Bankstown Bulldogs,Prop,2019-05-04T00:00:00Z,106840805,10684,8,away,0,0,0,0,0,0,0,0,0,0,0,13,12,11,1,101,92,10,0,0,0,0,12,37,3,1,0,0,1,0,2019
31164,Aiden,Tolman,Canterbury-Bankstown Bulldogs,Prop,2019-05-11T00:00:00Z,106840904,10684,9,home,0,0,0,0,0,0,0,0,5,0,0,21,15,14,0,135,119,0,0,2,0,0,13,37,3,2,0,0,1,0,2019
31164,Aiden,Tolman,Canterbury-Bankstown Bulldogs,Prop,2020-03-12T00:00:00Z,110950101,11095,1,away,0,0,0,0,0,0,0,0,2,0,0,17,13,11,2,94,81,13,0,0,0,2,14,25,0,1,0,0,1,0,2020
31164,Aiden,Tolman,Canterbury-Bankstown Bulldogs,Prop,2020-03-19T00:00:00Z,110950201,11095,2,home,0,0,0,0,0,0,0,0,5,0,0,17,12,11,0,98,89,0,0,0,0,2,12,50,2,0,0,0,0,0,2020
31164,Aiden,Tolman,Canterbury-Bankstown Bulldogs,Prop,2020-05-31T00:00:00Z,110950308,11095,3,away,0,0,0,0,0,0,0,0,4,0,0,19,14,12,2,102,86,16,0,0,0,0,14,52,1,1,0,0,1,0,2020
31164,Aiden,Tolman,Canterbury-Bankstown Bulldogs,Prop,2020-06-08T00:00:00Z,110950408,11095,4,home,0,0,0,0,0,0,1,1,7,0,0,25,18,15,1,170,136,7,0,0,0,1,18,37,2,0,0,0,0,0,2020
31164,Aiden,Tolman,Canterbury-Bankstown Bulldogs,Prop,2020-06-28T00:00:00Z,110950708,11095,7,home,0,0,0,0,0,0,0,0,4,0,0,18,14,12,1,102,87,4,0,0,0,2,14,38,2,0,0,0,0,0,2020
31164,Aiden,Tolman,Canterbury-Bankstown Bulldogs,Prop,2020-07-05T00:00:00Z,110950808,11095,8,home,0,0,0,0,0,0,0,0,7,0,0,26,20,18,2,152,141,11,0,0,0,3,19,54,1,2,0,0,0,0,2020
31164,Aiden,Tolman,Cronulla-Sutherland Sharks,Interchange,2021-03-14T00:00:00Z,113550108,11355,1,away,0,0,0,0,0,0,0,0,2,0,0,17,15,8,4,123,61,26,38,0,0,1,15,27,1,0,0,0,0,0,2021
31164,Aiden,Tolman,Cronulla-Sutherland Sharks,Interchange,2021-03-21T00:00:00Z,113550208,11355,2,home,0,0,0,0,0,0,0,0,1,0,0,14,12,6,5,100,53,33,32,0,0,1,12,27,1,1,0,0,1,0,2021
31164,Aiden,Tolman,Cronulla-Sutherland Sharks,Interchange,2021-03-27T00:00:00Z,113550306,11355,3,away,0,0,0,0,0,0,0,0,3,0,0,13,10,10,0,80,80,0,36,0,0,1,10,38,0,3,0,0,0,0,2021
31164,Aiden,Tolman,Cronulla-Sutherland Sharks,Interchange,2021-04-03T00:00:00Z,113550404,11355,4,home,0,0,0,0,0,0,0,0,2,0,0,20,18,17,0,143,136,0,59,0,0,0,18,32,1,1,0,0,0,0,2021
31164,Aiden,Tolman,Cronulla-Sutherland Sharks,Interchange,2021-04-10T00:00:00Z,113550506,11355,5,away,0,0,0,0,0,0,0,0,4,0,0,17,12,12,0,77,77,0,29,0,0,0,12,34,0,1,0,0,1,0,2021
31164,Aiden,Tolman,Cronulla-Sutherland Sharks,Interchange,2021-04-16T00:00:00Z,113550602,11355,6,away,0,0,0,0,0,0,0,0,2,0,0,16,13,11,1,116,92,8,40,0,0,0,14,30,1,1,0,0,0,1,2021
31164,Aiden,Tolman,Cronulla-Sutherland Sharks,Interchange,2022-03-11T00:00:00Z,116880102,11688,1,away,0,0,0,0,0,0,0,0,6,0,0,14,8,7,1,77,70,7,26,0,0,1,8,25,4,1,0,0,0,0,2022
31164,Aiden,Tolman,Cronulla-Sutherland Sharks,Interchange,2022-03-19T00:00:00Z,116880205,11688,2,home,0,0,0,0,0,0,0,0,3,0,0,11,8,7,1,64,58,6,22,0,0,0,8,45,2,2,0,0,1,0,2022
31164,Aiden,Tolman,Cronulla-Sutherland Sharks,Interchange,2022-03-24T00:00:00Z,116880301,11688,3,away,0,0,0,0,0,0,0,0,3,0,0,10,7,7,0,44,44,0,17,0,0,0,7,30,1,0,0,0,0,0,2022
31164,Aiden,Tolman,Cronulla-Sutherland Sharks,Interchange,2022-04-01T00:00:00Z,116880402,11688,4,home,4,1,0,0,0,0,0,0,3,0,0,14,10,9,1,86,77,9,43,0,1,1,9,29,0,0,0,0,1,0,2022
31164,Aiden,Tolman,Cronulla-Sutherland Sharks,Interchange,2022-04-16T00:00:00Z,116880605,11688,6,away,0,0,0,0,0,0,0,0,7,0,0,16,9,7,1,77,53,9,28,0,0,1,9,29,0,0,0,0,0,0,2022
31164,Aiden,Tolman,Cronulla-Sutherland Sharks,Interchange,2022-04-21T00:00:00Z,116880701,11688,7,home,0,0,0,0,0,0,0,0,7,0,0,18,11,8,2,85,60,14,37,0,0,1,11,21,0,3,0,0,0,0,2022
31164,Aiden,Tolman,Cronulla-Sutherland Sharks,Interchange,2022-04-28T00:00:00Z,116880801,11688,8,away,0,0,0,0,0,0,0,0,7,0,0,18,10,9,0,103,92,0,32,0,0,2,10,35,1,0,0,0,1,0,2022
31164,Aiden,Tolman,Cronulla-Sutherland Sharks,Interchange,2022-05-08T00:00:00Z,116880908,11688,9,home,0,0,0,0,0,0,0,0,5,0,0,17,12,10,1,89,66,8,35,0,0,0,12,11,0,0,0,0,0,0,2022
31172,Jared,Waerea-Hargreaves,Sydney Roosters,Interchange,2022-03-12T00:00:00Z,116880104,11688,1,home,0,0,0,0,0,0,0,0,1,0,0,9,7,7,0,62,62,0,30,0,0,1,7,26,2,2,0,0,1,0,2022
31172,Jared,Waerea-Hargreaves,Sydney Roosters,Interchange,2022-03-18T00:00:00Z,116880203,11688,2,home,0,0,0,0,0,0,0,0,1,0,0,13,10,7,1,89,58,10,37,2,0,0,9,19,1,2,0,0,1,0,2022
31172,Jared,Waerea-Hargreaves,Sydney Roosters,Interchange,2022-03-25T00:00:00Z,116880303,11688,3,away,0,0,0,0,0,0,0,0,4,0,0,17,13,12,0,92,90,0,30,0,0,0,13,19,0,3,0,0,0,1,2022
31172,Jared,Waerea-Hargreaves,Sydney Roosters,Prop,2022-04-02T00:00:00Z,116880406,11688,4,away,0,0,0,0,0,0,0,0,1,0,0,19,18,14,0,165,110,0,70,0,0,1,18,18,3,2,0,0,0,1,2022
31172,Jared,Waerea-Hargreaves,Sydney Roosters,Prop,2022-04-08T00:00:00Z,116880503,11688,5,away,0,0,0,0,0,0,0,0,0,0,0,14,13,13,0,121,121,0,59,0,0,0,13,41,0,2,0,0,0,1,2022
31172,Jared,Waerea-Hargreaves,Sydney Roosters,Prop,2022-04-17T00:00:00Z,116880606,11688,6,home,0,0,0,0,0,0,0,0,1,0,0,12,11,10,1,109,102,7,50,0,0,3,10,22,0,3,0,0,1,1,2022
31172,Jared,Waerea-Hargreaves,Sydney Roosters,Interchange,2022-04-25T00:00:00Z,116880707,11688,7,away,0,0,0,0,0,0,0,0,1,0,0,9,8,5,1,71,50,4,27,0,0,1,7,23,1,1,0,0,1,0,2022
31172,Jared,Waerea-Hargreaves,Sydney Roosters,Prop,2022-04-30T00:00:00Z,116880805,11688,8,away,0,0,0,0,0,0,0,0,3,0,0,15,10,9,1,90,81,9,30,0,0,0,11,29,0,2,0,0,2,0,2022
31172,Jared,Waerea-Hargreaves,Sydney Roosters,Prop,2022-05-07T00:00:00Z,116880905,11688,9,home,0,0,0,0,0,0,0,0,0,0,0,16,16,12,1,171,125,6,65,0,0,1,16,23,1,4,0,0,0,1,2022
31172,Jared,Waerea-Hargreaves,Sydney Roosters,Interchange,2023-03-17T00:00:00Z,120670303,12067,3,home,0,0,0,0,0,0,0,0,2,0,0,19,17,17,0,146,146,0,59,0,0,0,17,21,1,3,0,0,0,0,2023
31172,Jared,Waerea-Hargreaves,Sydney Roosters,Prop,2023-03-30T00:00:00Z,120670501,12067,5,home,0,0,0,0,0,0,0,0,1,0,0,22,21,14,2,167,100,13,52,0,0,3,21,26,0,2,0,0,0,0,2023
31172,Jared,Waerea-Hargreaves,Sydney Roosters,Prop,2023-04-06T00:00:00Z,120670601,12067,6,away,0,0,0,0,0,0,0,0,2,0,0,13,11,10,0,81,76,0,24,0,0,0,11,37,0,0,0,0,0,0,2023
31172,Jared,Waerea-Hargreaves,Sydney Roosters,Prop,2023-04-14T00:00:00Z,120670702,12067,7,away,0,0,0,0,0,0,0,0,3,0,0,21,18,16,0,149,125,0,47,1,0,2,17,27,0,2,0,0,0,0,2023
31172,Jared,Waerea-Hargreaves,Sydney Roosters,Prop,2023-04-25T00:00:00Z,120670807,12067,8,home,0,0,0,0,0,0,1,1,2,0,0,18,15,14,0,115,103,0,35,0,0,1,15,23,0,2,0,0,1,0,2023
31172,Jared,Waerea-Hargreaves,Sydney Roosters,Interchange,2024-03-17T00:00:00Z,124450207,12445,2,away,0,0,0,0,0,0,0,0,1,0,0,11,9,7,0,78,59,0,27,0,0,1,9,24,0,0,0,0,1,0,2024
31177,Dean,Whare,Penrith Panthers,Wing,2017-03-12T00:00:00Z,100950207,10095,2,away,8,2,0,0,0,0,0,0,8,0,0,17,11,1,9,113,9,92,0,0,2,3,6,10,2,2,0,0,2,0,2017
31177,Dean,Whare,Penrith Panthers,Wing,2017-03-18T00:00:00Z,100950305,10095,3,home,0,0,0,0,0,0,0,0,5,18,1,11,4,0,4,40,0,40,0,0,0,0,4,15,3,2,0,0,1,0,2017
31177,Dean,Whare,Penrith Panthers,Wing,2017-03-24T00:00:00Z,100950402,10095,4,home,4,1,0,0,0,0,1,1,14,0,0,24,12,0,10,118,0,98,0,0,1,0,9,7,0,1,1,0,0,1,2017
31177,Dean,Whare,Penrith Panthers,Wing,2017-04-01T00:00:00Z,100950506,10095,5,away,0,0,0,0,0,0,0,0,6,3,1,17,7,0,6,60,0,43,0,0,0,3,7,13,0,2,0,2,3,0,2017
31177,Dean,Whare,Penrith Panthers,Centre,2017-04-07T00:00:00Z,100950603,10095,6,home,0,0,0,0,0,0,1,1,10,0,0,20,9,0,8,73,0,66,0,2,0,2,7,10,0,3,0,0,1,0,2017
31177,Dean,Whare,Penrith Panthers,Centre,2018-03-17T00:00:00Z,104120205,10412,2,home,0,0,0,0,0,0,0,0,11,0,0,20,9,3,4,60,20,35,0,1,0,1,8,11,0,0,0,0,0,0,2018
31177,Dean,Whare,Penrith Panthers,Centre,2018-03-23T00:00:00Z,104120302,10412,3,away,0,0,0,0,0,0,1,1,10,0,0,16,6,2,3,58,22,27,0,0,0,2,5,11,0,2,0,0,1,0,2018
31177,Dean,Whare,Penrith Panthers,Centre,2018-03-29T00:00:00Z,104120401,10412,4,away,0,0,0,0,0,0,0,0,4,0,0,10,5,0,3,44,0,22,0,1,0,0,5,12,0,1,0,0,0,0,2018
31177,Dean,Whare,Penrith Panthers,Centre,2018-04-08T00:00:00Z,104120508,10412,5,away,0,0,0,0,0,0,0,0,4,1,1,11,6,2,3,43,22,10,0,0,0,2,6,14,0,1,0,0,0,0,2018
31177,Dean,Whare,Penrith Panthers,Centre,2018-04-15T00:00:00Z,104120607,10412,6,home,0,0,0,0,0,0,0,0,7,0,0,17,10,1,7,76,9,50,0,2,0,1,8,10,2,1,0,0,0,0,2018
31177,Dean,Whare,Penrith Panthers,Centre,2018-04-22T00:00:00Z,104120708,10412,7,away,0,0,0,0,0,0,1,1,4,16,1,19,10,2,8,89,18,71,0,1,0,3,10,12,1,2,0,0,3,1,2018
31177,Dean,Whare,Penrith Panthers,Centre,2018-04-27T00:00:00Z,104120805,10412,8,home,0,0,0,0,0,0,0,0,4,0,0,16,11,2,8,81,20,50,0,1,0,1,9,6,0,1,0,0,2,0,2018
31177,Dean,Whare,Penrith Panthers,Centre,2018-05-04T00:00:00Z,104120903,10412,9,home,0,0,0,0,0,0,0,0,5,0,0,16,10,0,7,84,0,47,0,2,0,0,9,13,0,0,0,0,0,0,2018
31177,Dean,Whare,Penrith Panthers,Centre,2019-03-17T00:00:00Z,106840107,10684,1,home,0,0,0,0,0,0,0,0,3,0,0,12,8,2,6,64,16,48,0,3,0,0,5,8,1,2,0,0,1,0,2019
31177,Dean,Whare,Penrith Panthers,Centre,2019-03-23T00:00:00Z,106840205,10684,2,away,0,0,0,0,0,0,0,0,8,33,1,20,10,3,7,89,28,62,0,0,0,0,9,11,1,0,0,0,2,0,2019
31177,Dean,Whare,Penrith Panthers,Centre,2019-03-30T00:00:00Z,106840306,10684,3,home,0,0,0,0,0,0,0,0,4,0,0,11,10,4,6,76,26,49,0,0,0,0,7,11,1,3,0,0,0,0,2019
31177,Dean,Whare,Penrith Panthers,Centre,2019-04-05T00:00:00Z,106840403,10684,4,home,0,0,0,0,0,0,0,0,2,21,1,13,10,3,7,88,34,54,0,0,0,1,10,13,0,1,0,0,0,0,2019
31177,Dean,Whare,Penrith Panthers,Centre,2019-04-12T00:00:00Z,106840502,10684,5,away,0,0,0,0,0,0,0,0,7,0,0,11,5,3,1,58,27,22,0,0,1,0,4,12,1,2,0,0,0,0,2019
31177,Dean,Whare,Penrith Panthers,Centre,2020-03-14T00:00:00Z,110950106,11095,1,home,0,0,0,0,0,0,0,0,6,0,0,8,2,1,1,14,5,9,0,1,0,1,1,11,0,3,0,0,0,0,2020
31177,Dean,Whare,Penrith Panthers,Centre,2020-03-20T00:00:00Z,110950202,11095,2,away,0,0,0,0,0,0,0,0,7,16,1,15,8,4,4,73,38,35,0,2,0,1,5,10,0,4,1,0,0,0,2020
31177,Dean,Whare,Penrith Panthers,Centre,2020-05-31T00:00:00Z,110950307,11095,3,home,0,0,0,0,0,0,0,0,11,0,0,27,17,6,9,142,49,65,0,1,0,0,15,13,1,4,0,0,0,0,2020
31177,Dean,Whare,Penrith Panthers,Centre,2020-06-05T00:00:00Z,110950402,11095,4,home,0,0,0,0,0,0,0,0,5,0,0,17,12,4,6,98,33,46,0,1,0,0,10,15,3,1,0,1,1,0,2020
31177,Dean,Whare,Penrith Panthers,Centre,2020-06-12T00:00:00Z,110950503,11095,5,away,0,0,0,0,0,0,0,0,8,6,1,20,10,1,9,96,10,86,0,0,0,0,10,8,0,2,0,0,0,2,2020
31177,Dean,Whare,Penrith Panthers,Centre,2020-06-19T00:00:00Z,110950603,11095,6,home,0,0,0,0,0,0,0,0,9,28,1,20,11,5,6,87,37,49,0,3,0,2,7,13,0,3,0,0,0,0,2020
31177,Dean,Whare,Penrith Panthers,Centre,2020-06-25T00:00:00Z,110950701,11095,7,home,0,0,0,0,0,0,0,1,6,0,0,15,9,3,4,70,18,33,0,0,0,0,9,11,1,2,0,0,0,0,2020
31188,Darius,Boyd,Brisbane Broncos,Fullback,2019-03-14T00:00:00Z,106840101,10684,1,away,0,0,0,0,0,0,0,0,15,41,2,30,13,0,3,136,0,14,0,1,0,2,12,8,0,3,0,0,1,0,2019
31188,Darius,Boyd,Brisbane Broncos,Fullback,2019-03-22T00:00:00Z,106840203,10684,2,home,0,0,0,0,0,0,1,1,22,11,1,37,15,2,6,173,25,67,0,0,0,5,14,8,1,0,0,0,0,1,2019
31188,Darius,Boyd,Brisbane Broncos,Fullback,2019-03-28T00:00:00Z,106840301,10684,3,home,0,0,0,0,0,0,0,0,25,23,1,40,16,2,6,140,14,38,0,1,0,1,13,3,0,1,0,0,0,0,2019
31188,Darius,Boyd,Brisbane Broncos,Fullback,2019-04-04T00:00:00Z,106840401,10684,4,away,0,0,0,0,0,0,0,0,17,38,2,27,8,0,4,65,0,26,0,0,1,0,8,8,0,1,0,0,1,0,2019
31188,Darius,Boyd,Brisbane Broncos,Fullback,2019-04-11T00:00:00Z,106840501,10684,5,home,0,0,0,0,0,0,0,0,20,0,0,33,9,2,4,108,24,29,0,1,0,2,12,7,1,1,0,0,0,0,2019
31188,Darius,Boyd,Brisbane Broncos,Fullback,2019-04-21T00:00:00Z,106840607,10684,6,away,0,0,0,0,0,0,1,1,27,14,1,38,11,0,3,118,0,24,0,0,0,1,10,5,0,2,0,0,1,0,2019
31188,Darius,Boyd,Brisbane Broncos,Fullback,2019-04-27T00:00:00Z,106840706,10684,7,home,0,0,0,0,0,0,0,0,24,21,1,38,12,1,2,136,6,10,0,1,0,1,11,6,0,1,0,0,1,0,2019
31188,Darius,Boyd,Brisbane Broncos,Fullback,2019-05-02T00:00:00Z,106840801,10684,8,away,0,0,0,0,0,0,0,0,19,0,0,33,13,1,8,138,11,75,0,0,0,1,14,7,0,2,0,0,0,0,2019
31188,Darius,Boyd,Brisbane Broncos,Fullback,2019-05-10T00:00:00Z,106840903,10684,9,away,4,1,0,0,0,0,1,1,24,0,0,33,10,0,1,76,0,3,0,0,0,2,8,12,1,3,0,0,0,1,2019
31188,Darius,Boyd,Brisbane Broncos,Centre,2020-03-13T00:00:00Z,110950103,11095,1,away,0,0,0,0,0,0,0,0,6,0,0,17,11,2,3,94,20,18,0,0,0,1,11,17,0,2,0,0,0,1,2020
31188,Darius,Boyd,Brisbane Broncos,Centre,2020-03-20T00:00:00Z,110950203,11095,2,home,0,0,0,0,0,0,0,0,9,0,0,17,8,1,6,78,12,58,0,0,0,0,8,20,0,3,0,0,0,0,2020
31188,Darius,Boyd,Brisbane Broncos,Centre,2020-05-28T00:00:00Z,110950301,11095,3,home,0,0,0,0,0,0,0,0,4,0,0,11,6,0,2,49,0,15,0,0,0,1,6,14,3,0,0,0,1,1,2020
31188,Darius,Boyd,Brisbane Broncos,Centre,2020-06-04T00:00:00Z,110950401,11095,4,home,0,0,0,0,0,0,0,0,7,0,0,15,7,1,5,90,9,73,0,0,1,2,6,10,2,2,0,0,2,1,2020
31188,Darius,Boyd,Brisbane Broncos,Centre,2020-06-11T00:00:00Z,110950501,11095,5,away,4,1,0,0,0,0,0,0,3,0,0,11,8,0,5,96,0,68,0,0,1,1,7,16,1,1,0,0,0,0,2020
31198,Peter,Wallace,Penrith Panthers,Hooker,2018-03-11T00:00:00Z,104120107,10412,1,home,0,0,0,0,0,0,1,1,93,0,0,100,5,0,0,49,0,0,0,1,0,1,6,45,2,1,0,0,0,1,2018
31199,Leeson,Ah Mau,Warriors,Interchange,2021-03-13T00:00:00Z,113550104,11355,1,home,4,1,0,0,0,0,0,0,1,0,0,11,10,6,4,69,42,27,22,0,1,3,9,31,0,0,0,0,0,0,2021
31199,Leeson,Ah Mau,Warriors,Interchange,2021-03-19T00:00:00Z,113550202,11355,2,home,0,0,0,0,0,0,0,0,0,0,0,12,12,7,3,95,60,20,46,0,0,1,12,27,1,0,0,0,0,0,2021
31199,Leeson,Ah Mau,Warriors,Interchange,2021-03-27T00:00:00Z,113550304,11355,3,away,0,0,0,0,0,0,0,0,0,0,0,7,7,6,0,73,63,0,35,0,0,1,7,28,0,1,0,0,0,0,2021
31199,Leeson,Ah Mau,Warriors,Interchange,2021-04-04T00:00:00Z,113550407,11355,4,away,0,0,0,0,0,0,0,0,1,0,0,11,11,6,2,103,60,10,52,0,0,4,10,23,0,2,0,0,0,0,2021
31199,Leeson,Ah Mau,Warriors,Prop,2021-04-09T00:00:00Z,113550502,11355,5,home,0,0,0,0,0,0,0,0,0,0,0,8,8,5,3,85,60,25,31,0,0,1,8,30,3,2,0,0,0,0,2021
31199,Leeson,Ah Mau,Warriors,Interchange,2021-04-18T00:00:00Z,113550607,11355,6,away,0,0,0,0,0,0,0,0,0,0,0,8,8,6,2,67,50,17,30,1,0,1,7,34,1,1,0,0,0,0,2021
31199,Leeson,Ah Mau,Warriors,Interchange,2021-04-25T00:00:00Z,113550708,11355,7,away,0,0,0,0,0,0,0,0,0,0,0,7,7,6,0,60,47,0,22,0,0,2,7,23,1,0,0,0,0,0,2021
31199,Leeson,Ah Mau,Warriors,Interchange,2021-05-02T00:00:00Z,113550807,11355,8,home,0,0,0,0,0,0,0,0,0,0,0,6,6,3,3,39,22,17,16,2,0,0,4,25,1,0,0,0,0,0,2021
31199,Leeson,Ah Mau,Warriors,Interchange,2021-05-09T00:00:00Z,113550907,11355,9,away,0,0,0,0,0,0,0,0,0,0,0,6,6,3,3,48,28,20,18,0,0,0,6,21,1,0,0,0,0,1,2021
31217,Scott,Bolton,North Queensland Cowboys,Prop,2017-04-15T00:00:00Z,100950706,10095,7,away,4,1,0,0,0,0,0,0,4,0,0,14,10,5,1,90,46,5,0,0,0,0,9,31,1,1,0,0,0,0,2017
31217,Scott,Bolton,North Queensland Cowboys,Prop,2017-04-22T00:00:00Z,100950804,10095,8,home,0,0,0,0,0,0,0,0,5,0,0,22,17,14,0,196,166,0,0,0,0,2,17,34,0,0,0,0,0,1,2017
31217,Scott,Bolton,North Queensland Cowboys,Prop,2017-04-28T00:00:00Z,100950903,10095,9,home,0,0,0,0,0,0,0,0,8,0,0,19,10,8,0,83,58,0,0,0,0,0,10,34,0,0,0,0,1,0,2017
31220,Ben,Te'o,Brisbane Broncos,Interchange,2021-03-12T00:00:00Z,113550103,11355,1,home,0,0,0,0,0,0,0,0,3,0,0,11,7,4,2,52,28,13,17,0,0,1,8,8,1,1,0,0,0,0,2021
31220,Ben,Te'o,Brisbane Broncos,Interchange,2021-03-19T00:00:00Z,113550203,11355,2,away,0,0,0,0,0,0,0,0,2,0,0,10,8,6,1,84,58,6,26,0,0,0,8,20,0,0,0,0,0,0,2021
31220,Ben,Te'o,Brisbane Broncos,Interchange,2021-03-27T00:00:00Z,113550305,11355,3,home,0,0,0,0,0,0,0,0,5,0,0,12,7,7,0,60,60,0,24,0,0,0,7,5,1,1,0,0,0,0,2021
31220,Ben,Te'o,Brisbane Broncos,Interchange,2021-04-02T00:00:00Z,113550403,11355,4,away,0,0,0,0,0,0,0,0,1,0,0,2,2,1,1,14,10,3,4,0,0,1,1,13,2,0,0,0,0,0,2021
31220,Ben,Te'o,Brisbane Broncos,Interchange,2021-04-08T00:00:00Z,113550501,11355,5,away,0,0,0,0,0,0,0,0,0,0,0,8,8,7,1,62,57,5,28,0,0,0,8,18,1,4,0,0,0,0,2021
31227,Gavin,Cooper,North Queensland Cowboys,Second Row,2020-03-13T00:00:00Z,110950103,11095,1,home,4,1,0,0,0,0,0,0,7,0,0,14,7,5,2,57,35,22,0,0,1,0,6,36,1,5,0,0,0,0,2020
31227,Gavin,Cooper,North Queensland Cowboys,Second Row,2020-03-19T00:00:00Z,110950201,11095,2,away,0,0,0,0,0,0,0,0,1,0,0,9,8,6,2,69,50,19,0,1,0,0,7,26,1,0,0,0,0,0,2020
31227,Gavin,Cooper,North Queensland Cowboys,Second Row,2020-06-06T00:00:00Z,110950405,11095,4,home,0,0,0,0,0,0,0,0,6,0,0,12,6,2,4,39,13,26,0,1,0,0,5,32,0,4,0,0,0,1,2020
31227,Gavin,Cooper,North Queensland Cowboys,Interchange,2020-06-12T00:00:00Z,110950502,11095,5,away,0,0,0,0,0,0,0,0,4,0,0,8,3,2,1,21,16,5,0,0,0,0,4,34,1,1,0,0,0,0,2020
31227,Gavin,Cooper,North Queensland Cowboys,Interchange,2020-06-20T00:00:00Z,110950605,11095,6,away,0,0,0,0,0,0,0,0,1,0,0,4,3,3,0,36,36,0,0,0,0,1,3,25,1,3,0,0,0,0,2020
31227,Gavin,Cooper,North Queensland Cowboys,Interchange,2020-06-27T00:00:00Z,110950704,11095,7,home,0,0,0,0,0,0,0,0,1,0,0,5,4,2,1,30,12,7,0,0,0,1,4,20,0,1,0,0,0,0,2020
31227,Gavin,Cooper,North Queensland Cowboys,Interchange,2020-07-03T00:00:00Z,110950803,11095,8,away,0,0,0,0,0,0,0,0,0,0,0,5,5,3,2,51,30,21,0,0,1,0,5,30,2,2,0,0,0,0,2020
31227,Gavin,Cooper,North Queensland Cowboys,Interchange,2020-07-09T00:00:00Z,110950901,11095,9,home,0,0,0,0,0,0,0,0,1,0,0,7,6,5,1,41,34,7,0,0,0,1,6,22,0,4,0,0,0,0,2020
31235,Bryson,Goodwin,Cronulla-Sutherland Sharks,Wing,2020-06-21T00:00:00Z,110950608,11095,6,home,4,1,0,0,0,0,0,0,1,0,0,20,18,11,4,150,73,32,0,1,0,3,17,7,0,0,0,0,0,0,2020
31235,Bryson,Goodwin,Cronulla-Sutherland Sharks,Wing,2020-06-28T00:00:00Z,110950707,11095,7,away,4,1,0,0,0,0,0,0,2,0,0,13,12,7,3,121,59,44,0,0,1,5,10,2,0,2,0,0,1,0,2020
31235,Bryson,Goodwin,Cronulla-Sutherland Sharks,Wing,2020-07-04T00:00:00Z,110950804,11095,8,away,4,1,0,0,0,0,0,0,0,0,0,16,10,6,3,71,41,19,0,0,1,4,13,4,0,1,0,0,2,0,2020
31235,Bryson,Goodwin,Cronulla-Sutherland Sharks,Centre,2020-07-11T00:00:00Z,110950904,11095,9,home,0,0,0,0,0,0,0,0,2,0,0,13,10,6,4,84,44,40,0,0,0,4,10,11,2,2,0,0,1,0,2020
31245,Akuila,Uate,Manly-Warringah Sea Eagles,Wing,2018-03-09T00:00:00Z,104120102,10412,1,away,0,0,0,0,0,0,0,0,0,0,0,15,12,9,2,114,91,22,0,0,0,2,14,4,0,0,0,1,2,1,2018
31245,Akuila,Uate,Manly-Warringah Sea Eagles,Wing,2018-03-18T00:00:00Z,104120207,10412,2,home,0,0,0,0,0,0,0,0,1,0,0,13,12,0,9,101,0,67,0,0,0,2,12,3,0,0,0,0,0,0,2018
31245,Akuila,Uate,Manly-Warringah Sea Eagles,Wing,2018-03-24T00:00:00Z,104120305,10412,3,away,0,0,0,0,0,0,0,0,2,0,0,10,6,6,0,41,41,0,0,0,0,1,7,4,1,5,0,0,2,0,2018
31245,Akuila,Uate,Manly-Warringah Sea Eagles,Wing,2018-03-31T00:00:00Z,104120405,10412,4,home,0,0,0,0,0,0,0,0,1,0,0,12,10,5,3,92,47,20,0,0,0,0,10,5,1,2,0,0,2,1,2018
31245,Akuila,Uate,Manly-Warringah Sea Eagles,Wing,2018-04-08T00:00:00Z,104120507,10412,5,away,0,0,0,0,0,0,0,0,1,0,0,14,10,0,9,84,0,84,0,0,0,1,11,9,1,0,0,0,1,1,2018
31245,Akuila,Uate,Manly-Warringah Sea Eagles,Wing,2018-04-15T00:00:00Z,104120608,10412,6,home,0,0,0,0,0,0,0,0,1,0,0,14,12,0,8,96,0,63,0,0,0,1,12,4,0,1,0,0,2,0,2018
31245,Akuila,Uate,Manly-Warringah Sea Eagles,Wing,2018-04-22T00:00:00Z,104120707,10412,7,away,4,1,0,0,0,0,0,0,1,0,0,12,10,5,2,102,51,27,0,0,1,0,9,1,0,0,0,0,0,1,2018
31245,Akuila,Uate,Manly-Warringah Sea Eagles,Wing,2018-04-27T00:00:00Z,104120804,10412,8,home,0,0,0,0,0,0,0,0,1,0,0,13,11,3,4,95,17,35,0,0,0,0,11,0,0,0,0,0,1,0,2018
31245,Akuila,Uate,Manly-Warringah Sea Eagles,Wing,2018-05-06T00:00:00Z,104120908,10412,9,away,8,2,0,0,0,0,0,0,1,0,0,14,13,6,2,114,47,15,0,0,2,4,11,2,0,0,0,0,0,1,2018
31246,Joel,Thompson,Manly-Warringah Sea Eagles,Second Row,2019-03-16T00:00:00Z,106840105,10684,1,away,0,0,0,0,0,0,0,0,0,0,0,13,11,8,3,81,70,12,0,1,0,0,11,37,0,4,0,0,1,1,2019
31246,Joel,Thompson,Manly-Warringah Sea Eagles,Second Row,2019-03-23T00:00:00Z,106840206,10684,2,home,0,0,0,0,0,0,0,0,1,0,0,9,8,7,1,58,53,6,0,0,0,0,8,33,0,1,0,0,0,0,2019
31246,Joel,Thompson,Manly-Warringah Sea Eagles,Second Row,2019-03-30T00:00:00Z,106840304,10684,3,home,4,1,0,0,0,0,0,0,1,31,1,16,13,10,3,105,82,23,0,0,0,1,13,21,3,4,0,0,0,0,2019
31246,Joel,Thompson,Manly-Warringah Sea Eagles,Second Row,2019-04-06T00:00:00Z,106840404,10684,4,home,0,0,0,0,0,0,0,0,1,0,0,16,13,3,9,138,36,84,0,0,0,2,12,28,2,1,0,0,3,1,2019
31246,Joel,Thompson,Manly-Warringah Sea Eagles,Second Row,2019-04-13T00:00:00Z,106840505,10684,5,away,4,1,0,0,0,0,0,0,0,0,0,11,10,10,0,89,89,0,0,0,0,1,10,20,0,1,0,0,0,0,2019
31246,Joel,Thompson,Manly-Warringah Sea Eagles,Second Row,2019-04-20T00:00:00Z,106840605,10684,6,away,0,0,0,0,0,0,0,0,0,0,0,16,15,11,4,121,90,31,0,0,0,1,15,23,1,5,0,0,1,0,2019
31246,Joel,Thompson,Manly-Warringah Sea Eagles,Second Row,2019-04-28T00:00:00Z,106840707,10684,7,home,0,0,0,0,0,0,0,1,2,4,1,18,16,13,3,127,109,17,0,2,0,2,12,16,0,0,0,0,1,0,2019
31246,Joel,Thompson,Manly-Warringah Sea Eagles,Second Row,2019-05-04T00:00:00Z,106840805,10684,8,home,0,0,0,0,0,0,0,0,0,0,0,14,13,10,3,133,99,34,0,1,0,3,12,20,0,2,0,0,1,1,2019
31246,Joel,Thompson,Manly-Warringah Sea Eagles,Second Row,2019-05-10T00:00:00Z,106840903,10684,9,home,0,0,0,0,0,0,0,0,0,0,0,12,11,7,4,94,60,33,0,0,1,3,12,22,0,2,0,0,0,0,2019
31246,Joel,Thompson,Manly-Warringah Sea Eagles,Second Row,2020-03-15T00:00:00Z,110950107,11095,1,home,0,0,0,0,0,0,0,0,0,0,0,11,11,7,4,114,71,43,0,0,0,0,11,24,1,2,1,0,0,0,2020
31246,Joel,Thompson,Manly-Warringah Sea Eagles,Second Row,2020-03-21T00:00:00Z,110950205,11095,2,away,0,0,0,0,0,0,0,0,0,0,0,12,10,4,6,96,40,56,0,3,0,4,9,29,1,1,0,0,0,0,2020
31246,Joel,Thompson,Manly-Warringah Sea Eagles,Second Row,2020-05-31T00:00:00Z,110950308,11095,3,home,0,0,0,0,0,0,0,0,0,0,0,15,15,8,5,143,77,41,0,0,0,0,15,29,0,0,0,0,1,0,2020
31246,Joel,Thompson,Manly-Warringah Sea Eagles,Second Row,2020-06-06T00:00:00Z,110950404,11095,4,away,0,0,0,0,0,0,0,0,1,0,0,15,12,9,3,115,90,25,0,1,1,4,11,26,1,1,0,0,1,2,2020
31246,Joel,Thompson,Manly-Warringah Sea Eagles,Second Row,2020-06-11T00:00:00Z,110950501,11095,5,home,0,0,0,0,0,0,0,0,2,0,0,11,10,5,3,92,50,23,0,0,0,1,9,26,0,1,0,0,0,1,2020
31246,Joel,Thompson,Manly-Warringah Sea Eagles,Second Row,2020-06-21T00:00:00Z,110950607,11095,6,away,0,0,0,0,0,0,0,0,1,0,0,14,13,11,2,112,102,10,0,1,0,2,12,39,1,1,0,0,0,0,2020
31246,Joel,Thompson,Manly-Warringah Sea Eagles,Second Row,2020-06-28T00:00:00Z,110950707,11095,7,home,0,0,0,0,0,0,0,0,0,0,0,9,9,8,1,73,65,8,0,0,0,2,9,26,0,4,0,0,0,0,2020
31246,Joel,Thompson,Manly-Warringah Sea Eagles,Second Row,2020-07-05T00:00:00Z,110950807,11095,8,home,0,0,0,0,0,0,0,0,0,0,0,11,11,11,0,92,92,0,0,0,0,3,11,33,2,1,0,0,0,0,2020
31246,Joel,Thompson,Manly-Warringah Sea Eagles,Second Row,2020-07-12T00:00:00Z,110950908,11095,9,away,4,1,0,0,0,0,0,0,1,0,0,12,10,2,8,70,18,51,0,1,1,2,8,34,0,1,0,0,1,1,2020
31255,Andrew,McCullough,St George-Illawarra Dragons,Hooker,2021-03-14T00:00:00Z,113550108,11355,1,home,0,0,0,0,0,0,0,0,82,9,1,86,3,0,0,41,0,0,16,0,0,1,3,63,1,1,0,0,0,1,2021
31255,Andrew,McCullough,St George-Illawarra Dragons,Hooker,2021-03-20T00:00:00Z,113550206,11355,2,away,0,0,0,0,0,0,1,1,79,131,3,87,5,0,0,43,0,0,16,0,0,0,4,40,1,0,0,0,1,0,2021
31255,Andrew,McCullough,St George-Illawarra Dragons,Hooker,2021-03-26T00:00:00Z,113550302,11355,3,home,0,0,0,0,0,0,0,1,111,179,4,119,4,0,0,26,0,0,3,0,0,0,4,52,2,1,0,0,0,0,2021
31255,Andrew,McCullough,St George-Illawarra Dragons,Hooker,2021-04-04T00:00:00Z,113550406,11355,4,away,0,0,0,0,0,0,0,0,101,80,3,109,5,0,0,36,0,0,10,0,0,1,5,57,1,1,0,0,1,0,2021
31255,Andrew,McCullough,St George-Illawarra Dragons,Hooker,2021-04-11T00:00:00Z,113550508,11355,5,away,0,0,0,0,0,0,0,1,118,72,3,128,7,0,0,59,0,0,21,1,0,0,6,53,0,1,0,0,0,0,2021
31255,Andrew,McCullough,St George-Illawarra Dragons,Hooker,2021-04-18T00:00:00Z,113550607,11355,6,home,0,0,0,0,0,0,0,0,108,45,1,114,6,0,0,64,0,0,16,0,0,0,5,49,0,1,0,0,0,0,2021
31255,Andrew,McCullough,St George-Illawarra Dragons,Hooker,2021-04-25T00:00:00Z,113550707,11355,7,away,0,0,0,0,0,0,1,1,107,1,1,112,3,0,0,26,0,0,7,0,0,0,3,50,2,2,0,0,1,0,2021
31255,Andrew,McCullough,St George-Illawarra Dragons,Hooker,2021-05-02T00:00:00Z,113550808,11355,8,home,0,0,0,0,0,0,0,0,90,0,0,94,3,0,0,37,0,0,13,0,0,1,3,54,2,0,0,0,1,0,2021
31255,Andrew,McCullough,St George-Illawarra Dragons,Hooker,2021-05-09T00:00:00Z,113550908,11355,9,home,0,0,0,0,0,0,1,1,104,0,0,109,5,0,0,43,0,0,19,0,0,0,5,47,2,1,0,0,0,1,2021
31255,Andrew,McCullough,St George-Illawarra Dragons,Hooker,2022-03-12T00:00:00Z,116880105,11688,1,away,0,0,0,0,0,0,0,0,72,4,1,73,0,0,0,0,0,0,0,0,0,0,0,27,1,3,0,0,0,1,2022
31255,Andrew,McCullough,St George-Illawarra Dragons,Hooker,2022-03-18T00:00:00Z,116880202,11688,2,home,0,0,0,0,0,0,0,0,57,43,1,61,3,0,0,29,0,0,10,0,0,0,3,30,0,2,0,0,0,0,2022
31255,Andrew,McCullough,St George-Illawarra Dragons,Hooker,2022-04-03T00:00:00Z,116880408,11688,4,away,0,0,0,0,0,0,0,0,87,41,2,93,5,0,0,38,0,0,12,0,0,0,4,46,2,1,0,0,0,1,2022
31255,Andrew,McCullough,St George-Illawarra Dragons,Hooker,2022-04-09T00:00:00Z,116880505,11688,5,away,0,0,0,0,0,0,0,1,77,94,2,80,1,0,0,6,0,0,1,0,0,0,1,37,1,3,0,0,0,0,2022
31255,Andrew,McCullough,St George-Illawarra Dragons,Hooker,2022-04-17T00:00:00Z,116880607,11688,6,home,4,1,0,0,0,0,0,0,102,0,0,107,5,0,0,48,0,0,20,0,1,1,4,39,0,5,0,0,0,0,2022
31255,Andrew,McCullough,St George-Illawarra Dragons,Hooker,2022-04-25T00:00:00Z,116880707,11688,7,home,0,0,0,0,0,0,0,0,116,0,0,120,4,0,0,38,0,0,14,0,0,1,4,38,2,1,0,0,0,1,2022
31255,Andrew,McCullough,St George-Illawarra Dragons,Hooker,2022-05-01T00:00:00Z,116880808,11688,8,home,0,0,0,0,0,0,0,0,68,0,0,72,3,0,1,30,0,0,20,0,0,0,3,40,1,4,0,0,1,1,2022
31255,Andrew,McCullough,St George-Illawarra Dragons,Hooker,2022-05-08T00:00:00Z,116880907,11688,9,away,0,0,0,0,0,0,0,0,62,0,0,64,2,0,0,21,0,0,5,0,0,0,2,31,0,1,0,0,0,0,2022
31274,Wade,Graham,Cronulla-Sutherland Sharks,Second Row,2019-09-14T00:00:00Z,106850103,10685,1,away,0,0,0,0,0,0,1,1,9,47,1,16,6,2,3,48,19,20,0,2,0,0,3,35,6,4,0,0,1,0,2019
31274,Wade,Graham,Cronulla-Sutherland Sharks,Second Row,2020-05-30T00:00:00Z,110950305,11095,3,home,0,0,0,0,0,0,2,1,5,131,5,13,3,1,1,23,8,12,0,1,0,0,2,29,5,5,0,0,0,0,2020
31274,Wade,Graham,Cronulla-Sutherland Sharks,Second Row,2020-06-06T00:00:00Z,110950405,11095,4,away,0,0,0,0,0,0,0,0,5,43,1,16,8,4,4,63,40,23,0,1,0,1,9,25,1,4,0,0,0,1,2020
31274,Wade,Graham,Cronulla-Sutherland Sharks,Second Row,2020-06-14T00:00:00Z,110950508,11095,5,away,4,1,0,0,0,0,0,0,8,76,2,20,11,7,4,95,62,34,0,0,1,1,8,35,0,11,0,0,1,1,2020
31274,Wade,Graham,Cronulla-Sutherland Sharks,Second Row,2022-09-10T00:00:00Z,116890103,11689,1,home,0,0,0,0,0,0,0,0,1,0,0,13,12,8,4,106,64,42,38,0,0,3,12,46,2,3,0,0,0,0,2022
31274,Wade,Graham,Cronulla-Sutherland Sharks,Second Row,2022-09-17T00:00:00Z,116890202,11689,2,home,0,0,0,0,0,0,0,0,4,0,0,13,7,5,2,59,43,16,29,0,0,1,8,23,3,2,0,0,1,0,2022
31274,Wade,Graham,Cronulla-Sutherland Sharks,Interchange,2023-03-04T00:00:00Z,120670106,12067,1,home,0,0,0,0,0,0,0,0,3,0,0,6,3,2,1,21,12,9,9,0,0,0,3,15,0,2,0,0,0,0,2023
31274,Wade,Graham,Cronulla-Sutherland Sharks,Interchange,2023-04-14T00:00:00Z,120670702,12067,7,home,0,0,0,0,0,0,0,0,2,0,0,11,8,7,1,77,68,9,23,0,0,0,8,13,0,1,0,0,1,0,2023
31274,Wade,Graham,Cronulla-Sutherland Sharks,Interchange,2023-04-22T00:00:00Z,120670803,12067,8,away,0,0,0,0,0,0,0,0,2,0,0,5,3,3,0,24,24,0,7,0,0,0,3,19,1,0,0,0,0,0,2023
31274,Wade,Graham,Cronulla-Sutherland Sharks,Interchange,2023-04-27T00:00:00Z,120670901,12067,9,home,0,0,0,0,0,0,0,0,1,0,0,6,5,3,2,57,38,19,15,0,0,0,5,20,0,1,0,0,0,0,2023
31282,Lachlan,Coote,North Queensland Cowboys,Fullback,2017-09-23T00:00:00Z,100960302,10096,3,away,0,0,0,0,0,0,0,0,21,117,4,36,9,0,1,82,0,8,0,0,0,3,11,4,0,2,0,0,0,0,2017
31282,Lachlan,Coote,North Queensland Cowboys,Fullback,2017-10-01T00:00:00Z,100960401,10096,4,away,0,0,0,0,0,0,0,0,35,217,7,56,18,0,5,154,0,44,0,0,0,6,14,7,2,1,0,0,0,0,2017
31284,Jordan,Rapana,Canberra Raiders,Wing,2016-04-23T00:00:00Z,98670803,9867,8,home,16,4,0,0,0,0,1,0,4,14,1,21,17,0,13,215,0,169,0,0,5,5,12,2,0,0,0,0,0,1,2016
31284,Jordan,Rapana,Canberra Raiders,Wing,2016-04-30T00:00:00Z,98670903,9867,9,away,8,2,0,0,0,0,0,0,3,0,0,14,11,0,5,72,0,44,0,1,1,5,8,4,0,0,0,0,0,0,2016
31284,Jordan,Rapana,Canberra Raiders,Wing,2019-09-14T00:00:00Z,106850102,10685,1,away,0,0,0,0,0,0,0,0,7,0,0,18,11,3,4,78,23,18,0,0,0,3,10,6,1,0,0,0,0,2,2019
31284,Jordan,Rapana,Canberra Raiders,Interchange,2020-07-11T00:00:00Z,110950906,11095,9,home,0,0,0,0,0,0,0,0,1,0,0,8,7,4,2,71,29,28,0,0,0,3,7,6,0,0,0,0,0,0,2020
31284,Jordan,Rapana,Canberra Raiders,Centre,2020-10-03T00:00:00Z,110960102,11096,1,home,0,0,0,0,0,0,0,0,8,0,0,22,15,1,12,124,3,113,0,1,0,3,12,15,0,7,0,1,1,1,2020
31284,Jordan,Rapana,Canberra Raiders,Centre,2020-10-09T00:00:00Z,110960201,11096,2,away,0,0,0,0,0,0,1,1,5,35,2,20,17,5,11,157,36,113,0,1,0,0,11,15,0,7,0,0,2,1,2020
31284,Jordan,Rapana,Canberra Raiders,Wing,2021-05-08T00:00:00Z,113550904,11355,9,home,0,0,0,0,0,0,1,1,3,11,1,19,16,5,4,144,30,61,32,2,1,3,12,7,1,0,0,0,2,1,2021
31284,Jordan,Rapana,Canberra Raiders,Wing,2022-03-26T00:00:00Z,116880306,11688,3,home,0,0,0,0,0,0,2,2,8,0,0,25,14,5,7,112,42,60,35,3,0,5,13,11,1,1,0,0,1,0,2022
31284,Jordan,Rapana,Canberra Raiders,Wing,2022-04-02T00:00:00Z,116880405,11688,4,away,0,0,0,0,0,0,0,0,13,0,0,26,16,2,9,144,13,70,51,3,0,9,9,11,0,2,0,0,0,1,2022
31284,Jordan,Rapana,Canberra Raiders,Wing,2022-04-09T00:00:00Z,116880504,11688,5,home,0,0,0,0,0,0,0,0,16,0,0,24,10,1,8,75,6,68,23,1,0,2,6,3,2,2,0,0,1,1,2022
31284,Jordan,Rapana,Canberra Raiders,Wing,2022-04-14T00:00:00Z,116880601,11688,6,home,4,1,0,0,0,0,0,1,10,0,0,26,16,10,3,132,74,28,51,0,1,3,13,7,0,1,0,0,2,0,2022
31284,Jordan,Rapana,Canberra Raiders,Fullback,2022-04-24T00:00:00Z,116880706,11688,7,away,0,0,0,0,0,0,0,0,12,0,0,24,12,1,6,58,9,27,18,0,0,3,12,9,0,2,0,0,1,0,2022
31284,Jordan,Rapana,Canberra Raiders,Fullback,2022-04-30T00:00:00Z,116880804,11688,8,away,0,0,0,0,0,0,0,0,14,12,1,33,16,2,10,124,19,73,40,1,1,2,15,9,0,1,0,1,3,0,2022
31284,Jordan,Rapana,Canberra Raiders,Wing,2022-05-06T00:00:00Z,116880902,11688,9,home,0,0,0,0,0,0,0,0,9,0,0,21,11,6,2,113,62,18,48,0,0,3,12,14,0,1,0,0,0,1,2022
31284,Jordan,Rapana,Canberra Raiders,Wing,2023-03-04T00:00:00Z,120670105,12067,1,away,0,0,0,0,0,0,0,0,7,4,1,25,13,4,7,139,53,60,60,0,0,3,16,3,0,0,0,0,1,3,2023
31284,Jordan,Rapana,Canberra Raiders,Fullback,2024-03-31T00:00:00Z,124450407,12445,4,away,0,0,0,0,0,0,1,1,9,0,0,30,20,1,11,146,8,91,32,0,0,4,21,9,0,2,0,0,2,0,2024
31284,Jordan,Rapana,Canberra Raiders,Fullback,2024-04-07T00:00:00Z,124450508,12445,5,home,0,0,0,0,0,0,0,0,6,0,0,20,11,0,7,109,0,58,38,1,1,2,12,2,0,0,0,0,1,0,2024
31300,James,Graham,St George-Illawarra Dragons,Prop,2019-03-16T00:00:00Z,106840106,10684,1,away,0,0,0,0,0,0,0,0,3,0,0,14,10,6,1,112,66,4,0,0,0,1,11,40,2,4,0,0,0,0,2019
31300,James,Graham,St George-Illawarra Dragons,Prop,2019-03-21T00:00:00Z,106840201,10684,2,home,0,0,0,0,0,0,0,0,7,0,0,17,11,10,1,105,98,7,0,1,0,0,9,32,0,0,0,0,0,0,2019
31300,James,Graham,St George-Illawarra Dragons,Prop,2019-03-28T00:00:00Z,106840301,10684,3,away,0,0,0,0,0,0,0,0,1,0,0,13,12,12,0,87,87,0,0,0,0,2,12,39,1,1,0,0,0,0,2019
31300,James,Graham,St George-Illawarra Dragons,Prop,2019-04-07T00:00:00Z,106840408,10684,4,away,0,0,0,0,0,0,0,0,6,0,0,18,12,7,1,115,51,15,0,0,0,1,11,45,0,1,0,0,1,0,2019
31300,James,Graham,St George-Illawarra Dragons,Prop,2019-04-14T00:00:00Z,106840507,10684,5,home,0,0,0,0,0,0,0,0,3,0,0,16,13,8,1,139,80,6,0,0,0,2,13,31,2,0,0,0,0,0,2019
31300,James,Graham,St George-Illawarra Dragons,Prop,2019-04-20T00:00:00Z,106840605,10684,6,home,0,0,0,0,0,0,0,0,5,0,0,16,11,8,0,101,67,0,0,0,0,0,11,40,1,0,0,0,0,0,2019
31300,James,Graham,St George-Illawarra Dragons,Prop,2019-04-25T00:00:00Z,106840701,10684,7,away,0,0,0,0,0,0,0,1,12,0,0,17,6,6,0,43,43,0,0,0,0,1,5,45,1,3,0,0,0,0,2019
31300,James,Graham,St George-Illawarra Dragons,Prop,2019-05-05T00:00:00Z,106840808,10684,8,away,0,0,0,0,0,0,0,0,6,0,0,15,9,6,0,83,52,0,0,0,0,0,9,38,4,1,0,0,0,0,2019
31300,James,Graham,St George-Illawarra Dragons,Prop,2019-05-11T00:00:00Z,106840905,10684,9,away,0,0,0,0,0,0,0,0,10,0,0,18,10,5,5,81,56,25,0,1,0,0,7,42,2,2,0,0,0,1,2019
31300,James,Graham,St George-Illawarra Dragons,Lock,2020-05-30T00:00:00Z,110950304,11095,3,away,0,0,0,0,0,0,0,0,0,0,0,5,5,5,0,45,45,0,0,0,0,0,5,28,0,0,0,0,0,0,2020
31300,James,Graham,St George-Illawarra Dragons,Interchange,2020-06-14T00:00:00Z,110950508,11095,5,home,0,0,0,0,0,0,0,0,5,0,0,21,18,16,1,137,122,3,0,1,0,1,15,29,2,0,0,0,0,0,2020
31300,James,Graham,St George-Illawarra Dragons,Interchange,2020-06-20T00:00:00Z,110950604,11095,6,away,0,0,0,0,0,0,0,0,5,0,0,14,11,6,5,94,52,43,0,0,0,0,9,26,0,0,0,0,0,0,2020
31418,David,Mead,Brisbane Broncos,Centre,2021-04-15T00:00:00Z,113550601,11355,6,home,0,0,0,0,0,0,0,0,6,0,0,19,13,12,1,111,111,0,49,1,0,1,12,11,1,3,0,0,0,0,2021
31418,David,Mead,Brisbane Broncos,Centre,2021-04-23T00:00:00Z,113550703,11355,7,away,0,0,0,0,0,0,0,0,4,29,1,15,10,5,4,68,43,22,24,1,0,1,9,10,1,8,0,0,1,0,2021
31418,David,Mead,Brisbane Broncos,Interchange,2022-03-27T00:00:00Z,116880307,11688,3,home,0,0,0,0,0,0,0,0,0,0,0,0,0,0,0,0,0,0,0,0,0,0,0,0,0,0,0,0,0,0,2022
31422,Chris,McQueen,Gold Coast Titans,Second Row,2017-04-14T00:00:00Z,100950703,10095,7,away,0,0,0,0,0,0,0,0,3,0,0,12,9,3,6,82,21,61,0,1,0,0,8,21,0,2,0,0,0,0,2017
31428,Jeremy,Latimore,Cronulla-Sutherland Sharks,Interchange,2017-09-10T00:00:00Z,100960104,10096,1,home,0,0,0,0,0,0,0,0,0,0,0,6,5,4,1,34,30,4,0,0,0,0,5,14,0,0,0,0,1,0,2017
31430,Josh,McGuire,North Queensland Cowboys,Prop,2020-05-29T00:00:00Z,110950302,11095,3,home,0,0,0,0,0,0,0,0,8,0,0,28,20,14,5,168,112,49,0,2,0,1,18,32,0,1,0,0,0,0,2020
31430,Josh,McGuire,North Queensland Cowboys,Interchange,2021-03-13T00:00:00Z,113550106,11355,1,away,0,0,0,0,0,0,0,0,0,0,0,11,11,5,5,93,34,47,29,1,1,0,10,18,0,1,0,0,0,0,2021
31430,Josh,McGuire,North Queensland Cowboys,Interchange,2021-03-20T00:00:00Z,113550206,11355,2,home,0,0,0,0,0,0,0,0,4,0,0,20,15,10,5,129,92,37,52,1,0,1,14,35,1,5,0,0,1,0,2021
31430,Josh,McGuire,North Queensland Cowboys,Interchange,2021-03-28T00:00:00Z,113550308,11355,3,home,0,0,0,0,0,0,0,0,8,31,1,20,11,2,9,98,20,78,39,1,0,0,10,34,2,5,0,0,0,0,2021
31430,Josh,McGuire,North Queensland Cowboys,Lock,2021-04-03T00:00:00Z,113550404,11355,4,away,0,0,0,0,0,0,0,0,1,0,0,16,12,10,2,115,104,11,50,1,0,1,12,42,3,5,0,0,2,0,2021
31433,Trent,Hodkinson,Newcastle Knights,Halfback,2017-03-05T00:00:00Z,100950107,10095,1,away,6,0,4,2,1,1,0,0,46,111,2,54,4,0,4,24,0,24,0,1,1,0,2,13,2,1,0,1,2,0,2017
31433,Trent,Hodkinson,Newcastle Knights,Halfback,2017-03-11T00:00:00Z,100950204,10095,2,home,10,0,6,5,0,0,1,1,39,193,5,51,7,0,7,45,0,45,0,1,0,1,5,19,2,2,1,0,1,0,2017
31433,Trent,Hodkinson,Newcastle Knights,Halfback,2017-03-18T00:00:00Z,100950304,10095,3,home,8,1,2,1,1,1,0,0,31,138,3,37,1,0,1,11,0,11,0,0,1,2,1,13,0,5,0,0,1,1,2017
31433,Trent,Hodkinson,Newcastle Knights,Halfback,2017-03-24T00:00:00Z,100950402,10095,4,away,0,0,0,0,0,0,0,0,33,162,3,38,2,0,1,20,0,7,0,0,0,0,2,17,3,1,0,0,0,0,2017
31433,Trent,Hodkinson,Newcastle Knights,Halfback,2017-04-14T00:00:00Z,100950702,10095,7,home,2,0,1,1,0,0,0,0,53,42,2,58,2,0,2,10,0,10,0,0,0,0,3,24,0,1,0,0,0,0,2017
31435,Ben,Hunt,St George-Illawarra Dragons,Interchange,2020-06-26T00:00:00Z,110950703,11095,7,away,0,0,0,0,0,0,0,0,102,122,2,104,1,0,1,6,0,6,0,0,0,0,0,37,0,2,0,0,1,0,2020
31435,Ben,Hunt,St George-Illawarra Dragons,Interchange,2020-07-03T00:00:00Z,110950802,11095,8,away,0,0,0,0,0,0,0,0,96,88,3,99,5,0,1,60,0,3,0,0,1,2,0,38,1,3,0,0,0,0,2020
31435,Ben,Hunt,St George-Illawarra Dragons,Hooker,2020-07-12T00:00:00Z,110950908,11095,9,home,0,0,0,0,0,0,1,1,118,354,9,129,8,0,0,55,0,0,0,1,0,0,0,52,1,2,0,0,3,0,2020
31435,Ben,Hunt,St George-Illawarra Dragons,Halfback,2022-03-24T00:00:00Z,116880301,11688,3,home,0,0,0,0,0,0,2,1,42,628,15,66,8,0,7,53,0,41,20,4,0,2,3,16,1,4,1,0,2,0,2022
31435,Ben,Hunt,St George-Illawarra Dragons,Halfback,2023-03-12T00:00:00Z,120670208,12067,2,home,4,1,0,0,0,0,1,1,30,298,10,46,9,0,9,76,0,76,20,3,2,7,1,6,1,4,0,0,1,0,2023
31435,Ben,Hunt,St George-Illawarra Dragons,Halfback,2023-03-18T00:00:00Z,120670306,12067,3,away,0,0,0,0,0,0,0,0,26,282,8,39,4,0,4,30,0,30,9,0,0,1,4,20,3,4,0,0,1,2,2023
31435,Ben,Hunt,St George-Illawarra Dragons,Halfback,2023-03-26T00:00:00Z,120670408,12067,4,home,4,1,0,0,0,0,0,0,29,542,16,49,6,0,6,38,0,38,21,1,1,1,2,18,2,5,0,0,2,2,2023
31435,Ben,Hunt,St George-Illawarra Dragons,Halfback,2023-04-01T00:00:00Z,120670505,12067,5,home,4,1,0,0,0,0,1,1,38,462,10,58,11,0,9,84,0,63,24,1,1,6,8,16,0,1,0,0,0,0,2023
31435,Ben,Hunt,St George-Illawarra Dragons,Halfback,2023-04-09T00:00:00Z,120670606,12067,6,away,4,1,0,0,0,0,1,0,40,374,14,61,8,0,8,81,0,81,15,2,1,4,2,19,2,4,0,0,3,1,2023
31435,Ben,Hunt,St George-Illawarra Dragons,Halfback,2023-04-16T00:00:00Z,120670707,12067,7,away,0,0,0,0,0,0,0,0,52,335,11,69,9,0,9,64,0,64,11,0,0,1,4,14,0,0,0,0,2,0,2023
31435,Ben,Hunt,St George-Illawarra Dragons,Halfback,2023-04-25T00:00:00Z,120670807,12067,8,away,0,0,0,0,0,0,1,1,47,442,9,62,12,0,12,90,0,90,24,2,0,2,3,15,1,4,0,0,1,1,2023
31435,Ben,Hunt,St George-Illawarra Dragons,Halfback,2023-04-30T00:00:00Z,120670908,12067,9,home,0,0,0,0,0,0,1,1,37,467,14,57,8,0,6,55,0,45,17,3,0,2,0,25,2,4,0,0,2,1,2023
31435,Ben,Hunt,St George-Illawarra Dragons,Halfback,2024-03-09T00:00:00Z,124450107,12445,1,away,0,0,0,0,0,0,2,1,39,458,13,57,7,0,6,57,0,46,12,1,0,1,4,21,1,2,0,0,1,0,2024
31435,Ben,Hunt,St George-Illawarra Dragons,Halfback,2024-03-17T00:00:00Z,124450208,12445,2,away,0,0,0,0,0,0,0,1,40,592,17,64,11,0,9,86,0,67,9,0,1,0,4,14,0,4,0,0,3,0,2024
31435,Ben,Hunt,St George-Illawarra Dragons,Halfback,2024-03-23T00:00:00Z,124450305,12445,3,home,0,0,0,0,0,0,2,0,43,472,13,59,7,0,7,84,0,84,40,1,1,2,1,12,0,4,0,0,0,1,2024
31435,Ben,Hunt,St George-Illawarra Dragons,Halfback,2024-03-30T00:00:00Z,124450404,12445,4,home,0,0,0,0,0,0,3,1,38,638,15,55,5,0,5,44,0,44,10,0,0,2,1,16,1,9,0,0,2,0,2024
31435,Ben,Hunt,St George-Illawarra Dragons,Halfback,2024-04-05T00:00:00Z,124450503,12445,5,away,4,1,0,0,0,0,1,0,30,451,19,55,5,0,4,25,0,21,3,0,1,0,3,18,1,2,0,0,2,0,2024
31435,Ben,Hunt,St George-Illawarra Dragons,Halfback,2024-04-14T00:00:00Z,124450607,12445,6,away,0,0,0,0,0,0,1,0,32,681,16,53,6,0,6,40,0,40,13,0,1,2,1,19,1,3,0,0,5,0,2024
31435,Ben,Hunt,St George-Illawarra Dragons,Halfback,2024-04-19T00:00:00Z,124450702,12445,7,home,4,1,0,0,0,0,3,2,18,836,19,40,5,0,4,46,0,23,5,1,1,2,0,8,0,5,0,0,1,0,2024
31435,Ben,Hunt,St George-Illawarra Dragons,Halfback,2024-04-25T00:00:00Z,124450802,12445,8,home,0,0,0,0,0,0,0,0,39,474,13,55,6,0,5,29,0,23,2,0,0,3,1,8,4,5,0,0,2,0,2024
31435,Ben,Hunt,St George-Illawarra Dragons,Halfback,2024-05-05T00:00:00Z,124450908,12445,9,away,0,0,0,0,0,0,1,1,37,593,18,59,6,0,6,40,0,40,5,1,1,4,2,23,0,4,0,0,1,1,2024
31435,Ben,Hunt,Brisbane Broncos,Five-Eighth,2025-03-06T00:00:00Z,127550103,12755,1,away,4,1,0,0,0,0,0,1,22,185,6,33,7,1,3,50,3,32,9,1,1,0,3,14,1,5,0,0,0,0,2025
31435,Ben,Hunt,Brisbane Broncos,Five-Eighth,2025-03-15T00:00:00Z,127550206,12755,2,away,0,0,0,0,0,0,2,2,46,12,1,49,4,0,3,26,0,17,4,0,0,1,1,16,1,2,0,1,1,0,2025
31435,Ben,Hunt,Brisbane Broncos,Five-Eighth,2025-03-21T00:00:00Z,127550303,12755,3,home,0,0,0,0,0,0,0,0,40,158,5,52,8,0,7,43,0,38,9,1,0,3,6,26,1,6,0,0,0,0,2025
31435,Ben,Hunt,Brisbane Broncos,Five-Eighth,2025-03-28T00:00:00Z,127550403,12755,4,away,0,0,0,0,0,0,0,0,51,209,5,61,5,0,5,57,0,57,22,0,0,4,4,18,2,6,0,0,1,0,2025
31435,Ben,Hunt,Brisbane Broncos,Five-Eighth,2025-04-05T00:00:00Z,127550506,12755,5,home,0,0,0,0,0,0,1,0,28,217,5,36,4,0,3,37,0,32,9,1,0,0,1,12,1,3,0,0,1,0,2025
31435,Ben,Hunt,Brisbane Broncos,Five-Eighth,2025-04-11T00:00:00Z,127550603,12755,6,home,0,0,0,0,0,0,0,0,46,54,2,54,6,0,5,39,0,29,3,1,0,0,2,18,2,3,0,0,3,0,2025
31435,Ben,Hunt,Brisbane Broncos,Five-Eighth,2025-04-19T00:00:00Z,127550704,12755,7,away,0,0,0,0,0,0,0,0,45,126,4,52,1,0,0,4,0,0,2,0,0,0,2,22,0,2,0,0,2,0,2025
31435,Ben,Hunt,Brisbane Broncos,Five-Eighth,2025-04-24T00:00:00Z,127550801,12755,8,home,0,0,0,0,0,0,1,1,32,119,3,41,7,0,7,49,0,49,26,1,0,1,5,11,1,2,0,0,0,0,2025
31435,Ben,Hunt,Brisbane Broncos,Five-Eighth,2025-05-04T00:00:00Z,127550907,12755,9,away,4,1,0,0,0,0,0,0,41,262,8,53,4,0,3,22,0,16,5,0,0,0,3,26,0,0,0,0,0,0,2025
31435,Ben,Hunt,Brisbane Broncos,Five-Eighth,2026-03-06T00:00:00Z,129990105,12999,1,home,0,0,0,0,0,0,0,0,64,122,5,71,2,0,2,31,0,31,5,0,0,0,1,31,0,5,0,0,1,0,2026
31435,Ben,Hunt,Brisbane Broncos,Interchange,2026-03-12T00:00:00Z,129990201,12999,2,home,0,0,0,0,0,0,0,0,30,21,1,35,3,0,2,18,0,14,6,1,0,1,2,16,1,1,0,0,1,0,2026
31435,Ben,Hunt,Brisbane Broncos,Halfback,2026-03-20T00:00:00Z,129990303,12999,3,away,0,0,0,0,0,0,1,1,39,364,8,48,3,0,3,17,0,17,2,0,0,2,1,19,0,1,0,0,0,1,2026
31435,Ben,Hunt,Brisbane Broncos,Interchange,2026-03-27T00:00:00Z,129990403,12999,4,home,0,0,0,0,0,0,0,0,21,0,0,21,0,0,0,0,0,0,0,0,0,0,0,18,4,0,0,0,0,0,2026
31435,Ben,Hunt,Brisbane Broncos,Interchange,2026-04-04T00:00:00Z,129990505,12999,5,away,0,0,0,0,0,0,0,0,30,378,10,41,2,0,2,10,0,10,0,0,0,0,0,14,2,2,0,0,1,0,2026
31435,Ben,Hunt,Brisbane Broncos,Halfback,2026-05-09T00:00:00Z,129991006,12999,10,away,0,0,0,0,0,0,0,0,36,351,5,44,2,0,2,16,0,16,2,0,0,0,2,26,2,7,0,0,1,0,2026
31436,Gerard,Beale,Cronulla-Sutherland Sharks,Interchange,2016-09-10T00:00:00Z,98680102,9868,1,away,0,0,0,0,0,0,0,0,0,0,0,7,7,1,6,39,3,36,0,0,0,0,6,3,1,0,0,1,1,0,2016
31439,Antonio,Winterstein,North Queensland Cowboys,Wing,2017-09-10T00:00:00Z,100960104,10096,1,away,0,0,0,0,0,0,0,0,1,21,1,24,19,9,4,157,78,26,0,0,0,2,19,1,0,0,0,0,3,0,2017
31442,Blake,Ferguson,Sydney Roosters,Wing,2017-09-23T00:00:00Z,100960302,10096,3,home,4,1,0,0,0,0,0,0,1,0,0,22,18,4,11,197,44,110,0,0,0,6,17,2,0,1,0,1,3,0,2017
31444,James,Tamou,Penrith Panthers,Prop,2020-07-04T00:00:00Z,110950806,11095,8,away,0,0,0,0,0,0,0,0,1,0,0,18,17,17,0,145,145,0,0,0,0,1,17,26,0,0,0,0,0,0,2020
31444,James,Tamou,Penrith Panthers,Prop,2020-07-11T00:00:00Z,110950904,11095,9,away,0,0,0,0,0,0,0,0,1,0,0,20,19,15,2,129,97,12,0,2,0,4,16,29,0,0,0,0,1,3,2020
31444,James,Tamou,Wests Tigers,Prop,2021-03-21T00:00:00Z,113550207,11355,2,home,0,0,0,0,0,0,0,0,0,0,0,8,8,8,0,61,61,0,32,0,0,1,8,26,0,2,0,0,0,0,2021
31444,James,Tamou,Wests Tigers,Prop,2021-03-28T00:00:00Z,113550307,11355,3,away,0,0,0,0,0,0,0,0,3,0,0,13,9,6,1,68,45,2,21,0,0,0,9,26,0,1,0,0,1,0,2021
31444,James,Tamou,Wests Tigers,Prop,2021-04-05T00:00:00Z,113550408,11355,4,home,0,0,0,0,0,0,0,0,0,0,0,13,12,10,2,116,108,8,60,1,0,2,12,31,1,1,0,0,0,0,2021
31444,James,Tamou,Wests Tigers,Prop,2021-04-11T00:00:00Z,113550507,11355,5,home,0,0,0,0,0,0,0,0,0,0,0,7,7,7,0,59,59,0,24,0,0,0,7,17,0,3,0,0,0,0,2021
31444,James,Tamou,Wests Tigers,Prop,2021-04-17T00:00:00Z,113550605,11355,6,away,0,0,0,0,0,0,0,0,1,0,0,11,10,7,1,92,54,7,36,1,0,1,9,32,0,1,0,0,0,0,2021
31444,James,Tamou,Wests Tigers,Prop,2021-04-25T00:00:00Z,113550706,11355,7,home,0,0,0,0,0,0,0,0,1,0,0,13,11,11,0,76,76,0,26,0,0,2,12,29,0,1,0,0,0,0,2021
31444,James,Tamou,Wests Tigers,Prop,2021-05-02T00:00:00Z,113550808,11355,8,away,0,0,0,0,0,0,0,0,0,0,0,9,9,9,0,60,60,0,21,0,0,2,9,19,0,1,0,0,0,0,2021
31444,James,Tamou,Wests Tigers,Prop,2021-05-08T00:00:00Z,113550905,11355,9,home,0,0,0,0,0,0,0,0,0,0,0,10,9,6,2,84,58,13,37,0,0,1,10,16,2,0,0,0,0,0,2021
31444,James,Tamou,Wests Tigers,Prop,2022-03-25T00:00:00Z,116880302,11688,3,home,4,1,0,0,0,0,0,0,0,0,0,10,10,9,1,96,88,8,47,0,1,3,9,24,0,1,0,0,0,0,2022
31444,James,Tamou,Wests Tigers,Prop,2022-03-31T00:00:00Z,116880401,11688,4,away,0,0,0,0,0,0,0,0,2,0,0,13,11,11,0,84,84,0,39,0,0,0,10,23,0,3,0,0,2,1,2022
31444,James,Tamou,Wests Tigers,Prop,2022-04-10T00:00:00Z,116880507,11688,5,away,0,0,0,0,0,0,0,0,0,0,0,10,8,8,0,59,59,0,24,0,0,0,9,28,1,6,0,0,1,0,2022
31444,James,Tamou,Wests Tigers,Prop,2022-04-18T00:00:00Z,116880608,11688,6,away,0,0,0,0,0,0,0,0,1,0,0,15,15,11,3,128,96,15,41,3,0,2,11,32,0,3,0,0,0,0,2022
31444,James,Tamou,Wests Tigers,Prop,2022-04-23T00:00:00Z,116880704,11688,7,home,0,0,0,0,0,0,0,0,0,0,0,15,16,10,1,145,77,7,51,1,0,1,14,31,0,0,0,0,0,1,2022
31444,James,Tamou,Wests Tigers,Prop,2022-05-01T00:00:00Z,116880808,11688,8,away,0,0,0,0,0,0,0,0,0,0,0,12,12,10,1,142,100,27,49,1,1,3,11,42,0,1,0,0,0,0,2022
31444,James,Tamou,Wests Tigers,Prop,2022-05-07T00:00:00Z,116880904,11688,9,away,0,0,0,0,0,0,0,0,2,0,0,8,6,5,1,45,37,8,16,1,0,1,5,28,1,3,0,0,0,1,2022
31444,James,Tamou,North Queensland Cowboys,Interchange,2023-03-04T00:00:00Z,120670105,12067,1,home,0,0,0,0,0,0,0,0,0,0,0,4,4,4,0,41,41,0,18,0,0,0,4,7,0,0,0,0,0,0,2023
31444,James,Tamou,North Queensland Cowboys,Interchange,2023-03-10T00:00:00Z,120670203,12067,2,away,0,0,0,0,0,0,0,0,0,0,0,0,0,0,0,0,0,0,0,0,0,0,0,0,0,0,0,0,0,0,2023
31444,James,Tamou,North Queensland Cowboys,Interchange,2023-03-25T00:00:00Z,120670404,12067,4,home,4,1,0,0,0,0,0,0,0,0,0,8,8,3,1,96,34,12,27,0,1,2,7,20,0,2,0,0,0,1,2023
31453,Josh,Dugan,Cronulla-Sutherland Sharks,Centre,2020-10-03T00:00:00Z,110960102,11096,1,away,0,0,0,0,0,0,0,0,1,13,1,14,14,3,10,122,25,85,0,0,0,3,12,14,1,0,0,0,1,0,2020
31453,Josh,Dugan,Cronulla-Sutherland Sharks,Centre,2021-04-24T00:00:00Z,113550704,11355,7,home,0,0,0,0,0,0,0,0,4,0,0,17,12,1,10,112,11,89,44,2,0,7,10,8,1,2,0,0,1,0,2021
31455,Matthew,Wright,Manly-Warringah Sea Eagles,Wing,2017-09-09T00:00:00Z,100960103,10096,1,home,2,0,2,1,0,0,0,0,7,12,1,27,20,7,8,232,62,121,0,0,0,4,19,5,0,0,0,0,0,0,2017
31456,Shaun,Fensom,North Queensland Cowboys,Prop,2017-09-16T00:00:00Z,100960202,10096,2,away,0,0,0,0,0,0,0,0,0,0,0,8,8,7,0,61,55,0,0,0,0,1,8,28,2,1,0,0,0,0,2017
31468,Dale,Copley,Gold Coast Titans,Centre,2017-04-08T00:00:00Z,100950605,10095,6,home,0,0,0,0,0,0,0,0,5,0,0,12,6,0,6,42,0,42,0,0,0,0,6,10,0,1,0,0,2,1,2017
31468,Dale,Copley,Gold Coast Titans,Wing,2020-03-22T00:00:00Z,110950208,11095,2,home,4,1,0,0,0,0,0,0,0,0,0,4,4,1,3,28,9,19,0,0,0,0,3,0,0,0,0,0,0,0,2020
31468,Dale,Copley,Sydney Roosters,Interchange,2021-09-11T00:00:00Z,113560102,11356,1,home,0,0,0,0,0,0,0,0,0,0,0,0,0,0,0,0,0,0,0,0,0,0,0,0,0,0,0,0,0,0,2021
31468,Dale,Copley,Sydney Roosters,Interchange,2021-09-17T00:00:00Z,113560201,11356,2,away,0,0,0,0,0,0,0,0,0,0,0,0,0,0,0,0,0,0,0,0,0,0,0,0,0,0,0,0,0,0,2021
31475,Kieran,Foran,Canterbury-Bankstown Bulldogs,Five-Eighth,2020-06-15T00:00:00Z,110950507,11095,5,home,4,1,0,0,0,0,0,0,20,219,8,36,10,0,10,89,0,89,0,0,0,0,6,20,1,3,0,0,1,0,2020
31475,Kieran,Foran,Canterbury-Bankstown Bulldogs,Five-Eighth,2020-06-21T00:00:00Z,110950608,11095,6,away,4,1,0,0,0,0,0,1,37,170,4,47,5,0,5,32,0,32,0,0,0,1,4,27,2,4,0,0,1,0,2020
31475,Kieran,Foran,Manly-Warringah Sea Eagles,Five-Eighth,2021-03-13T00:00:00Z,113550105,11355,1,away,0,0,0,0,0,0,0,0,21,130,4,31,9,0,7,84,0,57,28,0,0,2,5,13,0,6,0,1,1,0,2021
31475,Kieran,Foran,Manly-Warringah Sea Eagles,Five-Eighth,2021-03-20T00:00:00Z,113550205,11355,2,home,0,0,0,0,0,0,0,0,26,214,9,41,9,0,9,67,0,67,25,0,0,0,5,23,0,4,0,0,1,1,2021
31475,Kieran,Foran,Manly-Warringah Sea Eagles,Five-Eighth,2021-03-26T00:00:00Z,113550302,11355,3,away,0,0,0,0,0,0,1,0,53,135,5,62,11,0,11,95,0,95,4,1,0,0,2,14,1,2,0,0,1,0,2021
31475,Kieran,Foran,Manly-Warringah Sea Eagles,Five-Eighth,2021-04-01T00:00:00Z,113550401,11355,4,home,0,0,0,0,0,0,0,0,23,75,5,32,4,0,4,28,0,28,7,0,0,1,4,23,0,3,0,0,0,0,2021
31475,Kieran,Foran,Manly-Warringah Sea Eagles,Five-Eighth,2021-04-09T00:00:00Z,113550502,11355,5,away,0,0,0,0,0,0,0,0,24,177,6,35,10,0,10,72,0,72,7,0,1,0,4,26,0,1,0,0,1,0,2021
31475,Kieran,Foran,Manly-Warringah Sea Eagles,Five-Eighth,2021-04-17T00:00:00Z,113550604,11355,6,home,0,0,0,0,0,0,1,1,23,409,14,40,4,0,3,25,0,21,7,0,0,0,3,16,0,3,0,0,0,0,2021
31475,Kieran,Foran,Manly-Warringah Sea Eagles,Five-Eighth,2021-04-25T00:00:00Z,113550706,11355,7,away,4,1,0,0,0,0,0,0,22,78,2,26,3,0,3,31,0,31,2,0,1,0,1,16,1,5,0,0,1,0,2021
31475,Kieran,Foran,Manly-Warringah Sea Eagles,Five-Eighth,2021-05-01T00:00:00Z,113550804,11355,8,away,0,0,0,0,0,0,0,0,35,189,6,44,5,0,5,21,0,21,3,0,0,1,2,16,1,3,0,0,1,0,2021
31475,Kieran,Foran,Manly-Warringah Sea Eagles,Five-Eighth,2021-05-09T00:00:00Z,113550907,11355,9,home,0,0,0,0,0,0,0,0,22,86,4,29,5,0,5,45,0,45,13,0,0,0,3,19,3,0,0,0,0,0,2021
31475,Kieran,Foran,Manly-Warringah Sea Eagles,Five-Eighth,2022-03-10T00:00:00Z,116880101,11688,1,away,0,0,0,0,0,0,0,1,18,141,5,29,10,0,10,75,0,75,16,2,0,3,4,23,1,3,0,0,0,0,2022
31475,Kieran,Foran,Manly-Warringah Sea Eagles,Five-Eighth,2022-03-18T00:00:00Z,116880203,11688,2,away,0,0,0,0,0,0,0,0,15,54,3,25,7,0,7,45,0,45,15,0,0,1,7,15,0,2,0,0,0,0,2022
31475,Kieran,Foran,Manly-Warringah Sea Eagles,Five-Eighth,2022-03-27T00:00:00Z,116880308,11688,3,home,0,0,0,0,0,0,1,2,21,46,1,35,13,0,10,111,0,90,44,0,0,5,12,8,0,0,0,0,1,0,2022
31475,Kieran,Foran,Manly-Warringah Sea Eagles,Five-Eighth,2022-04-02T00:00:00Z,116880405,11688,4,home,0,0,0,0,0,0,1,1,39,0,0,45,6,0,5,48,0,39,17,1,0,1,5,13,1,1,0,0,0,0,2022
31475,Kieran,Foran,Manly-Warringah Sea Eagles,Five-Eighth,2022-04-07T00:00:00Z,116880501,11688,5,away,0,0,0,0,0,0,0,0,23,0,0,26,3,0,3,27,0,27,6,0,0,0,1,9,1,4,0,0,1,2,2022
31475,Kieran,Foran,Manly-Warringah Sea Eagles,Five-Eighth,2022-04-16T00:00:00Z,116880604,11688,6,home,4,1,0,0,0,0,1,2,27,66,4,41,14,0,14,92,0,92,24,1,1,3,7,13,4,2,0,0,1,0,2022
31475,Kieran,Foran,Manly-Warringah Sea Eagles,Five-Eighth,2022-04-21T00:00:00Z,116880701,11688,7,away,0,0,0,0,0,0,0,0,34,29,2,45,9,0,8,81,0,73,28,0,0,2,6,15,1,3,0,0,3,0,2022
31475,Kieran,Foran,Manly-Warringah Sea Eagles,Five-Eighth,2022-04-29T00:00:00Z,116880803,11688,8,away,4,1,0,0,0,0,1,0,53,15,1,59,9,0,9,58,0,58,18,0,1,2,4,21,1,3,0,0,0,1,2022
31475,Kieran,Foran,Manly-Warringah Sea Eagles,Five-Eighth,2022-05-07T00:00:00Z,116880904,11688,9,home,0,0,0,0,0,0,1,1,41,48,3,48,8,0,8,46,0,46,3,0,0,0,4,18,0,4,0,0,0,0,2022
31475,Kieran,Foran,Gold Coast Titans,Five-Eighth,2023-03-05T00:00:00Z,120670108,12067,1,away,0,0,0,0,0,0,0,1,7,14,1,12,4,0,4,29,0,29,4,0,0,0,4,19,1,3,0,0,0,0,2023
31475,Kieran,Foran,Gold Coast Titans,Five-Eighth,2023-03-12T00:00:00Z,120670208,12067,2,away,0,0,0,0,0,0,0,0,34,158,6,44,3,0,3,30,0,30,15,0,0,1,3,22,1,4,1,1,1,2,2023
31475,Kieran,Foran,Gold Coast Titans,Five-Eighth,2023-03-18T00:00:00Z,120670304,12067,3,home,0,0,0,0,0,0,1,2,24,97,2,32,5,0,3,31,0,13,4,0,0,0,4,17,0,1,0,0,3,0,2023
31475,Kieran,Foran,Gold Coast Titans,Five-Eighth,2023-03-25T00:00:00Z,120670404,12067,4,away,0,0,0,0,0,0,0,0,5,0,0,7,2,0,2,7,0,7,2,0,0,0,2,12,0,0,0,0,0,1,2023
31475,Kieran,Foran,Gold Coast Titans,Five-Eighth,2023-04-15T00:00:00Z,120670706,12067,7,home,0,0,0,0,0,0,0,0,26,25,2,35,7,0,7,50,0,50,18,1,0,2,5,25,3,3,0,0,1,0,2023
31475,Kieran,Foran,Gold Coast Titans,Five-Eighth,2023-04-23T00:00:00Z,120670805,12067,8,away,0,0,0,0,0,0,0,1,28,108,3,34,5,0,5,39,0,39,15,1,0,1,2,25,2,2,0,0,0,1,2023
31475,Kieran,Foran,Gold Coast Titans,Five-Eighth,2023-04-29T00:00:00Z,120670905,12067,9,away,0,0,0,0,0,0,0,0,33,31,1,36,8,0,8,49,0,49,5,0,0,0,2,17,2,2,1,0,0,2,2023
31475,Kieran,Foran,Gold Coast Titans,Five-Eighth,2024-03-23T00:00:00Z,124450304,12445,3,away,0,0,0,0,0,0,0,1,30,124,4,37,2,0,2,16,0,16,4,0,0,0,1,21,1,4,0,1,2,0,2024
31475,Kieran,Foran,Gold Coast Titans,Five-Eighth,2024-03-30T00:00:00Z,124450405,12445,4,home,0,0,0,0,0,0,0,0,32,221,8,46,6,0,6,48,0,48,20,0,0,1,5,24,1,3,0,0,1,0,2024
31475,Kieran,Foran,Gold Coast Titans,Five-Eighth,2024-04-07T00:00:00Z,124450507,12445,5,away,0,0,0,0,0,0,0,1,8,33,1,11,1,0,1,13,0,13,0,1,0,0,0,10,1,0,0,0,1,1,2024
31475,Kieran,Foran,Gold Coast Titans,Halfback,2024-04-14T00:00:00Z,124450608,12445,6,away,0,0,0,0,0,0,2,2,30,660,17,51,4,0,3,27,0,23,1,0,0,0,1,32,1,5,0,0,0,0,2024
31475,Kieran,Foran,Gold Coast Titans,Halfback,2024-04-20T00:00:00Z,124450705,12445,7,home,2,0,1,1,0,0,3,2,35,85,3,39,3,0,3,26,0,26,0,0,0,0,1,18,0,4,0,0,0,0,2024
31475,Kieran,Foran,Gold Coast Titans,Halfback,2024-04-25T00:00:00Z,124450801,12445,8,away,0,0,0,0,0,0,0,0,36,32,2,41,6,0,6,36,0,36,2,0,0,1,3,19,1,7,0,0,1,0,2024
31475,Kieran,Foran,Gold Coast Titans,Halfback,2024-05-04T00:00:00Z,124450905,12445,9,home,4,1,0,0,0,0,1,2,47,489,16,65,5,0,5,37,0,37,10,0,1,3,1,14,0,2,0,0,0,0,2024
31476,Sandor,Earl,Melbourne Storm,Interchange,2019-09-28T00:00:00Z,106850302,10685,3,away,0,0,0,0,0,0,0,0,0,0,0,3,2,1,0,19,10,0,0,0,0,0,2,1,0,0,0,0,1,0,2019
31492,Jason,Clark,South Sydney Rabbitohs,Interchange,2018-09-07T00:00:00Z,104130101,10413,1,away,0,0,0,0,0,0,0,0,0,0,0,7,7,7,0,53,53,0,0,0,0,0,7,8,0,0,0,0,0,0,2018
31492,Jason,Clark,South Sydney Rabbitohs,Interchange,2018-09-15T00:00:00Z,104130202,10413,2,home,0,0,0,0,0,0,0,0,2,0,0,8,5,4,1,36,29,7,0,0,0,0,5,23,0,1,0,0,1,1,2018
31535,Tariq,Sims,Melbourne Storm,Interchange,2023-03-18T00:00:00Z,120670304,12067,3,away,4,1,0,0,0,0,0,0,0,0,0,9,8,3,2,88,28,17,33,1,1,1,6,13,1,1,0,0,1,0,2023
31535,Tariq,Sims,Melbourne Storm,Interchange,2023-03-24T00:00:00Z,120670402,12067,4,home,0,0,0,0,0,0,0,0,0,0,0,9,9,6,1,70,46,11,32,0,0,0,9,7,0,1,0,0,0,0,2023
31535,Tariq,Sims,Melbourne Storm,Interchange,2023-03-31T00:00:00Z,120670503,12067,5,away,0,0,0,0,0,0,0,0,0,0,0,0,0,0,0,0,0,0,0,0,0,0,0,0,0,0,0,0,0,0,2023
31535,Tariq,Sims,Melbourne Storm,Interchange,2023-04-06T00:00:00Z,120670601,12067,6,home,0,0,0,0,0,0,0,0,1,0,0,9,8,8,0,69,69,0,26,0,0,1,8,17,0,0,0,0,0,0,2023
31535,Tariq,Sims,Melbourne Storm,Interchange,2023-04-14T00:00:00Z,120670703,12067,7,away,0,0,0,0,0,0,0,0,0,0,0,3,3,3,0,17,17,0,5,0,0,0,3,10,0,0,0,0,0,0,2023
31535,Tariq,Sims,Melbourne Storm,Prop,2023-04-25T00:00:00Z,120670808,12067,8,home,0,0,0,0,0,0,0,0,0,0,0,7,7,7,0,69,69,0,24,0,0,0,7,19,2,1,0,0,0,1,2023
31535,Tariq,Sims,Melbourne Storm,Interchange,2023-09-08T00:00:00Z,120680101,12068,1,away,0,0,0,0,0,0,0,0,1,0,0,6,5,3,2,75,32,43,54,0,1,3,5,17,0,1,0,0,0,0,2023
31535,Tariq,Sims,Melbourne Storm,Interchange,2023-09-15T00:00:00Z,120680201,12068,2,home,0,0,0,0,0,0,0,0,0,0,0,8,7,6,1,49,44,5,21,0,0,0,7,25,0,2,0,0,1,0,2023
31553,Will,Hopoate,Canterbury-Bankstown Bulldogs,Centre,2021-03-12T00:00:00Z,113550102,11355,1,away,0,0,0,0,0,0,0,0,4,0,0,18,14,10,3,116,88,27,51,0,0,1,13,15,0,1,0,0,0,1,2021
31553,Will,Hopoate,Canterbury-Bankstown Bulldogs,Centre,2021-03-20T00:00:00Z,113550204,11355,2,home,0,0,0,0,0,0,0,0,1,0,0,23,22,14,7,184,112,58,72,0,0,1,22,17,0,5,0,0,0,1,2021
31553,Will,Hopoate,Canterbury-Bankstown Bulldogs,Centre,2021-03-27T00:00:00Z,113550305,11355,3,away,0,0,0,0,0,0,0,0,5,0,0,17,11,3,8,90,24,66,35,0,0,1,12,28,1,3,0,0,0,0,2021
31553,Will,Hopoate,Canterbury-Bankstown Bulldogs,Centre,2021-04-02T00:00:00Z,113550402,11355,4,home,0,0,0,0,0,0,0,0,4,0,0,21,14,6,5,100,46,27,36,0,0,1,16,8,1,1,0,1,1,0,2021
31555,Daly,Cherry-Evans,Manly-Warringah Sea Eagles,Halfback,2023-03-04T00:00:00Z,120670104,12067,1,home,13,3,0,0,0,0,1,1,46,448,15,67,7,0,6,109,0,107,0,1,0,1,1,19,0,1,0,0,0,0,2023
31555,Daly,Cherry-Evans,Manly-Warringah Sea Eagles,Halfback,2023-03-16T00:00:00Z,120670301,12067,3,home,0,0,0,0,0,0,1,0,35,541,10,48,5,0,5,36,0,36,8,0,0,2,2,18,0,3,0,0,0,1,2023
31555,Daly,Cherry-Evans,Manly-Warringah Sea Eagles,Halfback,2023-03-25T00:00:00Z,120670405,12067,4,away,4,1,0,0,0,0,1,0,48,591,16,73,8,0,7,107,0,95,10,2,0,1,5,15,1,2,0,0,0,0,2023
31555,Daly,Cherry-Evans,Manly-Warringah Sea Eagles,Halfback,2023-04-01T00:00:00Z,120670504,12067,5,home,0,0,0,0,0,0,0,0,41,488,13,65,10,0,8,85,0,55,30,0,1,4,9,25,1,6,0,0,0,0,2023
31555,Daly,Cherry-Evans,Manly-Warringah Sea Eagles,Halfback,2023-04-08T00:00:00Z,120670604,12067,6,away,4,0,2,2,0,0,2,0,33,501,9,52,9,1,6,43,0,33,12,1,0,1,8,17,0,1,0,0,1,0,2023
31555,Daly,Cherry-Evans,Manly-Warringah Sea Eagles,Halfback,2023-04-14T00:00:00Z,120670703,12067,7,home,10,0,2,2,4,3,1,0,47,648,19,77,12,0,9,131,0,53,40,1,1,4,6,17,0,0,0,0,0,0,2023
31555,Daly,Cherry-Evans,Manly-Warringah Sea Eagles,Halfback,2023-04-23T00:00:00Z,120670806,12067,8,away,4,1,0,0,0,0,2,2,39,694,16,58,6,0,4,42,0,27,0,0,0,0,0,24,1,2,0,0,2,1,2023
31555,Daly,Cherry-Evans,Manly-Warringah Sea Eagles,Halfback,2023-04-29T00:00:00Z,120670905,12067,9,home,0,0,0,0,0,0,1,1,41,718,16,63,8,0,5,57,0,28,9,0,0,1,6,20,1,2,0,0,0,1,2023
31555,Daly,Cherry-Evans,Manly-Warringah Sea Eagles,Halfback,2024-03-03T00:00:00Z,124450101,12445,1,home,0,0,0,0,0,0,2,1,53,509,14,71,9,0,5,67,0,39,7,1,0,1,2,16,0,1,0,0,2,0,2024
31555,Daly,Cherry-Evans,Manly-Warringah Sea Eagles,Halfback,2024-03-17T00:00:00Z,124450207,12445,2,home,1,0,0,0,0,0,0,0,44,410,11,68,10,0,10,74,0,74,12,1,0,4,9,11,0,1,0,1,2,0,2024
31555,Daly,Cherry-Evans,Manly-Warringah Sea Eagles,Halfback,2024-03-24T00:00:00Z,124450307,12445,3,away,0,0,0,0,0,0,0,0,46,387,8,57,6,0,3,38,0,11,13,1,0,4,2,11,0,1,0,0,1,0,2024
31555,Daly,Cherry-Evans,Manly-Warringah Sea Eagles,Halfback,2024-03-30T00:00:00Z,124450404,12445,4,away,0,0,0,0,0,0,1,2,53,267,9,69,9,0,9,66,0,66,11,1,0,3,4,29,0,6,0,0,2,0,2024
31555,Daly,Cherry-Evans,Manly-Warringah Sea Eagles,Halfback,2024-04-06T00:00:00Z,124450505,12445,5,home,16,1,5,5,1,1,1,1,41,757,20,69,10,0,9,79,0,65,14,0,0,1,4,18,0,4,0,0,1,0,2024
31555,Daly,Cherry-Evans,Manly-Warringah Sea Eagles,Halfback,2024-04-13T00:00:00Z,124450604,12445,6,away,14,2,4,3,0,0,1,1,25,765,23,59,8,0,7,52,0,52,18,0,0,1,7,24,1,2,0,0,0,0,2024
31555,Daly,Cherry-Evans,Manly-Warringah Sea Eagles,Halfback,2024-04-20T00:00:00Z,124450705,12445,7,away,0,0,0,0,0,0,0,0,36,674,15,57,4,0,3,29,0,20,8,0,0,1,4,21,1,4,0,0,2,1,2024
31555,Daly,Cherry-Evans,Manly-Warringah Sea Eagles,Halfback,2024-04-26T00:00:00Z,124450804,12445,8,home,4,1,0,0,0,0,1,3,56,428,8,70,9,0,6,89,0,63,13,0,0,3,4,11,0,1,0,0,1,1,2024
31555,Daly,Cherry-Evans,Manly-Warringah Sea Eagles,Halfback,2024-05-03T00:00:00Z,124450902,12445,9,home,4,1,0,0,0,0,1,1,39,509,9,57,8,0,8,62,0,62,14,1,0,3,6,19,1,0,0,0,0,0,2024
31555,Daly,Cherry-Evans,Manly-Warringah Sea Eagles,Halfback,2025-03-08T00:00:00Z,127550107,12755,1,home,4,1,0,0,0,0,1,2,51,404,9,66,11,0,10,97,0,87,16,1,2,4,3,17,1,1,0,0,2,0,2025
31555,Daly,Cherry-Evans,Manly-Warringah Sea Eagles,Halfback,2025-03-14T00:00:00Z,127550202,12755,2,away,4,1,0,0,0,0,0,0,40,366,8,52,6,0,4,37,0,23,4,0,0,2,3,14,0,1,0,0,0,0,2025
31555,Daly,Cherry-Evans,Manly-Warringah Sea Eagles,Halfback,2025-03-23T00:00:00Z,127550308,12755,3,home,0,0,0,0,0,0,3,2,63,611,17,85,6,0,6,42,0,42,7,3,0,0,2,10,1,2,0,0,0,1,2025
31555,Daly,Cherry-Evans,Manly-Warringah Sea Eagles,Halfback,2025-03-30T00:00:00Z,127550407,12755,4,home,0,0,0,0,0,0,0,0,67,652,19,93,12,0,11,94,0,82,21,0,0,3,6,18,1,3,0,0,1,0,2025
31555,Daly,Cherry-Evans,Manly-Warringah Sea Eagles,Halfback,2025-04-06T00:00:00Z,127550507,12755,5,home,0,0,0,0,0,0,0,1,38,310,7,51,8,0,7,72,0,62,17,3,1,3,3,13,0,0,0,0,0,1,2025
31555,Daly,Cherry-Evans,Manly-Warringah Sea Eagles,Halfback,2025-04-12T00:00:00Z,127550604,12755,6,away,4,1,0,0,0,0,0,0,61,163,8,73,8,0,5,73,0,42,23,0,1,3,3,25,0,2,0,0,0,1,2025
31555,Daly,Cherry-Evans,Manly-Warringah Sea Eagles,Halfback,2025-04-17T00:00:00Z,127550701,12755,7,home,0,0,0,0,0,0,1,0,52,361,12,72,13,1,10,90,9,58,8,0,0,0,6,13,0,1,0,0,1,0,2025
31555,Daly,Cherry-Evans,Manly-Warringah Sea Eagles,Halfback,2025-04-26T00:00:00Z,127550806,12755,8,away,0,0,0,0,0,0,2,2,54,713,19,79,7,0,6,37,0,32,10,1,0,1,5,22,0,1,1,0,0,0,2025
31555,Daly,Cherry-Evans,Sydney Roosters,Five-Eighth,2026-03-06T00:00:00Z,129990104,12999,1,away,0,0,0,0,0,0,0,1,37,168,4,48,7,0,7,43,0,43,10,1,0,1,4,17,5,1,0,0,2,0,2026
31555,Daly,Cherry-Evans,Sydney Roosters,Five-Eighth,2026-03-13T00:00:00Z,129990203,12999,2,home,4,1,0,0,0,0,1,0,32,389,12,50,4,0,3,32,0,28,9,0,1,2,4,23,1,6,0,0,1,0,2026
31555,Daly,Cherry-Evans,Sydney Roosters,Five-Eighth,2026-03-20T00:00:00Z,129990302,12999,3,home,0,0,0,0,0,0,0,0,43,162,5,54,7,0,7,41,0,41,8,2,0,0,3,28,0,1,0,0,1,0,2026
31555,Daly,Cherry-Evans,Sydney Roosters,Five-Eighth,2026-03-26T00:00:00Z,129990401,12999,4,away,0,0,0,0,0,0,1,2,57,618,20,83,10,0,9,81,0,67,24,1,0,2,5,26,1,1,0,0,1,0,2026
31555,Daly,Cherry-Evans,Sydney Roosters,Five-Eighth,2026-04-11T00:00:00Z,129990605,12999,6,away,8,2,0,0,0,0,0,0,46,392,10,61,4,0,4,41,0,41,3,0,1,1,2,21,0,1,0,0,1,0,2026
31555,Daly,Cherry-Evans,Sydney Roosters,Five-Eighth,2026-04-19T00:00:00Z,129990707,12999,7,home,0,0,0,0,0,0,1,2,42,283,10,54,7,0,7,37,0,37,1,1,0,1,1,21,0,0,0,0,0,0,2026
31555,Daly,Cherry-Evans,Sydney Roosters,Five-Eighth,2026-04-25T00:00:00Z,129990804,12999,8,away,0,0,0,0,0,0,2,1,29,358,8,42,6,0,5,36,0,29,17,0,0,1,5,13,0,2,0,0,0,0,2026
31555,Daly,Cherry-Evans,Sydney Roosters,Five-Eighth,2026-05-02T00:00:00Z,129990905,12999,9,home,4,1,0,0,0,0,0,0,26,330,11,42,5,0,4,46,0,40,10,1,1,1,3,23,0,1,0,0,0,0,2026
31555,Daly,Cherry-Evans,Sydney Roosters,Five-Eighth,2026-05-08T00:00:00Z,129991002,12999,10,home,0,0,0,0,0,0,1,1,35,317,10,54,8,0,6,47,0,36,17,0,0,0,9,31,2,2,0,0,1,0,2026
31556,Jesse,Bromwich,Melbourne Storm,Prop,2021-03-11T00:00:00Z,113550101,11355,1,home,0,0,0,0,0,0,0,0,6,0,0,22,15,15,0,108,108,0,33,0,0,1,15,23,0,2,0,0,1,0,2021
31556,Jesse,Bromwich,Melbourne Storm,Prop,2021-03-18T00:00:00Z,113550201,11355,2,away,0,0,0,0,0,0,0,0,4,0,0,15,10,8,0,74,53,0,14,1,0,0,8,29,0,1,0,1,2,0,2021
31556,Jesse,Bromwich,Melbourne Storm,Prop,2021-03-25T00:00:00Z,113550301,11355,3,away,0,0,0,0,0,0,0,0,5,0,0,17,12,11,0,101,96,0,41,0,0,0,12,30,0,0,0,0,1,0,2021
31556,Jesse,Bromwich,Melbourne Storm,Prop,2021-04-02T00:00:00Z,113550403,11355,4,home,0,0,0,0,0,0,0,0,9,0,0,20,11,6,4,94,52,30,40,2,0,0,9,25,2,2,0,0,0,0,2021
31556,Jesse,Bromwich,Melbourne Storm,Prop,2021-04-10T00:00:00Z,113550505,11355,5,away,0,0,0,0,0,0,0,0,2,0,0,16,13,10,3,129,98,31,63,1,0,1,12,20,0,2,0,0,1,1,2021
31556,Jesse,Bromwich,Melbourne Storm,Prop,2021-04-16T00:00:00Z,113550603,11355,6,home,0,0,0,0,0,0,0,0,5,0,0,18,13,10,1,96,74,2,40,1,0,3,12,29,0,0,0,0,0,0,2021
31556,Jesse,Bromwich,Melbourne Storm,Prop,2021-04-25T00:00:00Z,113550708,11355,7,home,0,0,0,0,0,0,0,0,9,0,0,18,9,5,0,70,29,0,21,1,0,0,8,22,0,1,0,0,0,0,2021
31556,Jesse,Bromwich,Melbourne Storm,Prop,2021-04-30T00:00:00Z,113550802,11355,8,home,0,0,0,0,0,0,0,0,2,0,0,15,13,4,2,136,33,18,35,1,0,3,12,14,1,1,0,0,0,0,2021
31556,Jesse,Bromwich,Melbourne Storm,Prop,2021-05-06T00:00:00Z,113550901,11355,9,away,0,0,0,0,0,0,0,0,3,0,0,15,12,11,1,108,105,4,40,1,0,0,11,18,0,2,0,0,0,0,2021
31556,Jesse,Bromwich,Melbourne Storm,Prop,2022-03-17T00:00:00Z,116880201,11688,2,home,0,0,0,0,0,0,0,0,6,0,0,18,12,9,0,93,68,0,32,3,0,0,8,43,0,2,0,0,1,0,2022
31556,Jesse,Bromwich,Melbourne Storm,Prop,2022-03-26T00:00:00Z,116880305,11688,3,home,0,0,0,0,0,0,0,0,3,0,0,16,12,9,2,109,62,33,34,1,1,1,11,17,2,0,0,0,1,0,2022
31556,Jesse,Bromwich,Melbourne Storm,Prop,2022-04-03T00:00:00Z,116880407,11688,4,home,0,0,0,0,0,0,0,0,2,0,0,7,6,4,1,44,26,8,17,0,0,0,5,16,0,0,0,0,0,1,2022
31556,Jesse,Bromwich,Melbourne Storm,Prop,2022-04-09T00:00:00Z,116880504,11688,5,away,0,0,0,0,0,0,0,0,10,0,0,20,9,9,0,80,80,0,38,1,0,0,8,27,1,1,0,0,1,2,2022
31556,Jesse,Bromwich,Melbourne Storm,Prop,2022-04-25T00:00:00Z,116880708,11688,7,home,4,1,0,0,0,0,0,0,5,0,0,15,10,6,1,94,50,7,38,2,1,5,7,10,2,2,0,0,0,0,2022
31556,Jesse,Bromwich,Melbourne Storm,Prop,2022-05-01T00:00:00Z,116880807,11688,8,away,0,0,0,0,0,0,0,0,11,0,0,22,11,9,1,85,73,5,34,3,0,1,8,23,0,5,0,0,0,0,2022
31556,Jesse,Bromwich,Melbourne Storm,Prop,2022-05-08T00:00:00Z,116880907,11688,9,home,0,0,0,0,0,0,0,2,8,0,0,22,15,8,2,145,79,15,53,3,0,0,11,15,0,1,0,0,0,0,2022
31556,Jesse,Bromwich,Melbourne Storm,Prop,2022-09-10T00:00:00Z,116890102,11689,1,home,0,0,0,0,0,0,0,0,3,0,0,15,12,9,2,103,79,11,35,0,0,2,11,20,1,2,0,1,1,0,2022
31556,Jesse,Bromwich,Dolphins,Prop,2023-03-05T00:00:00Z,120670107,12067,1,home,0,0,0,0,0,0,0,0,0,0,0,10,10,10,0,77,77,0,30,2,0,4,8,26,1,5,0,0,0,0,2023
31556,Jesse,Bromwich,Dolphins,Prop,2023-03-11T00:00:00Z,120670205,12067,2,home,0,0,0,0,0,0,0,0,0,0,0,13,11,9,1,114,88,11,44,0,0,0,11,36,2,5,0,1,2,0,2023
31556,Jesse,Bromwich,Dolphins,Prop,2023-03-17T00:00:00Z,120670302,12067,3,away,0,0,0,0,0,0,1,1,4,0,0,17,13,10,1,111,80,3,42,1,0,0,12,30,1,3,0,0,0,1,2023
31556,Jesse,Bromwich,Dolphins,Prop,2023-03-24T00:00:00Z,120670403,12067,4,home,0,0,0,0,0,0,0,0,2,0,0,16,14,12,0,135,112,0,48,1,0,1,13,23,1,1,0,0,0,0,2023
31556,Jesse,Bromwich,Dolphins,Prop,2023-04-01T00:00:00Z,120670505,12067,5,away,0,0,0,0,0,0,0,0,3,0,0,13,10,9,1,81,75,5,29,0,0,0,10,29,3,0,0,0,0,1,2023
31556,Jesse,Bromwich,Dolphins,Prop,2023-04-13T00:00:00Z,120670701,12067,7,home,0,0,0,0,0,0,0,0,1,0,0,13,11,10,0,101,93,0,39,1,0,1,10,43,2,1,0,0,1,0,2023
31556,Jesse,Bromwich,Dolphins,Prop,2023-04-23T00:00:00Z,120670805,12067,8,home,0,0,0,0,0,0,0,0,1,0,0,9,8,6,2,90,82,8,44,0,0,1,8,24,0,1,0,0,0,0,2023
31556,Jesse,Bromwich,Dolphins,Prop,2023-04-29T00:00:00Z,120670904,12067,9,away,4,1,0,0,0,0,0,0,3,0,0,13,10,6,1,108,70,5,50,0,1,3,9,35,3,4,0,0,0,1,2023
31556,Jesse,Bromwich,Dolphins,Prop,2024-03-10T00:00:00Z,124450108,12445,1,home,0,0,0,0,0,0,1,1,1,0,0,9,8,5,2,68,44,9,17,1,0,0,7,24,0,1,0,0,0,1,2024
31556,Jesse,Bromwich,Dolphins,Prop,2024-03-17T00:00:00Z,124450208,12445,2,home,0,0,0,0,0,0,0,0,3,0,0,11,8,3,1,97,32,12,32,0,0,0,8,21,0,0,0,0,0,0,2024
31556,Jesse,Bromwich,Dolphins,Prop,2024-03-30T00:00:00Z,124450405,12445,4,away,0,0,0,0,0,0,1,2,8,0,0,15,8,7,1,83,76,7,37,2,0,0,5,26,0,1,0,0,0,0,2024
31556,Jesse,Bromwich,Dolphins,Prop,2024-04-06T00:00:00Z,124450506,12445,5,home,0,0,0,0,0,0,0,0,2,0,0,14,12,10,1,89,71,8,27,1,0,0,11,28,1,0,0,0,0,2,2024
31556,Jesse,Bromwich,Dolphins,Prop,2024-04-12T00:00:00Z,124450603,12445,6,away,0,0,0,0,0,0,0,0,1,0,0,13,10,9,0,104,87,0,29,0,0,1,10,24,0,4,0,0,2,0,2024
31556,Jesse,Bromwich,Dolphins,Prop,2024-04-19T00:00:00Z,124450703,12445,7,away,0,0,0,0,0,0,0,0,1,0,0,11,10,8,0,102,82,0,35,1,0,2,9,24,1,2,0,0,0,0,2024
31556,Jesse,Bromwich,Dolphins,Prop,2024-04-28T00:00:00Z,124450807,12445,8,home,0,0,0,0,0,0,0,0,1,0,0,2,1,1,0,9,9,0,3,0,0,0,1,22,0,2,0,0,0,0,2024
31556,Jesse,Bromwich,Dolphins,Prop,2024-05-04T00:00:00Z,124450906,12445,9,away,0,0,0,0,0,0,0,0,0,0,0,11,10,10,0,85,85,0,34,0,0,2,10,18,2,1,0,0,1,0,2024
31561,Justin,O'Neill,North Queensland Cowboys,Centre,2021-04-18T00:00:00Z,113550608,11355,6,home,0,0,0,0,0,0,0,0,4,4,1,14,9,5,4,80,40,40,30,0,0,1,8,10,1,0,0,0,1,0,2021
31561,Justin,O'Neill,North Queensland Cowboys,Centre,2021-04-24T00:00:00Z,113550705,11355,7,home,4,1,0,0,0,0,0,0,2,11,1,13,10,5,3,74,42,18,28,0,0,2,9,7,1,2,0,0,0,1,2021
31561,Justin,O'Neill,North Queensland Cowboys,Centre,2021-05-02T00:00:00Z,113550807,11355,8,away,0,0,0,0,0,0,0,0,2,3,1,13,8,1,7,68,8,60,25,0,0,3,9,18,2,4,0,0,1,0,2021
31574,Andrew,Fifita,Cronulla-Sutherland Sharks,Interchange,2022-04-10T00:00:00Z,116880507,11688,5,home,0,0,0,0,0,0,0,0,1,0,0,10,8,7,0,78,62,0,27,1,0,2,7,17,0,0,0,0,1,0,2022
31586,Cheyse,Blair,Melbourne Storm,Centre,2016-09-10T00:00:00Z,98680103,9868,1,home,0,0,0,0,0,0,0,0,2,0,0,11,8,0,8,67,0,67,0,1,0,1,8,18,0,0,0,0,1,0,2016
31586,Cheyse,Blair,Melbourne Storm,Centre,2016-09-24T00:00:00Z,98680302,9868,3,home,4,1,0,0,0,0,0,0,3,0,0,13,10,4,5,108,32,67,0,0,1,4,9,19,2,2,0,0,0,0,2016
31587,Boyd,Cordner,Sydney Roosters,Second Row,2020-10-02T00:00:00Z,110960101,11096,1,away,0,0,0,0,0,0,0,0,5,0,0,22,17,14,2,132,115,14,0,1,0,6,16,30,2,2,0,0,0,0,2020
31590,Joey,Leilua,Canberra Raiders,Centre,2016-09-24T00:00:00Z,98680302,9868,3,away,0,0,0,0,0,0,0,0,5,0,0,18,13,3,9,129,24,96,0,2,0,4,11,5,0,0,0,0,0,1,2016
31590,Joey,Leilua,Wests Tigers,Centre,2020-06-20T00:00:00Z,110950605,11095,6,home,4,1,0,0,0,0,0,0,3,0,0,14,11,4,4,110,38,60,0,1,1,2,9,11,0,3,0,0,0,1,2020
31602,Albert,Kelly,Brisbane Broncos,Halfback,2022-03-11T00:00:00Z,116880103,11688,1,home,4,1,0,0,0,0,0,0,29,654,18,55,6,0,6,121,0,121,13,2,0,1,5,14,1,2,0,0,0,0,2022
31602,Albert,Kelly,Brisbane Broncos,Five-Eighth,2022-03-20T00:00:00Z,116880208,11688,2,away,0,0,0,0,0,0,1,0,23,7,1,29,6,0,4,39,0,26,17,0,0,0,5,21,0,4,0,0,0,0,2022
31602,Albert,Kelly,Brisbane Broncos,Five-Eighth,2022-04-02T00:00:00Z,116880404,11688,4,away,0,0,0,0,0,0,0,0,3,0,0,4,1,0,1,10,0,10,3,0,0,3,1,8,0,1,0,0,0,0,2022
31606,Siosaia,Vave,Parramatta Eels,Interchange,2017-09-09T00:00:00Z,100960102,10096,1,away,0,0,0,0,0,0,0,0,0,0,0,6,6,5,0,44,34,0,0,0,0,0,6,17,0,0,0,0,0,0,2017
31613,Martin,Taupau,Brisbane Broncos,Interchange,2023-03-03T00:00:00Z,120670103,12067,1,away,0,0,0,0,0,0,0,0,1,0,0,5,4,4,0,48,48,0,13,1,0,2,3,11,0,2,0,0,0,0,2023
31613,Martin,Taupau,Brisbane Broncos,Interchange,2023-03-10T00:00:00Z,120670203,12067,2,home,0,0,0,0,0,0,0,0,2,0,0,10,9,9,0,88,88,0,37,1,0,3,7,17,0,0,0,0,0,0,2023
31613,Martin,Taupau,Brisbane Broncos,Interchange,2023-03-18T00:00:00Z,120670306,12067,3,home,0,0,0,0,0,0,0,0,2,0,0,10,8,5,0,82,31,0,28,0,0,2,8,12,1,1,0,0,0,0,2023
31613,Martin,Taupau,Brisbane Broncos,Interchange,2023-03-24T00:00:00Z,120670403,12067,4,away,0,0,0,0,0,0,0,0,0,0,0,7,7,6,0,70,54,0,29,2,0,2,5,15,2,4,0,0,0,0,2023
31613,Martin,Taupau,Brisbane Broncos,Interchange,2023-04-01T00:00:00Z,120670506,12067,5,home,0,0,0,0,0,0,0,0,3,0,0,12,10,9,1,75,71,5,27,2,0,1,7,16,0,1,0,0,0,0,2023
31613,Martin,Taupau,Brisbane Broncos,Interchange,2023-04-08T00:00:00Z,120670605,12067,6,home,0,0,0,0,0,0,0,0,0,0,0,7,7,6,0,61,41,0,29,0,0,1,7,24,1,2,0,0,0,2,2023
31613,Martin,Taupau,Brisbane Broncos,Interchange,2023-04-15T00:00:00Z,120670706,12067,7,away,0,0,0,0,0,0,1,0,3,0,0,8,6,4,0,58,32,0,12,0,0,1,5,18,0,1,0,0,0,0,2023
31613,Martin,Taupau,Brisbane Broncos,Interchange,2023-04-21T00:00:00Z,120670802,12067,8,away,0,0,0,0,0,0,0,0,1,0,0,9,8,7,0,64,51,0,22,1,0,1,7,21,1,0,0,0,0,0,2023
31613,Martin,Taupau,Brisbane Broncos,Interchange,2023-04-28T00:00:00Z,120670903,12067,9,home,0,0,0,0,0,0,0,0,0,0,0,5,5,5,0,36,36,0,14,0,0,2,5,17,0,2,0,0,0,1,2023
31613,Martin,Taupau,Brisbane Broncos,Prop,2024-03-03T00:00:00Z,124450102,12445,1,away,0,0,0,0,0,0,0,0,1,0,0,6,5,3,1,46,26,10,14,0,0,1,5,16,0,0,0,0,0,0,2024
31613,Martin,Taupau,Brisbane Broncos,Interchange,2024-03-14T00:00:00Z,124450201,12445,2,home,0,0,0,0,0,0,0,0,0,0,0,10,9,9,0,96,96,0,36,1,0,2,8,17,0,0,0,0,1,0,2024
31613,Martin,Taupau,Brisbane Broncos,Interchange,2024-03-21T00:00:00Z,124450301,12445,3,away,0,0,0,0,0,0,0,0,0,0,0,4,4,2,0,42,14,0,11,0,0,0,4,22,1,1,0,0,0,0,2024
31613,Martin,Taupau,Brisbane Broncos,Interchange,2024-04-04T00:00:00Z,124450501,12445,5,away,0,0,0,0,0,0,0,0,0,0,0,0,0,0,0,0,0,0,0,0,0,0,0,0,0,0,0,0,0,0,2024
31613,Martin,Taupau,Brisbane Broncos,Interchange,2024-04-20T00:00:00Z,124450706,12445,7,home,0,0,0,0,0,0,0,0,0,0,0,0,0,0,0,0,0,0,0,0,0,0,0,0,0,0,0,0,0,0,2024
31621,Ryan,James,Brisbane Broncos,Interchange,2022-04-08T00:00:00Z,116880503,11688,5,home,0,0,0,0,0,0,0,0,2,0,0,11,9,7,1,69,56,6,29,0,0,1,9,27,1,7,0,0,0,0,2022
31621,Ryan,James,Brisbane Broncos,Interchange,2022-04-15T00:00:00Z,116880603,11688,6,away,0,0,0,0,0,0,0,0,2,0,0,8,6,5,1,44,40,4,21,0,0,0,6,27,0,3,0,0,0,0,2022
31634,Cameron,King,Parramatta Eels,Hooker,2017-09-16T00:00:00Z,100960202,10096,2,home,0,0,0,0,0,0,0,0,93,0,0,97,3,0,0,27,0,0,0,0,0,0,4,55,2,3,0,0,0,0,2017
31635,Ben,Murdoch-Masila,Warriors,Interchange,2022-03-12T00:00:00Z,116880105,11688,1,home,0,0,0,0,0,0,0,0,1,0,0,6,4,4,0,40,40,0,21,0,0,0,5,10,0,1,0,0,0,0,2022
31635,Ben,Murdoch-Masila,Warriors,Interchange,2022-04-02T00:00:00Z,116880404,11688,4,home,0,0,0,0,0,0,0,0,0,0,0,5,5,3,2,48,27,21,24,0,0,0,5,13,0,0,0,0,0,0,2022
31635,Ben,Murdoch-Masila,Warriors,Interchange,2022-04-30T00:00:00Z,116880804,11688,8,home,0,0,0,0,0,0,0,0,0,0,0,7,5,5,0,39,39,0,19,0,0,2,5,14,0,0,0,0,1,1,2022
31635,Ben,Murdoch-Masila,Warriors,Interchange,2022-05-08T00:00:00Z,116880908,11688,9,away,0,0,0,0,0,0,0,0,1,0,0,4,3,2,1,27,18,9,12,0,0,0,3,16,0,1,0,0,0,0,2022
31667,Dane,Gagai,Newcastle Knights,Centre,2017-04-29T00:00:00Z,100950904,10095,9,away,0,0,0,0,0,0,0,0,3,0,0,9,8,4,4,57,29,28,0,0,0,3,6,14,1,0,0,0,1,1,2017
31667,Dane,Gagai,South Sydney Rabbitohs,Wing,2020-03-14T00:00:00Z,110950105,11095,1,home,0,0,0,0,0,0,0,0,3,0,0,11,8,0,5,47,0,31,0,0,0,4,8,6,1,1,0,0,1,0,2020
31667,Dane,Gagai,South Sydney Rabbitohs,Wing,2020-03-20T00:00:00Z,110950203,11095,2,away,0,0,0,0,0,0,0,0,0,0,0,11,10,5,4,82,43,31,0,0,0,1,11,12,1,2,0,0,1,0,2020
31667,Dane,Gagai,South Sydney Rabbitohs,Wing,2020-05-29T00:00:00Z,110950303,11095,3,away,0,0,0,0,0,0,0,0,3,0,0,18,16,8,6,119,63,35,0,0,0,0,14,9,1,1,0,0,1,0,2020
31667,Dane,Gagai,South Sydney Rabbitohs,Wing,2020-06-05T00:00:00Z,110950403,11095,4,away,0,0,0,0,0,0,0,0,4,0,0,19,13,7,5,101,51,47,0,0,0,2,13,12,1,0,0,0,4,0,2020
31667,Dane,Gagai,South Sydney Rabbitohs,Wing,2020-06-13T00:00:00Z,110950504,11095,5,home,8,2,0,0,0,0,0,0,2,0,0,17,15,5,8,153,44,89,0,1,2,6,12,9,0,0,0,0,0,0,2020
31667,Dane,Gagai,South Sydney Rabbitohs,Wing,2020-06-19T00:00:00Z,110950602,11095,6,home,0,0,0,0,0,0,0,0,5,0,0,15,9,5,3,155,42,97,0,0,0,0,9,11,0,1,0,0,1,0,2020
31667,Dane,Gagai,South Sydney Rabbitohs,Wing,2020-06-25T00:00:00Z,110950701,11095,7,away,0,0,0,0,0,0,0,0,1,13,1,12,8,3,4,61,26,29,0,0,0,0,10,8,1,1,0,0,0,0,2020
31667,Dane,Gagai,South Sydney Rabbitohs,Wing,2020-07-05T00:00:00Z,110950808,11095,8,away,4,1,0,0,0,0,0,0,3,3,1,25,18,11,5,275,93,168,0,0,0,3,18,11,0,2,0,1,3,0,2020
31667,Dane,Gagai,South Sydney Rabbitohs,Wing,2020-07-10T00:00:00Z,110950903,11095,9,home,12,3,0,0,0,0,0,0,1,0,0,20,18,9,6,184,52,94,0,0,4,4,15,13,0,2,0,0,2,0,2020
31667,Dane,Gagai,Newcastle Knights,Centre,2022-03-12T00:00:00Z,116880104,11688,1,away,4,1,0,0,0,0,1,2,12,0,0,28,19,6,11,197,49,119,81,0,1,7,15,24,1,1,0,0,0,0,2022
31667,Dane,Gagai,Newcastle Knights,Centre,2022-03-20T00:00:00Z,116880207,11688,2,home,4,1,0,0,0,0,1,1,7,61,2,26,19,5,10,168,41,96,61,1,1,8,14,15,3,2,0,1,1,2,2022
31667,Dane,Gagai,Newcastle Knights,Centre,2022-03-26T00:00:00Z,116880304,11688,3,away,0,0,0,0,0,0,1,1,5,0,0,21,14,3,8,69,16,44,21,1,0,2,14,19,2,4,0,0,2,0,2022
31667,Dane,Gagai,Newcastle Knights,Centre,2022-04-01T00:00:00Z,116880402,11688,4,away,0,0,0,0,0,0,0,0,6,18,1,27,20,1,17,137,6,118,65,1,0,3,19,31,3,5,0,0,0,0,2022
31667,Dane,Gagai,Newcastle Knights,Centre,2022-04-07T00:00:00Z,116880501,11688,5,home,0,0,0,0,0,0,0,0,3,0,0,16,13,2,6,84,12,33,16,1,0,3,12,11,0,3,0,0,0,0,2022
31667,Dane,Gagai,Newcastle Knights,Centre,2022-04-17T00:00:00Z,116880607,11688,6,away,4,1,0,0,0,0,0,0,8,0,0,28,19,3,15,159,24,127,73,2,1,10,16,16,0,6,0,0,1,0,2022
31667,Dane,Gagai,Newcastle Knights,Centre,2022-04-24T00:00:00Z,116880705,11688,7,home,0,0,0,0,0,0,0,0,4,0,0,16,11,8,3,79,65,14,22,2,0,2,9,18,2,5,0,0,1,0,2022
31667,Dane,Gagai,Newcastle Knights,Centre,2023-03-12T00:00:00Z,120670207,12067,2,away,0,0,0,0,0,0,2,2,4,27,1,22,17,5,8,164,52,67,62,0,0,7,17,13,0,0,0,0,2,1,2023
31667,Dane,Gagai,Newcastle Knights,Centre,2023-03-17T00:00:00Z,120670302,12067,3,home,0,0,0,0,0,0,0,1,5,0,0,21,15,4,9,138,24,90,46,0,0,1,16,11,2,4,0,0,0,0,2023
31667,Dane,Gagai,Newcastle Knights,Centre,2023-03-26T00:00:00Z,120670407,12067,4,home,4,1,0,0,0,0,1,1,5,0,0,25,18,10,5,147,78,47,46,4,1,6,12,22,0,0,0,1,2,1,2023
31667,Dane,Gagai,Newcastle Knights,Centre,2023-04-01T00:00:00Z,120670504,12067,5,away,0,0,0,0,0,0,1,2,7,0,0,26,18,5,12,195,50,138,92,3,1,12,15,23,1,3,1,0,1,3,2023
31667,Dane,Gagai,Newcastle Knights,Centre,2023-04-09T00:00:00Z,120670607,12067,6,home,0,0,0,0,0,0,1,1,4,0,0,24,21,7,13,160,51,110,54,2,0,4,18,12,1,4,0,0,0,0,2023
31667,Dane,Gagai,Newcastle Knights,Centre,2023-04-15T00:00:00Z,120670705,12067,7,home,0,0,0,0,0,0,1,1,4,0,0,17,12,3,9,92,20,72,28,1,0,1,11,25,0,5,0,0,0,2,2023
31667,Dane,Gagai,Newcastle Knights,Centre,2023-04-22T00:00:00Z,120670804,12067,8,away,0,0,0,0,0,0,0,0,6,0,0,29,24,7,16,221,66,145,89,2,1,12,21,11,0,1,0,0,1,0,2023
31667,Dane,Gagai,Newcastle Knights,Centre,2023-04-28T00:00:00Z,120670902,12067,9,away,0,0,0,0,0,0,1,2,5,0,0,20,14,5,9,158,39,119,76,3,0,6,11,26,3,5,0,0,1,0,2023
31667,Dane,Gagai,Newcastle Knights,Centre,2023-09-10T00:00:00Z,120680104,12068,1,home,4,1,0,0,0,0,0,0,3,0,0,26,19,12,7,196,105,91,56,0,0,6,19,22,1,3,0,0,3,0,2023
31667,Dane,Gagai,Newcastle Knights,Centre,2024-03-07T00:00:00Z,124450103,12445,1,home,0,0,0,0,0,0,0,0,3,39,1,26,21,12,7,196,102,86,72,0,0,8,21,17,2,0,0,0,1,0,2024
31667,Dane,Gagai,Newcastle Knights,Centre,2024-03-16T00:00:00Z,124450205,12445,2,away,0,0,0,0,0,0,0,0,6,0,0,18,12,0,11,120,0,119,83,1,1,8,11,17,0,1,0,0,0,1,2024
31667,Dane,Gagai,Newcastle Knights,Centre,2024-03-24T00:00:00Z,124450308,12445,3,home,4,1,0,0,0,0,0,0,7,13,1,24,15,8,7,147,67,80,63,0,1,6,15,25,1,3,0,0,0,0,2024
31667,Dane,Gagai,Newcastle Knights,Centre,2024-04-05T00:00:00Z,124450503,12445,5,home,0,0,0,0,0,0,0,0,5,0,0,16,11,8,2,107,81,19,43,0,0,2,11,27,0,6,0,0,0,0,2024
31667,Dane,Gagai,Newcastle Knights,Centre,2024-04-11T00:00:00Z,124450601,12445,6,home,4,0,2,2,0,0,0,0,2,0,0,19,17,9,8,172,78,94,70,0,0,3,17,21,1,10,0,0,0,0,2024
31667,Dane,Gagai,Newcastle Knights,Centre,2024-04-28T00:00:00Z,124450807,12445,8,away,10,1,3,2,1,1,0,0,1,0,0,14,11,6,5,106,52,54,39,0,1,5,11,25,0,1,0,0,0,0,2024
31667,Dane,Gagai,Newcastle Knights,Centre,2024-05-05T00:00:00Z,124450907,12445,9,home,6,0,2,2,1,1,0,0,3,5,1,28,20,9,5,141,70,33,54,0,1,7,20,21,1,3,0,0,2,1,2024
31667,Dane,Gagai,Newcastle Knights,Centre,2025-03-07T00:00:00Z,127550104,12755,1,away,0,0,0,0,0,0,0,0,6,0,0,22,14,3,8,112,21,75,35,0,0,4,14,26,1,4,0,0,2,0,2025
31667,Dane,Gagai,Newcastle Knights,Centre,2025-03-13T00:00:00Z,127550201,12755,2,home,4,1,0,0,0,0,0,0,4,0,0,16,12,8,2,100,54,18,40,1,1,4,10,25,1,5,0,0,0,1,2025
31667,Dane,Gagai,Newcastle Knights,Centre,2025-03-22T00:00:00Z,127550306,12755,3,away,0,0,0,0,0,0,0,0,6,0,0,18,13,5,8,112,45,67,36,0,0,6,11,13,0,5,0,1,1,1,2025
31667,Dane,Gagai,Newcastle Knights,Centre,2025-04-06T00:00:00Z,127550508,12755,5,away,0,0,0,0,0,0,0,0,0,0,0,18,18,0,18,130,0,130,50,2,0,4,15,17,0,3,0,0,2,1,2025
31667,Dane,Gagai,Newcastle Knights,Centre,2025-04-13T00:00:00Z,127550608,12755,6,home,0,0,0,0,0,0,0,0,3,0,0,18,15,6,6,97,46,30,34,3,0,3,10,12,0,0,0,0,1,1,2025
31667,Dane,Gagai,Newcastle Knights,Centre,2025-04-20T00:00:00Z,127550707,12755,7,home,0,0,0,0,0,0,0,0,4,0,0,22,14,5,9,116,32,84,42,0,0,5,15,23,2,4,0,0,4,1,2025
31667,Dane,Gagai,Newcastle Knights,Centre,2025-04-25T00:00:00Z,127550803,12755,8,away,0,0,0,0,0,0,1,0,8,0,0,25,16,1,15,161,8,153,57,1,1,1,14,15,4,1,0,0,3,0,2025
31667,Dane,Gagai,Newcastle Knights,Centre,2025-05-03T00:00:00Z,127550903,12755,9,away,0,0,0,0,0,0,0,2,8,0,0,29,22,11,8,220,92,92,61,1,1,3,20,18,2,3,0,0,0,0,2025
31667,Dane,Gagai,Newcastle Knights,Centre,2026-03-01T00:00:00Z,129990101,12999,1,home,0,0,0,0,0,0,1,1,6,0,0,19,12,0,11,112,0,109,45,0,1,5,11,18,1,4,0,0,2,0,2026
31667,Dane,Gagai,Newcastle Knights,Centre,2026-03-15T00:00:00Z,129990207,12999,2,away,0,0,0,0,0,0,0,0,6,1,1,19,12,0,10,161,0,147,48,0,0,8,12,13,1,1,0,0,0,0,2026
31667,Dane,Gagai,Newcastle Knights,Centre,2026-03-21T00:00:00Z,129990304,12999,3,home,0,0,0,0,0,0,0,0,4,0,0,21,13,0,10,82,0,66,24,1,0,2,11,13,2,3,0,0,4,2,2026
31667,Dane,Gagai,Newcastle Knights,Centre,2026-03-28T00:00:00Z,129990404,12999,4,away,0,0,0,0,0,0,1,1,6,23,1,23,14,4,10,86,28,58,24,1,0,6,13,13,1,1,0,0,3,0,2026
31667,Dane,Gagai,Newcastle Knights,Centre,2026-04-05T00:00:00Z,129990507,12999,5,home,0,0,0,0,0,0,2,1,11,0,0,25,15,0,15,155,0,155,74,3,2,12,11,24,0,3,0,0,0,0,2026
31667,Dane,Gagai,Newcastle Knights,Centre,2026-04-12T00:00:00Z,129990608,12999,6,away,4,1,0,0,0,0,1,1,8,16,1,32,18,8,10,153,67,86,54,3,0,6,17,15,0,0,0,0,4,0,2026
31667,Dane,Gagai,Newcastle Knights,Centre,2026-04-19T00:00:00Z,129990707,12999,7,away,0,0,0,0,0,0,0,0,6,0,0,20,14,0,14,79,0,79,31,1,0,1,13,13,2,1,0,0,0,0,2026
31667,Dane,Gagai,Newcastle Knights,Centre,2026-04-26T00:00:00Z,129990807,12999,8,home,0,0,0,0,0,0,0,0,7,40,1,14,6,0,6,38,0,38,12,0,0,3,6,14,1,5,0,0,0,0,2026
31667,Dane,Gagai,Newcastle Knights,Centre,2026-05-03T00:00:00Z,129990906,12999,9,home,0,0,0,0,0,0,0,0,5,0,0,18,12,0,11,90,0,85,35,0,0,2,11,14,1,5,0,0,2,1,2026
31667,Dane,Gagai,Newcastle Knights,Centre,2026-05-09T00:00:00Z,129991004,12999,10,away,0,0,0,0,0,0,1,1,7,0,0,18,8,0,5,68,0,42,12,0,1,1,7,13,0,4,0,2,4,0,2026
31676,Mark,Nicholls,South Sydney Rabbitohs,Prop,2022-03-11T00:00:00Z,116880103,11688,1,away,0,0,0,0,0,0,0,0,1,0,0,10,8,7,1,69,61,8,31,0,0,1,8,22,2,1,0,0,1,1,2022
31676,Mark,Nicholls,South Sydney Rabbitohs,Prop,2022-03-17T00:00:00Z,116880201,11688,2,away,0,0,0,0,0,0,0,0,1,0,0,17,17,17,0,158,158,0,67,0,0,1,16,25,0,1,0,0,0,1,2022
31676,Mark,Nicholls,South Sydney Rabbitohs,Prop,2022-03-25T00:00:00Z,116880303,11688,3,home,0,0,0,0,0,0,0,0,1,0,0,11,10,10,0,90,90,0,33,0,0,2,10,19,2,2,0,0,0,0,2022
31676,Mark,Nicholls,South Sydney Rabbitohs,Prop,2022-04-01T00:00:00Z,116880403,11688,4,away,0,0,0,0,0,0,0,0,0,0,0,1,1,0,0,13,0,0,6,0,0,0,1,1,0,0,0,0,0,1,2022
31676,Mark,Nicholls,Dolphins,Prop,2023-04-07T00:00:00Z,120670603,12067,6,away,0,0,0,0,0,0,0,0,0,0,0,11,10,8,0,92,64,0,26,0,0,2,10,31,0,1,0,0,1,0,2023
31676,Mark,Nicholls,Dolphins,Interchange,2025-03-13T00:00:00Z,127550201,12755,2,away,4,1,0,0,0,0,0,0,0,0,0,7,6,6,0,43,43,0,14,0,1,1,6,26,0,1,0,0,0,0,2025
31676,Mark,Nicholls,Dolphins,Interchange,2025-03-22T00:00:00Z,127550305,12755,3,home,0,0,0,0,0,0,0,0,0,0,0,7,6,6,0,39,39,0,16,0,0,1,6,19,0,3,0,0,1,0,2025
31676,Mark,Nicholls,Dolphins,Interchange,2025-03-28T00:00:00Z,127550403,12755,4,home,0,0,0,0,0,0,0,0,0,0,0,4,4,3,0,40,35,0,14,0,0,0,4,23,0,1,0,0,0,0,2025
31676,Mark,Nicholls,Dolphins,Prop,2025-04-05T00:00:00Z,127550505,12755,5,away,0,0,0,0,0,0,0,0,3,0,0,8,5,0,5,37,0,37,10,0,0,0,5,14,0,0,0,0,0,0,2025
31676,Mark,Nicholls,Dolphins,Interchange,2025-04-10T00:00:00Z,127550601,12755,6,home,0,0,0,0,0,0,0,0,0,0,0,10,10,8,0,78,53,0,27,0,0,1,10,23,0,1,0,0,0,1,2025
31676,Mark,Nicholls,Dolphins,Prop,2025-04-18T00:00:00Z,127550703,12755,7,home,0,0,0,0,0,0,0,0,3,0,0,14,11,10,0,82,76,0,30,0,0,0,11,40,0,1,0,0,0,0,2025
31676,Mark,Nicholls,Dolphins,Lock,2025-04-27T00:00:00Z,127550807,12755,8,away,0,0,0,0,0,0,0,0,2,0,0,11,9,7,1,81,60,9,28,0,0,0,9,32,2,4,0,0,0,0,2025
31676,Mark,Nicholls,Dolphins,Prop,2025-05-02T00:00:00Z,127550902,12755,9,away,0,0,0,0,0,0,0,0,0,0,0,9,9,7,2,66,52,14,23,1,0,1,8,33,0,3,0,0,0,0,2025
31677,Josh,Papali'i,Canberra Raiders,Prop,2022-03-11T00:00:00Z,116880102,11688,1,home,0,0,0,0,0,0,0,0,2,0,0,17,15,14,1,132,127,5,48,3,0,8,12,21,1,2,0,0,0,1,2022
31677,Josh,Papali'i,Canberra Raiders,Prop,2022-03-19T00:00:00Z,116880206,11688,2,away,0,0,0,0,0,0,0,0,2,0,0,14,11,9,0,101,73,0,45,1,0,1,10,23,1,0,0,0,1,0,2022
31677,Josh,Papali'i,Canberra Raiders,Prop,2024-04-14T00:00:00Z,124450608,12445,6,home,0,0,0,0,0,0,0,0,3,0,0,15,13,8,3,141,97,17,64,1,0,3,11,17,1,0,0,0,1,0,2024
31677,Josh,Papali'i,Canberra Raiders,Prop,2024-04-20T00:00:00Z,124450706,12445,7,away,0,0,0,0,0,0,1,1,2,0,0,12,11,8,1,116,81,6,50,1,0,2,9,26,0,0,0,0,0,0,2024
31677,Josh,Papali'i,Canberra Raiders,Lock,2025-03-02T00:00:00Z,127550101,12755,1,home,0,0,0,0,0,0,0,0,0,0,0,14,13,6,4,106,54,28,43,1,0,1,12,23,2,1,0,0,1,0,2025
31677,Josh,Papali'i,Canberra Raiders,Interchange,2025-03-29T00:00:00Z,127550405,12755,4,away,0,0,0,0,0,0,0,0,2,0,0,11,10,8,1,91,67,8,32,1,0,0,8,24,0,1,0,0,0,1,2025
31677,Josh,Papali'i,Canberra Raiders,Interchange,2025-04-03T00:00:00Z,127550501,12755,5,home,0,0,0,0,0,0,0,0,0,0,0,9,9,7,2,60,53,6,21,1,0,0,8,22,1,0,0,0,0,0,2025
31677,Josh,Papali'i,Canberra Raiders,Prop,2025-04-12T00:00:00Z,127550606,12755,6,away,0,0,0,0,0,0,0,0,2,0,0,16,13,8,0,121,71,0,33,1,0,1,13,18,1,1,0,0,0,0,2025
31677,Josh,Papali'i,Canberra Raiders,Lock,2025-04-20T00:00:00Z,127550706,12755,7,away,0,0,0,0,0,0,0,0,1,0,0,4,4,1,2,37,7,16,11,0,0,0,3,20,0,0,0,0,0,0,2025
31677,Josh,Papali'i,Canberra Raiders,Interchange,2025-04-27T00:00:00Z,127550807,12755,8,home,0,0,0,0,0,0,0,0,1,0,0,10,9,8,0,91,75,0,30,0,0,2,9,20,0,0,0,0,0,0,2025
31677,Josh,Papali'i,Canberra Raiders,Interchange,2025-05-04T00:00:00Z,127550908,12755,9,away,0,0,0,0,0,0,0,0,0,0,0,12,12,10,1,98,79,5,32,0,0,3,12,17,0,0,0,0,0,1,2025
31677,Josh,Papali'i,Canberra Raiders,Prop,2026-03-07T00:00:00Z,129990107,12999,1,away,0,0,0,0,0,0,0,0,0,0,0,1,1,1,0,11,11,0,2,0,0,0,1,13,1,1,0,0,0,0,2026
31677,Josh,Papali'i,Canberra Raiders,Prop,2026-03-19T00:00:00Z,129990301,12999,3,home,0,0,0,0,0,0,0,0,0,0,0,8,8,5,0,85,50,0,35,0,0,1,8,32,0,3,0,0,0,1,2026
31677,Josh,Papali'i,Canberra Raiders,Prop,2026-04-05T00:00:00Z,129990507,12999,5,away,0,0,0,0,0,0,0,0,0,0,0,10,8,5,0,73,38,0,18,0,0,0,9,21,0,0,0,0,0,1,2026
31677,Josh,Papali'i,Canberra Raiders,Interchange,2026-04-11T00:00:00Z,129990604,12999,6,away,0,0,0,0,0,0,0,0,0,0,0,6,6,3,0,57,28,0,15,0,0,0,6,15,0,1,0,0,0,0,2026
31677,Josh,Papali'i,Canberra Raiders,Interchange,2026-04-17T00:00:00Z,129990702,12999,7,home,0,0,0,0,0,0,0,0,1,0,0,5,4,3,0,32,23,0,12,0,0,0,4,6,0,1,0,0,0,0,2026
31693,James,Segeyaro,Brisbane Broncos,Interchange,2019-09-15T00:00:00Z,106850104,10685,1,away,0,0,0,0,0,0,0,0,11,41,1,15,2,0,2,14,0,14,0,1,0,0,2,15,1,2,1,0,0,1,2019
31704,George,Burgess,South Sydney Rabbitohs,Prop,2019-09-13T00:00:00Z,106850101,10685,1,away,0,0,0,0,0,0,0,0,0,0,0,3,3,3,0,26,26,0,0,0,0,1,3,14,2,5,0,0,0,0,2019
31704,George,Burgess,South Sydney Rabbitohs,Interchange,2019-09-20T00:00:00Z,106850201,10685,2,home,0,0,0,0,0,0,0,0,0,0,0,3,3,2,0,30,21,0,0,0,0,1,3,10,0,0,0,0,0,0,2019
31706,Mitch,Rein,Gold Coast Titans,Hooker,2020-07-04T00:00:00Z,110950804,11095,8,home,0,0,0,0,0,0,0,0,23,0,0,26,4,0,0,40,0,0,0,1,0,1,2,28,0,1,0,0,0,0,2020
31706,Mitch,Rein,Parramatta Eels,Interchange,2022-04-18T00:00:00Z,116880608,11688,6,home,0,0,0,0,0,0,0,0,24,0,0,26,1,0,0,13,0,0,0,0,0,0,1,9,2,0,0,0,1,0,2022
31713,Shaun,Johnson,Warriors,Halfback,2022-04-08T00:00:00Z,116880502,11688,5,home,1,0,0,0,0,0,1,1,41,539,12,62,8,0,8,52,0,52,6,0,0,0,3,20,4,0,0,1,2,0,2022
31713,Shaun,Johnson,Warriors,Halfback,2022-04-17T00:00:00Z,116880606,11688,6,away,0,0,0,0,0,0,0,0,33,637,12,47,4,0,4,31,0,31,6,0,0,1,2,11,2,4,0,0,0,0,2022
31713,Shaun,Johnson,Warriors,Halfback,2022-04-25T00:00:00Z,116880708,11688,7,away,0,0,0,0,0,0,1,0,28,69,2,31,2,0,2,9,0,9,0,0,0,0,0,15,2,2,0,1,1,0,2022
31713,Shaun,Johnson,Warriors,Halfback,2023-03-03T00:00:00Z,120670102,12067,1,home,4,0,4,2,0,0,0,1,32,503,17,52,9,0,9,46,0,46,10,1,1,2,2,12,1,2,0,0,0,0,2023
31713,Shaun,Johnson,Warriors,Halfback,2023-03-11T00:00:00Z,120670204,12067,2,away,4,0,2,2,0,0,1,0,42,636,18,61,2,0,2,14,0,14,6,1,1,1,0,19,2,0,0,0,0,0,2023
31713,Shaun,Johnson,Warriors,Halfback,2023-03-18T00:00:00Z,120670305,12067,3,away,6,0,5,3,0,0,0,0,44,652,17,64,12,0,12,70,0,70,7,1,0,3,2,17,2,4,0,0,0,0,2023
31713,Shaun,Johnson,Warriors,Halfback,2023-03-26T00:00:00Z,120670406,12067,4,home,8,1,3,2,0,0,1,2,61,717,19,85,6,0,6,34,0,34,17,0,1,1,3,21,4,0,0,0,1,1,2023
31713,Shaun,Johnson,Warriors,Halfback,2023-04-02T00:00:00Z,120670507,12067,5,away,16,1,5,5,1,1,2,2,41,791,19,64,6,0,6,51,0,51,6,1,0,1,1,24,1,2,0,0,1,2,2023
31713,Shaun,Johnson,Warriors,Halfback,2023-04-09T00:00:00Z,120670607,12067,6,away,8,0,4,4,0,0,2,2,48,540,17,65,3,0,3,26,0,26,0,0,0,0,0,15,3,0,0,0,0,1,2023
31713,Shaun,Johnson,Warriors,Halfback,2023-04-15T00:00:00Z,120670704,12067,7,home,6,0,4,2,2,1,2,2,36,457,10,51,4,0,4,31,0,31,4,0,0,1,3,15,0,1,0,0,0,1,2023
31713,Shaun,Johnson,Warriors,Halfback,2023-04-25T00:00:00Z,120670808,12067,8,away,6,0,4,3,0,0,0,0,39,787,21,61,3,0,3,15,0,15,3,0,0,1,1,20,0,0,0,0,0,2,2023
31713,Shaun,Johnson,Warriors,Halfback,2023-04-30T00:00:00Z,120670907,12067,9,home,0,0,0,0,0,0,0,0,55,796,22,80,8,0,8,43,0,43,7,0,0,1,3,24,1,2,0,0,0,0,2023
31713,Shaun,Johnson,Warriors,Halfback,2024-03-08T00:00:00Z,124450104,12445,1,home,4,0,2,2,0,0,0,0,44,611,21,68,10,0,9,84,0,70,10,0,0,2,3,20,1,5,0,0,0,0,2024
31713,Shaun,Johnson,Warriors,Halfback,2024-03-16T00:00:00Z,124450206,12445,2,away,0,0,0,0,0,0,0,1,33,514,17,50,4,0,4,27,0,27,0,0,0,0,0,13,2,3,0,0,0,1,2024
31713,Shaun,Johnson,Warriors,Halfback,2024-03-22T00:00:00Z,124450302,12445,3,home,0,0,0,0,0,0,1,2,37,726,22,59,5,0,5,46,0,46,0,0,0,0,0,24,1,5,0,0,0,1,2024
31713,Shaun,Johnson,Warriors,Halfback,2024-03-31T00:00:00Z,124450406,12445,4,home,8,0,3,3,1,1,1,3,51,670,20,74,5,0,5,36,0,36,2,0,0,0,1,20,1,3,0,0,1,1,2024
31713,Shaun,Johnson,Warriors,Halfback,2024-04-06T00:00:00Z,124450504,12445,5,away,18,2,6,5,0,0,2,2,31,715,21,56,7,0,7,70,0,70,15,0,0,2,1,8,1,1,0,0,1,0,2024
31713,Shaun,Johnson,Warriors,Halfback,2024-04-13T00:00:00Z,124450604,12445,6,home,10,1,4,2,1,1,1,1,61,780,21,92,11,0,11,114,0,114,21,1,1,3,5,12,1,3,0,0,0,0,2024
31713,Shaun,Johnson,Warriors,Halfback,2024-04-19T00:00:00Z,124450702,12445,7,away,8,1,2,2,0,0,0,0,37,644,17,57,13,0,13,60,0,60,2,1,1,0,0,25,0,5,0,0,1,0,2024
31713,Shaun,Johnson,Warriors,Halfback,2024-04-25T00:00:00Z,124450801,12445,8,home,8,0,4,4,0,0,3,2,41,712,23,67,3,0,3,16,0,16,1,0,0,0,2,16,2,7,0,0,1,0,2024
31713,Shaun,Johnson,Warriors,Halfback,2024-05-05T00:00:00Z,124450907,12445,9,away,4,0,1,1,1,1,0,0,45,701,20,71,10,0,10,65,0,65,12,2,0,0,3,25,0,5,0,0,0,0,2024
31731,Sam,Williams,Canberra Raiders,Five-Eighth,2016-09-10T00:00:00Z,98680102,9868,1,home,0,0,0,0,0,0,0,0,27,271,6,38,4,0,3,25,0,21,0,0,0,1,4,15,4,4,0,0,1,1,2016
31750,James,Roberts,Wests Tigers,Centre,2022-03-12T00:00:00Z,116880106,11688,1,home,0,0,0,0,0,0,0,0,7,0,0,11,6,0,5,56,0,50,14,0,0,2,3,7,0,0,0,0,1,1,2022
31750,James,Roberts,Wests Tigers,Centre,2022-03-20T00:00:00Z,116880207,11688,2,away,0,0,0,0,0,0,0,0,5,0,0,11,6,1,4,53,6,41,38,0,1,6,6,12,1,0,0,0,0,0,2022
31755,Josh,Reynolds,Canterbury-Bankstown Bulldogs,Interchange,2023-03-19T00:00:00Z,120670307,12067,3,home,0,0,0,0,0,0,0,0,0,0,0,0,0,0,0,0,0,0,0,0,0,0,0,0,0,0,0,0,0,0,2023
31755,Josh,Reynolds,Canterbury-Bankstown Bulldogs,Interchange,2023-04-02T00:00:00Z,120670508,12067,5,home,0,0,0,0,0,0,0,0,22,0,0,24,4,0,4,17,0,17,1,2,0,0,0,23,1,0,0,0,0,0,2023
31755,Josh,Reynolds,Canterbury-Bankstown Bulldogs,Interchange,2023-04-07T00:00:00Z,120670602,12067,6,home,0,0,0,0,0,0,0,0,9,0,0,11,2,0,1,17,0,8,3,0,0,1,0,20,0,4,0,0,1,3,2023
31755,Josh,Reynolds,Canterbury-Bankstown Bulldogs,Interchange,2023-04-16T00:00:00Z,120670708,12067,7,away,0,0,0,0,0,0,0,0,3,0,0,6,3,0,3,32,0,32,10,0,0,1,3,9,0,1,0,0,0,1,2023
31755,Josh,Reynolds,Canterbury-Bankstown Bulldogs,Interchange,2023-04-22T00:00:00Z,120670803,12067,8,home,0,0,0,0,0,0,0,0,5,16,1,7,2,0,2,9,0,9,0,0,0,0,1,10,0,3,0,0,0,1,2023
31755,Josh,Reynolds,Canterbury-Bankstown Bulldogs,Five-Eighth,2023-04-30T00:00:00Z,120670908,12067,9,away,0,0,0,0,0,0,0,0,7,131,4,15,4,0,3,28,0,16,3,2,0,0,1,14,0,3,0,0,1,2,2023
31756,Tyson,Frizell,Newcastle Knights,Second Row,2021-05-08T00:00:00Z,113550904,11355,9,away,4,1,0,0,0,0,0,0,2,0,0,13,10,7,3,95,67,29,40,2,1,1,7,41,1,1,0,0,0,2,2021
31756,Tyson,Frizell,Newcastle Knights,Second Row,2022-05-01T00:00:00Z,116880807,11688,8,home,0,0,0,0,0,0,0,0,4,0,0,9,5,2,3,42,20,22,15,1,0,1,4,31,2,4,0,0,0,1,2022
31756,Tyson,Frizell,Newcastle Knights,Second Row,2023-03-03T00:00:00Z,120670102,12067,1,away,0,0,0,0,0,0,0,0,0,0,0,3,3,1,2,22,10,11,6,0,0,2,3,9,0,1,0,0,0,0,2023
31756,Tyson,Frizell,Newcastle Knights,Second Row,2024-03-31T00:00:00Z,124450406,12445,4,away,4,1,0,0,0,0,0,0,1,0,0,13,12,3,9,93,24,69,34,1,0,5,10,39,1,4,0,0,0,0,2024
31759,Chad,Townsend,North Queensland Cowboys,Halfback,2022-03-13T00:00:00Z,116880108,11688,1,home,0,0,0,0,0,0,0,0,44,504,14,63,4,0,4,32,0,32,11,0,0,0,3,18,0,1,0,0,2,0,2022
31759,Chad,Townsend,North Queensland Cowboys,Halfback,2022-03-19T00:00:00Z,116880206,11688,2,home,0,0,0,0,0,0,1,0,42,323,10,56,2,0,2,34,0,34,23,0,1,1,3,10,0,3,0,0,1,0,2022
31759,Chad,Townsend,North Queensland Cowboys,Halfback,2022-03-27T00:00:00Z,116880307,11688,3,away,0,0,0,0,0,0,1,0,39,713,18,59,1,0,1,9,0,9,0,0,0,0,2,14,0,0,0,0,0,0,2022
31759,Chad,Townsend,North Queensland Cowboys,Halfback,2022-04-02T00:00:00Z,116880406,11688,4,home,0,0,0,0,0,0,0,0,32,457,7,42,4,0,4,20,0,20,5,0,0,0,2,21,0,3,0,0,1,3,2022
31759,Chad,Townsend,North Queensland Cowboys,Halfback,2022-04-08T00:00:00Z,116880502,11688,5,away,0,0,0,0,0,0,1,0,39,398,13,61,6,0,6,36,0,36,12,0,0,0,7,22,1,1,0,0,1,1,2022
31759,Chad,Townsend,North Queensland Cowboys,Halfback,2022-04-14T00:00:00Z,116880601,11688,6,away,0,0,0,0,0,0,0,0,45,522,13,60,4,0,4,20,0,20,4,0,0,0,2,26,1,0,0,0,0,0,2022
31759,Chad,Townsend,North Queensland Cowboys,Halfback,2022-04-23T00:00:00Z,116880703,11688,7,home,0,0,0,0,0,0,1,0,46,488,11,60,2,0,1,13,0,4,4,0,0,1,1,21,0,3,0,0,2,1,2022
31759,Chad,Townsend,North Queensland Cowboys,Halfback,2022-04-30T00:00:00Z,116880806,11688,8,away,0,0,0,0,0,0,1,0,37,568,15,58,7,0,6,60,0,47,10,0,0,1,4,22,1,3,0,0,2,2,2022
31759,Chad,Townsend,North Queensland Cowboys,Halfback,2022-05-07T00:00:00Z,116880906,11688,9,home,0,0,0,0,0,0,4,3,38,485,14,53,2,0,2,13,0,13,3,0,0,0,1,18,1,2,0,0,1,0,2022
31759,Chad,Townsend,North Queensland Cowboys,Halfback,2023-03-18T00:00:00Z,120670305,12067,3,home,0,0,0,0,0,0,1,1,49,723,17,69,8,0,8,36,0,36,3,1,0,0,2,22,1,3,0,0,0,1,2023
31759,Chad,Townsend,North Queensland Cowboys,Halfback,2023-04-02T00:00:00Z,120670508,12067,5,away,0,0,0,0,0,0,0,1,37,940,24,65,4,0,2,25,0,8,4,0,0,0,4,20,0,3,0,0,0,0,2023
31759,Chad,Townsend,North Queensland Cowboys,Halfback,2023-04-07T00:00:00Z,120670603,12067,6,home,0,0,0,0,0,0,0,0,40,346,11,53,5,0,5,36,0,36,10,0,0,0,1,20,3,1,0,1,1,0,2023
31759,Chad,Townsend,North Queensland Cowboys,Halfback,2023-04-15T00:00:00Z,120670704,12067,7,away,0,0,0,0,0,0,1,1,63,286,10,75,2,0,2,10,0,10,0,0,0,0,1,19,1,5,0,0,1,0,2023
31759,Chad,Townsend,North Queensland Cowboys,Halfback,2023-04-22T00:00:00Z,120670804,12067,8,home,0,0,0,0,0,0,0,0,31,530,17,49,2,0,2,8,0,8,1,0,0,0,1,23,1,3,0,0,0,1,2023
31759,Chad,Townsend,North Queensland Cowboys,Halfback,2023-04-27T00:00:00Z,120670901,12067,9,away,0,0,0,0,0,0,0,1,19,359,9,29,1,0,1,6,0,6,0,0,0,0,1,9,1,4,0,0,0,0,2023
31759,Chad,Townsend,North Queensland Cowboys,Halfback,2024-03-10T00:00:00Z,124450108,12445,1,away,1,0,0,0,0,0,1,0,48,554,15,71,6,0,5,44,0,28,11,0,0,0,7,10,1,2,0,0,0,1,2024
31759,Chad,Townsend,North Queensland Cowboys,Halfback,2024-03-16T00:00:00Z,124450205,12445,2,home,5,1,0,0,0,0,1,0,42,528,12,61,8,0,7,69,0,61,11,0,0,1,5,21,1,1,0,0,2,0,2024
31759,Chad,Townsend,North Queensland Cowboys,Halfback,2024-03-23T00:00:00Z,124450305,12445,3,away,4,1,0,0,0,0,0,0,45,294,8,57,7,0,7,60,0,60,12,0,1,2,3,17,0,2,0,0,0,1,2024
31759,Chad,Townsend,North Queensland Cowboys,Halfback,2024-03-29T00:00:00Z,124450403,12445,4,away,0,0,0,0,0,0,1,1,24,398,10,39,4,0,3,25,0,21,4,1,0,1,3,17,0,1,0,0,1,0,2024
31759,Chad,Townsend,North Queensland Cowboys,Halfback,2024-04-07T00:00:00Z,124450507,12445,5,home,1,0,0,0,0,0,2,3,40,203,6,54,7,0,6,59,0,47,15,1,0,0,5,24,3,2,0,0,2,1,2024
31759,Chad,Townsend,North Queensland Cowboys,Halfback,2024-04-13T00:00:00Z,124450605,12445,6,away,0,0,0,0,0,0,0,0,43,309,9,56,4,0,4,56,0,56,7,1,0,0,3,15,1,3,0,0,0,0,2024
31759,Chad,Townsend,North Queensland Cowboys,Halfback,2024-04-21T00:00:00Z,124450708,12445,7,away,0,0,0,0,0,0,1,0,45,496,14,62,4,0,4,30,0,30,4,0,0,0,2,26,1,4,0,0,1,1,2024
31759,Chad,Townsend,North Queensland Cowboys,Halfback,2024-04-27T00:00:00Z,124450806,12445,8,home,0,0,0,0,0,0,1,2,50,363,10,64,6,0,6,25,0,25,6,1,0,3,3,20,0,2,0,0,0,0,2024
31759,Chad,Townsend,Sydney Roosters,Halfback,2025-03-06T00:00:00Z,127550103,12755,1,home,0,0,0,0,0,0,0,1,24,349,9,35,1,0,0,12,0,0,0,0,0,1,2,23,1,5,0,0,0,0,2025
31759,Chad,Townsend,Sydney Roosters,Halfback,2025-03-14T00:00:00Z,127550203,12755,2,away,0,0,0,0,0,0,0,1,32,391,14,49,4,0,3,32,0,21,5,0,0,0,3,23,0,1,0,0,0,0,2025
31759,Chad,Townsend,Sydney Roosters,Halfback,2025-03-21T00:00:00Z,127550302,12755,3,away,0,0,0,0,0,0,0,0,42,539,13,57,4,0,4,24,0,24,7,0,0,0,1,38,0,4,0,0,1,0,2025
31759,Chad,Townsend,Sydney Roosters,Halfback,2025-03-28T00:00:00Z,127550402,12755,4,home,0,0,0,0,0,0,0,1,42,397,13,56,1,0,1,2,0,2,0,0,0,0,0,26,1,2,0,0,1,1,2025
31759,Chad,Townsend,Sydney Roosters,Halfback,2025-04-04T00:00:00Z,127550503,12755,5,away,0,0,0,0,0,0,0,0,40,438,11,55,7,0,7,38,0,38,5,1,0,0,2,33,1,3,0,0,2,2,2025
31759,Chad,Townsend,Sydney Roosters,Interchange,2025-04-19T00:00:00Z,127550705,12755,7,home,0,0,0,0,0,0,0,0,0,0,0,0,0,0,0,0,0,0,0,0,0,0,0,0,0,0,0,0,0,0,2025
31765,Jack,de Belin,St George-Illawarra Dragons,Lock,2025-03-08T00:00:00Z,127550106,12755,1,home,0,0,0,0,0,0,0,0,10,0,0,21,13,3,9,105,22,70,27,0,0,0,11,38,2,4,0,0,0,0,2025
31765,Jack,de Belin,St George-Illawarra Dragons,Lock,2025-03-15T00:00:00Z,127550204,12755,2,home,0,0,0,0,0,0,0,0,11,0,0,22,13,10,3,110,97,13,32,0,0,3,11,42,0,1,0,0,0,0,2025
31765,Jack,de Belin,St George-Illawarra Dragons,Lock,2025-03-29T00:00:00Z,127550404,12755,4,home,0,0,0,0,0,0,0,0,8,0,0,18,12,1,11,81,5,76,22,0,0,1,10,36,0,1,0,0,0,2,2025
31765,Jack,de Belin,St George-Illawarra Dragons,Lock,2025-04-05T00:00:00Z,127550504,12755,5,away,0,0,0,0,0,0,0,0,10,0,0,17,7,4,2,61,37,13,25,1,0,2,6,32,0,2,0,0,0,1,2025
31765,Jack,de Belin,St George-Illawarra Dragons,Lock,2025-04-11T00:00:00Z,127550602,12755,6,home,0,0,0,0,0,0,0,0,7,0,0,16,12,1,11,101,7,94,38,4,1,1,4,32,1,5,0,0,1,2,2025
31765,Jack,de Belin,St George-Illawarra Dragons,Lock,2025-04-17T00:00:00Z,127550701,12755,7,away,0,0,0,0,0,0,0,1,12,0,0,21,10,8,1,67,51,6,19,1,0,0,8,31,1,1,0,0,0,0,2025
31765,Jack,de Belin,St George-Illawarra Dragons,Lock,2025-04-25T00:00:00Z,127550802,12755,8,away,0,0,0,0,0,0,0,0,17,0,0,24,6,4,2,44,32,12,11,0,0,0,6,38,1,1,0,0,1,0,2025
31765,Jack,de Belin,St George-Illawarra Dragons,Interchange,2025-05-03T00:00:00Z,127550905,12755,9,away,0,0,0,0,0,0,0,0,9,0,0,16,7,3,1,66,21,5,17,1,0,0,6,22,1,0,0,0,0,0,2025
31768,Jason,Taumalolo,North Queensland Cowboys,Lock,2021-05-08T00:00:00Z,113550906,11355,9,home,4,1,0,0,0,0,0,0,1,0,0,22,20,15,4,217,149,44,98,1,1,6,17,33,0,4,0,0,2,0,2021
31768,Jason,Taumalolo,North Queensland Cowboys,Interchange,2024-05-04T00:00:00Z,124450906,12445,9,home,0,0,0,0,0,0,0,0,2,0,0,14,12,9,1,114,78,7,38,0,0,0,12,20,0,1,0,0,0,0,2024
31768,Jason,Taumalolo,North Queensland Cowboys,Prop,2025-03-21T00:00:00Z,127550303,12755,3,away,0,0,0,0,0,0,0,0,2,0,0,14,12,10,0,134,97,0,51,1,0,0,11,29,0,1,0,0,0,0,2025
31768,Jason,Taumalolo,North Queensland Cowboys,Prop,2025-03-29T00:00:00Z,127550405,12755,4,home,0,0,0,0,0,0,0,0,3,0,0,12,10,6,3,90,52,26,36,0,0,1,9,20,1,1,0,0,0,0,2025
31768,Jason,Taumalolo,North Queensland Cowboys,Prop,2025-04-04T00:00:00Z,127550502,12755,5,away,0,0,0,0,0,0,0,0,3,0,0,15,12,4,8,103,24,79,50,0,0,2,12,17,0,1,0,0,0,0,2025
31768,Jason,Taumalolo,North Queensland Cowboys,Prop,2025-04-12T00:00:00Z,127550605,12755,6,away,0,0,0,0,0,0,1,0,4,0,0,22,17,5,7,195,48,75,65,1,0,3,15,16,3,3,0,0,2,0,2025
31768,Jason,Taumalolo,North Queensland Cowboys,Prop,2025-04-26T00:00:00Z,127550805,12755,8,home,0,0,0,0,0,0,0,0,6,0,0,17,11,6,5,104,60,44,53,0,0,3,11,17,0,1,0,0,0,0,2025
31768,Jason,Taumalolo,North Queensland Cowboys,Prop,2025-05-03T00:00:00Z,127550904,12755,9,away,0,0,0,0,0,0,0,0,1,0,0,19,18,13,1,197,123,12,85,1,0,1,17,13,0,4,0,0,0,0,2025
31768,Jason,Taumalolo,North Queensland Cowboys,Prop,2026-03-01T00:00:00Z,129990101,12999,1,away,0,0,0,0,0,0,0,0,2,0,0,14,12,8,4,126,90,36,61,1,0,1,11,16,1,3,0,0,0,0,2026
31768,Jason,Taumalolo,North Queensland Cowboys,Prop,2026-03-14T00:00:00Z,129990204,12999,2,away,0,0,0,0,0,0,0,0,4,0,0,16,13,8,5,127,83,44,43,1,0,1,11,23,3,2,0,0,0,0,2026
31768,Jason,Taumalolo,North Queensland Cowboys,Prop,2026-03-22T00:00:00Z,129990308,12999,3,home,0,0,0,0,0,0,0,0,10,0,0,25,15,11,4,144,100,44,71,1,0,0,14,18,0,3,0,0,0,0,2026
31768,Jason,Taumalolo,North Queensland Cowboys,Prop,2026-03-28T00:00:00Z,129990406,12999,4,home,0,0,0,0,0,0,0,0,7,0,0,22,16,15,1,165,154,10,61,1,0,0,14,20,0,0,0,0,0,0,2026
31768,Jason,Taumalolo,North Queensland Cowboys,Prop,2026-04-04T00:00:00Z,129990504,12999,5,away,0,0,0,0,0,0,1,1,6,0,0,23,15,2,13,137,16,121,63,1,0,1,14,19,1,1,0,0,2,0,2026
31768,Jason,Taumalolo,North Queensland Cowboys,Prop,2026-04-10T00:00:00Z,129990603,12999,6,away,0,0,0,0,0,0,0,0,3,0,0,22,19,12,2,222,135,18,65,2,0,1,17,17,0,1,0,0,0,0,2026
31768,Jason,Taumalolo,North Queensland Cowboys,Prop,2026-04-16T00:00:00Z,129990701,12999,7,home,0,0,0,0,0,0,0,0,3,0,0,12,11,8,1,116,71,3,34,0,0,1,9,26,1,2,0,0,0,0,2026
31768,Jason,Taumalolo,North Queensland Cowboys,Prop,2026-04-24T00:00:00Z,129990802,12999,8,home,0,0,0,0,0,0,0,0,1,0,0,12,11,4,7,112,31,81,58,1,1,2,10,14,1,3,0,0,0,0,2026
31768,Jason,Taumalolo,North Queensland Cowboys,Prop,2026-05-01T00:00:00Z,129990901,12999,9,away,0,0,0,0,0,0,0,0,3,0,0,22,18,0,15,193,0,150,74,2,0,3,16,22,0,5,0,0,1,0,2026
31768,Jason,Taumalolo,North Queensland Cowboys,Prop,2026-05-08T00:00:00Z,129991003,12999,10,home,0,0,0,0,0,0,0,0,1,0,0,12,10,7,2,119,84,23,58,2,0,7,9,23,0,5,0,0,0,0,2026
31768,Jason,Taumalolo,North Queensland Cowboys,Lock,2026-05-24T06:05:00Z,129991205,12999,12,home,0,0,0,0,0,0,0,0,4,0,0,18,15,12,1,162,128,10,57,0,0,1,14,19,0,4,0,0,0,0,2026
31769,Blake,Austin,Canberra Raiders,Five-Eighth,2016-09-17T00:00:00Z,98680202,9868,2,home,4,1,0,0,0,0,0,0,24,215,3,32,4,0,4,30,0,30,0,0,1,1,4,12,0,1,0,0,0,1,2016
31770,Adam,Reynolds,South Sydney Rabbitohs,Halfback,2018-09-22T00:00:00Z,104130302,10413,3,away,4,0,0,0,3,2,0,0,30,495,14,48,1,0,1,8,0,8,0,0,0,0,0,15,1,0,0,0,1,0,2018
31770,Adam,Reynolds,Brisbane Broncos,Halfback,2022-04-22T00:00:00Z,116880702,11688,7,home,14,1,6,5,0,0,3,2,36,540,15,58,9,0,9,70,0,70,4,1,0,1,5,14,3,1,0,0,0,1,2022
31770,Adam,Reynolds,Brisbane Broncos,Halfback,2022-04-28T00:00:00Z,116880801,11688,8,home,2,0,2,1,0,0,0,1,24,489,13,42,9,0,9,79,0,79,8,2,1,2,1,18,4,3,0,0,2,0,2022
31770,Adam,Reynolds,Brisbane Broncos,Halfback,2022-05-05T00:00:00Z,116880901,11688,9,away,16,1,5,5,1,1,2,1,24,665,15,44,5,0,5,37,0,37,9,0,1,2,3,12,0,2,0,0,2,0,2022
31770,Adam,Reynolds,Brisbane Broncos,Halfback,2024-03-29T00:00:00Z,124450403,12445,4,home,14,0,6,5,2,2,2,0,22,741,22,46,4,0,4,20,0,20,0,0,0,0,0,18,1,0,0,0,0,1,2024
31770,Adam,Reynolds,Brisbane Broncos,Halfback,2024-04-27T00:00:00Z,124450805,12445,8,away,10,0,6,5,0,0,2,1,30,452,11,45,6,0,6,52,0,52,7,0,0,1,4,19,0,3,0,0,0,1,2024
31770,Adam,Reynolds,Brisbane Broncos,Halfback,2024-05-03T00:00:00Z,124450903,12445,9,home,2,0,1,1,0,0,0,0,24,348,9,35,6,0,6,18,0,18,4,0,0,1,2,7,3,4,0,0,0,0,2024
31770,Adam,Reynolds,Brisbane Broncos,Halfback,2026-04-18T00:00:00Z,129990706,12999,7,away,9,0,3,3,1,1,2,1,34,657,18,56,6,0,6,22,0,22,5,0,0,0,1,11,2,1,0,0,1,0,2026
31770,Adam,Reynolds,Brisbane Broncos,Halfback,2026-04-24T00:00:00Z,129990803,12999,8,home,8,0,6,3,1,1,0,0,27,853,20,50,1,0,1,3,0,3,1,0,0,0,1,26,1,1,0,0,0,0,2026
31770,Adam,Reynolds,Brisbane Broncos,Halfback,2026-05-02T00:00:00Z,129990905,12999,9,away,0,0,0,0,0,0,0,0,9,157,5,14,0,0,0,0,0,0,0,0,0,0,0,10,0,2,0,0,0,1,2026
31771,Aidan,Sezer,Canberra Raiders,Halfback,2019-09-27T00:00:00Z,106850301,10685,3,home,0,0,0,0,0,0,1,1,30,152,6,40,3,0,2,20,0,13,0,0,0,0,2,15,1,4,0,0,2,0,2019
31771,Aidan,Sezer,Canberra Raiders,Halfback,2019-10-06T00:00:00Z,106850401,10685,4,away,0,0,0,0,0,0,0,1,26,288,7,36,5,0,5,28,0,28,0,0,0,2,3,17,0,4,0,0,0,1,2019
31771,Aidan,Sezer,Wests Tigers,Interchange,2024-03-16T00:00:00Z,124450204,12445,2,away,0,0,0,0,0,0,0,0,13,47,3,17,1,0,1,8,0,8,4,0,0,1,1,11,0,1,0,0,0,2,2024
31771,Aidan,Sezer,Wests Tigers,Halfback,2024-03-23T00:00:00Z,124450306,12445,3,home,4,0,2,2,0,0,0,0,31,634,18,52,3,0,3,26,0,26,8,0,0,2,2,19,3,7,0,0,1,0,2024
31771,Aidan,Sezer,Wests Tigers,Halfback,2024-04-01T00:00:00Z,124450408,12445,4,away,1,0,0,0,0,0,1,1,25,423,11,39,1,0,1,7,0,7,3,0,0,0,1,19,5,3,0,0,0,1,2024
31771,Aidan,Sezer,Wests Tigers,Halfback,2024-04-06T00:00:00Z,124450506,12445,5,away,4,0,3,2,0,0,1,0,34,486,14,53,4,0,3,16,0,9,9,0,0,1,4,12,1,1,0,0,0,2,2024
31771,Aidan,Sezer,Wests Tigers,Halfback,2024-04-14T00:00:00Z,124450607,12445,6,home,0,0,0,0,0,0,0,0,41,376,11,56,10,0,10,69,0,69,11,0,0,1,3,27,1,1,0,0,1,0,2024
31771,Aidan,Sezer,Wests Tigers,Halfback,2024-04-20T00:00:00Z,124450704,12445,7,away,0,0,0,0,0,0,0,1,50,340,8,66,10,0,10,96,0,96,26,1,1,2,6,21,1,5,0,1,1,1,2024
31771,Aidan,Sezer,Wests Tigers,Halfback,2024-04-27T00:00:00Z,124450805,12445,8,home,2,0,2,1,0,0,0,1,36,373,10,50,7,0,7,51,0,51,10,1,0,2,3,23,3,3,0,0,0,1,2024
31771,Aidan,Sezer,Wests Tigers,Halfback,2024-05-04T00:00:00Z,124450904,12445,9,away,6,0,2,2,1,1,0,0,37,512,11,57,11,0,11,78,0,78,12,0,0,1,6,24,1,1,0,0,3,3,2024
31774,Anthony,Don,Gold Coast Titans,Wing,2020-07-10T00:00:00Z,110950902,11095,9,home,4,1,0,0,0,0,0,0,8,11,1,20,11,3,6,82,17,48,0,0,1,3,9,4,0,0,0,0,1,0,2020
31775,Ben,Hampton,North Queensland Cowboys,Halfback,2021-04-11T00:00:00Z,113550507,11355,5,away,0,0,0,0,0,0,1,0,17,357,10,33,6,0,5,80,0,75,22,0,0,4,6,11,1,7,0,0,1,0,2021
31786,Dale,Finucane,Melbourne Storm,Lock,2021-09-10T00:00:00Z,113560101,11356,1,home,0,0,0,0,0,0,0,0,2,0,0,16,15,15,0,115,115,0,34,1,0,3,13,18,2,4,0,0,0,0,2021
31786,Dale,Finucane,Melbourne Storm,Lock,2021-09-25T00:00:00Z,113560302,11356,3,home,0,0,0,0,0,0,0,0,7,0,0,26,17,17,0,137,137,0,44,1,0,3,17,38,1,6,0,0,0,1,2021
31786,Dale,Finucane,Cronulla-Sutherland Sharks,Lock,2023-03-10T00:00:00Z,120670202,12067,2,away,0,0,0,0,0,0,0,0,5,0,0,19,15,12,3,135,117,18,34,0,0,2,13,42,1,1,0,0,1,0,2023
31786,Dale,Finucane,Cronulla-Sutherland Sharks,Lock,2023-03-19T00:00:00Z,120670308,12067,3,away,0,0,0,0,0,0,0,0,5,0,0,14,9,9,0,95,95,0,31,1,0,0,8,36,0,0,0,0,0,0,2023
31786,Dale,Finucane,Cronulla-Sutherland Sharks,Lock,2023-03-26T00:00:00Z,120670408,12067,4,away,0,0,0,0,0,0,0,0,5,0,0,16,11,9,2,86,70,16,24,1,0,1,10,28,2,1,0,0,0,0,2023
31786,Dale,Finucane,Cronulla-Sutherland Sharks,Lock,2023-04-02T00:00:00Z,120670507,12067,5,home,0,0,0,0,0,0,0,0,4,0,0,18,13,7,6,136,68,69,49,0,0,1,13,27,0,2,0,0,0,1,2023
31786,Dale,Finucane,Cronulla-Sutherland Sharks,Interchange,2024-03-08T00:00:00Z,124450104,12445,1,away,0,0,0,0,0,0,0,0,0,0,0,4,3,2,1,20,12,8,4,0,0,0,3,10,0,0,0,0,1,0,2024
31786,Dale,Finucane,Cronulla-Sutherland Sharks,Interchange,2024-03-15T00:00:00Z,124450202,12445,2,home,0,0,0,0,0,0,0,0,6,0,0,19,14,10,4,130,91,38,55,0,0,1,13,26,1,0,0,0,1,0,2024
31786,Dale,Finucane,Cronulla-Sutherland Sharks,Interchange,2024-03-23T00:00:00Z,124450306,12445,3,away,0,0,0,0,0,0,0,0,0,0,0,4,4,3,1,32,23,10,10,0,0,1,4,19,1,0,0,0,0,0,2024
31793,Jack,Wighton,South Sydney Rabbitohs,Centre,2024-03-22T00:00:00Z,124450303,12445,3,away,0,0,0,0,0,0,0,1,6,0,0,23,17,4,12,164,25,133,59,0,0,5,16,7,1,1,0,0,1,0,2024
31793,Jack,Wighton,South Sydney Rabbitohs,Centre,2024-03-29T00:00:00Z,124450402,12445,4,home,8,2,0,0,0,0,0,1,6,0,0,18,13,6,7,146,42,104,27,1,2,4,8,17,2,2,1,0,2,0,2024
31793,Jack,Wighton,South Sydney Rabbitohs,Centre,2024-04-06T00:00:00Z,124450504,12445,5,home,0,0,0,0,0,0,1,1,6,11,1,26,18,4,13,160,36,123,53,0,2,1,17,6,0,0,0,0,2,0,2024
31793,Jack,Wighton,South Sydney Rabbitohs,Centre,2024-04-13T00:00:00Z,124450606,12445,6,home,0,0,0,0,0,0,0,0,5,0,0,25,19,9,7,167,71,65,61,0,0,4,19,7,0,3,0,0,2,0,2024
31793,Jack,Wighton,South Sydney Rabbitohs,Centre,2024-04-25T00:00:00Z,124450803,12445,8,away,0,0,0,0,0,0,0,0,11,21,1,24,15,4,9,144,34,85,55,0,1,4,12,14,3,4,0,0,0,2,2024
31793,Jack,Wighton,South Sydney Rabbitohs,Centre,2024-05-02T00:00:00Z,124450901,12445,9,home,0,0,0,0,0,0,0,0,15,98,3,27,12,0,10,94,0,86,38,0,0,7,8,14,0,2,0,0,1,0,2024
31793,Jack,Wighton,South Sydney Rabbitohs,Centre,2025-03-07T00:00:00Z,127550105,12755,1,home,0,0,0,0,0,0,1,1,8,0,0,23,13,10,3,104,75,29,38,0,0,1,14,17,2,3,0,0,0,2,2025
31793,Jack,Wighton,South Sydney Rabbitohs,Centre,2025-03-22T00:00:00Z,127550304,12755,3,away,4,1,0,0,0,0,0,0,6,40,1,18,7,0,7,45,0,45,13,1,0,0,6,9,0,1,0,0,3,0,2025
31793,Jack,Wighton,South Sydney Rabbitohs,Centre,2025-03-27T00:00:00Z,127550401,12755,4,home,0,0,0,0,0,0,1,2,8,0,0,24,16,9,5,105,61,33,36,0,0,1,15,10,1,3,0,0,2,0,2025
31793,Jack,Wighton,South Sydney Rabbitohs,Centre,2025-04-04T00:00:00Z,127550503,12755,5,home,0,0,0,0,0,0,0,0,3,0,0,16,12,5,6,101,43,47,27,0,0,1,13,11,1,1,0,0,0,1,2025
31793,Jack,Wighton,South Sydney Rabbitohs,Centre,2025-04-12T00:00:00Z,127550605,12755,6,home,0,0,0,0,0,0,0,0,2,0,0,18,11,1,10,91,9,82,26,0,0,1,13,19,0,0,1,0,3,1,2025
31793,Jack,Wighton,South Sydney Rabbitohs,Centre,2025-04-18T00:00:00Z,127550702,12755,7,away,0,0,0,0,0,0,0,0,11,30,1,25,10,1,8,62,8,54,19,0,0,1,10,19,0,1,0,0,4,0,2025
31793,Jack,Wighton,South Sydney Rabbitohs,Centre,2025-04-25T00:00:00Z,127550804,12755,8,away,8,2,0,0,0,0,0,1,8,109,3,27,18,3,15,147,16,130,37,1,2,5,13,13,2,2,0,0,1,0,2025
31793,Jack,Wighton,South Sydney Rabbitohs,Centre,2026-03-08T00:00:00Z,129990108,12999,1,away,0,0,0,0,0,0,1,1,8,2,1,19,11,3,8,76,17,60,27,0,0,1,10,18,3,3,0,0,0,0,2026
31793,Jack,Wighton,South Sydney Rabbitohs,Centre,2026-03-13T00:00:00Z,129990203,12999,2,away,0,0,0,0,0,0,1,0,5,15,1,13,8,3,4,56,20,29,13,0,0,2,7,14,0,2,1,0,0,0,2026
31793,Jack,Wighton,South Sydney Rabbitohs,Centre,2026-03-21T00:00:00Z,129990306,12999,3,home,4,1,0,0,0,0,0,0,4,36,1,17,11,4,7,101,35,67,38,0,1,3,9,11,2,2,0,0,2,1,2026
31793,Jack,Wighton,South Sydney Rabbitohs,Centre,2026-04-03T00:00:00Z,129990502,12999,5,home,0,0,0,0,0,0,0,0,5,0,0,16,11,6,5,75,43,32,16,1,0,0,10,9,3,2,0,0,1,0,2026
31793,Jack,Wighton,South Sydney Rabbitohs,Centre,2026-04-11T00:00:00Z,129990604,12999,6,home,4,1,0,0,0,0,0,1,5,0,0,20,13,2,10,123,20,102,30,1,0,2,11,13,1,1,0,0,2,0,2026
31793,Jack,Wighton,South Sydney Rabbitohs,Centre,2026-04-18T00:00:00Z,129990705,12999,7,home,0,0,0,0,0,0,0,0,6,0,0,22,16,6,9,131,48,75,40,0,0,1,16,7,2,1,0,0,1,0,2026
31793,Jack,Wighton,South Sydney Rabbitohs,Centre,2026-04-25T00:00:00Z,129990806,12999,8,away,0,0,0,0,0,0,1,1,5,0,0,15,12,1,10,103,7,93,19,0,1,0,10,14,1,4,0,0,0,0,2026
31793,Jack,Wighton,South Sydney Rabbitohs,Centre,2026-05-03T00:00:00Z,129990906,12999,9,away,0,0,0,0,0,0,0,0,0,0,0,4,4,1,3,31,10,21,12,0,0,0,3,4,1,0,0,0,1,0,2026
31797,Jarrod,Wallace,Gold Coast Titans,Interchange,2022-04-16T00:00:00Z,116880604,11688,6,away,0,0,0,0,0,0,0,0,6,0,1,12,7,4,2,63,34,18,18,0,0,0,5,22,0,1,0,0,0,0,2022
31799,Jordan,McLean,Melbourne Storm,Prop,2017-10-01T00:00:00Z,100960401,10096,4,home,0,0,0,0,0,0,0,0,1,0,0,10,9,8,0,83,74,0,0,1,0,1,8,28,0,0,0,0,0,0,2017
31799,Jordan,McLean,North Queensland Cowboys,Prop,2025-03-08T00:00:00Z,127550107,12755,1,away,0,0,0,0,0,0,0,0,3,0,0,9,6,5,0,53,42,0,17,0,0,0,6,29,0,0,0,0,0,0,2025
31799,Jordan,McLean,North Queensland Cowboys,Prop,2025-03-15T00:00:00Z,127550205,12755,2,home,0,0,0,0,0,0,0,0,1,0,0,12,11,8,3,83,64,18,32,0,0,0,11,21,1,0,0,0,0,0,2025
31804,Kenny,Bromwich,Melbourne Storm,Interchange,2018-09-21T00:00:00Z,104130301,10413,3,home,0,0,0,0,0,0,0,0,4,0,0,10,7,7,0,53,53,0,0,0,0,1,6,15,0,0,0,0,0,1,2018
31804,Kenny,Bromwich,Melbourne Storm,Interchange,2018-09-30T00:00:00Z,104130401,10413,4,away,0,0,0,0,0,0,0,0,2,0,0,10,9,6,2,86,49,21,0,0,0,0,8,29,0,1,0,0,0,0,2018
31804,Kenny,Bromwich,Melbourne Storm,Second Row,2022-03-12T00:00:00Z,116880106,11688,1,away,0,0,0,0,0,0,0,0,3,0,0,6,5,0,5,35,0,35,8,0,0,0,3,39,2,0,0,0,0,0,2022
31816,Michael,Chee Kam,South Sydney Rabbitohs,Interchange,2022-09-24T00:00:00Z,116890302,11689,3,away,0,0,0,0,0,0,0,0,1,0,0,6,6,3,3,36,25,11,12,1,0,0,4,7,0,0,0,0,0,0,2022
31816,Michael,Chee Kam,South Sydney Rabbitohs,Second Row,2023-03-04T00:00:00Z,120670106,12067,1,away,0,0,0,0,0,0,0,0,0,0,0,10,10,8,1,87,70,8,40,0,0,1,10,34,0,3,0,0,0,2,2023
31816,Michael,Chee Kam,South Sydney Rabbitohs,Second Row,2023-03-09T00:00:00Z,120670201,12067,2,away,0,0,0,0,0,0,0,0,1,15,1,16,12,9,3,96,71,25,23,1,0,0,11,32,1,6,0,0,2,0,2023
31816,Michael,Chee Kam,South Sydney Rabbitohs,Second Row,2023-03-17T00:00:00Z,120670303,12067,3,away,0,0,0,0,0,0,0,0,0,0,0,11,11,8,3,92,68,24,37,0,0,0,10,41,2,2,0,0,1,0,2023
31816,Michael,Chee Kam,South Sydney Rabbitohs,Prop,2023-03-25T00:00:00Z,120670405,12067,4,home,0,0,0,0,0,0,0,0,0,0,0,12,12,8,4,101,76,25,36,0,0,0,11,36,1,3,0,0,1,0,2023
31816,Michael,Chee Kam,South Sydney Rabbitohs,Interchange,2023-03-31T00:00:00Z,120670503,12067,5,home,0,0,0,0,0,0,0,0,0,0,0,12,11,7,3,94,59,23,27,1,0,4,10,19,2,0,0,0,1,0,2023
31816,Michael,Chee Kam,South Sydney Rabbitohs,Interchange,2023-04-07T00:00:00Z,120670602,12067,6,away,0,0,0,0,0,0,0,0,0,0,0,0,0,0,0,0,0,0,0,0,0,0,0,0,0,0,0,0,0,0,2023
31816,Michael,Chee Kam,South Sydney Rabbitohs,Second Row,2023-04-20T00:00:00Z,120670801,12067,8,home,0,0,0,0,0,0,0,0,1,0,0,13,12,8,3,93,69,18,38,0,0,2,12,38,2,2,0,0,1,0,2023
31816,Michael,Chee Kam,South Sydney Rabbitohs,Second Row,2023-04-28T00:00:00Z,120670903,12067,9,away,0,0,0,0,0,0,0,0,0,0,0,9,9,7,2,81,69,12,32,0,0,1,9,29,2,3,0,0,0,0,2023
31816,Michael,Chee Kam,South Sydney Rabbitohs,Interchange,2024-03-14T00:00:00Z,124450201,12445,2,away,0,0,0,0,0,0,0,0,0,0,0,0,0,0,0,0,0,0,0,0,0,0,0,0,0,0,0,0,0,0,2024
31835,Siosiua,Taukeiaho,Sydney Roosters,Interchange,2017-09-08T00:00:00Z,100960101,10096,1,home,0,0,0,0,0,0,0,0,1,0,0,12,11,10,1,90,87,4,0,1,0,0,10,11,0,1,0,0,0,0,2017
31835,Siosiua,Taukeiaho,Manly-Warringah Sea Eagles,Prop,2026-03-07T00:00:00Z,129990107,12999,1,home,0,0,0,0,0,0,0,0,0,0,0,8,8,5,1,55,41,2,15,0,0,0,8,2,0,0,0,0,0,0,2026
31835,Siosiua,Taukeiaho,Manly-Warringah Sea Eagles,Interchange,2026-04-16T00:00:00Z,129990701,12999,7,away,0,0,0,0,0,0,0,0,1,0,0,14,13,13,0,112,112,0,48,0,0,0,13,16,1,5,0,0,0,0,2026
31835,Siosiua,Taukeiaho,Manly-Warringah Sea Eagles,Interchange,2026-04-26T00:00:00Z,129990808,12999,8,home,0,0,0,0,0,0,0,0,3,0,0,18,15,10,3,115,67,25,51,1,0,1,14,18,2,0,0,0,0,0,2026
31835,Siosiua,Taukeiaho,Manly-Warringah Sea Eagles,Interchange,2026-05-03T00:00:00Z,129990908,12999,9,away,0,0,0,0,0,0,0,0,2,0,0,20,16,12,3,130,97,24,56,1,0,0,16,35,0,1,0,0,1,0,2026
31835,Siosiua,Taukeiaho,Manly-Warringah Sea Eagles,Interchange,2026-05-09T00:00:00Z,129991006,12999,10,home,4,1,0,0,0,0,0,0,0,0,0,12,12,7,3,116,65,24,50,0,1,3,11,11,0,0,0,0,0,1,2026
31836,Slade,Griffin,Melbourne Storm,Interchange,2017-09-22T00:00:00Z,100960301,10096,3,home,0,0,0,0,0,0,0,0,7,0,0,11,4,1,1,55,11,14,0,0,0,0,4,3,1,0,0,0,0,0,2017
31840,Tyrone,Peachey,Penrith Panthers,Interchange,2023-03-31T00:00:00Z,120670502,12067,5,away,4,1,0,0,0,0,0,0,36,0,0,40,4,0,0,34,0,0,9,1,1,2,2,5,0,1,0,0,0,0,2023
31840,Tyrone,Peachey,Penrith Panthers,Interchange,2023-04-08T00:00:00Z,120670604,12067,6,home,0,0,0,0,0,0,0,0,0,0,0,0,0,0,0,0,0,0,0,0,0,0,0,0,0,0,0,0,0,0,2023
31840,Tyrone,Peachey,Penrith Panthers,Centre,2023-04-29T00:00:00Z,120670906,12067,9,home,4,1,0,0,0,0,0,0,2,15,1,20,13,7,5,64,42,21,32,0,0,2,15,13,0,3,0,0,0,2,2023
31840,Tyrone,Peachey,Penrith Panthers,Interchange,2023-09-09T00:00:00Z,120680102,12068,1,home,0,0,0,0,0,0,0,0,43,0,0,44,1,0,1,6,0,6,1,0,0,0,1,17,3,1,0,0,0,0,2023
31840,Tyrone,Peachey,Penrith Panthers,Interchange,2023-09-22T00:00:00Z,120680301,12068,3,home,0,0,0,0,0,0,0,0,0,0,0,0,0,0,0,0,0,0,0,0,0,0,0,0,0,0,0,0,0,0,2023
31840,Tyrone,Peachey,Penrith Panthers,Interchange,2023-10-01T00:00:00Z,120680401,12068,4,home,0,0,0,0,0,0,0,0,0,0,0,0,0,0,0,0,0,0,0,0,0,0,0,0,0,0,0,0,0,0,2023
31840,Tyrone,Peachey,Penrith Panthers,Interchange,2024-05-02T00:00:00Z,124450901,12445,9,away,0,0,0,0,0,0,0,0,0,0,0,0,0,0,0,0,0,0,0,0,0,0,0,0,0,0,0,0,0,0,2024
31844,Will,Smith,Parramatta Eels,Interchange,2020-10-03T00:00:00Z,110960103,11096,1,away,0,0,0,0,0,0,0,0,5,0,0,9,4,0,4,34,0,34,0,0,0,1,4,5,1,0,0,0,0,0,2020
31844,Will,Smith,Parramatta Eels,Interchange,2020-10-10T00:00:00Z,110960202,11096,2,home,0,0,0,0,0,0,0,0,13,0,0,15,2,0,1,9,0,0,0,0,0,1,2,7,0,1,0,0,0,0,2020
31846,Isaac,Liu,Gold Coast Titans,Lock,2023-04-09T00:00:00Z,120670606,12067,6,home,0,0,0,0,0,0,1,1,8,0,0,13,5,3,2,52,27,25,27,0,0,2,5,23,2,5,0,0,0,0,2023
31846,Isaac,Liu,Gold Coast Titans,Lock,2024-03-09T00:00:00Z,124450107,12445,1,home,0,0,0,0,0,0,0,0,1,0,0,7,6,6,0,48,48,0,15,0,0,0,6,14,0,1,0,0,0,0,2024
31849,James,Tedesco,Sydney Roosters,Fullback,2023-03-05T00:00:00Z,120670107,12067,1,away,0,0,0,0,0,0,1,1,5,12,1,22,14,0,11,150,0,106,64,0,1,2,14,3,2,2,0,0,2,1,2023
31849,James,Tedesco,Sydney Roosters,Fullback,2023-03-11T00:00:00Z,120670204,12067,2,home,0,0,0,0,0,0,1,1,4,0,0,26,19,0,10,195,0,66,73,1,0,4,19,3,1,0,1,0,2,0,2023
31849,James,Tedesco,Sydney Roosters,Fullback,2023-04-30T00:00:00Z,120670907,12067,9,away,0,0,0,0,0,0,0,0,16,30,2,35,17,0,9,173,0,85,69,1,1,6,16,6,0,0,0,0,0,0,2023
31849,James,Tedesco,Sydney Roosters,Fullback,2024-03-03T00:00:00Z,124450102,12445,1,home,0,0,0,0,0,0,1,0,13,0,0,30,18,0,14,190,0,135,78,0,1,7,17,5,0,0,0,0,0,1,2024
31849,James,Tedesco,Sydney Roosters,Fullback,2024-05-03T00:00:00Z,124450903,12445,9,away,0,0,0,0,0,0,2,2,17,29,2,39,18,0,10,265,0,161,119,0,2,11,20,3,0,1,0,0,1,0,2024
31849,James,Tedesco,Sydney Roosters,Fullback,2025-04-11T00:00:00Z,127550603,12755,6,away,0,0,0,0,0,0,1,0,17,15,1,37,19,0,10,210,0,137,63,1,1,7,17,3,1,0,0,0,1,0,2025
31849,James,Tedesco,Sydney Roosters,Fullback,2025-04-25T00:00:00Z,127550802,12755,8,home,8,2,0,0,0,0,1,0,14,12,1,34,20,0,14,229,0,136,64,1,2,6,14,4,0,0,0,0,2,0,2025
31849,James,Tedesco,Sydney Roosters,Fullback,2025-05-02T00:00:00Z,127550902,12755,9,home,0,0,0,0,0,0,2,2,15,27,2,39,18,0,11,270,0,200,146,4,2,10,17,2,0,1,0,0,1,0,2025
31849,James,Tedesco,Sydney Roosters,Fullback,2026-05-16T00:00:00Z,129991104,12999,11,home,0,0,0,0,0,0,0,0,21,19,1,37,18,0,10,179,0,94,38,0,0,3,13,2,0,1,0,0,2,0,2026
31853,Josh,Mansour,Penrith Panthers,Wing,2017-09-09T00:00:00Z,100960103,10096,1,away,0,0,0,0,0,0,0,0,1,0,0,26,24,8,10,225,79,91,0,3,0,5,21,12,0,1,0,0,1,1,2017
31853,Josh,Mansour,Penrith Panthers,Wing,2017-09-15T00:00:00Z,100960201,10096,2,away,0,0,0,0,0,0,0,0,5,18,1,27,22,7,8,188,74,49,0,4,0,10,17,7,2,3,0,0,0,0,2017
31853,Josh,Mansour,South Sydney Rabbitohs,Wing,2022-04-09T00:00:00Z,116880505,11688,5,home,0,0,0,0,0,0,0,0,3,0,0,17,13,2,7,104,13,63,47,0,0,4,14,9,1,3,0,0,1,0,2022
31853,Josh,Mansour,South Sydney Rabbitohs,Wing,2022-04-15T00:00:00Z,116880602,11688,6,home,0,0,0,0,0,0,0,0,1,0,0,11,7,4,2,55,39,16,26,0,0,3,8,5,0,3,0,1,3,1,2022
31853,Josh,Mansour,South Sydney Rabbitohs,Wing,2022-04-23T00:00:00Z,116880704,11688,7,away,4,1,0,0,0,0,0,1,1,0,0,16,14,10,3,124,95,25,52,3,0,3,11,12,0,1,0,0,1,1,2022
31853,Josh,Mansour,South Sydney Rabbitohs,Wing,2022-04-29T00:00:00Z,116880803,11688,8,home,0,0,0,0,0,0,0,0,4,0,0,21,17,8,5,185,61,94,48,0,0,4,17,6,0,3,0,0,3,1,2022
31854,Edrick,Lee,Newcastle Knights,Wing,2022-05-07T00:00:00Z,116880906,11688,9,away,0,0,0,0,0,0,0,0,1,0,0,10,8,4,4,64,31,33,24,0,0,2,8,2,0,0,0,0,1,0,2022
31860,Roger,Tuivasa-Sheck,Warriors,Wing,2025-03-02T00:00:00Z,127550101,12755,1,away,4,1,0,0,0,0,0,0,2,0,0,29,23,0,18,210,0,160,69,0,1,3,24,3,1,1,0,0,2,0,2025
31860,Roger,Tuivasa-Sheck,Warriors,Wing,2025-03-14T00:00:00Z,127550202,12755,2,home,4,1,0,0,0,0,0,0,2,0,0,24,18,2,14,152,15,109,64,0,1,6,19,6,1,2,0,0,2,2,2025
31860,Roger,Tuivasa-Sheck,Warriors,Wing,2025-03-21T00:00:00Z,127550302,12755,3,home,0,0,0,0,0,0,0,0,4,0,0,19,13,2,9,114,17,79,39,0,0,3,15,7,0,1,0,0,0,0,2025
31860,Roger,Tuivasa-Sheck,Warriors,Wing,2026-03-06T00:00:00Z,129990104,12999,1,home,0,0,0,0,0,0,2,1,11,30,1,28,15,0,13,135,0,112,46,1,1,0,13,10,0,2,0,0,2,0,2026
31860,Roger,Tuivasa-Sheck,Warriors,Wing,2026-03-13T00:00:00Z,129990202,12999,2,home,2,0,1,1,0,0,0,0,3,0,0,27,22,0,22,208,0,208,70,0,0,0,22,1,1,0,0,0,2,0,2026
31860,Roger,Tuivasa-Sheck,Warriors,Wing,2026-03-21T00:00:00Z,129990304,12999,3,away,0,0,0,0,0,0,0,0,6,0,0,25,18,2,12,162,17,110,56,0,0,3,19,2,0,0,0,0,0,0,2026
31860,Roger,Tuivasa-Sheck,Warriors,Wing,2026-03-27T00:00:00Z,129990402,12999,4,home,0,0,0,0,0,0,0,0,7,0,0,23,16,0,12,147,0,92,31,0,0,0,16,5,1,1,0,0,1,0,2026
31860,Roger,Tuivasa-Sheck,Warriors,Wing,2026-04-05T00:00:00Z,129990506,12999,5,away,0,0,0,0,0,0,0,0,5,0,0,21,16,0,14,121,0,100,65,0,0,3,14,2,0,3,0,0,2,0,2026
31860,Roger,Tuivasa-Sheck,Warriors,Centre,2026-04-11T00:00:00Z,129990606,12999,6,away,4,1,0,0,0,0,0,0,5,0,0,25,19,8,11,158,61,97,47,0,1,5,18,11,0,2,1,1,2,0,2026
31860,Roger,Tuivasa-Sheck,Warriors,Centre,2026-04-18T00:00:00Z,129990704,12999,7,home,0,0,0,0,0,0,2,2,4,20,1,18,15,2,12,143,15,119,49,1,0,2,12,9,2,2,0,0,0,0,2026
31860,Roger,Tuivasa-Sheck,Warriors,Centre,2026-04-25T00:00:00Z,129990805,12999,8,home,0,0,0,0,0,0,1,1,4,0,0,17,13,0,12,98,0,95,32,1,0,4,12,8,1,3,0,0,1,0,2026
31860,Roger,Tuivasa-Sheck,Warriors,Centre,2026-05-02T00:00:00Z,129990904,12999,9,away,4,1,0,0,0,0,0,0,4,0,0,22,17,0,16,204,0,197,64,0,2,4,15,10,0,1,0,0,2,1,2026
31860,Roger,Tuivasa-Sheck,Warriors,Centre,2026-05-23T07:30:00Z,129991203,12999,12,away,0,0,0,0,0,0,0,0,0,0,0,2,2,0,2,21,0,21,7,0,0,0,2,2,0,1,0,0,0,0,2026
31865,Tom,Eisenhuth,Melbourne Storm,Interchange,2023-09-22T00:00:00Z,120680301,12068,3,away,0,0,0,0,0,0,0,0,2,0,0,9,6,5,1,44,38,6,18,2,0,0,5,24,2,2,0,0,0,0,2023
31867,Daniel,Tupou,Sydney Roosters,Wing,2018-09-22T00:00:00Z,104130302,10413,3,home,4,1,0,0,0,0,0,0,0,0,0,21,20,10,5,154,66,36,0,1,1,1,18,6,1,1,0,0,1,0,2018
31867,Daniel,Tupou,Sydney Roosters,Wing,2018-09-30T00:00:00Z,104130401,10413,4,home,4,1,0,0,0,0,0,0,0,0,0,19,18,10,4,181,80,48,0,0,1,2,18,4,0,1,0,0,0,0,2018
31868,David,Klemmer,Wests Tigers,Prop,2023-03-05T00:00:00Z,120670108,12067,1,home,0,0,0,0,0,0,0,0,11,0,0,28,16,16,0,150,150,0,49,2,0,1,15,34,0,1,0,0,0,0,2023
31868,David,Klemmer,Wests Tigers,Prop,2023-03-12T00:00:00Z,120670207,12067,2,home,0,0,0,0,0,0,0,0,6,0,0,17,11,11,0,94,94,0,33,0,0,0,11,31,1,0,0,0,0,0,2023
31868,David,Klemmer,Wests Tigers,Prop,2023-03-19T00:00:00Z,120670307,12067,3,away,0,0,0,0,0,0,0,0,4,0,0,17,15,12,0,174,126,0,81,0,1,3,13,25,0,1,0,0,0,1,2023
31868,David,Klemmer,Wests Tigers,Prop,2023-03-24T00:00:00Z,120670402,12067,4,away,0,0,0,0,0,0,0,0,5,0,0,19,15,12,0,123,90,0,46,1,0,2,13,35,0,0,0,0,0,0,2023
31868,David,Klemmer,Wests Tigers,Prop,2023-04-01T00:00:00Z,120670506,12067,5,away,0,0,0,0,0,0,0,0,2,0,0,17,15,14,0,134,119,0,47,3,0,1,12,20,0,0,0,0,0,1,2023
31868,David,Klemmer,Wests Tigers,Prop,2023-04-10T00:00:00Z,120670608,12067,6,home,0,0,0,0,0,0,0,0,6,0,0,25,17,15,0,162,142,0,67,2,0,1,17,20,2,0,0,0,0,0,2023
31868,David,Klemmer,Wests Tigers,Prop,2023-04-23T00:00:00Z,120670806,12067,8,home,0,0,0,0,0,0,0,0,8,0,0,22,15,11,2,146,98,16,47,1,0,4,13,26,0,0,0,0,0,1,2023
31868,David,Klemmer,Wests Tigers,Prop,2023-04-29T00:00:00Z,120670906,12067,9,away,0,0,0,0,0,0,0,0,3,0,0,27,23,21,2,187,173,14,87,2,0,0,21,24,0,0,0,0,1,0,2023
31869,Leilani,Latu,Penrith Panthers,Prop,2016-09-11T00:00:00Z,98680104,9868,1,home,0,0,0,0,0,0,0,0,3,0,0,11,8,8,0,77,77,0,0,0,0,0,8,34,2,1,0,0,0,0,2016
31869,Leilani,Latu,Penrith Panthers,Prop,2016-09-17T00:00:00Z,98680202,9868,2,away,0,0,0,0,0,0,0,0,0,0,0,9,9,7,2,75,63,12,0,1,0,0,8,33,1,5,0,0,1,1,2016
31874,Felise,Kaufusi,Melbourne Storm,Second Row,2022-04-16T00:00:00Z,116880605,11688,6,home,0,0,0,0,0,0,0,0,5,0,0,17,13,7,6,112,65,47,41,0,0,1,12,31,0,3,1,0,0,2,2022
31874,Felise,Kaufusi,Dolphins,Prop,2025-03-07T00:00:00Z,127550105,12755,1,away,0,0,0,0,0,0,0,0,4,0,0,9,5,5,0,39,39,0,17,0,0,0,5,30,0,4,0,0,0,1,2025
31874,Felise,Kaufusi,Dolphins,Interchange,2026-03-08T00:00:00Z,129990108,12999,1,home,0,0,0,0,0,0,0,0,1,0,0,6,5,2,0,48,16,0,14,0,0,0,5,19,1,1,0,0,0,0,2026
31874,Felise,Kaufusi,Dolphins,Interchange,2026-03-15T00:00:00Z,129990208,12999,2,home,0,0,0,0,0,0,0,0,0,0,0,4,4,3,0,52,34,0,20,0,0,0,4,24,0,0,0,0,0,0,2026
31874,Felise,Kaufusi,Dolphins,Prop,2026-03-21T00:00:00Z,129990305,12999,3,away,0,0,0,0,0,0,0,0,4,0,0,12,8,6,0,80,62,0,20,0,0,1,8,20,0,1,0,0,0,1,2026
31874,Felise,Kaufusi,Dolphins,Prop,2026-03-27T00:00:00Z,129990403,12999,4,away,0,0,0,0,0,0,0,0,1,0,0,8,7,6,1,60,54,7,25,0,0,0,7,26,0,2,0,0,0,0,2026
31874,Felise,Kaufusi,Dolphins,Prop,2026-04-02T00:00:00Z,129990501,12999,5,home,0,0,0,0,0,0,0,0,0,0,0,2,2,1,1,26,14,12,11,1,0,1,1,21,0,1,0,0,0,1,2026
31874,Felise,Kaufusi,Dolphins,Interchange,2026-04-17T00:00:00Z,129990703,12999,7,home,0,0,0,0,0,0,0,0,0,0,0,5,5,4,1,43,36,6,15,0,0,1,5,8,1,0,0,0,0,0,2026
31874,Felise,Kaufusi,Dolphins,Interchange,2026-04-25T00:00:00Z,129990805,12999,8,away,0,0,0,0,0,0,0,0,2,0,0,7,5,1,4,42,6,36,15,0,0,0,5,20,0,2,0,0,1,0,2026
31874,Felise,Kaufusi,Dolphins,Interchange,2026-05-01T00:00:00Z,129990902,12999,9,home,0,0,0,0,0,0,0,0,0,0,0,9,9,5,4,63,35,28,20,0,0,0,9,7,0,0,0,0,0,0,2026
31874,Felise,Kaufusi,Dolphins,Interchange,2026-05-07T00:00:00Z,129991001,12999,10,home,0,0,0,0,0,0,0,0,0,0,0,6,6,5,0,38,25,0,14,0,0,0,6,6,0,1,0,0,0,0,2026
31874,Felise,Kaufusi,Dolphins,Prop,2026-05-21T09:50:00Z,129991201,12999,12,away,0,0,0,0,0,0,1,1,2,0,0,10,8,5,0,77,32,0,22,1,0,0,7,11,0,0,0,0,0,0,2026
31881,Jahrome,Hughes,Melbourne Storm,Halfback,2023-03-02T00:00:00Z,120670101,12067,1,away,0,0,0,0,0,0,0,0,22,414,9,41,12,0,11,91,0,75,20,1,0,3,8,18,1,4,0,0,2,0,2023
31881,Jahrome,Hughes,Melbourne Storm,Halfback,2023-03-11T00:00:00Z,120670206,12067,2,home,4,1,0,0,0,0,0,2,29,545,14,56,12,0,12,89,0,89,31,3,2,5,8,13,1,4,0,0,1,3,2023
31881,Jahrome,Hughes,Melbourne Storm,Halfback,2024-03-08T00:00:00Z,124450105,12445,1,home,0,0,0,0,0,0,0,0,25,666,13,45,10,0,10,80,0,80,17,1,1,2,6,22,0,7,0,0,0,1,2024
31881,Jahrome,Hughes,Melbourne Storm,Halfback,2024-03-16T00:00:00Z,124450206,12445,2,home,0,0,0,0,0,0,2,0,24,358,9,39,10,0,8,118,0,96,52,0,2,7,6,15,0,3,1,0,0,0,2024
31881,Jahrome,Hughes,Melbourne Storm,Halfback,2024-04-04T00:00:00Z,124450501,12445,5,home,4,1,0,0,0,0,2,1,31,385,14,53,9,0,7,98,0,66,18,0,1,1,7,16,1,0,0,0,0,0,2024
31881,Jahrome,Hughes,Melbourne Storm,Halfback,2024-04-12T00:00:00Z,124450602,12445,6,home,0,0,0,0,0,0,0,0,29,395,12,50,10,0,8,124,0,104,41,0,2,4,8,9,1,6,0,0,1,0,2024
31881,Jahrome,Hughes,Melbourne Storm,Halfback,2024-04-18T00:00:00Z,124450701,12445,7,away,4,1,0,0,0,0,0,2,32,696,17,53,5,0,5,48,0,48,16,0,1,5,3,28,0,2,0,0,0,0,2024
31881,Jahrome,Hughes,Melbourne Storm,Halfback,2024-04-25T00:00:00Z,124450803,12445,8,home,0,0,0,0,0,0,2,3,26,314,9,39,9,0,9,75,0,75,16,1,0,1,3,18,1,2,1,0,0,0,2024
31881,Jahrome,Hughes,Melbourne Storm,Halfback,2024-05-04T00:00:00Z,124450905,12445,9,away,0,0,0,0,0,0,0,0,26,312,8,41,8,0,8,58,0,58,10,0,0,0,7,11,2,2,0,0,0,0,2024
31881,Jahrome,Hughes,Melbourne Storm,Halfback,2024-09-27T00:00:00Z,124460301,12446,3,home,12,3,0,0,0,0,1,1,16,488,13,37,8,0,8,72,0,72,17,0,2,5,4,21,0,2,0,0,1,1,2024
31881,Jahrome,Hughes,Melbourne Storm,Halfback,2024-10-06T00:00:00Z,124460401,12446,4,home,0,0,0,0,0,0,0,0,29,631,18,56,14,0,13,111,0,100,27,0,0,1,9,19,1,5,0,0,1,0,2024
31881,Jahrome,Hughes,Melbourne Storm,Halfback,2025-03-09T00:00:00Z,127550108,12755,1,home,4,1,0,0,0,0,1,2,26,356,7,39,7,0,7,41,0,41,5,1,0,1,3,12,0,2,0,0,1,0,2025
31881,Jahrome,Hughes,Melbourne Storm,Halfback,2025-03-20T00:00:00Z,127550301,12755,3,home,0,0,0,0,0,0,1,1,33,348,10,47,9,0,8,55,0,46,13,0,0,1,3,18,1,1,0,0,1,0,2025
31881,Jahrome,Hughes,Melbourne Storm,Halfback,2025-04-06T00:00:00Z,127550507,12755,5,away,0,0,0,0,0,0,3,3,27,309,7,43,12,0,11,115,0,105,42,0,1,2,7,16,2,3,1,0,1,1,2025
31881,Jahrome,Hughes,Melbourne Storm,Halfback,2025-04-13T00:00:00Z,127550607,12755,6,home,0,0,0,0,0,0,0,0,21,157,5,30,5,0,5,30,0,30,8,0,0,0,4,3,0,0,0,0,0,0,2025
31881,Jahrome,Hughes,Melbourne Storm,Halfback,2025-04-18T00:00:00Z,127550703,12755,7,away,0,0,0,0,0,0,2,1,37,300,10,49,5,0,5,40,0,40,5,0,0,0,1,15,2,4,0,0,1,0,2025
31881,Jahrome,Hughes,Melbourne Storm,Halfback,2025-04-25T00:00:00Z,127550804,12755,8,home,0,0,0,0,0,0,1,1,34,393,16,52,7,0,7,84,0,84,4,0,1,0,2,15,2,2,0,0,0,1,2025
31881,Jahrome,Hughes,Melbourne Storm,Halfback,2025-05-04T00:00:00Z,127550908,12755,9,home,0,0,0,0,0,0,0,1,20,610,15,42,9,0,9,78,0,78,22,2,0,1,4,10,3,4,0,0,1,1,2025
31881,Jahrome,Hughes,Melbourne Storm,Halfback,2025-10-05T00:00:00Z,127560401,12756,4,home,4,1,0,0,0,0,1,0,36,422,11,52,8,0,8,68,0,68,21,0,1,3,4,10,0,4,0,0,0,1,2025
31881,Jahrome,Hughes,Melbourne Storm,Halfback,2026-03-05T00:00:00Z,129990103,12999,1,home,0,0,0,0,0,0,3,3,43,194,8,58,11,0,10,86,0,81,33,0,0,2,7,14,2,5,0,0,0,1,2026
31881,Jahrome,Hughes,Melbourne Storm,Halfback,2026-03-14T00:00:00Z,129990205,12999,2,away,4,1,0,0,0,0,1,0,36,521,14,55,8,0,8,67,0,67,17,0,1,3,4,15,0,3,0,0,0,0,2026
31881,Jahrome,Hughes,Melbourne Storm,Halfback,2026-03-20T00:00:00Z,129990303,12999,3,home,0,0,0,0,0,0,1,5,36,352,10,53,15,0,14,134,0,124,26,1,0,3,6,17,2,3,0,0,0,1,2026
31881,Jahrome,Hughes,Melbourne Storm,Halfback,2026-03-28T00:00:00Z,129990406,12999,4,away,0,0,0,0,0,0,3,2,29,430,11,47,9,0,9,88,0,88,17,1,2,1,6,13,0,4,0,0,0,0,2026
31881,Jahrome,Hughes,Melbourne Storm,Halfback,2026-04-03T00:00:00Z,129990503,12999,5,away,0,0,0,0,0,0,1,1,32,494,12,50,6,0,6,46,0,46,14,0,0,1,6,16,1,4,0,0,0,0,2026
31881,Jahrome,Hughes,Melbourne Storm,Halfback,2026-04-11T00:00:00Z,129990606,12999,6,home,0,0,0,0,0,0,0,0,31,370,8,44,6,0,5,49,0,36,12,1,0,1,4,16,0,4,0,0,0,0,2026
31881,Jahrome,Hughes,Melbourne Storm,Halfback,2026-04-17T00:00:00Z,129990702,12999,7,away,0,0,0,0,0,0,2,2,39,366,10,55,11,0,11,119,0,119,60,1,1,6,5,14,3,4,0,0,0,0,2026
31881,Jahrome,Hughes,Melbourne Storm,Halfback,2026-04-25T00:00:00Z,129990806,12999,8,home,0,0,0,0,0,0,0,0,33,411,9,46,5,0,5,32,0,32,5,0,0,1,3,17,0,3,0,0,1,0,2026
31881,Jahrome,Hughes,Melbourne Storm,Halfback,2026-05-10T00:00:00Z,129991007,12999,10,home,4,1,0,0,0,0,3,2,34,377,8,48,10,0,10,93,0,93,16,2,0,1,3,17,1,6,0,0,0,0,2026
31881,Jahrome,Hughes,Melbourne Storm,Halfback,2026-05-22T10:00:00Z,129991202,12999,12,away,0,0,0,0,0,0,1,1,21,750,20,45,7,0,7,43,0,43,14,0,0,0,4,19,0,2,0,0,0,0,2026
31888,Kurt,Mann,Newcastle Knights,Interchange,2023-09-16T00:00:00Z,120680202,12068,2,away,0,0,0,0,0,0,0,0,5,0,0,7,2,1,1,19,10,9,7,0,0,0,2,10,0,1,0,0,0,0,2023
31888,Kurt,Mann,Canterbury-Bankstown Bulldogs,Interchange,2024-03-09T00:00:00Z,124450106,12445,1,away,0,0,0,0,0,0,0,0,12,0,0,18,10,0,9,93,0,76,36,0,0,2,6,37,2,2,0,0,0,1,2024
31888,Kurt,Mann,Canterbury-Bankstown Bulldogs,Interchange,2024-03-15T00:00:00Z,124450202,12445,2,away,0,0,0,0,0,0,0,0,16,0,0,22,9,0,9,51,0,51,13,2,0,0,4,34,0,0,0,0,0,0,2024
31888,Kurt,Mann,Canterbury-Bankstown Bulldogs,Interchange,2024-03-23T00:00:00Z,124450304,12445,3,home,0,0,0,0,0,0,0,0,16,0,0,25,11,4,7,92,40,52,29,0,0,0,8,42,1,2,0,0,1,0,2024
31888,Kurt,Mann,Canterbury-Bankstown Bulldogs,Interchange,2024-03-29T00:00:00Z,124450402,12445,4,away,0,0,0,0,0,0,0,0,20,0,0,31,13,6,7,112,57,56,37,0,0,3,10,25,1,1,0,0,1,0,2024
31888,Kurt,Mann,Canterbury-Bankstown Bulldogs,Lock,2024-04-05T00:00:00Z,124450502,12445,5,home,0,0,0,0,0,0,1,1,17,0,0,25,13,0,13,88,0,88,15,1,0,0,7,32,1,5,0,0,0,1,2024
31888,Kurt,Mann,Canterbury-Bankstown Bulldogs,Lock,2024-05-04T00:00:00Z,124450904,12445,9,home,4,1,0,0,0,0,0,0,12,0,0,19,8,1,7,63,9,54,27,0,1,2,5,25,1,0,0,0,1,1,2024
31888,Kurt,Mann,Canterbury-Bankstown Bulldogs,Interchange,2025-03-08T00:00:00Z,127550106,12755,1,away,0,0,0,0,0,0,1,1,11,0,0,17,9,1,8,67,12,56,15,0,0,0,5,18,1,1,0,0,1,0,2025
31888,Kurt,Mann,Canterbury-Bankstown Bulldogs,Interchange,2025-03-16T00:00:00Z,127550208,12755,2,home,4,1,0,0,0,0,0,0,7,0,0,13,7,4,3,59,36,23,21,0,1,3,4,17,1,2,0,0,1,0,2025
31888,Kurt,Mann,Canterbury-Bankstown Bulldogs,Interchange,2025-03-23T00:00:00Z,127550307,12755,3,away,0,0,0,0,0,0,0,0,6,0,0,14,9,0,9,62,0,62,19,1,0,1,7,18,1,1,0,0,0,0,2025
31888,Kurt,Mann,Canterbury-Bankstown Bulldogs,Interchange,2025-03-29T00:00:00Z,127550406,12755,4,away,0,0,0,0,0,0,0,1,9,0,0,15,5,2,3,46,17,29,15,2,0,1,4,23,1,0,1,0,0,0,2025
31888,Kurt,Mann,Canterbury-Bankstown Bulldogs,Interchange,2025-04-06T00:00:00Z,127550508,12755,5,home,4,1,0,0,0,0,0,0,16,0,0,25,9,0,8,102,0,81,46,0,1,7,7,22,1,2,0,0,1,1,2025
31888,Kurt,Mann,Canterbury-Bankstown Bulldogs,Interchange,2025-04-18T00:00:00Z,127550702,12755,7,home,0,0,0,0,0,0,0,0,18,23,1,28,11,0,11,103,0,103,30,1,0,2,8,17,2,2,0,0,0,0,2025
31888,Kurt,Mann,Canterbury-Bankstown Bulldogs,Interchange,2025-04-24T00:00:00Z,127550801,12755,8,away,0,0,0,0,0,0,0,0,3,0,0,10,7,3,4,52,24,29,19,1,0,1,6,12,0,2,0,0,1,0,2025
31888,Kurt,Mann,Canterbury-Bankstown Bulldogs,Interchange,2025-05-04T00:00:00Z,127550906,12755,9,away,0,0,0,0,0,0,0,0,9,0,0,14,7,4,3,77,50,27,24,0,0,1,5,21,0,0,0,0,0,0,2025
31888,Kurt,Mann,Canterbury-Bankstown Bulldogs,Interchange,2026-03-01T00:00:00Z,129990102,12999,1,home,0,0,0,0,0,0,0,0,7,0,0,15,9,5,4,80,45,35,24,0,0,0,8,24,0,3,0,0,0,0,2026
31888,Kurt,Mann,Canterbury-Bankstown Bulldogs,Interchange,2026-03-19T00:00:00Z,129990301,12999,3,away,0,0,0,0,0,0,0,0,21,0,0,26,6,2,3,42,15,17,14,0,0,1,5,22,0,4,0,0,1,0,2026
31888,Kurt,Mann,Canterbury-Bankstown Bulldogs,Interchange,2026-03-28T00:00:00Z,129990404,12999,4,home,0,0,0,0,0,0,0,1,10,0,0,15,7,1,6,43,6,37,10,0,0,1,5,32,0,3,0,0,0,0,2026
31888,Kurt,Mann,Canterbury-Bankstown Bulldogs,Interchange,2026-04-03T00:00:00Z,129990502,12999,5,away,0,0,0,0,0,0,0,1,15,0,0,20,6,1,5,46,5,41,23,0,0,4,4,24,1,2,0,0,1,0,2026
31888,Kurt,Mann,Canterbury-Bankstown Bulldogs,Interchange,2026-04-09T00:00:00Z,129990601,12999,6,home,0,0,0,0,0,0,0,0,12,0,0,13,3,0,3,13,0,13,2,0,0,0,1,17,0,2,0,0,0,1,2026
31888,Kurt,Mann,Canterbury-Bankstown Bulldogs,Interchange,2026-04-19T00:00:00Z,129990708,12999,7,away,0,0,0,0,0,0,0,0,17,0,0,22,6,0,6,47,0,47,12,0,0,1,5,23,1,1,0,0,0,0,2026
31888,Kurt,Mann,Canterbury-Bankstown Bulldogs,Interchange,2026-04-24T00:00:00Z,129990803,12999,8,away,0,0,0,0,0,0,1,0,9,0,0,13,4,2,2,39,21,19,24,0,1,2,3,31,1,1,0,0,1,0,2026
31888,Kurt,Mann,Canterbury-Bankstown Bulldogs,Interchange,2026-05-01T00:00:00Z,129990901,12999,9,home,0,0,0,0,0,0,0,0,4,0,0,5,1,0,1,8,0,8,5,0,0,0,1,8,0,0,0,0,0,0,2026
31888,Kurt,Mann,Canterbury-Bankstown Bulldogs,Hooker,2026-05-22T10:00:00Z,129991202,12999,12,home,0,0,0,0,0,0,0,0,26,0,0,31,6,0,3,48,0,28,13,0,0,1,5,29,0,0,0,0,0,0,2026
31897,Matt,Eisenhuth,Penrith Panthers,Interchange,2021-03-13T00:00:00Z,113550106,11355,1,home,0,0,0,0,0,0,0,0,4,0,0,18,15,11,4,115,93,22,34,0,0,3,13,31,1,2,0,0,1,0,2021
31897,Matt,Eisenhuth,Penrith Panthers,Interchange,2021-03-20T00:00:00Z,113550204,11355,2,away,0,0,0,0,0,0,0,0,6,0,0,16,9,8,0,81,71,0,38,1,0,2,9,20,0,0,0,0,0,0,2021
31897,Matt,Eisenhuth,Penrith Panthers,Interchange,2021-03-25T00:00:00Z,113550301,11355,3,home,0,0,0,0,0,0,0,0,3,0,0,16,13,8,0,118,59,0,32,0,0,1,13,31,1,0,0,0,0,1,2021
31897,Matt,Eisenhuth,Penrith Panthers,Interchange,2021-04-01T00:00:00Z,113550401,11355,4,away,0,0,0,0,0,0,0,0,1,0,0,13,11,7,1,108,62,6,16,0,0,1,11,24,0,3,0,0,1,0,2021
31897,Matt,Eisenhuth,Penrith Panthers,Interchange,2021-04-09T00:00:00Z,113550503,11355,5,home,0,0,0,0,0,0,0,0,1,0,0,10,9,8,1,74,63,11,34,1,0,1,8,20,0,1,0,0,0,0,2021
31897,Matt,Eisenhuth,Penrith Panthers,Interchange,2021-04-15T00:00:00Z,113550601,11355,6,away,0,0,0,0,0,0,0,0,3,0,0,13,10,6,2,82,48,10,31,0,0,1,10,19,1,2,0,0,0,0,2021
31897,Matt,Eisenhuth,Penrith Panthers,Interchange,2021-04-22T00:00:00Z,113550701,11355,7,home,0,0,0,0,0,0,0,0,1,0,0,9,8,8,0,62,62,0,29,0,0,0,8,36,0,2,0,0,0,1,2021
31897,Matt,Eisenhuth,Penrith Panthers,Interchange,2021-05-01T00:00:00Z,113550804,11355,8,home,0,0,0,0,0,0,0,0,1,0,0,11,10,10,0,77,77,0,32,0,0,1,10,26,2,0,0,0,0,0,2021
31897,Matt,Eisenhuth,Penrith Panthers,Interchange,2021-05-07T00:00:00Z,113550902,11355,9,home,4,1,0,0,0,0,0,0,5,0,0,15,9,5,1,100,62,11,26,0,0,0,9,28,1,1,0,0,0,0,2021
31897,Matt,Eisenhuth,Penrith Panthers,Prop,2022-03-18T00:00:00Z,116880202,11688,2,away,0,0,0,0,0,0,0,0,0,0,0,9,9,9,0,76,76,0,32,0,0,2,9,37,1,2,0,0,0,1,2022
31897,Matt,Eisenhuth,Penrith Panthers,Prop,2022-03-26T00:00:00Z,116880304,11688,3,home,0,0,0,0,0,0,0,0,0,0,0,8,8,8,0,72,72,0,29,0,0,1,8,26,0,0,0,0,0,0,2022
31897,Matt,Eisenhuth,Penrith Panthers,Prop,2022-04-01T00:00:00Z,116880403,11688,4,home,0,0,0,0,0,0,0,0,3,0,0,12,9,6,0,87,52,0,25,0,0,0,9,27,2,1,0,0,0,0,2022
31897,Matt,Eisenhuth,Penrith Panthers,Prop,2022-04-10T00:00:00Z,116880508,11688,5,away,0,0,0,0,0,0,1,1,6,0,0,20,14,8,3,142,72,33,61,0,0,2,14,20,1,0,0,0,0,0,2022
31897,Matt,Eisenhuth,Penrith Panthers,Prop,2022-04-15T00:00:00Z,116880603,11688,6,home,0,0,0,0,0,0,0,0,2,0,0,11,8,6,2,59,47,13,24,1,0,2,8,22,0,2,0,0,0,0,2022
31897,Matt,Eisenhuth,Penrith Panthers,Prop,2022-04-24T00:00:00Z,116880706,11688,7,home,0,0,0,0,0,0,0,0,2,0,0,9,7,6,0,51,42,0,19,1,0,1,6,21,0,0,0,0,0,0,2022
31897,Matt,Eisenhuth,Penrith Panthers,Prop,2022-04-29T00:00:00Z,116880802,11688,8,away,0,0,0,0,0,0,0,0,0,0,0,13,13,9,1,126,70,8,40,0,0,1,13,26,0,4,0,0,0,0,2022
31897,Matt,Eisenhuth,Penrith Panthers,Interchange,2022-05-06T00:00:00Z,116880903,11688,9,home,0,0,0,0,0,0,0,0,0,0,0,5,5,5,0,44,44,0,15,0,0,1,5,32,3,1,0,0,0,0,2022
31897,Matt,Eisenhuth,Penrith Panthers,Interchange,2023-03-09T00:00:00Z,120670201,12067,2,home,0,0,0,0,0,0,0,0,0,0,0,7,7,7,0,69,69,0,16,0,0,1,7,13,0,0,0,0,0,0,2023
31897,Matt,Eisenhuth,Penrith Panthers,Interchange,2023-03-23T00:00:00Z,120670401,12067,4,away,0,0,0,0,0,0,0,0,0,0,0,0,0,0,0,0,0,0,0,0,0,0,0,0,0,0,0,0,0,0,2023
31897,Matt,Eisenhuth,Penrith Panthers,Prop,2023-04-15T00:00:00Z,120670705,12067,7,away,0,0,0,0,0,0,0,0,0,0,0,3,3,1,0,24,6,0,8,1,0,0,2,13,0,1,0,0,0,0,2023
31897,Matt,Eisenhuth,Penrith Panthers,Prop,2023-04-20T00:00:00Z,120670801,12067,8,away,0,0,0,0,0,0,0,0,2,0,0,3,2,1,1,13,5,8,2,0,0,0,1,20,0,2,0,0,0,0,2023
31897,Matt,Eisenhuth,Penrith Panthers,Interchange,2024-03-08T00:00:00Z,124450105,12445,1,away,0,0,0,0,0,0,0,0,0,0,0,6,6,6,0,54,54,0,18,0,0,0,5,14,0,1,0,0,1,0,2024
31897,Matt,Eisenhuth,Penrith Panthers,Interchange,2024-03-21T00:00:00Z,124450301,12445,3,home,0,0,0,0,0,0,0,0,0,0,0,15,15,12,0,120,89,0,40,2,0,1,13,24,1,3,0,0,0,1,2024
31897,Matt,Eisenhuth,Penrith Panthers,Interchange,2024-03-28T00:00:00Z,124450401,12445,4,away,0,0,0,0,0,0,0,0,2,0,0,16,14,10,1,106,66,9,30,1,0,0,13,23,1,0,0,0,0,2,2024
31897,Matt,Eisenhuth,Penrith Panthers,Interchange,2024-04-06T00:00:00Z,124450505,12445,5,away,0,0,0,0,0,0,0,0,0,0,0,10,10,5,3,101,44,30,29,0,0,1,10,16,0,1,0,0,0,0,2024
31897,Matt,Eisenhuth,Penrith Panthers,Interchange,2024-04-20T00:00:00Z,124450704,12445,7,home,0,0,0,0,0,0,0,0,0,0,0,0,0,0,0,0,0,0,0,0,0,0,0,0,0,0,0,0,0,0,2024
31897,Matt,Eisenhuth,Penrith Panthers,Interchange,2024-04-27T00:00:00Z,124450806,12445,8,away,0,0,0,0,0,0,0,0,0,0,0,11,10,8,0,83,59,0,29,0,0,0,10,19,2,3,0,0,1,0,2024
31897,Matt,Eisenhuth,Penrith Panthers,Interchange,2025-03-02T00:00:00Z,127550102,12755,1,home,0,0,0,0,0,0,0,0,0,0,0,7,7,6,1,61,51,11,21,0,0,0,7,15,0,0,0,0,0,0,2025
31897,Matt,Eisenhuth,Penrith Panthers,Interchange,2025-03-14T00:00:00Z,127550203,12755,2,home,0,0,0,0,0,0,0,0,0,0,0,8,6,6,0,37,37,0,11,1,0,0,6,20,2,1,0,0,1,1,2025
31897,Matt,Eisenhuth,Penrith Panthers,Interchange,2025-04-04T00:00:00Z,127550502,12755,5,home,0,0,0,0,0,0,0,0,0,0,0,9,8,4,4,42,24,18,18,1,0,0,7,16,0,0,0,0,1,1,2025
31911,Luke,Keary,Sydney Roosters,Five-Eighth,2018-09-08T00:00:00Z,104130103,10413,1,home,0,0,0,0,0,0,0,0,31,65,2,36,5,0,3,45,0,34,0,0,1,1,3,19,1,2,0,0,0,1,2018
31911,Luke,Keary,Sydney Roosters,Five-Eighth,2024-09-27T00:00:00Z,124460301,12446,3,away,0,0,0,0,0,0,1,1,42,352,9,55,9,0,9,64,0,64,9,0,0,1,3,20,1,2,0,0,1,0,2024
31912,Api,Koroisau,Penrith Panthers,Hooker,2021-09-18T00:00:00Z,113560202,11356,2,home,0,0,0,0,0,0,0,0,112,0,0,119,6,0,1,65,0,7,32,0,1,1,6,46,0,4,0,0,1,0,2021
31912,Api,Koroisau,Penrith Panthers,Hooker,2021-09-25T00:00:00Z,113560302,11356,3,away,0,0,0,0,0,0,0,0,117,0,0,124,8,0,1,87,0,15,29,0,0,3,7,48,2,7,0,0,1,0,2021
31912,Api,Koroisau,Penrith Panthers,Hooker,2021-10-03T00:00:00Z,113560401,11356,4,home,0,0,0,0,0,0,0,0,116,3,1,126,10,0,2,88,0,20,28,0,0,1,9,49,1,14,0,0,0,0,2021
31912,Api,Koroisau,Penrith Panthers,Hooker,2022-03-10T00:00:00Z,116880101,11688,1,home,4,1,0,0,0,0,1,1,115,0,0,121,10,0,1,84,0,5,29,0,1,2,5,28,2,0,0,0,0,0,2022
31912,Apisai,Koroisau,Wests Tigers,Hooker,2025-03-16T00:00:00Z,127550207,12755,2,away,0,0,0,0,0,0,0,0,89,103,2,95,5,0,2,46,0,9,22,0,0,2,4,21,0,6,0,0,0,0,2025
31912,Apisai,Koroisau,Wests Tigers,Hooker,2025-03-22T00:00:00Z,127550305,12755,3,away,4,1,0,0,0,0,1,1,90,0,0,96,6,0,1,46,0,6,20,1,1,1,4,31,3,2,0,0,0,0,2025
31912,Apisai,Koroisau,Wests Tigers,Hooker,2025-03-30T00:00:00Z,127550408,12755,4,home,6,0,3,3,0,0,0,0,89,213,3,95,6,0,1,57,0,15,12,1,0,0,2,43,3,7,0,0,0,0,2025
31912,Apisai,Koroisau,Wests Tigers,Hooker,2025-04-05T00:00:00Z,127550506,12755,5,away,4,0,3,2,0,0,0,0,78,39,0,82,4,0,2,53,0,28,19,0,0,1,4,14,2,5,0,0,0,0,2025
31912,Apisai,Koroisau,Wests Tigers,Hooker,2025-04-13T00:00:00Z,127550608,12755,6,away,0,0,0,0,0,0,0,0,102,0,0,107,6,0,1,43,0,6,10,0,0,0,5,29,1,3,0,0,0,0,2025
31912,Apisai,Koroisau,Wests Tigers,Hooker,2025-04-21T00:00:00Z,127550708,12755,7,home,0,0,0,0,0,0,1,1,76,0,0,82,6,0,2,44,0,6,17,2,0,1,2,28,1,3,0,0,2,0,2025
31912,Apisai,Koroisau,Wests Tigers,Hooker,2025-04-27T00:00:00Z,127550808,12755,8,home,0,0,0,0,0,0,0,0,124,51,1,133,8,0,6,74,0,43,24,3,0,3,5,44,4,6,0,0,1,1,2025
31912,Apisai,Koroisau,Wests Tigers,Hooker,2025-05-03T00:00:00Z,127550905,12755,9,home,0,0,0,0,0,0,0,0,91,104,2,98,6,0,2,45,0,7,9,0,0,0,5,37,2,6,0,0,0,1,2025
31912,Apisai,Koroisau,Wests Tigers,Hooker,2026-03-14T00:00:00Z,129990204,12999,2,home,0,0,0,0,0,0,0,0,124,8,1,128,5,0,2,45,0,14,12,0,0,0,3,33,1,3,0,0,0,1,2026
31912,Apisai,Koroisau,Wests Tigers,Hooker,2026-03-21T00:00:00Z,129990306,12999,3,away,0,0,0,0,0,0,0,0,97,43,3,104,5,0,2,65,0,4,45,1,1,5,3,33,1,3,0,0,0,0,2026
31912,Apisai,Koroisau,Wests Tigers,Hooker,2026-03-27T00:00:00Z,129990402,12999,4,away,0,0,0,0,0,0,0,0,131,55,1,136,4,0,2,39,0,16,19,0,0,1,3,42,0,3,0,1,1,1,2026
31912,Apisai,Koroisau,Wests Tigers,Hooker,2026-04-06T00:00:00Z,129990508,12999,5,away,0,0,0,0,0,0,0,0,144,0,0,148,5,0,4,60,0,41,11,0,0,0,4,51,5,3,0,0,0,1,2026
31912,Apisai,Koroisau,Wests Tigers,Hooker,2026-04-12T00:00:00Z,129990608,12999,6,home,4,1,0,0,0,0,1,1,126,18,2,132,4,0,1,40,0,6,15,0,1,2,3,34,1,1,0,0,0,0,2026
31912,Apisai,Koroisau,Wests Tigers,Hooker,2026-04-18T00:00:00Z,129990706,12999,7,home,4,1,0,0,0,0,0,2,127,13,1,133,5,0,2,31,0,8,10,1,1,1,3,47,2,2,0,0,0,1,2026
31912,Apisai,Koroisau,Wests Tigers,Hooker,2026-04-23T00:00:00Z,129990801,12999,8,home,0,0,0,0,0,0,1,0,127,35,3,134,3,0,0,27,0,0,13,0,0,1,2,34,3,4,0,0,2,2,2026
31915,Tom,Burgess,South Sydney Rabbitohs,Prop,2023-04-13T00:00:00Z,120670701,12067,7,away,0,0,0,0,0,0,0,0,0,0,0,12,12,9,1,117,67,15,43,0,1,3,12,27,0,4,0,0,0,0,2023
31915,Tom,Burgess,South Sydney Rabbitohs,Interchange,2024-03-03T00:00:00Z,124450101,12445,1,away,0,0,0,0,0,0,0,0,0,0,0,12,12,8,1,121,73,7,48,1,0,2,11,12,0,2,0,0,0,0,2024
31917,Damien,Cook,South Sydney Rabbitohs,Hooker,2022-05-05T00:00:00Z,116880901,11688,9,home,0,0,0,0,0,0,0,0,98,0,0,109,14,0,6,90,0,29,22,0,0,0,10,42,3,2,0,0,1,0,2022
31917,Damien,Cook,St George-Illawarra Dragons,Hooker,2026-03-01T00:00:00Z,129990102,12999,1,away,0,0,0,0,0,0,1,0,132,11,1,141,9,0,3,84,0,26,29,1,0,4,7,69,2,2,0,0,0,1,2026
31917,Damien,Cook,St George-Illawarra Dragons,Hooker,2026-03-14T00:00:00Z,129990205,12999,2,home,0,0,0,0,0,0,0,0,98,4,1,104,8,0,1,60,0,6,9,0,0,0,4,51,2,2,0,0,1,0,2026
31917,Damien,Cook,St George-Illawarra Dragons,Hooker,2026-03-22T00:00:00Z,129990307,12999,3,away,0,0,0,0,0,0,0,0,81,0,0,84,3,0,1,33,0,11,20,0,0,0,3,36,1,1,0,0,0,0,2026
31917,Damien,Cook,St George-Illawarra Dragons,Hooker,2026-03-29T00:00:00Z,129990408,12999,4,away,4,1,0,0,0,0,0,0,67,0,0,73,9,0,6,65,0,37,19,0,0,3,5,49,2,1,0,0,0,1,2026
31917,Damien,Cook,St George-Illawarra Dragons,Hooker,2026-04-04T00:00:00Z,129990504,12999,5,home,0,0,0,0,0,0,0,1,86,0,0,92,5,0,0,54,0,0,17,0,0,0,5,40,1,1,0,0,1,0,2026
31917,Damien,Cook,St George-Illawarra Dragons,Hooker,2026-04-10T00:00:00Z,129990602,12999,6,home,0,0,0,0,0,0,0,0,56,0,0,58,4,0,0,43,0,0,4,0,0,0,2,30,0,1,0,0,0,0,2026
31917,Damien,Cook,St George-Illawarra Dragons,Hooker,2026-04-18T00:00:00Z,129990705,12999,7,away,4,1,0,0,0,0,1,1,90,0,0,95,7,0,2,80,0,35,25,0,1,3,3,43,1,1,0,0,1,0,2026
31917,Damien,Cook,St George-Illawarra Dragons,Hooker,2026-04-25T00:00:00Z,129990804,12999,8,home,0,0,0,0,0,0,0,0,93,0,0,98,7,0,2,49,0,10,10,1,0,2,4,40,0,2,0,0,0,0,2026
31917,Damien,Cook,St George-Illawarra Dragons,Hooker,2026-05-09T00:00:00Z,129991004,12999,10,home,0,0,0,0,0,0,0,0,107,0,0,109,7,0,1,64,0,8,10,0,0,1,2,39,1,1,0,0,0,1,2026
31917,Damien,Cook,St George-Illawarra Dragons,Hooker,2026-05-23T07:30:00Z,129991203,12999,12,home,0,0,0,0,0,0,0,0,122,0,0,128,8,0,2,81,0,14,28,0,0,2,6,49,1,1,0,0,0,1,2026
31930,Corey,Oates,Brisbane Broncos,Wing,2021-04-30T00:00:00Z,113550803,11355,8,home,4,1,0,0,0,0,0,0,0,0,0,12,11,7,2,185,54,118,32,0,0,1,11,7,0,1,0,0,0,0,2021
31930,Corey,Oates,Brisbane Broncos,Wing,2021-05-08T00:00:00Z,113550906,11355,9,away,0,0,0,0,0,0,0,0,2,0,0,21,19,13,5,194,129,51,78,0,0,2,19,2,0,0,0,0,1,0,2021
31930,Corey,Oates,Brisbane Broncos,Interchange,2023-09-23T00:00:00Z,120680302,12068,3,home,0,0,0,0,0,0,0,0,0,0,0,0,0,0,0,0,0,0,0,0,0,0,0,0,0,0,0,0,0,0,2023
31930,Corey,Oates,Brisbane Broncos,Interchange,2023-10-01T00:00:00Z,120680401,12068,4,away,0,0,0,0,0,0,0,0,0,0,0,0,0,0,0,0,0,0,0,0,0,0,0,0,0,0,0,0,0,0,2023
31930,Corey,Oates,Brisbane Broncos,Wing,2024-04-12T00:00:00Z,124450603,12445,6,home,4,1,0,0,0,0,0,0,0,0,0,16,12,3,6,148,27,78,49,0,3,3,13,4,1,0,1,0,3,1,2024
31932,Francis,Molo,Dolphins,Prop,2026-05-21T09:50:00Z,129991201,12999,12,away,0,0,0,0,0,0,0,0,0,0,0,12,12,10,0,116,90,0,41,0,0,1,12,19,0,1,0,0,0,0,2026
990750,Dylan,Walker,Manly-Warringah Sea Eagles,Five-Eighth,2019-09-14T00:00:00Z,106850103,10685,1,home,0,0,0,0,0,0,1,1,32,152,4,45,12,0,10,98,0,88,0,1,0,1,8,12,0,3,0,0,0,1,2019
990750,Dylan,Walker,Manly-Warringah Sea Eagles,Five-Eighth,2019-09-20T00:00:00Z,106850201,10685,2,away,0,0,0,0,0,0,2,3,24,103,4,35,7,0,5,71,0,48,0,0,0,2,6,9,0,1,0,0,2,0,2019
991236,Ashley,Taylor,Warriors,Halfback,2022-03-19T00:00:00Z,116880204,11688,2,away,0,0,0,0,0,0,1,0,25,62,3,31,2,0,2,9,0,9,1,1,0,0,2,14,1,14,0,0,0,1,2022
991249,Jai,Arrow,Brisbane Broncos,Interchange,2016-09-09T00:00:00Z,98680101,9868,1,home,0,0,0,0,0,0,0,0,2,0,0,3,1,1,0,8,8,0,0,0,0,0,1,6,0,0,0,0,0,0,2016
991249,Jai,Arrow,Brisbane Broncos,Interchange,2016-09-16T00:00:00Z,98680201,9868,2,away,0,0,0,0,0,0,0,0,0,0,0,4,3,3,0,27,27,0,0,1,0,0,3,18,0,2,0,0,0,1,2016
991249,Jai,Arrow,South Sydney Rabbitohs,Second Row,2025-03-15T00:00:00Z,127550204,12755,2,away,0,0,0,0,0,0,0,0,1,0,0,9,8,6,2,71,56,15,16,0,0,0,8,20,1,3,0,0,0,0,2025
991249,Jai,Arrow,South Sydney Rabbitohs,Lock,2025-05-03T00:00:00Z,127550903,12755,9,home,0,0,0,0,0,0,0,0,7,0,0,20,12,10,2,125,111,15,43,1,0,0,12,41,3,2,0,0,0,1,2025
991252,Jayden,Berrell,Cronulla-Sutherland Sharks,Interchange,2024-03-31T00:00:00Z,124450407,12445,4,home,0,0,0,0,0,0,0,0,0,0,0,0,0,0,0,0,0,0,0,0,0,0,0,0,0,0,0,0,0,0,2024
991252,Jayden,Berrell,Cronulla-Sutherland Sharks,Interchange,2026-04-11T00:00:00Z,129990605,12999,6,home,0,0,0,0,0,0,0,0,0,0,0,0,0,0,0,0,0,0,0,0,0,0,0,0,0,0,0,0,0,0,2026
991253,Joe,Ofahengaue,Brisbane Broncos,Interchange,2017-09-22T00:00:00Z,100960301,10096,3,away,0,0,0,0,0,0,0,0,1,0,0,8,7,7,0,48,48,0,0,0,0,0,7,17,0,0,0,0,0,0,2017
991256,Kodi,Nikorima,Warriors,Halfback,2022-03-25T00:00:00Z,116880302,11688,3,away,0,0,0,0,0,0,1,0,25,220,6,35,3,0,2,21,0,15,6,1,0,1,2,19,1,1,0,0,2,1,2022
991257,Kurt,Capewell,Penrith Panthers,Interchange,2020-10-02T00:00:00Z,110960101,11096,1,home,0,0,0,0,0,0,0,0,0,0,0,4,4,4,0,33,33,0,0,0,0,1,4,17,0,2,0,0,0,0,2020
991257,Kurt,Capewell,Warriors,Second Row,2025-03-30T00:00:00Z,127550408,12755,4,away,0,0,0,0,0,0,0,0,0,2,1,10,7,5,2,51,40,12,18,1,0,1,7,33,1,9,0,0,0,1,2025
991257,Kurt,Capewell,Warriors,Second Row,2025-04-13T00:00:00Z,127550607,12755,6,away,0,0,0,0,0,0,0,0,6,0,0,16,8,3,5,61,25,35,20,1,0,1,7,38,3,5,0,0,2,0,2025
991257,Kurt,Capewell,Warriors,Centre,2025-04-19T00:00:00Z,127550704,12755,7,home,0,0,0,0,0,0,1,0,2,0,0,11,9,3,6,111,17,94,19,1,0,0,8,19,0,6,0,0,0,1,2025
991257,Kurt,Capewell,Warriors,Second Row,2025-04-25T00:00:00Z,127550803,12755,8,home,0,0,0,0,0,0,1,1,3,0,0,15,13,8,5,101,49,52,40,1,1,2,11,34,0,2,0,0,0,0,2025
991257,Kurt,Capewell,Warriors,Second Row,2025-05-03T00:00:00Z,127550904,12755,9,home,0,0,0,0,0,0,1,0,2,0,0,8,7,2,5,50,9,41,18,0,1,1,6,27,0,10,0,0,0,0,2025
991264,Tom,Opacic,Parramatta Eels,Centre,2022-09-09T00:00:00Z,116890101,11689,1,away,0,0,0,0,0,0,0,0,1,7,1,10,8,3,2,55,19,17,19,1,0,0,7,18,1,2,0,0,0,0,2022
991267,Adam,Elliott,Newcastle Knights,Lock,2024-04-21T00:00:00Z,124450707,12445,7,away,0,0,0,0,0,0,0,0,18,0,0,24,7,1,6,39,5,33,12,0,0,0,5,41,1,3,0,0,1,0,2024
991267,Adam,Elliott,South Sydney Rabbitohs,Interchange,2026-05-09T00:00:00Z,129991005,12999,10,home,0,0,0,0,0,0,0,0,31,0,0,32,1,1,0,9,9,0,3,0,0,0,1,13,2,0,0,0,0,0,2026
991267,Adam,Elliott,South Sydney Rabbitohs,Lock,2026-05-24T06:05:00Z,129991205,12999,12,away,0,0,0,0,0,0,0,1,1,0,0,7,5,5,0,55,55,0,20,1,0,0,5,25,1,2,0,0,0,0,2026
991290,Makahesi,Makatoa,Parramatta Eels,Interchange,2021-09-12T00:00:00Z,113560104,11356,1,home,0,0,0,0,0,0,0,0,0,0,0,4,4,4,0,42,42,0,21,0,0,1,4,10,0,2,0,0,0,0,2021
991290,Makahesi,Makatoa,Parramatta Eels,Interchange,2021-09-18T00:00:00Z,113560202,11356,2,away,0,0,0,0,0,0,0,0,0,0,0,0,0,0,0,0,0,0,0,0,0,0,0,0,0,0,0,0,0,0,2021
991290,Makahesi,Makatoa,Parramatta Eels,Interchange,2023-03-30T00:00:00Z,120670501,12067,5,away,0,0,0,0,0,0,0,0,0,0,0,11,11,11,0,97,97,0,35,0,0,0,11,20,1,2,0,0,0,0,2023
991290,Makahesi,Makatoa,Parramatta Eels,Interchange,2023-04-10T00:00:00Z,120670608,12067,6,away,0,0,0,0,0,0,0,0,1,0,0,11,9,5,1,71,36,4,22,0,0,0,10,20,0,3,0,0,0,0,2023
991310,Brenko,Lee,Melbourne Storm,Centre,2020-10-03T00:00:00Z,110960103,11096,1,home,4,1,0,0,0,0,1,1,4,0,0,14,12,3,8,105,28,69,0,1,1,2,6,19,1,0,0,0,3,0,2020
991310,Brenko,Lee,Melbourne Storm,Centre,2020-10-16T00:00:00Z,110960301,11096,3,home,0,0,0,0,0,0,0,0,2,0,0,12,10,4,5,81,40,36,0,0,0,2,10,19,0,2,0,0,0,1,2020
991328,Patrick,Mago,Brisbane Broncos,Interchange,2018-09-09T00:00:00Z,104130104,10413,1,home,0,0,0,0,0,0,0,0,1,0,0,6,5,4,0,44,26,0,0,0,0,0,5,4,0,3,0,0,0,0,2018
991328,Patrick,Mago,South Sydney Rabbitohs,Interchange,2021-09-11T00:00:00Z,113560103,11356,1,away,0,0,0,0,0,0,0,0,0,0,0,0,0,0,0,0,0,0,0,0,0,0,0,0,0,0,0,0,0,0,2021
991347,Corey,Jensen,Brisbane Broncos,Prop,2026-04-10T00:00:00Z,129990603,12999,6,home,0,0,0,0,0,0,0,0,0,0,0,8,8,6,0,77,56,0,21,0,0,0,8,23,2,1,0,0,0,0,2026
991357,Javid,Bowen,North Queensland Cowboys,Centre,2016-09-16T00:00:00Z,98680201,9868,2,home,0,0,0,0,0,0,0,0,1,0,0,15,15,0,15,118,0,118,0,3,0,4,11,13,0,0,0,0,0,1,2016
991357,Javid,Bowen,North Queensland Cowboys,Centre,2016-09-23T00:00:00Z,98680301,9868,3,away,0,0,0,0,0,0,0,0,1,0,0,13,12,0,12,96,0,96,0,1,0,1,10,11,1,1,0,0,1,0,2016
991386,Jamal,Fogarty,Manly-Warringah Sea Eagles,Halfback,2026-03-15T00:00:00Z,129990207,12999,2,home,8,1,3,2,0,0,0,0,34,545,14,52,4,0,4,58,0,58,33,0,1,2,3,23,1,4,0,0,0,0,2026
991386,Jamal,Fogarty,Manly-Warringah Sea Eagles,Halfback,2026-03-26T00:00:00Z,129990401,12999,4,home,4,0,3,2,0,0,0,0,30,383,10,45,9,0,8,64,0,58,18,0,0,1,5,31,2,2,0,0,0,0,2026
991386,Jamal,Fogarty,Manly-Warringah Sea Eagles,Halfback,2026-04-02T00:00:00Z,129990501,12999,5,away,16,0,9,7,2,1,2,1,42,431,12,58,6,0,6,38,0,38,6,0,0,0,2,9,1,2,0,0,0,0,2026
991386,Jamal,Fogarty,Manly-Warringah Sea Eagles,Halfback,2026-04-10T00:00:00Z,129990602,12999,6,away,8,0,5,4,0,0,1,1,39,649,17,60,4,0,3,23,0,18,8,0,0,0,4,20,1,3,0,0,0,0,2026
991386,Jamal,Fogarty,Manly-Warringah Sea Eagles,Halfback,2026-05-23T09:30:00Z,129991204,12999,12,home,0,0,0,0,0,0,0,0,51,372,14,66,3,0,3,14,0,14,2,0,0,0,1,31,2,3,0,0,0,0,2026
991420,Clint,Gutherson,St George-Illawarra Dragons,Fullback,2026-05-17T00:00:00Z,129991108,12999,11,away,0,0,0,0,0,0,0,0,29,0,0,54,20,0,8,215,0,81,41,4,0,2,21,4,0,3,0,0,0,0,2026
991420,Clint,Gutherson,St George-Illawarra Dragons,Fullback,2026-05-23T07:30:00Z,129991203,12999,12,home,0,0,0,0,0,0,0,0,9,2,1,24,13,0,12,107,0,96,32,0,0,0,14,12,1,1,0,0,0,0,2026
991438,Jake,Trbojevic,Manly-Warringah Sea Eagles,Lock,2026-05-23T09:30:00Z,129991204,12999,12,home,0,0,0,0,0,0,0,0,7,0,0,19,12,8,4,87,62,26,34,1,0,1,11,33,2,2,0,0,0,1,2026
991442,Dean,Britt,South Sydney Rabbitohs,Interchange,2019-09-27T00:00:00Z,106850301,10685,3,away,0,0,0,0,0,0,0,0,2,0,0,8,6,6,0,58,58,0,0,0,0,2,6,9,0,2,0,0,0,0,2019
991459,Matt,Lodge,Sydney Roosters,Prop,2022-09-11T00:00:00Z,116890104,11689,1,home,0,0,0,0,0,0,0,0,6,0,0,22,17,12,0,153,90,0,51,1,0,3,15,25,1,5,0,0,0,1,2022
991459,Matthew,Lodge,Manly-Warringah Sea Eagles,Prop,2024-09-15T00:00:00Z,124460104,12446,1,away,0,0,0,0,0,0,0,0,0,0,0,17,17,15,1,132,115,7,48,0,0,7,17,21,0,1,0,0,0,0,2024
991459,Matthew,Lodge,Manly-Warringah Sea Eagles,Prop,2024-09-21T00:00:00Z,124460202,12446,2,away,0,0,0,0,0,0,0,0,1,0,0,11,9,7,1,69,53,5,17,0,0,1,9,21,0,4,0,0,1,0,2024
991459,Matthew,Lodge,North Queensland Cowboys,Prop,2026-05-24T06:05:00Z,129991205,12999,12,home,0,0,0,0,0,0,0,0,1,0,0,14,13,11,1,120,102,9,35,1,0,2,12,21,1,2,0,0,0,0,2026
991497,Joseph,Tapine,Canberra Raiders,Prop,2025-09-20T00:00:00Z,127560201,12756,2,home,0,0,0,0,0,0,0,0,3,0,0,15,13,10,3,101,85,17,38,3,0,3,9,26,0,2,0,0,0,0,2025
991497,Joseph,Tapine,Canberra Raiders,Prop,2026-03-13T00:00:00Z,129990202,12999,2,away,0,0,0,0,0,0,0,0,5,0,0,16,12,2,10,112,19,93,37,2,0,4,9,34,0,5,0,0,0,2,2026
991497,Joseph,Tapine,Canberra Raiders,Prop,2026-03-29T00:00:00Z,129990407,12999,4,home,0,0,0,0,0,0,0,0,3,0,0,19,16,11,3,130,97,18,35,1,0,2,14,36,3,1,0,0,1,1,2026
991497,Joseph,Tapine,Canberra Raiders,Prop,2026-04-23T00:00:00Z,129990801,12999,8,away,0,0,0,0,0,0,0,0,4,0,0,12,8,4,2,68,34,12,22,1,0,1,5,46,3,3,0,1,1,1,2026
991497,Joseph,Tapine,Canberra Raiders,Prop,2026-05-02T00:00:00Z,129990903,12999,9,away,0,0,0,0,0,0,0,0,3,0,0,20,16,11,5,144,106,37,55,2,0,3,14,32,0,1,0,0,1,1,2026
991497,Joseph,Tapine,Canberra Raiders,Prop,2026-05-10T00:00:00Z,129991008,12999,10,home,0,0,0,0,0,0,0,1,5,0,0,19,14,11,2,147,102,29,66,1,0,3,13,41,3,1,0,0,0,0,2026
991497,Joseph,Tapine,Canberra Raiders,Prop,2026-05-21T09:50:00Z,129991201,12999,12,home,0,0,0,0,0,0,0,0,3,0,0,21,19,15,3,152,126,19,73,3,0,1,15,41,4,1,0,0,0,0,2026
991506,Zach,Dockar-Clay,Sydney Roosters,Interchange,2024-09-21T00:00:00Z,124460202,12446,2,home,0,0,0,0,0,0,0,0,0,0,0,0,0,0,0,0,0,0,0,0,0,0,0,0,0,0,0,0,0,0,2024
991512,Tui,Kamikamica,Melbourne Storm,Prop,2024-03-24T00:00:00Z,124450308,12445,3,away,0,0,0,0,0,0,0,0,1,0,0,12,11,9,2,105,93,13,45,0,0,0,11,30,1,3,0,0,0,1,2024
991512,Tui,Kamikamica,Melbourne Storm,Interchange,2025-03-29T00:00:00Z,127550404,12755,4,away,0,0,0,0,0,0,0,0,0,0,0,10,10,5,5,83,45,39,37,0,0,0,10,17,0,0,0,0,0,1,2025
991519,Ryan,Matterson,Parramatta Eels,Interchange,2022-09-16T00:00:00Z,116890201,11689,2,home,0,0,0,0,0,0,1,1,14,0,0,26,12,8,3,97,58,24,33,2,0,5,10,25,1,1,0,0,0,0,2022
991519,Ryan,Matterson,Parramatta Eels,Interchange,2022-09-23T00:00:00Z,116890301,11689,3,away,0,0,0,0,0,0,1,1,9,0,0,25,19,14,5,136,110,26,44,3,0,1,13,41,1,2,0,0,0,1,2022
991536,Reagan,Campbell-Gillard,Gold Coast Titans,Prop,2025-03-16T00:00:00Z,127550208,12755,2,away,0,0,0,0,0,0,0,0,1,0,0,9,8,7,0,70,59,0,20,0,0,1,8,28,0,4,0,0,0,2,2025
991536,Reagan,Campbell-Gillard,Gold Coast Titans,Prop,2025-03-22T00:00:00Z,127550306,12755,3,home,0,0,0,0,0,0,0,0,2,0,0,10,7,6,0,82,20,0,78,0,0,1,8,33,0,3,0,0,0,1,2025
991536,Reagan,Campbell-Gillard,Gold Coast Titans,Prop,2025-03-28T00:00:00Z,127550402,12755,4,away,0,0,0,0,0,0,0,0,3,0,0,13,11,6,3,72,41,14,21,0,0,0,10,29,0,4,0,0,0,1,2025
991536,Reagan,Campbell-Gillard,Gold Coast Titans,Prop,2025-04-05T00:00:00Z,127550505,12755,5,home,0,0,0,0,0,0,0,0,1,0,0,11,10,6,4,69,44,25,26,0,0,0,10,27,3,1,0,0,0,0,2025
991536,Reagan,Campbell-Gillard,Gold Coast Titans,Prop,2025-04-11T00:00:00Z,127550602,12755,6,away,0,0,0,0,0,0,0,0,1,0,0,13,10,3,6,84,22,51,30,1,0,1,10,20,2,2,0,0,1,0,2025
991536,Reagan,Campbell-Gillard,Gold Coast Titans,Prop,2025-04-20T00:00:00Z,127550706,12755,7,home,0,0,0,0,0,0,0,0,1,0,0,16,15,13,1,133,111,3,53,0,0,3,14,25,0,0,0,0,2,0,2025
991536,Reagan,Campbell-Gillard,Gold Coast Titans,Prop,2025-04-26T00:00:00Z,127550805,12755,8,away,0,0,0,0,0,0,0,0,1,0,0,6,5,2,3,38,19,19,12,0,0,0,5,18,0,0,0,0,0,1,2025
991536,Reagan,Campbell-Gillard,Gold Coast Titans,Prop,2025-05-04T00:00:00Z,127550906,12755,9,home,0,0,0,0,0,0,0,0,2,0,0,13,11,11,0,91,91,0,31,0,0,0,11,40,0,2,0,0,0,0,2025
991557,Dallin,Watene-Zelezniak,Warriors,Wing,2023-09-09T00:00:00Z,120680102,12068,1,away,0,0,0,0,0,0,1,0,0,0,0,19,19,11,6,165,96,56,56,0,1,4,17,3,0,2,0,0,3,0,2023
991557,Dallin,Watene-Zelezniak,Warriors,Wing,2023-09-16T00:00:00Z,120680202,12068,2,home,4,1,0,0,0,0,1,1,1,0,0,15,14,9,3,142,76,37,50,1,1,4,12,4,0,1,0,0,0,0,2023
991557,Dallin,Watene-Zelezniak,Warriors,Wing,2023-09-23T00:00:00Z,120680302,12068,3,away,8,2,0,0,0,0,0,1,2,0,0,18,16,6,6,199,53,109,38,3,1,6,11,6,2,2,0,0,0,0,2023
991557,Dallin,Watene-Zelezniak,Warriors,Wing,2025-09-13T00:00:00Z,127560102,12756,1,home,0,0,0,0,0,0,0,0,1,0,0,13,11,7,1,97,58,8,42,0,0,3,12,6,1,1,0,0,1,0,2025
991557,Dallin,Watene-Zelezniak,Warriors,Wing,2026-05-23T07:30:00Z,129991203,12999,12,away,8,2,0,0,0,0,0,0,0,0,0,23,20,0,20,175,0,175,48,2,1,3,17,4,0,1,0,1,3,0,2026
991564,Fa'amanu,Brown,Canterbury-Bankstown Bulldogs,Lock,2023-03-04T00:00:00Z,120670104,12067,1,away,0,0,0,0,0,0,0,0,7,0,0,15,9,6,3,53,36,17,14,0,0,1,7,33,0,3,0,0,1,0,2023
991564,Fa'amanu,Brown,Canterbury-Bankstown Bulldogs,Interchange,2023-03-11T00:00:00Z,120670206,12067,2,away,0,0,0,0,0,0,0,0,4,0,0,10,5,1,4,49,12,37,22,0,0,1,6,9,2,0,0,0,0,0,2023
991564,Fa'amanu,Brown,Canterbury-Bankstown Bulldogs,Interchange,2023-03-26T00:00:00Z,120670406,12067,4,away,0,0,0,0,0,0,0,0,3,0,0,7,4,4,0,39,39,0,13,1,0,2,3,7,1,0,0,0,0,0,2023
991587,Scott,Sorensen,Penrith Panthers,Interchange,2023-03-03T00:00:00Z,120670103,12067,1,home,0,0,0,0,0,0,0,0,1,0,0,9,8,5,2,70,42,22,11,0,0,1,8,23,1,1,0,0,0,0,2023
991587,Scott,Sorensen,Penrith Panthers,Second Row,2024-03-15T00:00:00Z,124450203,12445,2,home,0,0,0,0,0,0,0,0,1,0,0,11,9,5,4,88,51,37,34,1,0,0,8,37,5,3,0,1,1,0,2024
991587,Scott,Sorensen,Penrith Panthers,Second Row,2024-10-06T00:00:00Z,124460401,12446,4,away,0,0,0,0,0,0,0,0,5,0,0,22,17,7,9,129,60,65,55,0,0,2,16,32,2,1,0,0,1,0,2024
991587,Scott,Sorensen,Penrith Panthers,Second Row,2025-03-20T00:00:00Z,127550301,12755,3,away,0,0,0,0,0,0,0,0,0,0,0,10,10,8,2,60,51,9,16,0,0,1,10,30,0,1,0,0,0,0,2025
991587,Scott,Sorensen,Penrith Panthers,Second Row,2025-03-27T00:00:00Z,127550401,12755,4,away,0,0,0,0,0,0,0,0,0,0,0,1,1,1,0,7,7,0,2,0,0,0,1,6,0,1,0,0,0,0,2025
991587,Scott,Sorensen,Penrith Panthers,Second Row,2025-04-10T00:00:00Z,127550601,12755,6,away,0,0,0,0,0,0,0,0,1,0,0,5,4,3,1,31,23,9,12,0,0,0,4,41,0,2,0,0,0,0,2025
991587,Scott,Sorensen,Penrith Panthers,Second Row,2025-04-19T00:00:00Z,127550705,12755,7,away,0,0,0,0,0,0,1,1,5,0,0,13,9,3,6,71,12,59,28,0,0,0,8,27,1,4,0,0,0,0,2025
991587,Scott,Sorensen,Penrith Panthers,Second Row,2025-04-26T00:00:00Z,127550806,12755,8,home,0,0,0,0,0,0,0,0,3,0,0,9,4,2,2,34,17,17,10,1,0,0,4,32,0,4,0,0,1,1,2025
991587,Scott,Sorensen,Penrith Panthers,Interchange,2026-03-06T00:00:00Z,129990105,12999,1,away,0,0,0,0,0,0,0,0,0,0,0,8,8,7,0,65,51,0,26,0,0,0,8,22,0,1,0,0,0,0,2026
991587,Scott,Sorensen,Penrith Panthers,Interchange,2026-03-14T00:00:00Z,129990206,12999,2,home,0,0,0,0,0,0,0,0,1,0,0,5,4,2,0,37,17,0,11,0,0,0,4,22,0,1,0,0,0,0,2026
991587,Scott,Sorensen,Penrith Panthers,Interchange,2026-03-20T00:00:00Z,129990302,12999,3,away,0,0,0,0,0,0,0,0,1,0,0,10,9,2,6,103,21,72,22,0,0,2,9,18,0,2,0,0,0,0,2026
991587,Scott,Sorensen,Penrith Panthers,Interchange,2026-03-28T00:00:00Z,129990405,12999,4,home,0,0,0,0,0,0,0,0,2,0,0,8,6,0,3,56,0,27,24,0,0,1,6,15,1,1,0,0,0,1,2026
991587,Scott,Sorensen,Penrith Panthers,Interchange,2026-04-03T00:00:00Z,129990503,12999,5,home,0,0,0,0,0,0,0,0,5,0,0,11,7,6,0,64,52,0,21,0,0,0,6,19,0,0,0,0,0,0,2026
991587,Scott,Sorensen,Penrith Panthers,Interchange,2026-04-09T00:00:00Z,129990601,12999,6,away,0,0,0,0,0,0,0,0,1,0,0,8,7,3,3,43,19,15,19,0,0,1,6,28,0,1,0,0,1,0,2026
991587,Scott,Sorensen,Penrith Panthers,Interchange,2026-04-17T00:00:00Z,129990703,12999,7,away,0,0,0,0,0,0,0,0,1,0,0,8,7,5,2,47,35,12,16,1,0,0,5,33,0,1,0,0,1,0,2026
991587,Scott,Sorensen,Penrith Panthers,Interchange,2026-04-26T00:00:00Z,129990807,12999,8,away,0,0,0,0,0,0,0,0,4,0,0,14,9,0,7,76,0,55,23,2,0,0,8,22,3,2,0,0,0,0,2026
991587,Scott,Sorensen,Penrith Panthers,Interchange,2026-05-03T00:00:00Z,129990908,12999,9,home,0,0,0,0,0,0,0,0,2,0,0,17,13,5,6,102,43,36,41,0,0,0,13,24,0,1,0,0,2,0,2026
991587,Scott,Sorensen,Penrith Panthers,Interchange,2026-05-10T00:00:00Z,129991008,12999,10,away,0,0,0,0,0,0,0,0,1,0,0,6,5,5,0,40,40,0,18,0,0,0,5,25,0,2,0,0,0,0,2026
991600,Alex,Johnston,South Sydney Rabbitohs,Wing,2026-05-24T06:05:00Z,129991205,12999,12,away,4,1,0,0,0,0,0,1,4,0,0,20,12,4,5,142,36,76,31,1,2,0,12,3,0,1,0,0,3,0,2026
991606,Cameron,McInnes,Cronulla-Sutherland Sharks,Lock,2024-04-13T00:00:00Z,124450606,12445,6,away,0,0,0,0,0,0,0,0,12,0,0,24,12,6,5,135,51,75,62,0,1,2,12,48,2,0,0,0,0,1,2024
991606,Cameron,McInnes,Cronulla-Sutherland Sharks,Lock,2024-04-21T00:00:00Z,124450708,12445,7,home,0,0,0,0,0,0,0,0,11,0,0,23,12,9,3,103,78,25,29,2,0,1,10,22,0,1,0,0,0,1,2024
991606,Cameron,McInnes,Cronulla-Sutherland Sharks,Lock,2024-04-28T00:00:00Z,124450808,12445,8,away,4,1,0,0,0,0,0,0,7,0,0,19,11,1,10,95,9,87,26,0,1,1,10,43,1,0,0,0,0,1,2024
991606,Cameron,McInnes,Cronulla-Sutherland Sharks,Lock,2024-05-05T00:00:00Z,124450908,12445,9,home,0,0,0,0,0,0,0,0,9,0,0,23,14,6,8,127,55,72,41,1,0,1,13,39,0,4,0,0,0,1,2024
991606,Cameron,McInnes,Cronulla-Sutherland Sharks,Lock,2025-03-02T00:00:00Z,127550102,12755,1,away,0,0,0,0,0,0,0,0,3,0,0,19,15,6,8,116,48,57,39,0,0,0,15,43,0,0,0,0,1,0,2025
991606,Cameron,McInnes,Cronulla-Sutherland Sharks,Lock,2025-03-15T00:00:00Z,127550205,12755,2,away,0,0,0,0,0,0,0,0,8,0,0,25,16,10,6,103,68,36,33,1,0,1,16,35,0,1,0,0,0,1,2025
991606,Cameron,McInnes,Cronulla-Sutherland Sharks,Lock,2025-03-22T00:00:00Z,127550304,12755,3,home,0,0,0,0,0,0,0,0,9,0,0,25,15,1,14,113,8,104,41,0,0,2,15,33,1,0,0,0,1,0,2025
991606,Cameron,McInnes,Cronulla-Sutherland Sharks,Lock,2025-03-29T00:00:00Z,127550406,12755,4,home,0,0,0,0,0,0,0,0,7,0,0,24,16,12,3,108,84,17,38,1,0,1,16,62,2,5,0,0,0,0,2025
991606,Cameron,McInnes,Cronulla-Sutherland Sharks,Lock,2025-04-03T00:00:00Z,127550501,12755,5,away,0,0,0,0,0,0,0,0,8,0,0,19,12,12,0,98,98,0,37,0,0,0,10,43,0,2,0,0,1,0,2025
991606,Cameron,McInnes,Cronulla-Sutherland Sharks,Lock,2025-04-12T00:00:00Z,127550604,12755,6,home,0,0,0,0,0,0,0,0,20,0,0,31,11,8,3,76,56,20,33,1,0,0,10,35,0,0,0,0,0,1,2025
991606,Cameron,McInnes,Cronulla-Sutherland Sharks,Lock,2025-04-20T00:00:00Z,127550707,12755,7,away,0,0,0,0,0,0,0,0,7,0,0,19,12,11,1,94,88,6,32,0,0,2,12,48,2,4,0,0,1,2,2025
991606,Cameron,McInnes,Cronulla-Sutherland Sharks,Lock,2025-04-27T00:00:00Z,127550808,12755,8,away,0,0,0,0,0,0,0,0,13,0,0,25,13,5,8,90,37,54,30,1,0,3,11,47,3,3,0,0,0,1,2025
991606,Cameron,McInnes,Cronulla-Sutherland Sharks,Lock,2025-05-02T00:00:00Z,127550901,12755,9,home,4,1,0,0,0,0,0,0,10,0,0,25,17,10,6,135,78,46,59,0,1,5,14,34,1,1,0,0,0,0,2025
991606,Cameron,McInnes,Cronulla-Sutherland Sharks,Interchange,2026-04-24T00:00:00Z,129990802,12999,8,away,0,0,0,0,0,0,0,0,6,0,0,10,4,0,4,33,0,33,14,0,0,1,4,14,1,1,0,0,0,0,2026
991606,Cameron,McInnes,Cronulla-Sutherland Sharks,Lock,2026-05-03T00:00:00Z,129990907,12999,9,home,0,0,0,0,0,0,0,0,8,0,0,14,5,0,5,53,0,53,21,0,0,1,6,27,0,0,0,0,0,0,2026
991606,Cameron,McInnes,Cronulla-Sutherland Sharks,Lock,2026-05-09T00:00:00Z,129991005,12999,10,away,0,0,0,0,0,0,0,0,20,0,0,27,7,3,4,59,28,32,22,1,0,0,6,28,0,0,0,0,0,3,2026
991722,Luke,Brooks,Manly-Warringah Sea Eagles,Five-Eighth,2026-05-23T09:30:00Z,129991204,12999,12,home,0,0,0,0,0,0,0,0,46,456,14,67,11,0,10,61,0,47,10,0,0,0,7,16,3,5,0,0,1,0,2026
995276,Cameron,Munster,Melbourne Storm,Five-Eighth,2024-09-14T00:00:00Z,124460102,12446,1,home,4,1,0,0,0,0,0,0,25,186,8,52,22,1,19,161,7,142,48,1,1,6,17,13,3,0,0,0,0,1,2024
995276,Cameron,Munster,Melbourne Storm,Five-Eighth,2026-05-01T00:00:00Z,129990902,12999,9,away,0,0,0,0,0,0,0,0,32,224,7,44,6,0,5,48,0,40,13,0,0,0,5,32,1,3,0,0,0,1,2026
995278,Cody,Walker,South Sydney Rabbitohs,Five-Eighth,2020-10-17T00:00:00Z,110960302,11096,3,away,0,0,0,0,0,0,2,1,24,159,4,42,14,0,14,100,0,100,0,4,0,3,8,11,0,4,0,0,2,1,2020
995278,Cody,Walker,South Sydney Rabbitohs,Five-Eighth,2026-05-24T06:05:00Z,129991205,12999,12,away,0,0,0,0,0,0,1,2,23,96,4,34,8,0,8,74,0,74,18,1,2,2,5,17,4,1,0,0,1,0,2026
995647,Valentine,Holmes,St George-Illawarra Dragons,Centre,2026-05-23T07:30:00Z,129991203,12999,12,home,4,0,2,2,0,0,1,0,6,0,0,18,10,0,9,82,0,79,31,0,1,3,9,16,1,4,0,0,3,0,2026
995664,John,Bateman,Canberra Raiders,Second Row,2020-10-16T00:00:00Z,110960301,11096,3,away,0,0,0,0,0,0,0,0,4,30,1,18,15,5,9,123,44,73,0,1,0,3,12,34,1,0,1,0,0,0,2020
995673,Isaah,Yeo,Penrith Panthers,Lock,2025-05-04T00:00:00Z,127550907,12755,9,home,0,0,0,0,0,0,0,0,12,0,0,23,11,0,11,100,0,100,30,0,0,0,10,48,1,1,0,0,1,0,2025
995794,Josh,Addo-Carr,Canterbury-Bankstown Bulldogs,Wing,2024-04-12T00:00:00Z,124450602,12445,6,away,12,3,0,0,0,0,0,0,3,19,1,18,13,1,10,251,9,197,64,1,5,6,10,6,0,0,0,0,2,0,2024
995794,Josh,Addo-Carr,Canterbury-Bankstown Bulldogs,Wing,2024-04-21T00:00:00Z,124450707,12445,7,home,4,1,0,0,0,0,0,0,2,0,0,23,14,5,9,139,40,99,34,2,2,2,17,7,0,0,0,0,3,0,2024
995809,Joe,Stimson,Melbourne Storm,Interchange,2019-09-14T00:00:00Z,106850102,10685,1,home,0,0,0,0,0,0,0,0,0,0,0,0,0,0,0,0,0,0,0,0,0,0,0,0,0,0,0,0,0,0,2019
995838,Matt,Dufty,South Sydney Rabbitohs,Fullback,2026-05-24T06:05:00Z,129991205,12999,12,away,0,0,0,0,0,0,1,1,5,7,1,38,25,4,15,333,48,205,108,0,1,7,29,1,1,3,0,0,3,0,2026
995839,Addin,Fonua-Blake,Cronulla-Sutherland Sharks,Prop,2026-03-07T00:00:00Z,129990106,12999,1,home,0,0,0,0,0,0,0,0,2,0,0,20,16,1,13,169,11,125,72,1,0,2,16,28,0,1,0,0,1,0,2026
995839,Addin,Fonua-Blake,Cronulla-Sutherland Sharks,Prop,2026-03-14T00:00:00Z,129990206,12999,2,away,0,0,0,0,0,0,0,0,2,0,0,13,11,10,1,101,91,10,46,0,0,1,11,28,1,1,0,0,0,0,2026
995839,Addin,Fonua-Blake,Cronulla-Sutherland Sharks,Prop,2026-03-21T00:00:00Z,129990305,12999,3,home,0,0,0,0,0,0,0,0,1,0,0,11,9,8,1,83,74,9,38,0,0,0,9,41,2,1,0,0,1,0,2026
995839,Addin,Fonua-Blake,Cronulla-Sutherland Sharks,Prop,2026-03-29T00:00:00Z,129990407,12999,4,away,0,0,0,0,0,0,0,0,4,0,0,19,16,8,3,213,112,24,84,0,0,3,15,21,1,0,0,0,0,0,2026
995839,Addin,Fonua-Blake,Cronulla-Sutherland Sharks,Prop,2026-04-05T00:00:00Z,129990506,12999,5,home,0,0,0,0,0,0,0,0,3,0,0,12,9,9,0,85,85,0,39,1,0,0,8,26,2,2,0,0,0,0,2026
995877,Royce,Hunt,Cronulla-Sutherland Sharks,Prop,2023-09-09T00:00:00Z,120680103,12068,1,home,0,0,0,0,0,0,0,0,1,0,0,9,8,7,0,93,76,0,51,1,0,2,7,19,0,0,0,0,1,0,2023
995877,Royce,Hunt,Cronulla-Sutherland Sharks,Interchange,2024-09-20T00:00:00Z,124460201,12446,2,home,0,0,0,0,0,0,0,0,0,0,0,4,4,3,1,41,29,12,27,0,0,4,4,5,1,1,0,0,0,0,2024
995877,Royce,Hunt,Wests Tigers,Interchange,2025-03-07T00:00:00Z,127550104,12755,1,home,0,0,0,0,0,0,0,0,0,0,0,6,6,5,0,64,52,0,28,0,0,0,6,9,1,3,0,0,0,0,2025
995877,Royce,Hunt,Wests Tigers,Interchange,2026-05-03T00:00:00Z,129990907,12999,9,away,0,0,0,0,0,0,0,0,0,0,0,3,2,0,2,20,0,20,9,0,0,0,2,16,0,4,0,0,0,1,2026
995877,Royce,Hunt,Wests Tigers,Interchange,2026-05-10T00:00:00Z,129991007,12999,10,away,0,0,0,0,0,0,0,0,1,0,0,6,5,0,5,43,0,43,18,0,0,0,5,13,0,1,0,0,0,0,2026
995878,Shaun,Lane,Parramatta Eels,Second Row,2022-10-02T00:00:00Z,116890401,11689,4,away,0,0,0,0,0,0,0,0,0,0,0,14,13,7,6,125,65,61,36,0,0,1,12,36,0,2,0,1,2,1,2022
995886,Jayden,Brailey,Newcastle Knights,Hooker,2024-09-14T00:00:00Z,124460103,12446,1,away,4,1,0,0,0,0,1,0,94,0,0,98,3,0,1,41,0,24,5,0,0,0,3,49,0,0,0,0,0,0,2024
995886,Jayden,Brailey,Canberra Raiders,Lock,2026-05-21T09:50:00Z,129991201,12999,12,home,0,0,0,0,0,0,0,0,16,0,0,21,5,4,1,40,36,4,12,0,0,0,5,43,2,1,0,0,0,0,2026
995889,Jamayne,Isaako,Dolphins,Wing,2026-05-21T09:50:00Z,129991201,12999,12,away,14,1,5,4,1,1,0,0,6,0,0,22,14,8,4,114,62,34,42,0,1,2,14,7,0,3,0,0,0,0,2026
995915,Tom,Trbojevic,Manly-Warringah Sea Eagles,Fullback,2021-09-10T00:00:00Z,113560101,11356,1,away,0,0,0,0,0,0,0,0,5,0,0,20,15,1,9,150,4,89,35,1,0,1,12,3,1,1,0,0,2,1,2021
995915,Tom,Trbojevic,Manly-Warringah Sea Eagles,Fullback,2021-09-17T00:00:00Z,113560201,11356,2,home,8,2,0,0,0,0,1,0,10,0,0,27,19,1,12,178,5,100,57,1,3,9,14,3,0,0,0,0,1,0,2021
995915,Tom,Trbojevic,Manly-Warringah Sea Eagles,Fullback,2021-09-24T00:00:00Z,113560301,11356,3,away,4,1,0,0,0,0,0,1,15,0,0,35,15,2,7,100,9,60,32,0,0,5,16,9,1,1,0,0,3,0,2021
995921,Nelson,Asofa-Solomona,Melbourne Storm,Lock,2020-10-25T00:00:00Z,110960401,11096,4,away,0,0,0,0,0,0,0,0,0,0,0,13,13,12,0,122,109,0,0,0,0,6,13,23,0,3,0,0,0,0,2020
995942,Sione,Mata'utia,Newcastle Knights,Interchange,2020-10-04T00:00:00Z,110960104,11096,1,away,0,0,0,0,0,0,0,0,2,0,0,9,8,7,1,68,65,3,0,0,0,0,7,33,1,4,0,0,0,0,2020
995954,Coen,Hess,North Queensland Cowboys,Interchange,2016-09-10T00:00:00Z,98680103,9868,1,away,0,0,0,0,0,0,0,0,1,0,0,8,6,6,0,54,54,0,0,0,0,0,6,11,0,1,0,0,1,0,2016
995954,Coen,Hess,North Queensland Cowboys,Interchange,2026-05-24T06:05:00Z,129991205,12999,12,home,0,0,0,0,0,0,0,0,0,0,0,9,9,7,1,95,60,21,33,1,0,2,8,23,2,0,0,0,0,0,2026
995970,Moses,Leota,Penrith Panthers,Interchange,2018-09-14T00:00:00Z,104130201,10413,2,away,0,0,0,0,0,0,0,0,1,0,0,5,3,2,0,30,15,0,0,0,0,1,3,23,1,1,0,0,1,0,2018
995970,Moses,Leota,Penrith Panthers,Prop,2022-09-24T00:00:00Z,116890302,11689,3,home,0,0,0,0,0,0,0,0,0,0,0,8,8,7,0,71,60,0,29,1,0,1,7,27,1,4,0,0,0,0,2022
995970,Moses,Leota,Penrith Panthers,Prop,2022-10-02T00:00:00Z,116890401,11689,4,home,0,0,0,0,0,0,0,0,1,0,0,10,9,6,1,85,48,5,19,0,0,3,8,21,3,3,0,0,1,1,2022
995972,Brent,Naden,Penrith Panthers,Interchange,2020-10-17T00:00:00Z,110960302,11096,3,home,0,0,0,0,0,0,0,0,0,0,0,0,0,0,0,0,0,0,0,0,0,0,0,0,0,0,0,0,0,0,2020
995972,Brent,Naden,Penrith Panthers,Interchange,2020-10-25T00:00:00Z,110960401,11096,4,home,0,0,0,0,0,0,0,1,2,0,0,10,7,0,7,70,0,70,0,1,0,4,6,5,0,1,0,1,1,1,2020
995976,Sione,Katoa,Penrith Panthers,Hooker,2018-09-08T00:00:00Z,104130102,10413,1,home,0,0,0,0,0,0,0,1,72,106,3,77,2,0,1,5,0,4,0,0,0,1,2,35,0,1,0,0,0,1,2018
995994,Bronson,Garlick,Melbourne Storm,Interchange,2025-09-12T00:00:00Z,127560101,12756,1,home,0,0,0,0,0,0,0,0,0,0,0,0,0,0,0,0,0,0,0,0,0,0,0,0,0,0,0,0,0,0,2025
996008,Luciano,Leilua,St George-Illawarra Dragons,Interchange,2026-05-23T07:30:00Z,129991203,12999,12,home,0,0,0,0,0,0,0,1,6,0,0,13,7,0,7,62,0,62,24,1,0,2,5,11,0,1,0,1,1,1,2026
996013,Jacob,Host,South Sydney Rabbitohs,Interchange,2021-09-24T00:00:00Z,113560301,11356,3,home,0,0,0,0,0,0,0,0,0,0,0,5,5,5,0,25,25,0,5,0,0,0,5,8,0,1,0,0,0,0,2021
996013,Jacob,Host,South Sydney Rabbitohs,Interchange,2021-10-03T00:00:00Z,113560401,11356,4,away,0,0,0,0,0,0,0,0,0,0,0,5,5,5,0,38,38,0,17,0,0,0,5,21,1,4,0,0,0,0,2021
996016,Euan,Aitken,South Sydney Rabbitohs,Second Row,2026-05-24T06:05:00Z,129991205,12999,12,away,0,0,0,0,0,0,0,0,1,0,0,13,11,5,6,90,51,39,31,2,0,1,9,39,1,1,0,0,1,0,2026
996042,Jeremy,Marshall-King,Dolphins,Hooker,2026-05-21T09:50:00Z,129991201,12999,12,away,0,0,0,0,0,0,0,0,119,0,0,121,6,0,1,46,0,10,9,1,0,0,1,37,2,3,0,0,0,0,2026
996043,Te Maire,Martin,Warriors,Halfback,2026-05-23T07:30:00Z,129991203,12999,12,away,8,2,0,0,0,0,0,0,31,244,8,46,6,0,6,39,0,39,14,0,2,3,3,29,2,2,0,0,3,1,2026
996089,Hame,Sele,South Sydney Rabbitohs,Interchange,2022-09-11T00:00:00Z,116890104,11689,1,away,0,0,0,0,0,0,0,0,0,0,0,9,9,9,0,82,82,0,36,0,0,1,9,15,1,0,0,0,0,0,2022
996089,Hame,Sele,South Sydney Rabbitohs,Interchange,2022-09-17T00:00:00Z,116890202,11689,2,away,0,0,0,0,0,0,0,0,0,0,0,8,8,5,0,65,38,0,20,1,0,2,7,15,0,0,0,0,0,0,2022
996152,Josh,King,Melbourne Storm,Prop,2026-05-22T10:00:00Z,129991202,12999,12,away,4,1,0,0,0,0,0,0,5,0,0,18,14,7,6,118,59,55,40,0,1,1,11,40,3,4,0,0,1,0,2026
997381,Paul,Momirovski,Sydney Roosters,Centre,2023-09-15T00:00:00Z,120680201,12068,2,away,0,0,0,0,0,0,0,0,3,0,0,13,8,5,3,55,27,28,16,2,0,3,8,21,1,2,0,0,0,1,2023
997794,Connor,Tracey,Canterbury-Bankstown Bulldogs,Fullback,2026-05-07T00:00:00Z,129991001,12999,10,away,0,0,0,0,0,0,1,1,12,0,0,24,12,0,8,101,0,49,23,1,0,0,10,3,1,4,0,0,1,0,2026
997794,Connor,Tracey,Canterbury-Bankstown Bulldogs,Fullback,2026-05-15T00:00:00Z,129991101,12999,11,away,0,0,0,0,0,0,0,0,9,19,1,29,18,0,7,162,0,54,36,0,0,3,19,2,0,3,0,0,1,1,2026
998057,Marcelo,Montoya,Canterbury-Bankstown Bulldogs,Wing,2026-05-22T10:00:00Z,129991202,12999,12,home,0,0,0,0,0,0,0,0,3,0,0,21,18,0,17,150,0,138,40,1,0,4,17,8,0,2,0,0,0,0,2026
998460,James,Fisher-Harris,Penrith Panthers,Prop,2024-09-28T00:00:00Z,124460302,12446,3,home,0,0,0,0,0,0,0,0,4,0,0,19,14,13,0,110,97,0,43,1,0,2,13,28,2,0,0,0,0,1,2024
998460,James,Fisher-Harris,Warriors,Prop,2026-05-23T07:30:00Z,129991203,12999,12,away,0,0,0,0,0,0,0,0,1,0,0,18,17,3,14,156,26,130,55,0,0,1,17,44,0,3,0,0,0,0,2026
998505,Joseph,Manu,Sydney Roosters,Centre,2023-09-09T00:00:00Z,120680103,12068,1,away,4,1,0,0,0,0,0,0,5,0,0,17,15,1,11,132,0,122,49,1,1,3,10,14,0,4,0,0,2,0,2023
999894,Josh,Kerr,St George-Illawarra Dragons,Interchange,2026-05-23T07:30:00Z,129991203,12999,12,home,0,0,0,0,0,0,0,0,0,0,0,7,7,0,7,63,0,63,23,0,0,1,7,12,0,2,0,0,0,0,2026
999915,Kalyn,Ponga,Newcastle Knights,Fullback,2021-09-12T00:00:00Z,113560104,11356,1,away,0,0,0,0,0,0,2,2,22,1,1,33,13,0,9,104,0,77,33,1,1,6,9,2,0,4,0,0,0,0,2021
999915,Kalyn,Ponga,Newcastle Knights,Fullback,2026-05-17T00:00:00Z,129991106,12999,11,away,8,0,7,4,0,0,1,2,23,178,5,51,20,0,14,175,0,127,44,3,0,3,17,3,0,2,0,0,3,0,2026
999956,Erin,Clark,Warriors,Lock,2026-05-23T07:30:00Z,129991203,12999,12,away,0,0,0,0,0,0,0,0,7,0,0,23,16,0,16,137,0,137,43,1,0,0,14,49,1,0,0,0,1,1,2026
999976,Bayley,Sironen,South Sydney Rabbitohs,Second Row,2020-10-04T00:00:00Z,110960104,11096,1,home,0,0,0,0,0,0,0,0,2,0,0,11,8,6,2,59,48,11,0,0,0,2,8,30,1,1,0,0,1,0,2020
999976,Bayley,Sironen,South Sydney Rabbitohs,Second Row,2020-10-10T00:00:00Z,110960202,11096,2,away,4,1,0,0,0,0,0,0,3,0,0,18,13,9,4,94,73,20,0,0,0,2,14,37,0,1,0,0,1,0,2020
999978,Tevita,Tatola,South Sydney Rabbitohs,Prop,2026-05-24T06:05:00Z,129991205,12999,12,away,0,0,0,0,0,0,0,0,3,0,0,11,8,8,0,77,77,0,26,0,0,0,8,28,2,1,0,0,0,0,2026
1000003,Nat,Butcher,Sydney Roosters,Interchange,2019-09-13T00:00:00Z,106850101,10685,1,home,0,0,0,0,0,0,0,0,1,0,0,14,13,11,1,132,109,10,0,0,0,2,13,36,4,1,0,0,0,0,2019
1000031,Blake,Lawrie,St George-Illawarra Dragons,Interchange,2018-09-09T00:00:00Z,104130104,10413,1,away,0,0,0,0,0,0,0,0,0,0,0,9,12,9,1,108,69,7,0,0,0,4,9,12,1,2,0,0,0,0,2018
1000031,Blake,Lawrie,St George-Illawarra Dragons,Interchange,2018-09-15T00:00:00Z,104130202,10413,2,away,0,0,0,0,0,0,0,0,0,0,0,11,11,8,0,87,53,0,0,0,0,0,11,24,1,0,0,0,0,0,2018
1000031,Blake,Lawrie,St George-Illawarra Dragons,Interchange,2026-05-23T07:30:00Z,129991203,12999,12,home,0,0,0,0,0,0,0,0,0,0,0,0,0,0,0,0,0,0,0,0,0,0,0,0,0,0,0,0,0,0,2026
1000038,Dylan,Edwards,Penrith Panthers,Fullback,2025-09-28T00:00:00Z,127560302,12756,3,away,0,0,0,0,0,0,0,0,23,0,0,47,23,3,12,187,31,95,44,0,0,3,23,3,1,1,0,0,0,0,2025
1000038,Dylan,Edwards,Penrith Panthers,Fullback,2026-05-17T00:00:00Z,129991108,12999,11,home,0,0,0,0,0,0,0,0,15,36,2,45,27,1,16,282,9,159,83,0,0,5,27,7,1,1,1,1,1,0,2026
1001235,Nathan,Brown,Manly-Warringah Sea Eagles,Interchange,2026-05-23T09:30:00Z,129991204,12999,12,home,0,0,0,0,0,0,0,0,11,0,0,23,13,10,3,105,90,16,33,1,0,0,11,26,0,1,0,0,0,1,2026
1002028,Toby,Rudolf,Cronulla-Sutherland Sharks,Prop,2025-09-13T00:00:00Z,127560103,12756,1,home,4,1,0,0,0,0,0,0,0,0,0,7,7,4,2,66,39,18,25,0,1,2,6,34,1,5,0,0,0,0,2025
1002028,Toby,Rudolf,Cronulla-Sutherland Sharks,Prop,2025-09-20T00:00:00Z,127560201,12756,2,away,0,0,0,0,0,0,0,0,0,0,0,9,8,7,0,70,57,0,22,0,0,0,8,31,4,5,0,0,1,3,2025
1002028,Toby,Rudolf,Cronulla-Sutherland Sharks,Prop,2025-09-26T00:00:00Z,127560301,12756,3,away,0,0,0,0,0,0,0,0,1,0,0,10,9,7,0,67,42,0,20,0,0,0,9,20,1,4,0,0,0,1,2025
1002504,Nathan,Cleary,Penrith Panthers,Halfback,2022-09-09T00:00:00Z,116890101,11689,1,home,11,0,4,4,1,1,2,1,31,720,23,62,12,0,12,90,0,90,38,2,1,3,3,25,2,2,0,0,1,0,2022
1002528,Ray,Stone,Dolphins,Interchange,2026-05-21T09:50:00Z,129991201,12999,12,away,4,1,0,0,0,0,0,0,1,0,0,9,8,3,1,99,27,11,20,0,0,1,6,15,0,2,0,0,1,0,2026
1002839,Tom,Starling,Canberra Raiders,Interchange,2026-05-21T09:50:00Z,129991201,12999,12,home,0,0,0,0,0,0,0,0,75,0,0,78,3,0,0,34,0,0,9,1,0,0,2,33,0,3,0,0,0,1,2026
1002866,Reuben,Garrick,Manly-Warringah Sea Eagles,Centre,2026-05-23T09:30:00Z,129991204,12999,12,home,4,0,2,1,1,1,0,0,5,0,0,20,16,1,15,121,7,114,28,1,0,3,13,15,3,1,0,0,0,0,2026
1003060,William,Kennedy,Cronulla-Sutherland Sharks,Fullback,2026-05-15T00:00:00Z,129991101,12999,11,home,4,1,0,0,0,0,1,0,6,0,0,17,10,0,8,79,0,55,26,1,1,2,9,7,1,2,1,0,2,0,2026
1003807,Morgan,Knowles,Dolphins,Lock,2026-05-21T09:50:00Z,129991201,12999,12,away,4,1,0,0,0,0,0,0,8,0,0,18,11,8,3,91,73,18,31,1,1,0,8,33,0,1,0,0,0,0,2026
1005771,Justin,Olam,Melbourne Storm,Centre,2019-09-21T00:00:00Z,106850202,10685,2,home,0,0,0,0,0,0,1,1,4,0,0,16,11,1,7,133,11,88,0,0,1,5,11,8,0,1,0,0,1,0,2019
1007399,Nick,Meaney,Melbourne Storm,Centre,2026-05-22T10:00:00Z,129991202,12999,12,away,8,0,3,3,1,1,0,0,0,0,0,10,9,1,8,70,14,56,18,1,0,3,8,19,1,6,0,0,0,0,2026
1007404,Taniela,Paseka,Manly-Warringah Sea Eagles,Prop,2026-05-23T09:30:00Z,129991204,12999,12,home,0,0,0,0,0,0,0,0,1,0,0,20,19,17,0,190,164,0,80,1,0,3,18,25,0,1,0,0,0,0,2026
1007443,Isaiah,Papali'i,Penrith Panthers,Interchange,2025-09-21T00:00:00Z,127560202,12756,2,away,4,1,0,0,0,0,0,0,0,0,0,17,16,9,3,157,77,25,61,2,0,3,13,17,0,0,0,0,1,0,2025
1007456,Scott,Drinkwater,North Queensland Cowboys,Fullback,2022-09-23T00:00:00Z,116890301,11689,3,home,0,0,0,0,0,0,0,0,28,91,4,44,13,0,6,133,0,53,25,1,1,2,10,5,0,0,0,0,1,0,2022
1007456,Scott,Drinkwater,North Queensland Cowboys,Fullback,2026-05-16T00:00:00Z,129991104,12999,11,away,4,1,0,0,0,0,0,0,33,78,2,59,20,0,14,126,0,101,28,1,0,2,19,4,0,2,0,0,3,0,2026
1007456,Scott,Drinkwater,North Queensland Cowboys,Fullback,2026-05-24T06:05:00Z,129991205,12999,12,home,0,0,0,0,0,0,3,4,30,132,5,51,21,0,15,186,0,115,34,3,0,4,12,3,0,2,1,0,1,1,2026
1007457,Kyle,Flanagan,St George-Illawarra Dragons,Halfback,2026-05-23T07:30:00Z,129991203,12999,12,home,0,0,0,0,0,0,0,0,48,35,1,60,8,0,7,50,0,43,15,1,0,1,7,21,0,2,0,0,2,1,2026
1007458,AJ,Brimson,Gold Coast Titans,Five-Eighth,2026-03-07T00:00:00Z,129990106,12999,1,away,0,0,0,0,0,0,0,0,27,201,8,38,2,0,2,9,0,9,2,0,0,1,2,17,2,2,0,0,1,0,2026
1007458,AJ,Brimson,Gold Coast Titans,Five-Eighth,2026-03-15T00:00:00Z,129990208,12999,2,away,0,0,0,0,0,0,0,0,26,52,3,33,5,0,5,42,0,42,13,0,0,1,4,35,0,2,0,0,0,0,2026
1007458,AJ,Brimson,Gold Coast Titans,Five-Eighth,2026-03-22T00:00:00Z,129990308,12999,3,away,0,0,0,0,0,0,0,0,40,167,5,53,8,0,8,58,0,58,24,0,0,1,8,20,1,2,0,0,0,0,2026
1007458,AJ,Brimson,Gold Coast Titans,Centre,2026-03-29T00:00:00Z,129990408,12999,4,home,0,0,0,0,0,0,0,0,8,0,0,17,10,0,9,73,0,66,24,1,0,3,8,17,1,1,0,0,0,1,2026
1007458,AJ,Brimson,Gold Coast Titans,Centre,2026-04-04T00:00:00Z,129990505,12999,5,home,0,0,0,0,0,0,0,0,18,0,0,27,10,0,10,103,0,103,26,0,0,2,8,16,0,4,0,1,1,1,2026
1007458,AJ,Brimson,Gold Coast Titans,Centre,2026-04-12T00:00:00Z,129990607,12999,6,away,4,1,0,0,0,0,0,0,11,0,0,19,8,0,8,71,0,71,15,1,0,0,6,11,3,5,0,0,0,2,2026
1007458,AJ,Brimson,Gold Coast Titans,Centre,2026-05-02T00:00:00Z,129990903,12999,9,home,0,0,0,0,0,0,1,1,13,18,1,24,12,0,12,106,0,106,24,0,1,2,8,14,0,0,0,0,2,0,2026
1007458,AJ,Brimson,Gold Coast Titans,Centre,2026-05-08T00:00:00Z,129991002,12999,10,away,0,0,0,0,0,0,1,0,14,0,0,24,11,0,11,115,0,115,34,0,1,4,9,20,1,2,0,0,1,0,2026
1007458,AJ,Brimson,Gold Coast Titans,Centre,2026-05-23T09:30:00Z,129991204,12999,12,away,4,1,0,0,0,0,0,0,4,7,1,15,8,0,8,74,0,74,23,1,0,1,7,17,1,0,0,1,1,1,2026
1007459,Max,King,Canterbury-Bankstown Bulldogs,Prop,2026-05-22T10:00:00Z,129991202,12999,12,home,0,0,0,0,0,0,0,0,1,7,1,21,18,11,4,143,88,26,41,2,0,0,16,36,1,3,0,0,1,0,2026
1008489,Enari,Tuala,Canterbury-Bankstown Bulldogs,Centre,2025-09-12T00:00:00Z,127560101,12756,1,away,0,0,0,0,0,0,0,0,1,0,0,10,10,6,4,84,53,31,32,0,0,2,9,17,0,1,0,0,0,0,2025
1008489,Enari,Tuala,Canterbury-Bankstown Bulldogs,Centre,2026-05-22T10:00:00Z,129991202,12999,12,home,4,1,0,0,0,0,0,0,2,8,1,18,14,0,13,143,0,138,64,1,2,3,13,18,1,3,0,0,0,1,2026
1009175,Briton,Nikora,Cronulla-Sutherland Sharks,Second Row,2024-09-28T00:00:00Z,124460302,12446,3,away,0,0,0,0,0,0,1,1,2,0,0,10,7,3,4,61,26,35,21,1,0,0,6,38,2,6,0,0,1,0,2024
1009576,Phillip,Sami,Gold Coast Titans,Wing,2021-09-11T00:00:00Z,113560102,11356,1,away,0,0,0,0,0,0,0,0,2,0,0,15,12,7,4,86,48,27,39,0,0,3,13,2,1,1,0,0,0,0,2021
1009576,Phillip,Sami,Gold Coast Titans,Wing,2026-04-18T00:00:00Z,129990704,12999,7,away,0,0,0,0,0,0,0,0,1,0,0,27,26,20,4,226,175,38,77,2,0,1,24,2,0,2,0,0,0,0,2026
1009576,Phillip,Sami,Gold Coast Titans,Wing,2026-05-23T09:30:00Z,129991204,12999,12,away,4,1,0,0,0,0,0,0,1,0,0,31,27,2,25,230,18,212,90,0,1,4,26,2,0,0,0,0,4,0,2026
1011012,Zac,Hosking,Canberra Raiders,Second Row,2026-05-21T09:50:00Z,129991201,12999,12,home,0,0,0,0,0,0,0,0,1,0,0,13,12,9,3,99,79,20,46,0,0,0,12,39,1,1,0,0,0,0,2026
1011014,Jake,Clifford,North Queensland Cowboys,Halfback,2024-09-14T00:00:00Z,124460103,12446,1,home,0,0,0,0,0,0,0,0,21,457,13,40,6,0,6,44,0,44,13,0,0,0,6,19,1,5,0,0,0,1,2024
1011014,Jake,Clifford,North Queensland Cowboys,Halfback,2024-09-20T00:00:00Z,124460201,12446,2,away,0,0,0,0,0,0,0,0,23,447,12,43,7,0,7,65,0,65,15,0,1,1,5,26,0,3,0,1,2,1,2024
1011014,Jake,Clifford,North Queensland Cowboys,Halfback,2026-05-24T06:05:00Z,129991205,12999,12,home,10,0,5,4,0,0,1,1,24,495,13,42,4,0,4,79,0,79,12,0,0,0,3,13,0,1,0,0,1,1,2026
1011017,Jaeman,Salmon,Canterbury-Bankstown Bulldogs,Lock,2026-05-22T10:00:00Z,129991202,12999,12,home,0,0,0,0,0,0,1,1,6,0,0,17,9,2,7,79,13,66,20,1,0,1,10,31,0,2,0,0,0,0,2026
1011018,Wayde,Egan,Warriors,Hooker,2026-05-23T07:30:00Z,129991203,12999,12,away,0,0,0,0,0,0,0,0,88,0,0,91,1,0,0,7,0,0,0,0,0,0,1,33,1,2,0,0,2,0,2026
1011024,Jackson,Ford,Warriors,Prop,2026-05-23T07:30:00Z,129991203,12999,12,away,0,0,0,0,0,0,0,0,0,0,0,17,16,0,14,154,0,130,55,1,0,1,15,47,2,5,0,0,1,2,2026
1011034,Sitili,Tupouniua,Canterbury-Bankstown Bulldogs,Second Row,2026-05-22T10:00:00Z,129991202,12999,12,home,4,1,0,0,0,0,0,1,6,0,0,20,13,9,4,115,81,34,40,0,1,2,12,34,0,4,0,0,1,0,2026
1011035,Sean,O'Sullivan,Canterbury-Bankstown Bulldogs,Interchange,2026-05-22T10:00:00Z,129991202,12999,12,home,0,0,0,0,0,0,0,0,0,0,0,0,0,0,0,0,0,0,0,0,0,0,0,0,0,0,0,0,0,0,2026
1011039,Chanel,Harris-Tavita,Warriors,Five-Eighth,2026-05-23T07:30:00Z,129991203,12999,12,away,6,0,6,3,0,0,1,1,29,334,7,40,5,0,3,68,0,30,14,1,0,1,3,12,3,0,0,0,0,0,2026
1012706,Moeaki,Fotuaika,Gold Coast Titans,Prop,2026-05-23T09:30:00Z,129991204,12999,12,away,0,0,0,0,0,0,0,0,5,0,0,14,11,7,3,88,59,10,28,0,0,1,9,42,2,1,0,0,0,0,2026
1012925,Kotoni,Staggs,Brisbane Broncos,Centre,2025-09-14T00:00:00Z,127560104,12756,1,away,4,1,0,0,0,0,1,1,3,0,0,27,22,4,14,196,37,124,79,2,1,8,19,7,0,3,0,1,2,0,2025
1012925,Kotoni,Staggs,Brisbane Broncos,Centre,2025-09-28T00:00:00Z,127560302,12756,3,home,4,1,0,0,0,0,0,0,4,0,0,20,17,7,9,147,58,86,61,0,0,4,15,17,0,5,0,0,0,1,2025
1013034,Emre,Guler,St George-Illawarra Dragons,Interchange,2026-05-23T07:30:00Z,129991203,12999,12,home,0,0,0,0,0,0,0,0,2,0,0,8,6,1,5,51,6,45,23,0,0,0,6,24,0,0,0,0,0,0,2026
1013240,Reed,Mahoney,North Queensland Cowboys,Hooker,2026-05-24T06:05:00Z,129991205,12999,12,home,4,1,0,0,0,0,1,1,119,57,2,123,2,0,1,14,0,9,7,0,1,1,1,34,2,0,0,0,1,1,2026
1013317,Billy,Smith,Sydney Roosters,Centre,2025-09-13T00:00:00Z,127560103,12756,1,away,0,0,0,0,0,0,0,0,5,0,0,16,10,3,7,70,30,41,26,0,0,1,10,22,0,0,0,0,1,1,2025
1014509,Corey,Horsburgh,Canberra Raiders,Prop,2026-05-21T09:50:00Z,129991201,12999,12,home,4,1,0,0,0,0,0,0,1,0,0,16,14,11,0,115,77,0,46,0,0,1,13,38,1,3,0,0,0,2,2026
1014513,Brandon,Wakeham,Manly-Warringah Sea Eagles,Hooker,2026-05-23T09:30:00Z,129991204,12999,12,home,0,0,0,0,0,0,0,0,74,0,0,75,2,0,2,12,0,12,2,0,0,0,1,26,2,2,0,0,0,0,2026
1014514,Bronson,Xerri,Canterbury-Bankstown Bulldogs,Centre,2024-09-15T00:00:00Z,124460104,12446,1,home,0,0,0,0,0,0,0,0,4,0,0,13,9,4,5,70,27,43,23,0,0,1,8,12,0,2,0,0,1,0,2024
1014514,Bronson,Xerri,Canterbury-Bankstown Bulldogs,Centre,2026-05-22T10:00:00Z,129991202,12999,12,home,0,0,0,0,0,0,1,3,6,0,0,22,20,1,16,236,10,204,100,1,0,10,15,5,0,0,0,0,0,2,2026
1014519,Beau,Fermor,Gold Coast Titans,Second Row,2026-05-23T09:30:00Z,129991204,12999,12,away,0,0,0,0,0,0,0,0,3,0,0,19,14,6,8,101,41,60,36,3,0,1,12,34,0,0,0,0,1,0,2026
1014524,Reuben,Cotter,North Queensland Cowboys,Prop,2022-09-10T00:00:00Z,116890103,11689,1,away,0,0,0,0,0,0,0,0,7,0,0,29,22,18,4,149,129,21,44,2,0,2,20,52,0,2,0,0,0,0,2022
1014525,Tom,Gilbert,Dolphins,Interchange,2026-05-21T09:50:00Z,129991201,12999,12,away,0,0,0,0,0,0,0,0,0,0,0,8,8,7,0,79,68,0,31,0,0,1,8,20,0,0,0,0,0,0,2026
1014529,Stefano,Utoikamanu,Melbourne Storm,Prop,2026-05-22T10:00:00Z,129991202,12999,12,away,0,0,0,0,0,0,0,0,0,3,1,14,13,9,1,137,90,10,51,0,0,1,13,31,1,2,0,0,0,0,2026
1014532,Jason,Saab,Manly-Warringah Sea Eagles,Wing,2026-05-23T09:30:00Z,129991204,12999,12,home,0,0,0,0,0,0,0,0,1,0,0,21,16,5,10,120,35,76,40,0,0,0,19,3,0,3,0,0,1,0,2026
1014535,Sam,McIntyre,North Queensland Cowboys,Second Row,2026-05-24T06:05:00Z,129991205,12999,12,home,0,0,0,0,0,0,0,0,1,0,0,10,10,4,6,89,41,48,31,1,0,2,8,35,0,6,0,0,0,1,2026
1014536,Thomas,Mikaele,North Queensland Cowboys,Prop,2026-05-24T06:05:00Z,129991205,12999,12,home,0,0,0,0,0,0,0,0,2,0,0,17,16,13,3,163,132,31,66,2,0,7,13,28,0,0,0,0,0,0,2026
1017153,Brian,To'o,Penrith Panthers,Wing,2025-09-13T00:00:00Z,127560102,12756,1,away,4,1,0,0,0,0,1,0,0,3,1,19,18,4,9,234,27,137,74,1,0,5,16,3,0,1,0,0,0,0,2025
1017273,Mitch,Kenny,Penrith Panthers,Interchange,2021-09-11T00:00:00Z,113560103,11356,1,home,0,0,0,0,0,0,0,0,11,0,0,15,3,3,0,26,26,0,7,0,0,0,4,15,0,3,0,0,0,1,2021
1017273,Mitch,Kenny,Penrith Panthers,Hooker,2024-09-13T00:00:00Z,124460101,12446,1,home,0,0,0,0,0,0,1,1,153,6,1,154,2,0,0,13,0,0,0,0,0,0,0,46,1,6,0,0,0,0,2024
1017453,Keaon,Koloamatangi,South Sydney Rabbitohs,Second Row,2026-05-24T06:05:00Z,129991205,12999,12,away,0,0,0,0,0,0,0,0,2,0,0,13,12,8,3,101,66,28,30,0,0,3,10,33,3,1,0,0,1,0,2026
1018344,Chris,Randall,Gold Coast Titans,Interchange,2026-05-23T09:30:00Z,129991204,12999,12,away,0,0,0,0,0,0,0,0,8,0,0,14,7,1,5,49,6,39,19,0,0,0,5,33,2,0,0,0,1,0,2026
1018383,Matt,Burton,Canterbury-Bankstown Bulldogs,Five-Eighth,2026-05-22T10:00:00Z,129991202,12999,12,home,10,0,5,4,1,1,0,0,34,347,9,58,20,0,18,240,0,223,81,0,2,7,13,22,0,1,0,0,1,1,2026
1018453,Sean,Keppie,South Sydney Rabbitohs,Prop,2026-05-24T06:05:00Z,129991205,12999,12,away,0,0,0,0,0,0,0,0,3,0,0,15,13,7,0,133,68,0,32,0,0,2,12,32,1,8,0,0,0,1,2026
1019536,Ethan,Bullemor,Manly-Warringah Sea Eagles,Prop,2026-05-23T09:30:00Z,129991204,12999,12,home,0,0,0,0,0,0,0,0,0,0,0,8,8,4,4,67,30,37,22,0,0,0,8,27,1,1,0,0,0,0,2026
1019538,Kobe,Hetherington,Brisbane Broncos,Interchange,2023-09-08T00:00:00Z,120680101,12068,1,home,0,0,0,0,0,0,0,0,0,0,0,16,16,15,1,138,133,5,41,0,0,4,16,13,1,1,0,0,0,0,2023
1019538,Kobe,Hetherington,Manly-Warringah Sea Eagles,Interchange,2026-05-23T09:30:00Z,129991204,12999,12,home,0,0,0,0,0,0,0,0,0,0,0,14,14,9,2,111,66,8,40,0,0,2,14,30,0,0,0,0,0,0,2026
1019546,Hamiso,Tabuai-Fidow,Dolphins,Fullback,2026-05-15T00:00:00Z,129991102,12999,11,away,4,1,0,0,0,0,1,1,23,0,0,38,14,1,11,179,9,144,78,0,1,2,12,3,0,1,0,0,2,0,2026
1019547,Connelly,Lemuelu,Dolphins,Second Row,2026-05-21T09:50:00Z,129991201,12999,12,away,0,0,0,0,0,0,1,0,4,0,0,18,15,8,7,135,66,69,58,0,1,3,14,22,2,1,0,0,0,1,2026
1019551,Wiremu,Greig,North Queensland Cowboys,Interchange,2026-05-24T06:05:00Z,129991205,12999,12,home,0,0,0,0,0,0,0,0,0,0,0,4,4,4,0,42,42,0,9,1,0,1,3,3,0,1,0,0,0,0,2026
1019564,Shawn,Blore,Melbourne Storm,Second Row,2026-05-22T10:00:00Z,129991202,12999,12,away,0,0,0,0,0,0,0,0,0,0,0,5,5,4,1,45,38,7,13,0,0,0,5,19,2,2,0,0,0,0,2026
1019570,Matt,Timoko,Canberra Raiders,Centre,2026-05-21T09:50:00Z,129991201,12999,12,home,0,0,0,0,0,0,1,1,3,0,0,14,11,9,2,89,74,15,39,0,0,2,11,19,0,1,0,0,0,0,2026
1019576,Christian,Tuipulotu,St George-Illawarra Dragons,Wing,2026-05-23T07:30:00Z,129991203,12999,12,home,4,1,0,0,0,0,0,0,2,0,0,22,19,0,18,195,0,182,65,0,0,3,19,2,1,1,0,0,0,1,2026
1019596,Jake,Simpkin,Manly-Warringah Sea Eagles,Interchange,2026-05-23T09:30:00Z,129991204,12999,12,home,0,0,0,0,0,0,0,0,76,0,0,79,4,0,0,41,0,0,7,0,0,0,3,24,3,2,0,0,0,1,2026
1021284,Ben,Trbojevic,Manly-Warringah Sea Eagles,Second Row,2026-05-23T09:30:00Z,129991204,12999,12,home,0,0,0,0,0,0,1,1,3,0,0,21,15,3,12,124,23,102,44,4,0,2,13,25,0,1,0,1,1,0,2026
1021324,Ata,Mariota,Canberra Raiders,Second Row,2026-05-21T09:50:00Z,129991201,12999,12,home,4,1,0,0,0,0,0,0,1,0,0,14,12,9,3,96,66,30,50,0,0,1,12,48,0,3,0,0,0,0,2026
1021752,Jensen,Taumoepeau,Gold Coast Titans,Wing,2026-05-23T09:30:00Z,129991204,12999,12,away,0,0,0,0,0,0,0,0,5,0,0,29,23,4,15,218,26,97,50,1,1,3,23,1,0,0,0,0,2,0,2026
1021753,Jack,Howarth,Melbourne Storm,Centre,2026-05-22T10:00:00Z,129991202,12999,12,away,0,0,0,0,0,0,1,1,3,0,0,20,19,2,17,150,18,132,53,0,0,10,17,13,1,0,0,0,1,0,2026
1023280,Griffin,Neame,North Queensland Cowboys,Interchange,2026-05-24T06:05:00Z,129991205,12999,12,home,0,0,0,0,0,0,0,0,1,0,0,14,12,11,0,104,97,0,34,0,0,0,12,31,0,1,0,0,1,0,2026
1023553,Reece,Walsh,Brisbane Broncos,Fullback,2026-05-17T00:00:00Z,129991107,12999,11,away,0,0,0,0,0,0,0,1,16,150,5,34,14,0,11,134,0,106,42,0,0,4,10,8,2,1,0,0,3,2,2026
1023577,Edward,Kosi,South Sydney Rabbitohs,Interchange,2026-05-24T06:05:00Z,129991205,12999,12,away,0,0,0,0,0,0,0,0,0,0,0,0,0,0,0,0,0,0,0,0,0,0,0,0,0,0,0,0,0,0,2026
1023614,Jayden,Campbell,Gold Coast Titans,Five-Eighth,2026-05-23T09:30:00Z,129991204,12999,12,away,2,0,2,1,0,0,2,1,22,270,9,46,13,0,10,129,0,114,45,0,0,4,13,24,1,0,0,0,2,0,2026
1023703,Heilum,Luki,North Queensland Cowboys,Second Row,2026-05-24T06:05:00Z,129991205,12999,12,home,4,1,0,0,0,0,0,0,0,0,0,11,10,6,4,90,51,40,31,0,1,4,9,34,1,0,1,0,0,1,2026
1023715,Brad,Schneider,Dolphins,Five-Eighth,2026-05-21T09:50:00Z,129991201,12999,12,away,4,1,0,0,0,0,1,1,24,56,2,34,11,0,11,101,0,101,38,0,1,5,7,15,0,1,0,0,0,0,2026
1023975,Peter,Mamouzelos,South Sydney Rabbitohs,Hooker,2026-05-24T06:05:00Z,129991205,12999,12,away,0,0,0,0,0,0,0,0,69,12,1,71,1,0,0,8,0,0,0,1,0,0,0,43,4,2,0,0,0,0,2026
1024033,Tyrell,Sloan,St George-Illawarra Dragons,Interchange,2026-05-23T07:30:00Z,129991203,12999,12,home,0,0,0,0,0,0,0,0,10,0,0,28,15,0,13,100,0,89,20,1,0,1,16,4,1,0,0,0,1,0,2026
1024034,Xavier,Savage,Canberra Raiders,Wing,2026-05-21T09:50:00Z,129991201,12999,12,home,0,0,0,0,0,0,0,0,2,15,1,10,7,3,4,65,38,27,32,0,0,2,7,9,0,2,0,0,0,0,2026
1024045,Daine,Laurie,Canberra Raiders,Five-Eighth,2026-05-21T09:50:00Z,129991201,12999,12,home,0,0,0,0,0,0,2,0,22,7,1,34,8,2,6,87,18,69,22,0,1,1,7,15,0,6,0,1,3,1,2026
1024170,Davvy,Moale,Melbourne Storm,Interchange,2026-05-22T10:00:00Z,129991202,12999,12,away,0,0,0,0,0,0,0,0,0,0,0,7,7,6,0,62,51,0,24,0,0,1,6,23,2,3,0,0,1,0,2026
1024255,Viliami,Vailea,North Queensland Cowboys,Interchange,2026-05-24T06:05:00Z,129991205,12999,12,home,0,0,0,0,0,0,0,0,0,0,0,0,0,0,0,0,0,0,0,0,0,0,0,0,0,0,0,0,0,0,2026
1024393,Daniel,Atkinson,Cronulla-Sutherland Sharks,Interchange,2024-09-14T00:00:00Z,124460102,12446,1,away,0,0,0,0,0,0,0,0,2,0,0,3,1,1,0,5,5,0,1,0,0,0,1,3,1,0,0,0,0,0,2024
1024393,Daniel,Atkinson,St George-Illawarra Dragons,Five-Eighth,2026-05-23T07:30:00Z,129991203,12999,12,home,0,0,0,0,0,0,0,0,35,518,15,56,6,0,6,43,0,43,7,1,0,1,4,23,0,1,0,0,1,0,2026
1024395,Lachlan,Ilias,Gold Coast Titans,Interchange,2026-05-23T09:30:00Z,129991204,12999,12,away,0,0,0,0,0,0,0,0,0,0,0,0,0,0,0,0,0,0,0,0,0,0,0,0,0,0,0,0,0,0,2026
1025363,Alofiana,Khan-Pereira,Warriors,Wing,2026-05-23T07:30:00Z,129991203,12999,12,away,8,2,0,0,0,0,0,0,1,0,0,16,15,0,13,156,0,145,60,1,2,2,12,8,0,0,0,0,0,0,2026
1025364,Ezra,Mam,Brisbane Broncos,Interchange,2025-10-05T00:00:00Z,127560401,12756,4,away,0,0,0,0,0,0,1,2,23,16,2,31,11,0,9,83,0,62,29,0,0,6,6,6,1,4,0,0,0,1,2025
1025372,Jacob,Kiraz,Canterbury-Bankstown Bulldogs,Wing,2025-09-21T00:00:00Z,127560202,12756,2,home,4,1,0,0,0,0,0,0,4,21,1,21,18,2,16,113,11,102,40,4,2,2,11,7,1,2,0,0,1,0,2025
1025372,Jacob,Kiraz,Canterbury-Bankstown Bulldogs,Fullback,2026-05-22T10:00:00Z,129991202,12999,12,home,4,1,0,0,0,0,0,0,9,0,0,36,30,1,16,289,13,157,76,7,1,3,19,0,0,2,0,0,1,0,2026
1025374,Leo,Thompson,Canterbury-Bankstown Bulldogs,Prop,2026-05-22T10:00:00Z,129991202,12999,12,home,0,0,0,0,0,0,0,0,2,0,0,15,13,8,5,105,67,39,35,2,0,1,11,51,0,3,0,0,0,0,2026
1025386,Jamie,Humphreys,South Sydney Rabbitohs,Interchange,2026-05-24T06:05:00Z,129991205,12999,12,away,0,0,0,0,0,0,0,0,51,101,3,59,5,1,3,41,10,26,17,0,0,2,4,42,1,2,0,0,1,0,2026
1025388,Kaeo,Weekes,Canberra Raiders,Fullback,2026-05-21T09:50:00Z,129991201,12999,12,home,0,0,0,0,0,0,0,0,14,65,2,28,11,0,8,111,0,55,28,1,1,2,9,2,1,2,1,0,1,0,2026
1025395,Will,Warbrick,Melbourne Storm,Wing,2025-09-26T00:00:00Z,127560301,12756,3,home,4,1,0,0,0,0,0,0,1,0,0,23,17,5,6,124,36,41,57,0,1,7,20,7,2,1,0,0,1,0,2025
1025395,Will,Warbrick,Melbourne Storm,Wing,2026-05-22T10:00:00Z,129991202,12999,12,away,0,0,0,0,0,0,0,0,1,0,0,16,11,8,3,101,71,30,27,0,0,2,12,4,0,0,0,0,3,0,2026
1026956,Alec,MacDonald,Melbourne Storm,Interchange,2026-05-22T10:00:00Z,129991202,12999,12,away,0,0,0,0,0,0,0,0,1,0,0,10,8,5,3,77,53,24,26,0,0,0,8,28,5,1,0,0,1,0,2026
1026957,Sualauvi,Fa'alogo,Melbourne Storm,Fullback,2026-05-16T00:00:00Z,129991105,12999,11,away,0,0,0,0,0,0,1,0,18,23,1,40,20,0,12,263,0,122,107,0,1,5,18,2,0,1,0,0,2,3,2026
1026957,Sualauvi,Fa'alogo,Melbourne Storm,Fullback,2026-05-22T10:00:00Z,129991202,12999,12,away,0,0,0,0,0,0,0,0,11,0,0,35,24,0,13,199,0,123,43,0,0,5,24,9,2,1,0,0,1,0,2026
1028397,Tom,Chester,North Queensland Cowboys,Centre,2026-05-24T06:05:00Z,129991205,12999,12,home,4,1,0,0,0,0,0,0,1,15,1,22,19,8,11,237,68,168,46,2,2,2,16,17,1,5,1,0,1,0,2026
1028445,Kurtis,Morrin,Gold Coast Titans,Interchange,2026-05-23T09:30:00Z,129991204,12999,12,away,0,0,0,0,0,0,0,0,2,0,0,12,10,3,7,63,25,37,24,0,0,1,9,29,0,3,0,0,1,0,2026
1028986,Robert,Derby,North Queensland Cowboys,Wing,2026-05-24T06:05:00Z,129991205,12999,12,home,0,0,0,0,0,0,0,0,3,0,0,26,21,7,9,174,66,68,56,0,0,1,23,12,0,2,0,0,1,0,2026
1029732,Klese,Haas,Gold Coast Titans,Prop,2026-05-23T09:30:00Z,129991204,12999,12,away,0,0,0,0,0,0,0,0,0,0,0,6,6,4,2,47,33,14,13,1,0,0,5,35,1,1,0,0,0,0,2026
1029924,Oryn,Keeley,Dolphins,Interchange,2026-05-21T09:50:00Z,129991201,12999,12,away,0,0,0,0,0,0,0,0,0,0,0,6,6,5,0,62,47,0,23,0,0,0,6,13,0,1,0,0,0,0,2026
1030037,Ativalu,Lisati,Melbourne Storm,Second Row,2026-05-22T10:00:00Z,129991202,12999,12,away,0,0,0,0,0,0,0,0,0,0,0,9,8,8,0,70,70,0,27,0,0,0,8,37,6,9,0,0,2,0,2026
1030769,Jye,Gray,South Sydney Rabbitohs,Fullback,2026-05-15T00:00:00Z,129991102,12999,11,home,0,0,0,0,0,0,0,1,18,29,2,32,17,0,10,136,0,75,36,0,0,1,12,1,1,2,0,0,0,0,2026
1030769,Jye,Gray,South Sydney Rabbitohs,Interchange,2026-05-24T06:05:00Z,129991205,12999,12,away,0,0,0,0,0,0,0,0,0,0,0,0,0,0,0,0,0,0,0,0,0,0,0,0,0,0,0,0,0,0,2026
1030839,Jacob,Preston,Canterbury-Bankstown Bulldogs,Second Row,2026-05-22T10:00:00Z,129991202,12999,12,home,0,0,0,0,0,0,0,0,0,0,0,1,0,0,0,0,0,0,0,0,0,0,0,8,0,1,0,0,1,0,2026
1030840,Isaiya,Katoa,Dolphins,Halfback,2026-05-21T09:50:00Z,129991201,12999,12,away,0,0,0,0,0,0,0,1,39,525,16,61,7,0,6,58,0,49,22,1,0,0,5,29,0,2,0,0,0,0,2026
1030843,Joe,Chan,Melbourne Storm,Interchange,2026-05-22T10:00:00Z,129991202,12999,12,away,0,0,0,0,0,0,0,0,0,0,0,11,11,5,6,93,47,46,28,1,0,2,10,25,3,1,0,0,0,0,2026
1031174,Taine,Tuaupiki,Warriors,Fullback,2026-05-17T00:00:00Z,129991107,12999,11,home,10,0,6,5,0,0,0,0,9,0,0,24,15,1,11,127,8,86,39,0,0,1,14,5,1,1,0,0,1,0,2026
1031174,Taine,Tuaupiki,Warriors,Fullback,2026-05-23T07:30:00Z,129991203,12999,12,away,0,0,0,0,0,0,1,1,12,0,0,27,15,0,8,187,0,60,73,0,1,5,15,7,1,1,0,0,0,0,2026
1031176,Kulikefu,Finefeuiaki,Dolphins,Second Row,2026-05-21T09:50:00Z,129991201,12999,12,away,0,0,0,0,0,0,0,0,0,0,0,17,16,12,4,125,95,30,50,0,0,1,16,42,0,4,0,0,1,0,2026
1031178,Kurt,Donoghoe,Dolphins,Interchange,2026-05-21T09:50:00Z,129991201,12999,12,away,0,0,0,0,0,0,0,0,22,0,0,26,7,4,3,62,42,20,22,0,0,0,3,32,2,1,0,0,2,0,2026
1031179,Keano,Kini,Gold Coast Titans,Fullback,2026-05-17T00:00:00Z,129991106,12999,11,home,0,0,0,0,0,0,0,1,24,16,1,48,24,0,13,193,0,104,31,1,0,5,20,5,0,3,0,1,2,0,2026
1031179,Keano,Kini,Gold Coast Titans,Fullback,2026-05-23T09:30:00Z,129991204,12999,12,away,0,0,0,0,0,0,0,0,21,0,1,46,19,0,9,171,0,66,52,1,0,6,20,4,0,1,0,0,3,0,2026
1031268,Tallis,Duncan,South Sydney Rabbitohs,Centre,2026-05-24T06:05:00Z,129991205,12999,12,away,0,0,0,0,0,0,0,1,7,0,0,23,17,10,6,146,92,50,49,1,0,2,15,11,1,0,1,0,0,0,2026
1031271,Toby,Couchman,St George-Illawarra Dragons,Prop,2026-05-23T07:30:00Z,129991203,12999,12,home,0,0,0,0,0,0,0,0,2,0,0,20,17,1,16,157,9,147,55,4,0,4,14,40,0,2,0,0,0,0,2026
1032205,Demitric,Vaimauga,Warriors,Interchange,2026-05-23T07:30:00Z,129991203,12999,12,away,0,0,0,0,0,0,0,0,5,0,0,13,6,0,6,45,0,45,16,0,0,0,6,27,2,1,0,1,3,0,2026
1032436,Jack,Bostock,Dolphins,Centre,2026-05-21T09:50:00Z,129991201,12999,12,away,0,0,0,0,0,0,1,1,5,0,0,20,13,9,4,125,87,37,52,0,0,2,14,25,0,2,0,1,2,0,2026
1032438,Zac,Laybutt,North Queensland Cowboys,Wing,2026-05-24T06:05:00Z,129991205,12999,12,home,4,1,0,0,0,0,0,0,8,0,0,21,13,6,6,121,45,61,34,1,1,5,11,6,0,0,0,0,0,0,2026
1032957,Ali,Leiataua,Warriors,Centre,2026-05-23T07:30:00Z,129991203,12999,12,away,0,0,0,0,0,0,0,0,1,0,0,11,10,0,10,90,0,90,36,0,0,1,10,10,1,2,0,0,0,0,2026
1033195,Blake,Wilson,Manly-Warringah Sea Eagles,Wing,2026-05-23T09:30:00Z,129991204,12999,12,home,4,1,0,0,0,0,0,0,4,0,0,18,13,3,10,98,26,72,27,0,1,2,12,8,0,3,0,0,3,0,2026
1033885,Ryan,Couchman,St George-Illawarra Dragons,Lock,2026-05-23T07:30:00Z,129991203,12999,12,home,0,0,0,0,0,0,0,0,7,0,0,26,17,0,17,130,0,130,42,2,0,3,15,41,1,0,0,0,2,0,2026
1034034,Josh,Feledy,Manly-Warringah Sea Eagles,Centre,2026-05-23T09:30:00Z,129991204,12999,12,home,0,0,0,0,0,0,0,0,2,21,1,16,12,1,11,124,10,114,48,0,1,1,11,15,3,0,0,0,2,1,2026
1034245,Trai,Fuller,Dolphins,Fullback,2026-05-21T09:50:00Z,129991201,12999,12,away,0,0,0,0,0,0,0,0,11,0,0,27,16,0,8,195,0,83,61,1,0,5,14,6,0,0,0,0,1,0,2026
1034355,Luke,Sommerton,Gold Coast Titans,Interchange,2026-05-23T09:30:00Z,129991204,12999,12,away,0,0,0,0,0,0,0,0,21,0,0,24,4,0,1,24,0,9,9,0,0,1,3,8,0,0,0,0,0,0,2026
1034486,Keagan,Russell-Smith,Melbourne Storm,Five-Eighth,2026-05-22T10:00:00Z,129991202,12999,12,away,0,0,0,0,0,0,0,1,29,0,0,31,3,0,3,24,0,24,5,0,0,0,2,35,2,4,0,0,0,0,2026
1034493,Jacob,Laban,Warriors,Second Row,2026-05-23T07:30:00Z,129991203,12999,12,away,0,0,0,0,0,0,0,0,2,0,0,17,14,1,12,148,13,126,57,0,0,4,14,37,0,4,0,0,1,0,2026
1035288,Coby,Black,Canberra Raiders,Interchange,2026-05-21T09:50:00Z,129991201,12999,12,home,0,0,0,0,0,0,0,0,0,0,0,0,0,0,0,0,0,0,0,0,0,0,0,0,0,0,0,0,0,0,2026
1035289,Bailey,Hayward,Canterbury-Bankstown Bulldogs,Interchange,2026-05-22T10:00:00Z,129991202,12999,12,home,0,0,0,0,0,0,0,1,92,0,0,93,2,0,0,8,0,0,0,0,0,0,1,23,2,1,0,0,0,0,2026
1035290,Joash,Papalii,Parramatta Eels,Fullback,2026-05-16T00:00:00Z,129991105,12999,11,home,4,1,0,0,0,0,0,0,23,0,0,40,16,0,11,143,0,94,43,0,1,4,15,3,0,2,0,0,1,0,2026
1035293,Chevy,Stewart,Canberra Raiders,Interchange,2026-05-21T09:50:00Z,129991201,12999,12,home,0,0,0,0,0,0,0,0,0,0,0,0,0,0,0,0,0,0,0,0,0,0,0,0,0,0,0,0,0,0,2026
1035295,Morgan,Smithies,Canberra Raiders,Interchange,2026-05-21T09:50:00Z,129991201,12999,12,home,0,0,0,0,0,0,0,0,3,0,0,11,8,5,2,61,31,14,23,0,0,0,8,32,0,0,0,0,0,1,2026
1035298,Arama,Hau,Gold Coast Titans,Second Row,2026-05-23T09:30:00Z,129991204,12999,12,away,0,0,0,0,0,0,0,0,0,0,0,9,8,2,6,57,19,39,16,3,0,2,5,36,0,5,0,0,1,0,2026
1035300,Jaylan,De Groot,Gold Coast Titans,Centre,2026-05-23T09:30:00Z,129991204,12999,12,away,0,0,0,0,0,0,0,1,11,0,0,22,9,3,6,101,21,81,41,2,0,2,9,16,2,2,0,0,1,1,2026
1035318,Ethan,Sanders,Canberra Raiders,Halfback,2026-05-21T09:50:00Z,129991201,12999,12,home,6,0,4,3,0,0,1,2,48,612,16,66,2,0,2,12,0,12,5,0,0,1,2,21,0,3,0,0,0,0,2026
1035324,Clayton,Faulalo,Manly-Warringah Sea Eagles,Fullback,2026-05-16T00:00:00Z,129991103,12999,11,away,4,1,0,0,0,0,2,4,12,0,0,32,20,3,8,218,34,66,72,0,1,4,18,2,0,2,0,0,1,0,2026
1035324,Clayton,Faulalo,Manly-Warringah Sea Eagles,Fullback,2026-05-23T09:30:00Z,129991204,12999,12,home,4,1,0,0,0,0,1,2,6,5,1,28,21,0,11,235,0,95,73,0,1,4,20,3,0,1,0,0,0,0,2026
1035327,Dylan,Egan,St George-Illawarra Dragons,Second Row,2026-05-23T07:30:00Z,129991203,12999,12,home,0,0,0,0,0,0,0,0,0,0,0,12,12,0,12,104,0,104,42,0,0,0,11,51,1,3,0,0,1,0,2026
1035328,Hamish,Stewart,St George-Illawarra Dragons,Second Row,2026-05-23T07:30:00Z,129991203,12999,12,home,0,0,0,0,0,0,1,1,10,0,0,19,8,0,8,66,0,66,21,2,0,1,5,43,2,1,0,1,2,0,2026
1035329,Jackson,Shereb,Manly-Warringah Sea Eagles,Second Row,2026-05-23T09:30:00Z,129991204,12999,12,home,0,0,0,0,0,0,0,0,1,0,0,14,12,2,10,79,16,63,24,0,0,0,12,44,1,2,0,0,1,0,2026
1035330,Savelio,Tamale,Canberra Raiders,Wing,2026-05-21T09:50:00Z,129991201,12999,12,home,4,1,0,0,0,0,0,0,2,0,0,20,14,4,4,156,32,69,57,0,2,8,15,6,0,1,0,0,5,0,2026
1035345,Liam,Le Blanc,South Sydney Rabbitohs,Interchange,2026-05-24T06:05:00Z,129991205,12999,12,away,0,0,0,0,0,0,0,0,0,0,0,8,8,6,1,80,60,6,29,1,0,0,7,17,0,1,0,0,0,0,2026
1035346,Thomas,Fletcher,South Sydney Rabbitohs,Interchange,2026-05-24T06:05:00Z,129991205,12999,12,away,0,0,0,0,0,0,0,0,1,0,0,3,2,0,2,9,0,9,4,1,0,0,1,3,0,1,0,0,0,0,2026
1035350,Leka,Halasima,Warriors,Second Row,2026-05-23T07:30:00Z,129991203,12999,12,away,0,0,0,0,0,0,0,0,1,0,0,17,13,0,13,100,0,100,32,1,0,1,13,21,1,1,0,0,2,0,2026
1035351,Tanner,Stowers-Smith,Warriors,Interchange,2026-05-23T07:30:00Z,129991203,12999,12,away,0,0,0,0,0,0,0,0,1,0,0,16,12,0,8,122,0,77,45,0,0,2,13,31,1,3,0,0,2,0,2026
1035354,Lachlan,Galvin,Canterbury-Bankstown Bulldogs,Halfback,2026-05-22T10:00:00Z,129991202,12999,12,home,0,0,0,0,0,0,2,3,62,301,12,78,9,0,7,62,0,51,6,2,0,2,2,29,1,2,0,0,0,1,2026
1037474,Harry,Hayes,Canterbury-Bankstown Bulldogs,Interchange,2026-05-22T10:00:00Z,129991202,12999,12,home,0,0,0,0,0,0,0,0,3,0,0,9,7,3,4,60,28,33,16,0,0,0,6,40,0,6,0,0,0,0,2026
1037475,Lachlan,Hubner,South Sydney Rabbitohs,Interchange,2026-05-24T06:05:00Z,129991205,12999,12,away,0,0,0,0,0,0,0,0,4,0,0,17,12,10,2,106,92,14,36,1,0,3,12,35,1,4,0,0,0,0,2026
1037735,Adam,Christensen,Gold Coast Titans,Interchange,2026-05-23T09:30:00Z,129991204,12999,12,away,0,0,0,0,0,0,0,0,0,0,0,0,0,0,0,0,0,0,0,0,0,0,0,0,0,0,0,0,0,0,2026
1037736,Jaxon,Purdue,North Queensland Cowboys,Centre,2026-05-24T06:05:00Z,129991205,12999,12,home,0,0,0,0,0,0,0,0,10,0,0,21,12,3,8,73,16,49,18,0,0,2,10,26,2,5,0,0,2,1,2026
1037826,Ethan,King,North Queensland Cowboys,Interchange,2026-05-24T06:05:00Z,129991205,12999,12,home,0,0,0,0,0,0,0,0,0,0,0,0,0,0,0,0,0,0,0,0,0,0,0,0,0,0,0,0,0,0,2026
1037858,Samuel,Healey,Warriors,Interchange,2026-05-23T07:30:00Z,129991203,12999,12,away,0,0,0,0,0,0,0,0,25,0,0,28,5,0,0,47,0,0,14,0,0,2,3,17,1,1,0,0,0,0,2026
1037859,Trent,Toelau,Melbourne Storm,Hooker,2026-05-22T10:00:00Z,129991202,12999,12,away,0,0,0,0,0,0,0,0,80,52,1,85,4,0,0,42,0,0,11,1,0,0,2,35,3,4,0,1,1,0,2026
1038120,Heath,Mason,Wests Tigers,Fullback,2026-05-16T00:00:00Z,129991103,12999,11,home,0,0,0,0,0,0,0,0,11,0,0,31,18,2,13,137,15,96,35,0,0,4,20,5,0,5,0,0,0,1,2026
1038747,Setu,Tu,St George-Illawarra Dragons,Wing,2026-05-23T07:30:00Z,129991203,12999,12,home,4,1,0,0,0,0,0,0,7,0,0,26,18,0,15,135,0,123,46,0,1,3,18,1,1,2,0,0,0,0,2026
1038816,Lyhkan,King-Togia,St George-Illawarra Dragons,Interchange,2026-05-23T07:30:00Z,129991203,12999,12,home,0,0,0,0,0,0,0,0,0,0,0,0,0,0,0,0,0,0,0,0,0,0,0,0,0,0,0,0,0,0,2026
1038865,Jack,Underhill,Canterbury-Bankstown Bulldogs,Interchange,2026-05-22T10:00:00Z,129991202,12999,12,home,0,0,0,0,0,0,0,0,1,0,0,12,10,5,2,95,53,10,36,1,0,4,9,16,0,4,0,0,1,0,2026
1039041,Jed,Stuart,Canberra Raiders,Centre,2026-05-21T09:50:00Z,129991201,12999,12,home,4,1,0,0,0,0,0,0,2,10,1,13,10,5,4,75,32,36,20,0,0,0,9,10,0,0,0,0,2,0,2026
1039096,Loko Jnr,Pasifiki Tonga,St George-Illawarra Dragons,Prop,2026-05-23T07:30:00Z,129991203,12999,12,home,0,0,0,0,0,0,0,0,0,0,0,12,12,2,8,112,14,71,35,0,0,3,12,31,1,4,0,0,0,0,2026
1039750,Matty,Nicholson,Canberra Raiders,Interchange,2025-09-14T00:00:00Z,127560104,12756,1,home,0,0,0,0,0,0,0,0,0,0,0,0,0,0,0,0,0,0,0,0,0,0,0,0,0,0,0,0,0,0,2025
1039754,Joey,Walsh,Manly-Warringah Sea Eagles,Interchange,2026-05-23T09:30:00Z,129991204,12999,12,home,0,0,0,0,0,0,0,0,0,0,0,0,0,0,0,0,0,0,0,0,0,0,0,0,0,0,0,0,0,0,2026
1039755,Moses,Leo,Melbourne Storm,Wing,2026-05-22T10:00:00Z,129991202,12999,12,away,8,2,0,0,0,0,0,0,1,0,0,21,20,5,14,212,62,150,65,0,2,8,18,5,2,2,0,0,0,0,2026
1040380,Owen,Pattie,Canberra Raiders,Hooker,2026-05-21T09:50:00Z,129991201,12999,12,home,0,0,0,0,0,0,0,0,27,44,1,29,1,0,0,13,0,0,7,0,0,0,1,18,1,0,0,0,0,0,2026
1040381,Eddie,Ieremia-Toeava,Warriors,Interchange,2026-05-23T07:30:00Z,129991203,12999,12,away,0,0,0,0,0,0,0,0,1,0,0,2,1,0,1,7,0,7,3,0,0,0,1,13,0,2,0,0,0,0,2026
1040593,Talanoa,Penitani,South Sydney Rabbitohs,Wing,2026-05-24T06:05:00Z,129991205,12999,12,away,8,2,0,0,0,0,0,0,3,0,0,19,14,5,6,192,31,120,52,0,3,4,12,5,0,1,1,1,3,1,2026
1042315,Stanley,Huen,Melbourne Storm,Interchange,2026-05-22T10:00:00Z,129991202,12999,12,away,0,0,0,0,0,0,0,0,0,0,0,0,0,0,0,0,0,0,0,0,0,0,0,0,0,0,0,0,0,0,2026
1042543,Tevita,Naufahu,Dolphins,Wing,2026-05-21T09:50:00Z,129991201,12999,12,away,4,1,0,0,0,0,0,0,2,28,1,19,16,6,10,175,49,126,57,0,2,5,15,3,0,0,0,0,1,0,2026
1042605,Manaia,Waitere,Melbourne Storm,Interchange,2026-05-22T10:00:00Z,129991202,12999,12,away,0,0,0,0,0,0,0,0,0,0,0,0,0,0,0,0,0,0,0,0,0,0,0,0,0,0,0,0,0,0,2026
1042714,Josh,Patston,Gold Coast Titans,Interchange,2026-05-23T09:30:00Z,129991204,12999,12,away,0,0,0,0,0,0,0,0,1,0,0,7,6,3,2,58,23,23,22,1,0,0,5,18,1,1,0,0,0,0,2026
1043408,Gabriel,Satrick,Melbourne Storm,Interchange,2026-05-22T10:00:00Z,129991202,12999,12,away,0,0,0,0,0,0,0,0,36,22,1,37,0,0,0,0,0,0,0,0,0,0,0,18,2,2,0,0,0,0,2026
1043598,Jethro,Rinakama,Canterbury-Bankstown Bulldogs,Wing,2026-05-22T10:00:00Z,129991202,12999,12,home,8,2,0,0,0,0,0,0,7,0,0,27,19,3,14,183,25,146,50,0,3,3,17,0,0,0,0,0,1,0,2026
1043672,Kayliss,Fatialofa,Warriors,Interchange,2026-05-23T07:30:00Z,129991203,12999,12,away,0,0,0,0,0,0,0,0,0,0,0,0,0,0,0,0,0,0,0,0,0,0,0,0,0,0,0,0,0,0,2026
1043767,Ashton,Ward,South Sydney Rabbitohs,Halfback,2026-05-24T06:05:00Z,129991205,12999,12,away,0,0,0,0,0,0,1,1,48,467,11,67,7,0,6,58,0,56,14,0,0,1,7,14,4,4,0,1,1,0,2026
1043797,Hayden,Buchanan,St George-Illawarra Dragons,Centre,2026-05-23T07:30:00Z,129991203,12999,12,home,0,0,0,0,0,0,0,0,0,0,0,3,2,0,2,13,0,13,5,0,0,0,2,1,0,1,0,0,1,0,2026
1043836,Simione,Laiafi,Manly-Warringah Sea Eagles,Interchange,2026-05-23T09:30:00Z,129991204,12999,12,home,0,0,0,0,0,0,0,0,0,0,0,0,0,0,0,0,0,0,0,0,0,0,0,0,0,0,0,0,0,0,2026
1043978,John,Fineanganofo,Dolphins,Interchange,2026-05-21T09:50:00Z,129991201,12999,12,away,0,0,0,0,0,0,0,0,0,0,0,0,0,0,0,0,0,0,0,0,0,0,0,0,0,0,0,0,0,0,2026
1044018,Cooper,Bai,Gold Coast Titans,Lock,2026-05-23T09:30:00Z,129991204,12999,12,away,0,0,0,0,0,0,0,0,7,0,0,11,4,1,3,37,8,29,14,0,0,0,4,23,1,2,0,0,0,0,2026
1044024,Luke,Hanson,Warriors,Interchange,2026-05-23T07:30:00Z,129991203,12999,12,away,0,0,0,0,0,0,0,0,0,0,0,0,0,0,0,0,0,0,0,0,0,0,0,0,0,0,0,0,0,0,2026
1045198,Zane,Harrison,Gold Coast Titans,Halfback,2026-05-23T09:30:00Z,129991204,12999,12,away,0,0,0,0,0,0,0,0,55,390,8,69,7,0,7,52,0,52,20,0,0,1,6,24,2,0,0,0,0,1,2026
1045199,Jake,Clydsdale,Canberra Raiders,Interchange,2026-05-21T09:50:00Z,129991201,12999,12,home,0,0,0,0,0,0,0,0,0,0,0,0,0,0,0,0,0,0,0,0,0,0,0,0,0,0,0,0,0,0,2026
1045202,Brian,Pouniu,Dolphins,Centre,2026-05-21T09:50:00Z,129991201,12999,12,away,0,0,0,0,0,0,0,1,6,0,0,16,10,8,2,62,47,15,21,0,0,0,9,8,0,0,0,0,1,1,2026
1045258,Alekolasimi,Jones,Canterbury-Bankstown Bulldogs,Interchange,2026-05-22T10:00:00Z,129991202,12999,12,home,0,0,0,0,0,0,0,0,0,0,0,0,0,0,0,0,0,0,0,0,0,0,0,0,0,0,0,0,0,0,2026
1045259,Liam,Sutton,North Queensland Cowboys,Five-Eighth,2026-05-24T06:05:00Z,129991205,12999,12,home,4,1,0,0,0,0,0,0,29,40,2,38,8,0,8,61,0,61,19,1,1,2,4,28,2,3,0,0,1,0,2026
1045308,Cooper,Clarke,Melbourne Storm,Lock,2026-05-22T10:00:00Z,129991202,12999,12,away,0,0,0,0,0,0,0,0,1,0,0,5,4,4,0,33,33,0,14,0,0,0,4,26,1,0,0,0,0,0,2026
1045313,Lewis,Symonds,Dolphins,Interchange,2026-05-21T09:50:00Z,129991201,12999,12,away,0,0,0,0,0,0,0,0,0,0,0,0,0,0,0,0,0,0,0,0,0,0,0,0,0,0,0,0,0,0,2026
1045623,Latrell,Siegwalt,South Sydney Rabbitohs,Centre,2026-05-24T06:05:00Z,129991205,12999,12,away,6,0,3,2,1,1,0,1,9,0,0,23,14,6,7,136,59,74,45,0,0,5,13,8,1,4,0,0,0,0,2026
1045881,Oliver,Pascoe,Gold Coast Titans,Hooker,2026-05-23T09:30:00Z,129991204,12999,12,away,0,0,0,0,0,0,0,0,88,0,0,92,6,0,2,55,0,35,11,1,0,1,3,51,3,2,0,0,0,0,2026
1048078,Jordan,Uta,Canberra Raiders,Interchange,2026-05-21T09:50:00Z,129991201,12999,12,home,0,0,0,0,0,0,0,0,1,0,0,6,5,5,0,42,42,0,18,0,0,2,5,7,1,0,0,0,0,0,2026
1048219,Xavier,Kerrisk,North Queensland Cowboys,Interchange,2026-05-24T06:05:00Z,129991205,12999,12,home,0,0,0,0,0,0,0,0,9,0,0,9,0,0,0,0,0,0,0,0,0,0,0,5,1,2,0,0,0,0,2026
1048288,Jed,Reardon,Canterbury-Bankstown Bulldogs,Interchange,2026-05-22T10:00:00Z,129991202,12999,12,home,0,0,0,0,0,0,0,0,1,0,0,4,4,1,3,24,6,18,8,0,0,0,3,8,0,1,0,0,0,0,2026
1048340,Hugo,Hart,Manly-Warringah Sea Eagles,Interchange,2026-05-23T09:30:00Z,129991204,12999,12,home,0,0,0,0,0,0,0,0,0,0,0,0,0,0,0,0,0,0,0,0,0,0,0,0,0,0,0,0,0,0,2026
