competition_id,match_id,round,team_name,team_location,utc_start,score,completion_rate_percentage,possession_percentage,time_in_own_half,time_in_opp_half,time_in_own20,time_in_opp20,set_restarts,goal_line_dropouts,season
9867,98670101,1,Brisbane Broncos,away,2016-03-03T00:00:00Z,16,69,55,1471,1625,642,1065,0,0,2016
9867,98670202,2,Brisbane Broncos,home,2016-03-11T00:00:00Z,24,77,53,1318,1532,818,1132,0,0,2016
9867,98670304,3,Brisbane Broncos,away,2016-03-19T00:00:00Z,22,78,52,1683,1286,911,950,0,0,2016
9867,98670402,4,Brisbane Broncos,home,2016-03-25T00:00:00Z,20,74,48,1532,1404,1122,1084,0,3,2016
9867,98670502,5,Brisbane Broncos,away,2016-04-01T00:00:00Z,24,75,52,1430,1643,680,1084,0,1,2016
9867,98670601,6,Brisbane Broncos,home,2016-04-07T00:00:00Z,26,86,56,1402,1401,709,1323,0,2,2016
9867,98670705,7,Brisbane Broncos,home,2016-04-16T00:00:00Z,52,89,59,1605,1627,341,1264,0,1,2016
9867,98670801,8,Brisbane Broncos,home,2016-04-22T00:00:00Z,30,88,56,1352,1649,654,1156,0,0,2016
9867,98670908,9,Brisbane Broncos,away,2016-05-01T00:00:00Z,28,80,49,1334,1487,1193,786,0,2,2016
9868,98680101,1,Brisbane Broncos,home,2016-09-09T00:00:00Z,44,84,54,1073,1453,946,1358,0,2,2016
9868,98680201,2,Brisbane Broncos,away,2016-09-16T00:00:00Z,20,69,45,1534,1539,1383,967,0,2,2016
10095,100950101,1,Brisbane Broncos,away,2017-03-02T00:00:00Z,26,79,56,1468,1363,788,1202,0,1,2017
10095,100950203,2,Brisbane Broncos,home,2017-03-10T00:00:00Z,20,80,49,1659,1630,854,1114,0,2,2017
10095,100950301,3,Brisbane Broncos,away,2017-03-16T00:00:00Z,12,67,49,1815,1368,1140,506,0,0,2017
10095,100950403,4,Brisbane Broncos,home,2017-03-24T00:00:00Z,12,75,51,1407,1727,794,884,0,3,2017
10095,100950501,5,Brisbane Broncos,away,2017-03-30T00:00:00Z,6,88,45,1496,1354,1170,790,0,5,2017
10095,100950601,6,Brisbane Broncos,home,2017-04-06T00:00:00Z,32,88,56,1639,1436,563,1205,0,0,2017
10095,100950703,7,Brisbane Broncos,home,2017-04-14T00:00:00Z,24,55,46,1438,1542,824,1030,0,1,2017
10095,100950802,8,Brisbane Broncos,away,2017-04-21T00:00:00Z,24,83,51,1717,1697,695,713,0,2,2017
10095,100950901,9,Brisbane Broncos,home,2017-04-27T00:00:00Z,32,86,51,1540,1394,795,1196,0,0,2017
10096,100960101,1,Brisbane Broncos,away,2017-09-08T00:00:00Z,22,74,51,1386,1372,1176,877,0,0,2017
10096,100960201,2,Brisbane Broncos,home,2017-09-15T00:00:00Z,12,66,49,1554,1382,978,895,0,2,2017
10096,100960301,3,Brisbane Broncos,away,2017-09-22T00:00:00Z,0,72,52,1536,1624,833,806,0,2,2017
10412,104120101,1,Brisbane Broncos,away,2018-03-08T00:00:00Z,12,60,42,1715,1178,1185,730,0,2,2018
10412,104120203,2,Brisbane Broncos,home,2018-03-16T00:00:00Z,24,71,45,1110,1507,1277,926,0,2,2018
10412,104120303,3,Brisbane Broncos,away,2018-03-23T00:00:00Z,8,73,51,1808,1885,829,758,0,1,2018
10412,104120407,4,Brisbane Broncos,home,2018-04-01T00:00:00Z,14,75,50,1336,1459,1117,930,0,2,2018
10412,104120506,5,Brisbane Broncos,away,2018-04-07T00:00:00Z,10,79,49,1375,1443,1073,924,0,1,2018
10412,104120604,6,Brisbane Broncos,away,2018-04-14T00:00:00Z,26,81,53,1672,1617,677,845,0,3,2018
10412,104120703,7,Brisbane Broncos,home,2018-04-20T00:00:00Z,20,73,54,1483,1722,803,820,0,1,2018
10412,104120803,8,Brisbane Broncos,away,2018-04-26T00:00:00Z,24,80,50,1466,1655,751,940,0,0,2018
10412,104120901,9,Brisbane Broncos,home,2018-05-03T00:00:00Z,22,89,54,1360,1381,710,1365,0,2,2018
10413,104130104,1,Brisbane Broncos,home,2018-09-09T00:00:00Z,18,70,50,1390,1208,1315,1075,0,1,2018
10684,106840101,1,Brisbane Broncos,away,2019-03-14T00:00:00Z,12,81,47,1511,1463,1207,667,0,1,2019
10684,106840203,2,Brisbane Broncos,home,2019-03-22T00:00:00Z,28,82,51,1194,4745,904,1291,0,2,2019
10684,106840301,3,Brisbane Broncos,home,2019-03-28T00:00:00Z,24,72,47,1783,1047,812,1184,0,1,2019
10684,106840401,4,Brisbane Broncos,away,2019-04-04T00:00:00Z,4,62,41,1310,1386,1416,705,0,1,2019
10684,106840501,5,Brisbane Broncos,home,2019-04-11T00:00:00Z,16,70,53,1622,1463,892,850,0,3,2019
10684,106840607,6,Brisbane Broncos,away,2019-04-21T00:00:00Z,22,81,54,1392,1578,959,888,0,0,2019
10684,106840706,7,Brisbane Broncos,home,2019-04-27T00:00:00Z,28,79,58,1348,1691,409,1380,0,0,2019
10684,106840801,8,Brisbane Broncos,away,2019-05-02T00:00:00Z,6,68,43,1644,1439,1040,738,0,3,2019
10684,106840903,9,Brisbane Broncos,away,2019-05-10T00:00:00Z,26,85,51,1523,1667,657,963,0,1,2019
10685,106850104,1,Brisbane Broncos,away,2019-09-15T00:00:00Z,0,75,36,1202,1394,1859,381,0,4,2019
11095,110950103,1,Brisbane Broncos,away,2020-03-13T00:00:00Z,28,81,50,1561,1223,1068,953,0,1,2020
11095,110950203,2,Brisbane Broncos,home,2020-03-20T00:00:00Z,22,84,54,1407,1431,991,977,0,1,2020
11095,110950301,3,Brisbane Broncos,home,2020-05-28T00:00:00Z,6,60,39,1769,1119,1496,434,0,5,2020
11095,110950401,4,Brisbane Broncos,home,2020-06-04T00:00:00Z,0,67,40,1330,759,2057,678,0,2,2020
11095,110950501,5,Brisbane Broncos,away,2020-06-11T00:00:00Z,18,71,46,1275,929,1392,1309,0,3,2020
11095,110950601,6,Brisbane Broncos,away,2020-06-18T00:00:00Z,6,74,46,1496,1006,1426,884,0,1,2020
11095,110950705,7,Brisbane Broncos,home,2020-06-27T00:00:00Z,12,68,49,1214,1074,1511,1041,0,5,2020
11095,110950805,8,Brisbane Broncos,away,2020-07-04T00:00:00Z,16,69,46,1095,1073,1654,1052,0,1,2020
11095,110950905,9,Brisbane Broncos,home,2020-07-11T00:00:00Z,26,70,50,1027,1333,1204,1257,0,2,2020
11355,113550103,1,Brisbane Broncos,home,2021-03-12T00:00:00Z,16,75,51,1376,990,1411,1043,4,2,2021
11355,113550203,2,Brisbane Broncos,away,2021-03-19T00:00:00Z,16,58,53,1108,1122,1279,1318,4,2,2021
11355,113550305,3,Brisbane Broncos,home,2021-03-27T00:00:00Z,24,77,53,1327,1254,1025,1207,3,0,2021
11355,113550403,4,Brisbane Broncos,away,2021-04-02T00:00:00Z,6,77,45,1344,1011,1819,654,2,1,2021
11355,113550501,5,Brisbane Broncos,away,2021-04-08T00:00:00Z,6,70,46,1719,1389,1169,547,3,0,2021
11355,113550601,6,Brisbane Broncos,home,2021-04-15T00:00:00Z,12,79,50,1477,1400,980,967,3,1,2021
11355,113550703,7,Brisbane Broncos,away,2021-04-23T00:00:00Z,6,76,46,1491,1216,1451,668,5,5,2021
11355,113550803,8,Brisbane Broncos,home,2021-04-30T00:00:00Z,36,79,52,1478,1219,1133,975,3,3,2021
11355,113550906,9,Brisbane Broncos,away,2021-05-08T00:00:00Z,18,65,49,1495,1666,951,767,2,1,2021
11688,116880103,1,Brisbane Broncos,home,2022-03-11T00:00:00Z,11,72,50,1613,1679,699,817,6,1,2022
11688,116880208,2,Brisbane Broncos,away,2022-03-20T00:00:00Z,16,79,44,1423,1526,1126,750,1,3,2022
11688,116880307,3,Brisbane Broncos,home,2022-03-27T00:00:00Z,12,65,43,1163,1048,1752,911,1,4,2022
11688,116880404,4,Brisbane Broncos,away,2022-04-02T00:00:00Z,6,58,46,1590,1615,825,806,1,3,2022
11688,116880503,5,Brisbane Broncos,home,2022-04-08T00:00:00Z,20,83,53,1810,1544,851,741,4,0,2022
11688,116880603,6,Brisbane Broncos,away,2022-04-15T00:00:00Z,12,83,47,1390,1451,1548,664,7,4,2022
11688,116880702,7,Brisbane Broncos,home,2022-04-22T00:00:00Z,34,82,54,1571,1484,765,982,4,3,2022
11688,116880801,8,Brisbane Broncos,home,2022-04-28T00:00:00Z,16,77,54,1179,1459,788,1382,4,1,2022
11688,116880901,9,Brisbane Broncos,away,2022-05-05T00:00:00Z,32,68,49,1460,1516,1060,767,2,2,2022
12067,120670103,1,Brisbane Broncos,away,2023-03-03T00:00:00Z,13,82,51,1453,1257,1134,964,5,3,2023
12067,120670203,2,Brisbane Broncos,home,2023-03-10T00:00:00Z,28,80,53,1425,1297,779,1303,2,0,2023
12067,120670306,3,Brisbane Broncos,home,2023-03-18T00:00:00Z,40,78,55,1078,1565,953,1213,4,1,2023
12067,120670403,4,Brisbane Broncos,away,2023-03-24T00:00:00Z,18,71,48,1278,1607,876,1056,0,0,2023
12067,120670506,5,Brisbane Broncos,home,2023-04-01T00:00:00Z,46,77,54,2398,1444,747,1132,3,2,2023
12067,120670605,6,Brisbane Broncos,home,2023-04-08T00:00:00Z,14,71,55,1538,1312,899,1061,1,0,2023
12067,120670706,7,Brisbane Broncos,away,2023-04-15T00:00:00Z,43,78,53,1389,1281,952,1182,1,1,2023
12067,120670802,8,Brisbane Broncos,away,2023-04-21T00:00:00Z,26,86,53,1337,1284,1023,1163,1,2,2023
12067,120670903,9,Brisbane Broncos,home,2023-04-28T00:00:00Z,6,72,48,1423,1373,1188,820,1,0,2023
12068,120680101,1,Brisbane Broncos,home,2023-09-08T00:00:00Z,26,76,54,1355,1458,860,1139,0,2,2023
12068,120680302,3,Brisbane Broncos,home,2023-09-23T00:00:00Z,42,82,54,1322,1373,873,1257,2,0,2023
12068,120680401,4,Brisbane Broncos,away,2023-10-01T00:00:00Z,24,70,46,1627,1192,1293,701,1,2,2023
12445,124450102,1,Brisbane Broncos,away,2024-03-03T00:00:00Z,10,78,49,1189,1014,1657,960,1,0,2024
12445,124450201,2,Brisbane Broncos,home,2024-03-14T00:00:00Z,28,69,54,942,953,1373,1534,3,0,2024
12445,124450301,3,Brisbane Broncos,away,2024-03-21T00:00:00Z,12,79,49,1283,1066,1463,998,2,2,2024
12445,124450403,4,Brisbane Broncos,home,2024-03-29T00:00:00Z,38,78,54,1044,1016,1001,1743,3,2,2024
12445,124450501,5,Brisbane Broncos,away,2024-04-04T00:00:00Z,32,86,48,1132,965,1462,1247,3,5,2024
12445,124450603,6,Brisbane Broncos,home,2024-04-12T00:00:00Z,28,62,47,1250,928,1348,1301,1,2,2024
12445,124450706,7,Brisbane Broncos,home,2024-04-20T00:00:00Z,34,71,52,1259,1214,913,1418,4,1,2024
12445,124450805,8,Brisbane Broncos,away,2024-04-27T00:00:00Z,34,72,51,1404,1123,1216,1141,2,1,2024
12445,124450903,9,Brisbane Broncos,home,2024-05-03T00:00:00Z,18,77,53,2313,1250,1377,1173,3,1,2024
12755,127550103,1,Brisbane Broncos,away,2025-03-06T00:00:00Z,50,89,58,915,1181,891,1820,4,1,2025
12755,127550206,2,Brisbane Broncos,away,2025-03-15T00:00:00Z,22,66,50,1115,959,1531,1208,4,1,2025
12755,127550303,3,Brisbane Broncos,home,2025-03-21T00:00:00Z,26,83,52,1030,958,1127,1697,3,1,2025
12755,127550403,4,Brisbane Broncos,away,2025-03-28T00:00:00Z,20,89,50,1288,1047,1345,1127,5,1,2025
12755,127550506,5,Brisbane Broncos,home,2025-04-05T00:00:00Z,46,77,51,996,850,1491,1466,4,3,2025
12755,127550603,6,Brisbane Broncos,home,2025-04-11T00:00:00Z,16,74,45,857,1163,1490,1297,7,0,2025
12755,127550704,7,Brisbane Broncos,away,2025-04-19T00:00:00Z,18,78,48,1142,956,1760,1100,5,1,2025
12755,127550801,8,Brisbane Broncos,home,2025-04-24T00:00:00Z,42,83,59,874,1209,1068,1655,3,2,2025
12755,127550907,9,Brisbane Broncos,away,2025-05-04T00:00:00Z,8,82,50,1069,1039,1644,1063,1,3,2025
12756,127560104,1,Brisbane Broncos,away,2025-09-14T00:00:00Z,29,78,55,1252,1432,1273,2370,2,0,2025
12756,127560302,3,Brisbane Broncos,home,2025-09-28T00:00:00Z,16,84,49,1124,1149,1423,1110,0,2,2025
12756,127560401,4,Brisbane Broncos,away,2025-10-05T00:00:00Z,26,88,53,1086,1061,1275,1383,4,0,2025
12999,129990105,1,Brisbane Broncos,home,2026-03-06T00:00:00Z,0,57,44,1135,2052,1037,581,5,0,2026
12999,129990201,2,Brisbane Broncos,home,2026-03-12T00:00:00Z,32,81,46,966,1063,2163,1250,4,0,2026
12999,129990303,3,Brisbane Broncos,away,2026-03-20T00:00:00Z,18,74,52,2219,1002,898,709,7,0,2026
12999,129990403,4,Brisbane Broncos,home,2026-03-27T00:00:00Z,26,85,50,1448,1158,1476,738,9,1,2026
12999,129990505,5,Brisbane Broncos,away,2026-04-04T00:00:00Z,26,75,48,1171,986,1336,1331,10,3,2026
12999,129990603,6,Brisbane Broncos,home,2026-04-10T00:00:00Z,31,86,48,1279,1029,1592,908,4,1,2026
12999,129990706,7,Brisbane Broncos,away,2026-04-18T00:00:00Z,21,80,47,1228,972,1691,942,8,3,2026
12999,129990803,8,Brisbane Broncos,home,2026-04-24T00:00:00Z,32,91,52,1271,1113,1295,1126,3,5,2026
12999,129990905,9,Brisbane Broncos,away,2026-05-02T00:00:00Z,24,76,46,842,974,2004,993,8,3,2026
12999,129991006,10,Brisbane Broncos,away,2026-05-09T00:00:00Z,4,63,41,1183,1066,1976,586,4,0,2026
12999,129991107,11,Brisbane Broncos,away,2026-05-17T00:00:00Z,12,81,45,1118,1083,1596,1040,3,1,2026
9867,98670103,1,Canberra Raiders,home,2016-03-05T00:00:00Z,30,81,48,1388,1446,1061,924,0,1,2016
9867,98670203,2,Canberra Raiders,home,2016-03-12T00:00:00Z,20,66,46,1401,1608,1064,727,0,4,2016
9867,98670303,3,Canberra Raiders,away,2016-03-19T00:00:00Z,24,85,48,1791,1481,1227,971,0,4,2016
9867,98670403,4,Canberra Raiders,home,2016-03-26T00:00:00Z,20,70,49,1268,1262,944,1326,0,2,2016
9867,98670508,5,Canberra Raiders,away,2016-04-04T00:00:00Z,22,73,50,1484,1486,742,1088,0,2,2016
9867,98670603,6,Canberra Raiders,away,2016-04-09T00:00:00Z,6,71,51,1467,1585,1072,692,0,2,2016
9867,98670706,7,Canberra Raiders,home,2016-04-17T00:00:00Z,16,73,47,1512,1277,1210,821,0,1,2016
9867,98670803,8,Canberra Raiders,home,2016-04-23T00:00:00Z,60,88,58,1412,1475,614,1354,0,2,2016
9867,98670903,9,Canberra Raiders,away,2016-04-30T00:00:00Z,18,74,54,1986,996,1032,786,0,2,2016
9868,98680102,1,Canberra Raiders,home,2016-09-10T00:00:00Z,14,81,54,1588,1385,879,964,0,5,2016
9868,98680202,2,Canberra Raiders,home,2016-09-17T00:00:00Z,22,74,56,1609,1611,501,1098,0,1,2016
9868,98680302,3,Canberra Raiders,away,2016-09-24T00:00:00Z,12,74,47,1433,1513,1244,628,0,6,2016
10095,100950105,1,Canberra Raiders,away,2017-03-04T00:00:00Z,16,67,41,1650,1375,1237,806,0,3,2017
10095,100950206,2,Canberra Raiders,home,2017-03-11T00:00:00Z,16,70,43,1610,1320,1308,569,0,1,2017
10095,100950307,3,Canberra Raiders,home,2017-03-19T00:00:00Z,46,73,56,1535,1696,641,974,0,4,2017
10095,100950403,4,Canberra Raiders,away,2017-03-24T00:00:00Z,12,66,49,1727,1407,884,794,0,3,2017
10095,100950505,5,Canberra Raiders,home,2017-04-01T00:00:00Z,30,74,55,1335,1553,969,962,0,0,2017
10095,100950605,6,Canberra Raiders,away,2017-04-08T00:00:00Z,42,89,57,1310,1772,549,1209,0,1,2017
10095,100950705,7,Canberra Raiders,home,2017-04-15T00:00:00Z,20,81,56,1582,1736,606,897,0,2,2017
10095,100950801,8,Canberra Raiders,home,2017-04-21T00:00:00Z,18,76,49,1855,1563,1053,652,0,4,2017
10095,100950905,9,Canberra Raiders,away,2017-04-29T00:00:00Z,10,67,47,1422,1094,1605,698,0,1,2017
10412,104120108,1,Canberra Raiders,away,2018-03-11T00:00:00Z,28,74,43,1462,1371,1305,702,0,2,2018
10412,104120208,2,Canberra Raiders,home,2018-03-18T00:00:00Z,28,86,54,1373,1355,808,1419,0,0,2018
10412,104120304,3,Canberra Raiders,home,2018-03-24T00:00:00Z,18,76,52,1653,1473,817,880,0,1,2018
10412,104120405,4,Canberra Raiders,away,2018-03-31T00:00:00Z,16,71,45,1427,1542,1202,673,0,0,2018
10412,104120501,5,Canberra Raiders,home,2018-04-05T00:00:00Z,26,81,48,1418,1404,1062,959,0,1,2018
10412,104120606,6,Canberra Raiders,home,2018-04-14T00:00:00Z,18,80,56,1534,1587,770,985,0,3,2018
10412,104120704,7,Canberra Raiders,away,2018-04-21T00:00:00Z,22,71,50,1352,1313,1346,794,0,2,2018
10412,104120807,8,Canberra Raiders,away,2018-04-28T00:00:00Z,18,67,47,1439,1467,1154,759,0,4,2018
10412,104120904,9,Canberra Raiders,home,2018-05-05T00:00:00Z,32,82,58,1160,1291,858,1510,0,1,2018
10684,106840108,1,Canberra Raiders,away,2019-03-17T00:00:00Z,20,73,56,1799,1404,615,1047,0,1,2019
10684,106840202,2,Canberra Raiders,home,2019-03-22T00:00:00Z,10,70,50,1542,1589,889,788,0,1,2019
10684,106840302,3,Canberra Raiders,home,2019-03-29T00:00:00Z,16,69,54,1331,1428,846,1201,0,0,2019
10684,106840405,4,Canberra Raiders,away,2019-04-06T00:00:00Z,30,78,51,1544,1301,851,1117,0,1,2019
10684,106840508,5,Canberra Raiders,home,2019-04-14T00:00:00Z,18,71,57,1434,1543,536,1295,0,1,2019
10684,106840607,6,Canberra Raiders,home,2019-04-21T00:00:00Z,26,83,46,1578,1392,888,959,0,2,2019
10684,106840707,7,Canberra Raiders,away,2019-04-28T00:00:00Z,20,79,43,1624,1499,863,826,0,1,2019
10684,106840804,8,Canberra Raiders,home,2019-05-04T00:00:00Z,30,80,53,1479,1481,838,1060,0,2,2019
10684,106840907,9,Canberra Raiders,away,2019-05-12T00:00:00Z,24,84,48,1657,1327,820,1022,0,1,2019
10685,106850102,1,Canberra Raiders,away,2019-09-14T00:00:00Z,12,77,53,1461,1664,968,835,0,1,2019
10685,106850301,3,Canberra Raiders,home,2019-09-27T00:00:00Z,16,74,46,1551,1222,1084,972,0,6,2019
10685,106850401,4,Canberra Raiders,away,2019-10-06T00:00:00Z,8,76,51,1490,1503,858,1020,0,2,2019
11095,110950102,1,Canberra Raiders,home,2020-03-13T00:00:00Z,24,75,55,1259,1379,984,1194,0,1,2020
11095,110950204,2,Canberra Raiders,away,2020-03-21T00:00:00Z,20,67,46,1508,1509,783,1093,0,1,2020
11095,110950306,3,Canberra Raiders,away,2020-05-30T00:00:00Z,22,77,51,1539,1101,1296,919,0,4,2020
11095,110950406,4,Canberra Raiders,home,2020-06-07T00:00:00Z,18,74,53,1218,1101,1407,1163,0,0,2020
11095,110950506,5,Canberra Raiders,away,2020-06-13T00:00:00Z,14,83,54,944,1495,1169,1217,0,0,2020
11095,110950607,6,Canberra Raiders,home,2020-06-21T00:00:00Z,6,68,42,1130,1292,1221,1185,0,0,2020
11095,110950706,7,Canberra Raiders,away,2020-06-27T00:00:00Z,24,78,49,1386,1498,1213,1183,0,0,2020
11095,110950802,8,Canberra Raiders,home,2020-07-03T00:00:00Z,22,78,51,1121,1473,1038,1189,0,2,2020
11095,110950906,9,Canberra Raiders,home,2020-07-11T00:00:00Z,14,80,55,881,1337,1405,1201,0,1,2020
11096,110960102,1,Canberra Raiders,home,2020-10-03T00:00:00Z,32,67,45,1091,871,1483,1364,0,4,2020
11096,110960201,2,Canberra Raiders,away,2020-10-09T00:00:00Z,22,88,56,1260,1277,1059,1248,0,1,2020
11096,110960301,3,Canberra Raiders,away,2020-10-16T00:00:00Z,10,71,50,956,1179,1296,1386,0,2,2020
11355,113550107,1,Canberra Raiders,home,2021-03-14T00:00:00Z,30,73,52,362,1003,1842,1667,7,3,2021
11355,113550208,2,Canberra Raiders,away,2021-03-21T00:00:00Z,12,76,50,992,1198,1329,1316,2,3,2021
11355,113550304,3,Canberra Raiders,home,2021-03-27T00:00:00Z,31,87,49,1346,1352,1150,969,5,2,2021
11355,113550405,4,Canberra Raiders,away,2021-04-03T00:00:00Z,20,71,48,1108,1471,1249,992,5,2,2021
11355,113550503,5,Canberra Raiders,away,2021-04-09T00:00:00Z,10,69,48,1475,1381,1248,712,6,3,2021
11355,113550606,6,Canberra Raiders,home,2021-04-17T00:00:00Z,10,70,46,1470,1417,1192,770,3,1,2021
11355,113550705,7,Canberra Raiders,away,2021-04-24T00:00:00Z,24,68,50,2505,817,569,990,2,2,2021
11355,113550801,8,Canberra Raiders,home,2021-04-29T00:00:00Z,20,77,46,1376,1560,1143,737,0,0,2021
11355,113550904,9,Canberra Raiders,home,2021-05-08T00:00:00Z,16,78,52,1424,1327,1054,1004,5,2,2021
11688,116880102,1,Canberra Raiders,home,2022-03-11T00:00:00Z,24,69,51,1138,980,1306,1386,1,0,2022
11688,116880206,2,Canberra Raiders,away,2022-03-19T00:00:00Z,6,59,44,1634,1078,1513,593,2,2,2022
11688,116880306,3,Canberra Raiders,home,2022-03-26T00:00:00Z,24,74,49,1159,1117,1024,1607,2,1,2022
11688,116880405,4,Canberra Raiders,away,2022-04-02T00:00:00Z,6,66,43,1055,1203,1498,1060,1,1,2022
11688,116880504,5,Canberra Raiders,home,2022-04-09T00:00:00Z,16,71,45,1492,1402,874,1069,2,0,2022
11688,116880601,6,Canberra Raiders,home,2022-04-14T00:00:00Z,12,74,48,1630,1475,815,887,4,2,2022
11688,116880706,7,Canberra Raiders,away,2022-04-24T00:00:00Z,6,72,41,1375,781,2181,476,3,4,2022
11688,116880804,8,Canberra Raiders,away,2022-04-30T00:00:00Z,20,58,52,1283,1240,974,1432,2,0,2022
11688,116880902,9,Canberra Raiders,home,2022-05-06T00:00:00Z,14,78,57,1627,1430,414,1358,1,0,2022
11689,116890102,1,Canberra Raiders,away,2022-09-10T00:00:00Z,28,82,49,1435,1397,931,1039,4,2,2022
11689,116890201,2,Canberra Raiders,away,2022-09-16T00:00:00Z,4,71,40,1461,1296,1260,785,2,3,2022
12067,120670105,1,Canberra Raiders,away,2023-03-04T00:00:00Z,18,75,46,1567,1577,833,841,2,3,2023
12067,120670205,2,Canberra Raiders,away,2023-03-11T00:00:00Z,14,76,51,1562,1850,732,669,1,2,2023
12067,120670308,3,Canberra Raiders,home,2023-03-19T00:00:00Z,24,81,48,1402,1316,943,1149,2,0,2023
12067,120670407,4,Canberra Raiders,away,2023-03-26T00:00:00Z,14,68,51,1301,1502,1140,863,5,0,2023
12067,120670502,5,Canberra Raiders,home,2023-03-31T00:00:00Z,12,71,44,1208,1322,1430,855,4,1,2023
12067,120670605,6,Canberra Raiders,away,2023-04-08T00:00:00Z,20,83,45,1312,1538,1061,899,4,0,2023
12067,120670707,7,Canberra Raiders,home,2023-04-16T00:00:00Z,20,75,50,1423,1316,1004,1063,1,0,2023
12067,120670904,9,Canberra Raiders,home,2023-04-29T00:00:00Z,31,90,54,1355,1512,761,1394,1,0,2023
12068,120680104,1,Canberra Raiders,away,2023-09-10T00:00:00Z,28,83,54,1301,1696,908,1503,0,0,2023
12445,124450103,1,Canberra Raiders,away,2024-03-07T00:00:00Z,28,85,55,1081,1353,813,1615,2,0,2024
12445,124450204,2,Canberra Raiders,home,2024-03-16T00:00:00Z,32,88,53,1022,930,1114,1740,1,0,2024
12445,124450302,3,Canberra Raiders,away,2024-03-22T00:00:00Z,10,79,51,1184,1404,1112,1139,1,1,2024
12445,124450407,4,Canberra Raiders,away,2024-03-31T00:00:00Z,22,77,50,1067,860,1585,1297,5,0,2024
12445,124450508,5,Canberra Raiders,home,2024-04-07T00:00:00Z,41,78,57,1064,1026,1269,1450,4,0,2024
12445,124450608,6,Canberra Raiders,home,2024-04-14T00:00:00Z,21,82,57,1287,1296,759,2061,1,0,2024
12445,124450706,7,Canberra Raiders,away,2024-04-20T00:00:00Z,10,73,48,1214,1259,1418,913,1,3,2024
12445,124450808,8,Canberra Raiders,home,2024-04-28T00:00:00Z,0,67,50,1055,1133,1550,1074,2,1,2024
12445,124450902,9,Canberra Raiders,away,2024-05-03T00:00:00Z,26,89,51,1173,1033,1382,1278,5,0,2024
12755,127550101,1,Canberra Raiders,home,2025-03-02T00:00:00Z,30,70,48,1242,1150,1304,1128,4,0,2025
12755,127550206,2,Canberra Raiders,home,2025-03-15T00:00:00Z,32,81,50,959,1115,1208,1531,2,1,2025
12755,127550308,3,Canberra Raiders,away,2025-03-23T00:00:00Z,12,73,35,962,943,2067,832,7,4,2025
12755,127550405,4,Canberra Raiders,away,2025-03-29T00:00:00Z,20,74,51,936,1002,1245,1621,6,0,2025
12755,127550501,5,Canberra Raiders,home,2025-04-03T00:00:00Z,24,78,48,1495,948,1175,1186,4,1,2025
12755,127550606,6,Canberra Raiders,away,2025-04-12T00:00:00Z,50,93,58,970,1040,975,1818,3,1,2025
12755,127550706,7,Canberra Raiders,away,2025-04-20T00:00:00Z,30,71,52,1322,1086,1069,1337,0,1,2025
12755,127550807,8,Canberra Raiders,home,2025-04-27T00:00:00Z,40,92,53,874,1241,912,1779,3,2,2025
12755,127550908,9,Canberra Raiders,away,2025-05-04T00:00:00Z,20,78,50,1127,1337,1353,1290,4,1,2025
12756,127560104,1,Canberra Raiders,home,2025-09-14T00:00:00Z,28,67,45,1432,1252,2370,1273,7,3,2025
12756,127560201,2,Canberra Raiders,home,2025-09-20T00:00:00Z,12,90,51,1042,1085,1431,1246,3,0,2025
12999,129990107,1,Canberra Raiders,away,2026-03-07T00:00:00Z,29,83,50,2224,795,871,1032,5,0,2026
12999,129990202,2,Canberra Raiders,away,2026-03-13T00:00:00Z,6,85,45,1112,776,1696,1216,8,0,2026
12999,129990301,3,Canberra Raiders,home,2026-03-19T00:00:00Z,10,82,48,1093,1167,1534,1008,3,3,2026
12999,129990407,4,Canberra Raiders,home,2026-03-29T00:00:00Z,22,76,49,1027,1172,1485,1146,1,2,2026
12999,129990507,5,Canberra Raiders,away,2026-04-05T00:00:00Z,12,73,47,1184,1119,1510,1027,9,1,2026
12999,129990604,6,Canberra Raiders,away,2026-04-11T00:00:00Z,36,76,47,1157,992,1381,1274,2,0,2026
12999,129990702,7,Canberra Raiders,home,2026-04-17T00:00:00Z,26,85,53,1065,1256,1117,1380,2,0,2026
12999,129990801,8,Canberra Raiders,away,2026-04-23T00:00:00Z,14,81,45,1337,913,1527,1035,2,3,2026
12999,129990903,9,Canberra Raiders,away,2026-05-02T00:00:00Z,28,74,54,1124,1250,979,1463,3,0,2026
12999,129991008,10,Canberra Raiders,home,2026-05-10T00:00:00Z,18,84,53,1071,1194,1291,1259,4,1,2026
12999,129991201,12,Canberra Raiders,home,2026-05-21T09:50:00Z,22,79,47,1235,882,1511,1180,3,5,2026
9867,98670102,1,Canterbury-Bankstown Bulldogs,away,2016-03-04T00:00:00Z,28,85,54,1513,1320,826,1141,0,4,2016
9867,98670201,2,Canterbury-Bankstown Bulldogs,away,2016-03-10T00:00:00Z,18,69,48,1562,1473,935,866,0,4,2016
9867,98670302,3,Canterbury-Bankstown Bulldogs,home,2016-03-18T00:00:00Z,6,78,50,1680,1285,1182,653,0,1,2016
9867,98670401,4,Canterbury-Bankstown Bulldogs,away,2016-03-25T00:00:00Z,42,87,58,1473,1528,714,1094,0,2,2016
9867,98670508,5,Canterbury-Bankstown Bulldogs,home,2016-04-04T00:00:00Z,8,69,50,1486,1484,1088,742,0,1,2016
9867,98670608,6,Canterbury-Bankstown Bulldogs,away,2016-04-11T00:00:00Z,18,86,52,1651,1307,1160,716,0,1,2016
9867,98670704,7,Canterbury-Bankstown Bulldogs,home,2016-04-16T00:00:00Z,20,76,46,1562,1310,1083,845,0,2,2016
9867,98670802,8,Canterbury-Bankstown Bulldogs,home,2016-04-23T00:00:00Z,20,71,51,1722,1776,683,868,0,1,2016
9867,98670902,9,Canterbury-Bankstown Bulldogs,away,2016-04-29T00:00:00Z,12,82,49,1542,1621,838,818,0,2,2016
9868,98680104,1,Canterbury-Bankstown Bulldogs,away,2016-09-11T00:00:00Z,12,86,52,1430,1721,1005,662,0,0,2016
10095,100950102,1,Canterbury-Bankstown Bulldogs,home,2017-03-03T00:00:00Z,6,73,52,1666,1590,870,697,0,1,2017
10095,100950201,2,Canterbury-Bankstown Bulldogs,away,2017-03-09T00:00:00Z,24,79,51,1528,1497,1080,730,0,2,2017
10095,100950302,3,Canterbury-Bankstown Bulldogs,home,2017-03-17T00:00:00Z,24,80,47,1388,1495,1168,751,0,2,2017
10095,100950404,4,Canterbury-Bankstown Bulldogs,away,2017-03-25T00:00:00Z,0,66,44,1492,1598,1328,406,0,3,2017
10095,100950501,5,Canterbury-Bankstown Bulldogs,home,2017-03-30T00:00:00Z,10,76,55,1354,1496,790,1170,0,3,2017
10095,100950602,6,Canterbury-Bankstown Bulldogs,away,2017-04-07T00:00:00Z,22,68,54,1461,1586,972,959,0,2,2017
10095,100950701,7,Canterbury-Bankstown Bulldogs,home,2017-04-14T00:00:00Z,24,72,54,1538,1581,671,1049,0,1,2017
10095,100950806,8,Canterbury-Bankstown Bulldogs,away,2017-04-23T00:00:00Z,12,75,52,1545,1461,1079,766,0,1,2017
10095,100950905,9,Canterbury-Bankstown Bulldogs,home,2017-04-29T00:00:00Z,16,72,53,1094,1422,698,1605,0,1,2017
10412,104120106,1,Canterbury-Bankstown Bulldogs,home,2018-03-10T00:00:00Z,18,69,51,1570,1550,928,758,0,2,2018
10412,104120202,2,Canterbury-Bankstown Bulldogs,away,2018-03-16T00:00:00Z,12,82,52,1611,1290,1067,854,0,0,2018
10412,104120302,3,Canterbury-Bankstown Bulldogs,home,2018-03-23T00:00:00Z,20,89,55,1475,1226,986,1130,0,1,2018
10412,104120402,4,Canterbury-Bankstown Bulldogs,away,2018-03-30T00:00:00Z,16,67,51,1635,1305,929,944,0,1,2018
10412,104120501,5,Canterbury-Bankstown Bulldogs,away,2018-04-05T00:00:00Z,10,71,52,1404,1418,959,1062,0,3,2018
10412,104120605,6,Canterbury-Bankstown Bulldogs,away,2018-04-14T00:00:00Z,26,84,57,1437,1345,863,1204,0,1,2018
10412,104120701,7,Canterbury-Bankstown Bulldogs,home,2018-04-19T00:00:00Z,0,74,57,1385,1804,628,1020,0,2,2018
10412,104120805,8,Canterbury-Bankstown Bulldogs,away,2018-04-27T00:00:00Z,14,65,48,1625,1604,970,649,0,2,2018
10412,104120901,9,Canterbury-Bankstown Bulldogs,away,2018-05-03T00:00:00Z,20,74,46,1381,1360,1365,710,0,3,2018
10684,106840104,1,Canterbury-Bankstown Bulldogs,away,2019-03-16T00:00:00Z,6,87,46,1083,1738,1157,845,0,2,2019
10684,106840207,2,Canterbury-Bankstown Bulldogs,home,2019-03-24T00:00:00Z,16,77,52,1199,1580,1204,833,0,3,2019
10684,106840307,3,Canterbury-Bankstown Bulldogs,away,2019-03-31T00:00:00Z,22,88,49,1623,1610,805,786,0,3,2019
10684,106840407,4,Canterbury-Bankstown Bulldogs,away,2019-04-07T00:00:00Z,16,79,49,1614,1750,873,578,0,0,2019
10684,106840507,5,Canterbury-Bankstown Bulldogs,away,2019-04-14T00:00:00Z,4,70,47,1403,1656,1011,746,0,0,2019
10684,106840602,6,Canterbury-Bankstown Bulldogs,home,2019-04-19T00:00:00Z,6,69,45,1331,1210,1394,894,0,4,2019
10684,106840703,7,Canterbury-Bankstown Bulldogs,home,2019-04-26T00:00:00Z,24,83,47,1290,1511,839,1174,0,3,2019
10684,106840805,8,Canterbury-Bankstown Bulldogs,away,2019-05-04T00:00:00Z,10,77,44,1436,1482,1034,860,0,1,2019
10684,106840904,9,Canterbury-Bankstown Bulldogs,home,2019-05-11T00:00:00Z,10,74,52,1436,1326,1131,949,0,2,2019
11095,110950101,1,Canterbury-Bankstown Bulldogs,away,2020-03-12T00:00:00Z,2,66,52,1415,1572,990,832,0,1,2020
11095,110950201,2,Canterbury-Bankstown Bulldogs,home,2020-03-19T00:00:00Z,16,67,43,1430,1507,1300,644,0,1,2020
11095,110950308,3,Canterbury-Bankstown Bulldogs,away,2020-05-31T00:00:00Z,6,69,44,1376,1571,1188,686,0,5,2020
11095,110950408,4,Canterbury-Bankstown Bulldogs,home,2020-06-08T00:00:00Z,22,86,57,1164,1247,919,1500,0,1,2020
11095,110950507,5,Canterbury-Bankstown Bulldogs,home,2020-06-15T00:00:00Z,6,66,52,1068,1150,1618,1005,0,0,2020
11095,110950608,6,Canterbury-Bankstown Bulldogs,away,2020-06-21T00:00:00Z,18,83,47,1352,1167,1332,968,0,2,2020
11095,110950708,7,Canterbury-Bankstown Bulldogs,home,2020-06-28T00:00:00Z,6,76,43,1431,1032,1622,725,0,3,2020
11095,110950808,8,Canterbury-Bankstown Bulldogs,home,2020-07-05T00:00:00Z,10,74,51,997,1282,1358,1175,0,2,2020
11095,110950905,9,Canterbury-Bankstown Bulldogs,away,2020-07-11T00:00:00Z,8,70,50,1333,1027,1257,1204,0,2,2020
11355,113550102,1,Canterbury-Bankstown Bulldogs,away,2021-03-12T00:00:00Z,16,69,48,2284,206,701,1632,5,1,2021
11355,113550204,2,Canterbury-Bankstown Bulldogs,home,2021-03-20T00:00:00Z,0,79,43,1504,1146,1729,469,4,5,2021
11355,113550305,3,Canterbury-Bankstown Bulldogs,away,2021-03-27T00:00:00Z,0,74,47,1254,1327,1207,1025,5,1,2021
11355,113550402,4,Canterbury-Bankstown Bulldogs,home,2021-04-02T00:00:00Z,0,80,50,1177,1023,1535,1071,8,1,2021
11355,113550505,5,Canterbury-Bankstown Bulldogs,home,2021-04-10T00:00:00Z,18,86,52,1457,1546,1086,749,6,0,2021
11355,113550608,6,Canterbury-Bankstown Bulldogs,away,2021-04-18T00:00:00Z,18,80,52,1338,1511,1018,953,6,2,2021
11355,113550704,7,Canterbury-Bankstown Bulldogs,away,2021-04-24T00:00:00Z,18,82,47,1620,1475,1111,606,8,0,2021
11355,113550805,8,Canterbury-Bankstown Bulldogs,home,2021-05-01T00:00:00Z,10,75,47,1667,1418,1208,541,4,2,2021
11355,113550908,9,Canterbury-Bankstown Bulldogs,away,2021-05-09T00:00:00Z,12,79,50,1608,1398,950,864,5,0,2021
11688,116880108,1,Canterbury-Bankstown Bulldogs,away,2022-03-13T00:00:00Z,6,74,51,1655,1515,746,903,0,2,2022
11688,116880208,2,Canterbury-Bankstown Bulldogs,home,2022-03-20T00:00:00Z,10,78,56,1526,1423,750,1126,1,0,2022
11688,116880308,3,Canterbury-Bankstown Bulldogs,away,2022-03-27T00:00:00Z,12,79,48,1615,1552,890,769,5,2,2022
11688,116880407,4,Canterbury-Bankstown Bulldogs,away,2022-04-03T00:00:00Z,0,70,50,1235,1125,1184,1277,2,0,2022
11688,116880508,5,Canterbury-Bankstown Bulldogs,home,2022-04-10T00:00:00Z,12,69,45,1616,1345,1156,716,4,2,2022
11688,116880602,6,Canterbury-Bankstown Bulldogs,away,2022-04-15T00:00:00Z,16,76,43,1481,1392,1126,904,9,1,2022
11688,116880702,7,Canterbury-Bankstown Bulldogs,away,2022-04-22T00:00:00Z,14,76,46,1484,1571,982,765,4,1,2022
11688,116880805,8,Canterbury-Bankstown Bulldogs,home,2022-04-30T00:00:00Z,16,84,53,1569,1265,1051,933,2,2,2022
11688,116880902,9,Canterbury-Bankstown Bulldogs,away,2022-05-06T00:00:00Z,4,53,43,1430,1627,1358,414,3,2,2022
12067,120670104,1,Canterbury-Bankstown Bulldogs,away,2023-03-04T00:00:00Z,6,61,44,1858,1241,860,846,3,3,2023
12067,120670206,2,Canterbury-Bankstown Bulldogs,away,2023-03-11T00:00:00Z,26,78,51,1597,1248,903,1065,5,2,2023
12067,120670307,3,Canterbury-Bankstown Bulldogs,home,2023-03-19T00:00:00Z,26,72,51,1407,1469,728,1208,1,0,2023
12067,120670406,4,Canterbury-Bankstown Bulldogs,away,2023-03-26T00:00:00Z,14,82,48,1543,1360,1070,838,2,2,2023
12067,120670508,5,Canterbury-Bankstown Bulldogs,home,2023-04-02T00:00:00Z,15,79,50,1570,1610,960,972,3,1,2023
12067,120670602,6,Canterbury-Bankstown Bulldogs,home,2023-04-07T00:00:00Z,16,75,39,1287,1490,1296,737,2,0,2023
12067,120670708,7,Canterbury-Bankstown Bulldogs,away,2023-04-16T00:00:00Z,4,70,47,1556,1489,1179,598,1,6,2023
12067,120670803,8,Canterbury-Bankstown Bulldogs,home,2023-04-22T00:00:00Z,20,75,49,1424,1427,1125,832,2,2,2023
12067,120670908,9,Canterbury-Bankstown Bulldogs,away,2023-04-30T00:00:00Z,18,74,47,1637,1539,1007,633,1,0,2023
12445,124450106,1,Canterbury-Bankstown Bulldogs,away,2024-03-09T00:00:00Z,8,77,40,902,1095,1894,921,3,4,2024
12445,124450202,2,Canterbury-Bankstown Bulldogs,away,2024-03-15T00:00:00Z,6,77,42,1122,1098,1546,1042,3,1,2024
12445,124450304,3,Canterbury-Bankstown Bulldogs,home,2024-03-23T00:00:00Z,32,76,53,936,1486,679,1703,3,0,2024
12445,124450402,4,Canterbury-Bankstown Bulldogs,away,2024-03-29T00:00:00Z,16,75,52,957,1110,1218,1549,2,1,2024
12445,124450502,5,Canterbury-Bankstown Bulldogs,home,2024-04-05T00:00:00Z,30,84,49,1130,1021,1291,1425,7,2,2024
12445,124450602,6,Canterbury-Bankstown Bulldogs,away,2024-04-12T00:00:00Z,14,70,49,1436,1046,1114,1210,4,1,2024
12445,124450707,7,Canterbury-Bankstown Bulldogs,home,2024-04-21T00:00:00Z,36,70,52,1279,966,953,1613,5,2,2024
12445,124450904,9,Canterbury-Bankstown Bulldogs,home,2024-05-04T00:00:00Z,22,92,53,923,1313,890,1708,3,0,2024
12446,124460104,1,Canterbury-Bankstown Bulldogs,home,2024-09-15T00:00:00Z,22,88,47,1309,1129,1082,1302,0,0,2024
12755,127550106,1,Canterbury-Bankstown Bulldogs,away,2025-03-08T00:00:00Z,28,69,55,909,1270,965,1661,1,0,2025
12755,127550208,2,Canterbury-Bankstown Bulldogs,home,2025-03-16T00:00:00Z,40,76,51,1075,1162,886,1699,1,0,2025
12755,127550307,3,Canterbury-Bankstown Bulldogs,away,2025-03-23T00:00:00Z,16,86,49,1280,1186,1094,1251,2,1,2025
12755,127550406,4,Canterbury-Bankstown Bulldogs,away,2025-03-29T00:00:00Z,20,87,52,1200,1126,1136,1344,3,2,2025
12755,127550508,5,Canterbury-Bankstown Bulldogs,home,2025-04-06T00:00:00Z,20,70,54,1023,1295,743,1753,3,2,2025
12755,127550702,7,Canterbury-Bankstown Bulldogs,home,2025-04-18T00:00:00Z,32,86,58,883,1181,681,2059,2,1,2025
12755,127550801,8,Canterbury-Bankstown Bulldogs,away,2025-04-24T00:00:00Z,18,72,41,1209,874,1655,1068,0,4,2025
12755,127550906,9,Canterbury-Bankstown Bulldogs,away,2025-05-04T00:00:00Z,38,77,52,1083,1041,1085,1593,1,3,2025
12756,127560101,1,Canterbury-Bankstown Bulldogs,away,2025-09-12T00:00:00Z,18,81,46,1229,1121,1372,1110,3,3,2025
12756,127560202,2,Canterbury-Bankstown Bulldogs,home,2025-09-21T00:00:00Z,26,76,48,1548,1265,1409,616,1,0,2025
12999,129990102,1,Canterbury-Bankstown Bulldogs,home,2026-03-01T00:00:00Z,15,76,50,2867,2294,141,106,3,0,2026
12999,129990301,3,Canterbury-Bankstown Bulldogs,away,2026-03-19T00:00:00Z,14,86,52,1167,1093,1008,1534,6,1,2026
12999,129990404,4,Canterbury-Bankstown Bulldogs,home,2026-03-28T00:00:00Z,16,81,50,1031,1312,1149,1315,5,5,2026
12999,129990502,5,Canterbury-Bankstown Bulldogs,away,2026-04-03T00:00:00Z,24,65,47,2486,924,791,603,1,1,2026
12999,129990601,6,Canterbury-Bankstown Bulldogs,home,2026-04-09T00:00:00Z,32,81,53,1122,1380,861,1450,5,1,2026
12999,129990708,7,Canterbury-Bankstown Bulldogs,away,2026-04-19T00:00:00Z,20,72,50,1231,1266,1347,978,1,2,2026
12999,129990803,8,Canterbury-Bankstown Bulldogs,away,2026-04-24T00:00:00Z,12,69,48,1113,1271,1126,1295,2,2,2026
12999,129990901,9,Canterbury-Bankstown Bulldogs,home,2026-05-01T00:00:00Z,12,80,49,30,639,747,3384,2,2,2026
12999,129991001,10,Canterbury-Bankstown Bulldogs,away,2026-05-07T00:00:00Z,12,75,44,161,1017,628,3004,7,1,2026
12999,129991101,11,Canterbury-Bankstown Bulldogs,away,2026-05-15T00:00:00Z,16,79,49,1003,853,1581,1374,3,3,2026
12999,129991202,12,Canterbury-Bankstown Bulldogs,home,2026-05-22T10:00:00Z,30,86,52,1210,1143,906,1556,1,0,2026
9867,98670105,1,Cronulla-Sutherland Sharks,away,2016-03-05T00:00:00Z,14,68,45,1453,1566,980,814,0,2,2016
9867,98670206,2,Cronulla-Sutherland Sharks,home,2016-03-13T00:00:00Z,30,76,60,1292,1401,854,1275,0,2,2016
9867,98670308,3,Cronulla-Sutherland Sharks,away,2016-03-21T00:00:00Z,12,73,54,1590,1543,724,949,0,2,2016
9867,98670408,4,Cronulla-Sutherland Sharks,home,2016-03-28T00:00:00Z,14,73,55,1439,1508,649,1215,0,0,2016
9867,98670504,5,Cronulla-Sutherland Sharks,away,2016-04-02T00:00:00Z,34,74,53,1216,1643,819,1142,0,0,2016
9867,98670606,6,Cronulla-Sutherland Sharks,home,2016-04-10T00:00:00Z,24,72,49,1242,1567,953,1038,0,4,2016
9867,98670706,7,Cronulla-Sutherland Sharks,away,2016-04-17T00:00:00Z,40,65,53,1277,1512,821,1210,0,1,2016
9867,98670805,8,Cronulla-Sutherland Sharks,home,2016-04-24T00:00:00Z,20,78,48,1751,1365,875,817,0,2,2016
9867,98670908,9,Cronulla-Sutherland Sharks,home,2016-05-01T00:00:00Z,30,68,51,1487,1334,786,1193,0,0,2016
9868,98680102,1,Cronulla-Sutherland Sharks,away,2016-09-10T00:00:00Z,16,72,46,1385,1588,964,879,0,2,2016
9868,98680301,3,Cronulla-Sutherland Sharks,home,2016-09-23T00:00:00Z,32,84,56,1327,1425,616,1442,0,1,2016
9868,98680401,4,Cronulla-Sutherland Sharks,away,2016-10-02T00:00:00Z,14,87,58,1322,1500,800,1210,0,2,2016
10095,100950101,1,Cronulla-Sutherland Sharks,home,2017-03-02T00:00:00Z,18,69,44,1363,1468,1202,788,0,1,2017
10095,100950206,2,Cronulla-Sutherland Sharks,away,2017-03-11T00:00:00Z,42,79,57,1320,1610,569,1308,0,1,2017
10095,100950308,3,Cronulla-Sutherland Sharks,home,2017-03-19T00:00:00Z,10,66,50,1574,1457,819,976,0,0,2017
10095,100950405,4,Cronulla-Sutherland Sharks,away,2017-03-25T00:00:00Z,20,68,53,1768,1519,668,859,0,1,2017
10095,100950504,5,Cronulla-Sutherland Sharks,home,2017-04-01T00:00:00Z,18,70,57,1513,1673,700,943,0,0,2017
10095,100950608,6,Cronulla-Sutherland Sharks,away,2017-04-09T00:00:00Z,10,72,55,1740,1682,460,933,0,2,2017
10095,100950707,7,Cronulla-Sutherland Sharks,away,2017-04-16T00:00:00Z,28,73,52,1886,1437,731,780,0,0,2017
10095,100950805,8,Cronulla-Sutherland Sharks,home,2017-04-22T00:00:00Z,12,79,54,1493,1687,634,1015,0,2,2017
10095,100950906,9,Cronulla-Sutherland Sharks,away,2017-04-29T00:00:00Z,22,58,49,1684,1531,693,909,0,1,2017
10096,100960104,1,Cronulla-Sutherland Sharks,home,2017-09-10T00:00:00Z,14,68,45,2010,1937,805,684,0,0,2017
10412,104120103,1,Cronulla-Sutherland Sharks,away,2018-03-09T00:00:00Z,14,63,46,1388,1551,1138,734,0,2,2018
10412,104120201,2,Cronulla-Sutherland Sharks,home,2018-03-15T00:00:00Z,16,72,52,1626,1255,1039,950,0,1,2018
10412,104120306,3,Cronulla-Sutherland Sharks,away,2018-03-24T00:00:00Z,14,78,56,1539,1609,635,1032,0,1,2018
10412,104120403,4,Cronulla-Sutherland Sharks,home,2018-03-30T00:00:00Z,14,73,53,1705,1629,886,610,0,2,2018
10412,104120502,5,Cronulla-Sutherland Sharks,home,2018-04-06T00:00:00Z,10,80,52,1674,1362,936,855,0,2,2018
10412,104120603,6,Cronulla-Sutherland Sharks,away,2018-04-13T00:00:00Z,20,69,45,1661,1037,1250,873,0,2,2018
10412,104120708,7,Cronulla-Sutherland Sharks,home,2018-04-22T00:00:00Z,26,75,46,1348,1395,1405,702,0,2,2018
10412,104120806,8,Cronulla-Sutherland Sharks,away,2018-04-28T00:00:00Z,8,76,55,1418,1531,876,983,0,2,2018
10412,104120906,9,Cronulla-Sutherland Sharks,home,2018-05-05T00:00:00Z,22,78,56,1355,1431,883,1218,0,0,2018
10413,104130103,1,Cronulla-Sutherland Sharks,away,2018-09-08T00:00:00Z,12,85,49,1495,1665,970,711,0,0,2018
10413,104130201,2,Cronulla-Sutherland Sharks,home,2018-09-14T00:00:00Z,20,83,58,1138,1660,1053,1052,0,0,2018
10413,104130301,3,Cronulla-Sutherland Sharks,away,2018-09-21T00:00:00Z,6,68,52,1269,1355,1160,1029,0,0,2018
10684,106840102,1,Cronulla-Sutherland Sharks,away,2019-03-15T00:00:00Z,8,64,46,1723,1416,1052,623,0,3,2019
10684,106840204,2,Cronulla-Sutherland Sharks,home,2019-03-23T00:00:00Z,20,68,48,1542,1387,1233,771,0,3,2019
10684,106840305,3,Cronulla-Sutherland Sharks,away,2019-03-30T00:00:00Z,42,69,50,1554,1380,938,951,0,2,2019
10684,106840406,4,Cronulla-Sutherland Sharks,away,2019-04-06T00:00:00Z,12,88,51,1422,1642,926,886,0,1,2019
10684,106840506,5,Cronulla-Sutherland Sharks,home,2019-04-13T00:00:00Z,16,69,47,1351,1659,893,1035,0,1,2019
10684,106840601,6,Cronulla-Sutherland Sharks,home,2019-04-18T00:00:00Z,24,76,57,1119,1393,960,1341,0,2,2019
10684,106840706,7,Cronulla-Sutherland Sharks,away,2019-04-27T00:00:00Z,6,72,42,1691,1348,1380,409,0,4,2019
10684,106840803,8,Cronulla-Sutherland Sharks,home,2019-05-03T00:00:00Z,20,83,57,1363,1424,831,1224,0,2,2019
10684,106840901,9,Cronulla-Sutherland Sharks,away,2019-05-09T00:00:00Z,26,83,60,1647,1592,849,766,0,0,2019
10685,106850103,1,Cronulla-Sutherland Sharks,away,2019-09-14T00:00:00Z,16,71,44,1607,1497,1054,706,0,3,2019
11095,110950105,1,Cronulla-Sutherland Sharks,away,2020-03-14T00:00:00Z,18,68,51,1384,1541,1071,888,0,3,2020
11095,110950206,2,Cronulla-Sutherland Sharks,home,2020-03-21T00:00:00Z,10,65,50,1515,1351,758,1223,0,0,2020
11095,110950305,3,Cronulla-Sutherland Sharks,home,2020-05-30T00:00:00Z,16,78,51,1394,1585,1087,745,0,3,2020
11095,110950405,4,Cronulla-Sutherland Sharks,away,2020-06-06T00:00:00Z,26,76,51,889,1142,1254,1521,0,2,2020
11095,110950508,5,Cronulla-Sutherland Sharks,away,2020-06-14T00:00:00Z,16,76,49,1345,1383,1198,987,0,2,2020
11095,110950608,6,Cronulla-Sutherland Sharks,home,2020-06-21T00:00:00Z,20,85,53,1167,1352,968,1332,0,0,2020
11095,110950707,7,Cronulla-Sutherland Sharks,away,2020-06-28T00:00:00Z,40,76,48,924,1144,1267,1484,0,2,2020
11095,110950804,8,Cronulla-Sutherland Sharks,away,2020-07-04T00:00:00Z,40,78,60,1060,1158,704,1907,0,0,2020
11095,110950904,9,Cronulla-Sutherland Sharks,home,2020-07-11T00:00:00Z,24,71,47,779,821,1905,1433,0,2,2020
11096,110960102,1,Cronulla-Sutherland Sharks,away,2020-10-03T00:00:00Z,20,73,55,871,1091,1364,1483,0,0,2020
11355,113550108,1,Cronulla-Sutherland Sharks,away,2021-03-14T00:00:00Z,32,82,59,1080,1071,978,1721,3,1,2021
11355,113550208,2,Cronulla-Sutherland Sharks,home,2021-03-21T00:00:00Z,10,65,50,1198,992,1316,1329,3,3,2021
11355,113550306,3,Cronulla-Sutherland Sharks,away,2021-03-27T00:00:00Z,4,82,45,1448,1361,1418,593,1,4,2021
11355,113550404,4,Cronulla-Sutherland Sharks,home,2021-04-03T00:00:00Z,48,89,61,1782,785,611,1641,4,0,2021
11355,113550506,5,Cronulla-Sutherland Sharks,away,2021-04-10T00:00:00Z,18,79,52,1684,1535,890,717,3,1,2021
11355,113550602,6,Cronulla-Sutherland Sharks,away,2021-04-16T00:00:00Z,22,82,54,1362,1746,693,1012,2,1,2021
11355,113550704,7,Cronulla-Sutherland Sharks,home,2021-04-24T00:00:00Z,12,66,53,1475,1620,606,1111,4,0,2021
11355,113550802,8,Cronulla-Sutherland Sharks,away,2021-04-30T00:00:00Z,14,62,47,1537,1674,883,719,4,2,2021
11355,113550902,9,Cronulla-Sutherland Sharks,away,2021-05-07T00:00:00Z,0,71,43,1763,1002,1201,355,2,6,2021
11688,116880102,1,Cronulla-Sutherland Sharks,away,2022-03-11T00:00:00Z,19,68,49,980,1138,1386,1306,1,1,2022
11688,116880205,2,Cronulla-Sutherland Sharks,home,2022-03-19T00:00:00Z,18,77,44,1220,1281,1532,951,1,2,2022
11688,116880301,3,Cronulla-Sutherland Sharks,away,2022-03-24T00:00:00Z,36,73,48,962,1192,686,1975,1,0,2022
11688,116880402,4,Cronulla-Sutherland Sharks,home,2022-04-01T00:00:00Z,18,70,52,6,39,2416,2373,0,1,2022
11688,116880507,5,Cronulla-Sutherland Sharks,home,2022-04-10T00:00:00Z,30,68,53,1236,1087,736,1818,3,0,2022
11688,116880605,6,Cronulla-Sutherland Sharks,away,2022-04-16T00:00:00Z,18,85,45,1549,1648,894,853,2,1,2022
11688,116880701,7,Cronulla-Sutherland Sharks,home,2022-04-21T00:00:00Z,34,85,48,1404,1823,751,862,0,1,2022
11688,116880801,8,Cronulla-Sutherland Sharks,away,2022-04-28T00:00:00Z,7,75,46,1459,1179,1382,788,1,0,2022
11688,116880908,9,Cronulla-Sutherland Sharks,home,2022-05-08T00:00:00Z,29,86,58,1245,1549,922,1091,2,1,2022
11689,116890103,1,Cronulla-Sutherland Sharks,home,2022-09-10T00:00:00Z,30,76,47,1986,1915,1049,800,2,1,2022
11689,116890202,2,Cronulla-Sutherland Sharks,home,2022-09-17T00:00:00Z,12,59,46,1456,1462,1110,777,1,2,2022
12067,120670106,1,Cronulla-Sutherland Sharks,home,2023-03-04T00:00:00Z,18,66,47,1703,1559,845,702,1,0,2023
12067,120670202,2,Cronulla-Sutherland Sharks,away,2023-03-10T00:00:00Z,30,74,50,1236,1580,923,1072,3,1,2023
12067,120670308,3,Cronulla-Sutherland Sharks,away,2023-03-19T00:00:00Z,20,85,52,1316,1402,1149,943,3,2,2023
12067,120670408,4,Cronulla-Sutherland Sharks,away,2023-03-26T00:00:00Z,40,76,49,1386,1431,807,1185,1,1,2023
12067,120670507,5,Cronulla-Sutherland Sharks,home,2023-04-02T00:00:00Z,30,81,52,1874,777,972,1182,2,2,2023
12067,120670702,7,Cronulla-Sutherland Sharks,home,2023-04-14T00:00:00Z,22,73,50,1573,1536,827,877,1,0,2023
12067,120670803,8,Cronulla-Sutherland Sharks,away,2023-04-22T00:00:00Z,33,75,51,1427,1424,832,1125,0,2,2023
12067,120670901,9,Cronulla-Sutherland Sharks,home,2023-04-27T00:00:00Z,44,80,54,1276,1379,647,1509,2,0,2023
12068,120680103,1,Cronulla-Sutherland Sharks,home,2023-09-09T00:00:00Z,12,74,53,1639,1611,748,808,1,0,2023
12445,124450104,1,Cronulla-Sutherland Sharks,away,2024-03-08T00:00:00Z,16,69,47,1305,1061,1649,795,1,5,2024
12445,124450202,2,Cronulla-Sutherland Sharks,home,2024-03-15T00:00:00Z,25,80,58,1098,1122,1042,1546,1,1,2024
12445,124450306,3,Cronulla-Sutherland Sharks,away,2024-03-23T00:00:00Z,6,68,46,1446,986,1327,1045,3,0,2024
12445,124450407,4,Cronulla-Sutherland Sharks,home,2024-03-31T00:00:00Z,36,72,50,860,1067,1297,1585,5,1,2024
12445,124450606,6,Cronulla-Sutherland Sharks,away,2024-04-13T00:00:00Z,34,78,45,1188,1025,1361,1256,4,4,2024
12445,124450708,7,Cronulla-Sutherland Sharks,home,2024-04-21T00:00:00Z,42,84,56,1320,1028,853,1606,2,1,2024
12445,124450808,8,Cronulla-Sutherland Sharks,away,2024-04-28T00:00:00Z,40,79,50,1133,1055,1074,1550,1,1,2024
12445,124450908,9,Cronulla-Sutherland Sharks,home,2024-05-05T00:00:00Z,20,82,49,1138,1273,950,1450,5,1,2024
12446,124460102,1,Cronulla-Sutherland Sharks,away,2024-09-14T00:00:00Z,10,86,37,1237,1045,1934,588,1,2,2024
12446,124460201,2,Cronulla-Sutherland Sharks,home,2024-09-20T00:00:00Z,26,68,54,1223,1012,973,1596,0,0,2024
12446,124460302,3,Cronulla-Sutherland Sharks,away,2024-09-28T00:00:00Z,6,62,46,1262,1169,1482,890,3,0,2024
12755,127550102,1,Cronulla-Sutherland Sharks,away,2025-03-02T00:00:00Z,22,82,50,981,1187,1354,1291,4,1,2025
12755,127550205,2,Cronulla-Sutherland Sharks,away,2025-03-15T00:00:00Z,36,82,55,1116,1029,952,1707,1,0,2025
12755,127550304,3,Cronulla-Sutherland Sharks,home,2025-03-22T00:00:00Z,27,77,56,846,1092,993,1891,0,0,2025
12755,127550406,4,Cronulla-Sutherland Sharks,home,2025-03-29T00:00:00Z,6,76,48,1126,1200,1344,1136,1,5,2025
12755,127550501,5,Cronulla-Sutherland Sharks,away,2025-04-03T00:00:00Z,20,81,52,948,1495,1186,1175,3,0,2025
12755,127550604,6,Cronulla-Sutherland Sharks,home,2025-04-12T00:00:00Z,24,77,53,1323,1037,1234,1208,2,2,2025
12755,127550707,7,Cronulla-Sutherland Sharks,away,2025-04-20T00:00:00Z,34,83,57,1215,1044,879,1674,2,0,2025
12755,127550808,8,Cronulla-Sutherland Sharks,away,2025-04-27T00:00:00Z,18,67,46,1359,1398,1232,1336,4,2,2025
12755,127550901,9,Cronulla-Sutherland Sharks,home,2025-05-02T00:00:00Z,28,85,54,1128,1253,1110,1316,3,0,2025
12756,127560103,1,Cronulla-Sutherland Sharks,home,2025-09-13T00:00:00Z,20,78,51,1299,1151,1095,1275,3,1,2025
12756,127560201,2,Cronulla-Sutherland Sharks,away,2025-09-20T00:00:00Z,32,80,49,1085,1042,1246,1431,4,0,2025
12756,127560301,3,Cronulla-Sutherland Sharks,away,2025-09-26T00:00:00Z,14,79,46,1021,1328,1501,954,3,2,2025
12999,129990106,1,Cronulla-Sutherland Sharks,home,2026-03-07T00:00:00Z,50,84,53,1019,772,1259,1750,2,3,2026
12999,129990206,2,Cronulla-Sutherland Sharks,away,2026-03-14T00:00:00Z,6,71,50,1255,956,1396,1198,5,2,2026
12999,129990305,3,Cronulla-Sutherland Sharks,home,2026-03-21T00:00:00Z,10,78,46,1110,1348,1337,1017,2,0,2026
12999,129990407,4,Cronulla-Sutherland Sharks,away,2026-03-29T00:00:00Z,34,71,51,1172,1027,1146,1485,4,1,2026
12999,129990506,5,Cronulla-Sutherland Sharks,home,2026-04-05T00:00:00Z,36,76,48,962,1034,1274,1552,6,1,2026
12999,129990605,6,Cronulla-Sutherland Sharks,home,2026-04-11T00:00:00Z,22,75,47,801,1139,1711,1189,5,3,2026
12999,129990802,8,Cronulla-Sutherland Sharks,away,2026-04-24T00:00:00Z,34,73,49,587,746,1383,2084,3,0,2026
12999,129990907,9,Cronulla-Sutherland Sharks,home,2026-05-03T00:00:00Z,52,79,61,1145,1722,70,1908,4,0,2026
12999,129991005,10,Cronulla-Sutherland Sharks,away,2026-05-09T00:00:00Z,12,79,45,554,612,1040,2608,2,0,2026
12999,129991101,11,Cronulla-Sutherland Sharks,home,2026-05-15T00:00:00Z,38,92,51,853,1003,1374,1581,5,2,2026
12067,120670107,1,Dolphins,home,2023-03-05T00:00:00Z,28,77,54,1295,1583,605,1328,1,1,2023
12067,120670205,2,Dolphins,home,2023-03-11T00:00:00Z,20,77,49,1850,1562,669,732,3,1,2023
12067,120670302,3,Dolphins,away,2023-03-17T00:00:00Z,36,85,56,1507,1284,880,1148,1,2,2023
12067,120670403,4,Dolphins,home,2023-03-24T00:00:00Z,12,72,52,1607,1278,1056,876,2,1,2023
12067,120670505,5,Dolphins,away,2023-04-01T00:00:00Z,12,88,46,1748,1563,865,657,3,2,2023
12067,120670603,6,Dolphins,away,2023-04-07T00:00:00Z,32,79,50,1386,1384,857,1173,2,2,2023
12067,120670701,7,Dolphins,home,2023-04-13T00:00:00Z,14,85,47,1462,1558,1038,748,1,1,2023
12067,120670805,8,Dolphins,home,2023-04-23T00:00:00Z,28,85,52,1369,1461,796,1192,1,0,2023
12067,120670904,9,Dolphins,away,2023-04-29T00:00:00Z,30,79,46,1512,1355,1394,761,2,2,2023
12445,124450108,1,Dolphins,home,2024-03-10T00:00:00Z,18,73,45,1096,1107,1579,1026,3,1,2024
12445,124450208,2,Dolphins,home,2024-03-17T00:00:00Z,38,90,52,1078,1044,934,1755,2,1,2024
12445,124450405,4,Dolphins,away,2024-03-30T00:00:00Z,30,79,53,1206,1139,995,1465,3,1,2024
12445,124450506,5,Dolphins,home,2024-04-06T00:00:00Z,26,86,49,1001,1160,1308,1338,4,2,2024
12445,124450603,6,Dolphins,away,2024-04-12T00:00:00Z,14,68,53,928,1250,1301,1348,5,1,2024
12445,124450703,7,Dolphins,away,2024-04-19T00:00:00Z,44,78,52,1099,1081,1178,1446,1,1,2024
12445,124450807,8,Dolphins,home,2024-04-28T00:00:00Z,14,73,47,1362,1223,1463,758,1,2,2024
12445,124450906,9,Dolphins,away,2024-05-04T00:00:00Z,28,83,51,862,898,1551,1516,3,0,2024
12755,127550105,1,Dolphins,away,2025-03-07T00:00:00Z,14,75,47,1043,1408,977,1379,1,0,2025
12755,127550201,2,Dolphins,away,2025-03-13T00:00:00Z,12,74,51,975,1264,1313,1264,1,2,2025
12755,127550305,3,Dolphins,home,2025-03-22T00:00:00Z,18,73,45,1174,1221,1392,1021,2,0,2025
12755,127550403,4,Dolphins,home,2025-03-28T00:00:00Z,12,80,50,1047,1288,1127,1345,1,1,2025
12755,127550505,5,Dolphins,away,2025-04-05T00:00:00Z,36,80,50,1158,984,905,1776,5,2,2025
12755,127550601,6,Dolphins,home,2025-04-10T00:00:00Z,30,80,48,1092,978,1704,1039,1,4,2025
12755,127550703,7,Dolphins,home,2025-04-18T00:00:00Z,42,85,53,1023,989,1176,1616,2,2,2025
12755,127550807,8,Dolphins,away,2025-04-27T00:00:00Z,28,77,47,1241,874,1779,912,7,3,2025
12755,127550902,9,Dolphins,away,2025-05-02T00:00:00Z,26,79,45,1095,1072,1681,963,1,2,2025
12999,129990108,1,Dolphins,home,2026-03-08T00:00:00Z,30,66,40,31,2312,29,2431,3,6,2026
12999,129990208,2,Dolphins,home,2026-03-15T00:00:00Z,18,77,49,1113,1188,1217,1324,4,1,2026
12999,129990305,3,Dolphins,away,2026-03-21T00:00:00Z,38,88,54,1348,1110,1017,1337,7,2,2026
12999,129990403,4,Dolphins,away,2026-03-27T00:00:00Z,12,74,50,1158,1448,738,1476,4,2,2026
12999,129990501,5,Dolphins,home,2026-04-02T00:00:00Z,18,67,36,2526,355,1585,339,4,1,2026
12999,129990703,7,Dolphins,home,2026-04-17T00:00:00Z,22,73,50,1284,1338,1250,1237,4,3,2026
12999,129990805,8,Dolphins,away,2026-04-25T00:00:00Z,18,76,47,1223,1236,1451,909,4,1,2026
12999,129990902,9,Dolphins,home,2026-05-01T00:00:00Z,28,73,56,1042,1165,816,1820,5,1,2026
12999,129991001,10,Dolphins,home,2026-05-07T00:00:00Z,44,85,56,1017,161,3004,628,3,1,2026
12999,129991102,11,Dolphins,away,2026-05-15T00:00:00Z,32,79,49,1044,1176,1025,1561,9,3,2026
12999,129991201,12,Dolphins,away,2026-05-21T09:50:00Z,30,80,53,882,1235,1180,1511,6,3,2026
9867,98670107,1,Gold Coast Titans,home,2016-03-06T00:00:00Z,30,74,55,1335,1770,571,1146,0,0,2016
9867,98670207,2,Gold Coast Titans,away,2016-03-13T00:00:00Z,16,76,52,1631,1408,996,792,0,2,2016
9867,98670305,3,Gold Coast Titans,home,2016-03-19T00:00:00Z,30,67,54,1631,1610,582,1017,0,1,2016
9867,98670403,4,Gold Coast Titans,away,2016-03-26T00:00:00Z,24,86,51,1262,1268,1326,944,0,1,2016
9867,98670502,5,Gold Coast Titans,home,2016-04-01T00:00:00Z,16,72,48,1643,1430,1084,680,0,3,2016
9867,98670606,6,Gold Coast Titans,away,2016-04-10T00:00:00Z,20,81,51,1567,1242,1038,953,0,0,2016
9867,98670703,7,Gold Coast Titans,home,2016-04-16T00:00:00Z,14,79,53,1529,1724,745,802,0,3,2016
9867,98670802,8,Gold Coast Titans,away,2016-04-23T00:00:00Z,20,80,49,1776,1722,868,683,0,2,2016
9867,98670907,9,Gold Coast Titans,home,2016-05-01T00:00:00Z,0,77,46,1301,1450,1494,564,0,1,2016
9868,98680101,1,Gold Coast Titans,away,2016-09-09T00:00:00Z,28,72,46,1453,1073,1358,946,0,2,2016
10095,100950106,1,Gold Coast Titans,home,2017-03-04T00:00:00Z,18,76,54,1815,1410,886,711,0,1,2017
10095,100950204,2,Gold Coast Titans,away,2017-03-11T00:00:00Z,26,64,52,1640,1157,1169,841,0,1,2017
10095,100950303,3,Gold Coast Titans,home,2017-03-17T00:00:00Z,26,81,52,1386,1446,946,1132,0,2,2017
10095,100950406,4,Gold Coast Titans,home,2017-03-25T00:00:00Z,26,78,52,1229,1628,1090,868,0,3,2017
10095,100950507,5,Gold Coast Titans,away,2017-04-02T00:00:00Z,22,82,45,1708,1345,1209,576,0,4,2017
10095,100950605,6,Gold Coast Titans,home,2017-04-08T00:00:00Z,16,65,43,1772,1310,1209,549,0,3,2017
10095,100950703,7,Gold Coast Titans,away,2017-04-14T00:00:00Z,22,84,54,1542,1438,1030,824,0,2,2017
10095,100950805,8,Gold Coast Titans,away,2017-04-22T00:00:00Z,16,79,46,1687,1493,1015,634,0,3,2017
10095,100950904,9,Gold Coast Titans,home,2017-04-29T00:00:00Z,38,82,60,1385,1518,647,1280,0,0,2017
10412,104120108,1,Gold Coast Titans,home,2018-03-11T00:00:00Z,30,78,57,1371,1462,702,1305,0,0,2018
10412,104120204,2,Gold Coast Titans,away,2018-03-17T00:00:00Z,8,70,49,1370,1656,844,938,0,2,2018
10412,104120307,3,Gold Coast Titans,home,2018-03-25T00:00:00Z,8,79,45,1765,1507,914,632,0,1,2018
10412,104120407,4,Gold Coast Titans,away,2018-04-01T00:00:00Z,26,74,50,1459,1336,930,1117,0,2,2018
10412,104120507,5,Gold Coast Titans,home,2018-04-08T00:00:00Z,32,84,52,1431,1612,877,902,0,1,2018
10412,104120607,6,Gold Coast Titans,away,2018-04-15T00:00:00Z,12,74,46,1401,1539,1130,735,0,1,2018
10412,104120706,7,Gold Coast Titans,away,2018-04-21T00:00:00Z,14,68,49,1434,1684,907,891,0,0,2018
10412,104120806,8,Gold Coast Titans,home,2018-04-28T00:00:00Z,8,71,45,1531,1418,983,876,0,2,2018
10412,104120904,9,Gold Coast Titans,away,2018-05-05T00:00:00Z,18,66,42,1291,1160,1510,858,0,0,2018
10684,106840108,1,Gold Coast Titans,home,2019-03-17T00:00:00Z,0,64,44,1404,1799,1047,615,0,4,2019
10684,106840204,2,Gold Coast Titans,away,2019-03-23T00:00:00Z,6,72,52,1387,1542,771,1233,0,2,2019
10684,106840308,3,Gold Coast Titans,away,2019-03-31T00:00:00Z,20,75,45,1487,1425,1068,859,0,4,2019
10684,106840402,4,Gold Coast Titans,away,2019-04-05T00:00:00Z,10,68,50,1391,1440,1047,936,0,1,2019
10684,106840502,5,Gold Coast Titans,home,2019-04-12T00:00:00Z,30,84,53,1294,1262,1173,1079,0,1,2019
10684,106840606,6,Gold Coast Titans,home,2019-04-21T00:00:00Z,38,89,50,1493,1475,904,1047,0,2,2019
10684,106840705,7,Gold Coast Titans,away,2019-04-27T00:00:00Z,14,78,47,1427,1370,903,1221,0,1,2019
10684,106840802,8,Gold Coast Titans,away,2019-05-03T00:00:00Z,14,66,45,1612,1363,1165,717,0,1,2019
10684,106840901,9,Gold Coast Titans,home,2019-05-09T00:00:00Z,18,76,40,1592,1647,766,849,0,3,2019
11095,110950102,1,Gold Coast Titans,away,2020-03-13T00:00:00Z,6,70,45,1379,1259,1194,984,0,1,2020
11095,110950208,2,Gold Coast Titans,home,2020-03-22T00:00:00Z,6,56,35,1674,1059,1813,270,0,1,2020
11095,110950302,3,Gold Coast Titans,away,2020-05-29T00:00:00Z,6,63,35,1488,1328,1434,571,0,6,2020
11095,110950407,4,Gold Coast Titans,home,2020-06-07T00:00:00Z,28,73,54,1221,938,1302,1373,0,2,2020
11095,110950504,5,Gold Coast Titans,away,2020-06-13T00:00:00Z,12,67,48,864,1267,1439,1314,0,2,2020
11095,110950604,6,Gold Coast Titans,home,2020-06-20T00:00:00Z,8,78,48,1342,1064,1374,1054,0,4,2020
11095,110950705,7,Gold Coast Titans,away,2020-06-27T00:00:00Z,30,87,51,1074,1214,1041,1511,0,0,2020
11095,110950804,8,Gold Coast Titans,home,2020-07-04T00:00:00Z,10,64,40,1158,1060,1907,704,0,1,2020
11095,110950902,9,Gold Coast Titans,home,2020-07-10T00:00:00Z,16,65,50,1132,1281,1157,1267,0,1,2020
11355,113550104,1,Gold Coast Titans,away,2021-03-13T00:00:00Z,6,73,50,1170,1175,1318,1176,5,2,2021
11355,113550203,2,Gold Coast Titans,home,2021-03-19T00:00:00Z,28,73,47,1122,1108,1318,1279,1,4,2021
11355,113550308,3,Gold Coast Titans,away,2021-03-28T00:00:00Z,44,70,53,1163,1152,1208,1308,1,0,2021
11355,113550405,4,Gold Coast Titans,home,2021-04-03T00:00:00Z,4,63,52,1471,1108,992,1249,5,0,2021
11355,113550504,5,Gold Coast Titans,home,2021-04-10T00:00:00Z,42,79,56,1423,1526,559,1319,3,1,2021
11355,113550604,6,Gold Coast Titans,away,2021-04-17T00:00:00Z,0,66,47,1420,1188,1219,983,3,0,2021
11355,113550702,7,Gold Coast Titans,home,2021-04-23T00:00:00Z,30,88,46,1660,1414,969,810,5,0,2021
11355,113550803,8,Gold Coast Titans,away,2021-04-30T00:00:00Z,28,90,48,1219,1478,975,1133,6,1,2021
11355,113550905,9,Gold Coast Titans,away,2021-05-08T00:00:00Z,36,74,50,1418,1276,1022,1140,9,1,2021
11356,113560102,1,Gold Coast Titans,away,2021-09-11T00:00:00Z,24,69,50,1752,1535,959,683,2,1,2021
11688,116880107,1,Gold Coast Titans,away,2022-03-13T00:00:00Z,28,81,46,1040,833,1857,1091,0,3,2022
11688,116880204,2,Gold Coast Titans,home,2022-03-19T00:00:00Z,20,71,51,1357,1171,1424,993,4,5,2022
11688,116880306,3,Gold Coast Titans,away,2022-03-26T00:00:00Z,22,83,51,1117,1159,1607,1024,0,2,2022
11688,116880401,4,Gold Coast Titans,home,2022-03-31T00:00:00Z,8,69,51,1337,1403,1105,960,2,1,2022
11688,116880506,5,Gold Coast Titans,home,2022-04-09T00:00:00Z,20,85,51,1471,1357,1075,932,3,2,2022
11688,116880604,6,Gold Coast Titans,away,2022-04-16T00:00:00Z,18,73,49,1083,1113,1731,905,5,4,2022
11688,116880703,7,Gold Coast Titans,away,2022-04-23T00:00:00Z,4,66,47,1106,1094,1467,1136,2,1,2022
11688,116880802,8,Gold Coast Titans,home,2022-04-29T00:00:00Z,4,71,53,1152,1269,1225,1170,1,2,2022
11688,116880905,9,Gold Coast Titans,away,2022-05-07T00:00:00Z,16,73,53,1046,1003,1699,1072,1,1,2022
12067,120670108,1,Gold Coast Titans,away,2023-03-05T00:00:00Z,22,73,49,1517,1451,1205,645,5,1,2023
12067,120670208,2,Gold Coast Titans,away,2023-03-12T00:00:00Z,18,74,44,1546,1717,974,599,3,3,2023
12067,120670304,3,Gold Coast Titans,home,2023-03-18T00:00:00Z,38,78,49,1047,1270,1183,1304,2,0,2023
12067,120670404,4,Gold Coast Titans,away,2023-03-25T00:00:00Z,12,76,50,1338,1176,1150,1158,2,2,2023
12067,120670606,6,Gold Coast Titans,home,2023-04-09T00:00:00Z,20,78,48,1605,1356,866,984,5,1,2023
12067,120670706,7,Gold Coast Titans,home,2023-04-15T00:00:00Z,26,81,47,1281,1389,1182,952,4,1,2023
12067,120670805,8,Gold Coast Titans,away,2023-04-23T00:00:00Z,26,84,48,1461,1369,1192,796,2,1,2023
12067,120670905,9,Gold Coast Titans,away,2023-04-29T00:00:00Z,26,77,50,1269,1502,937,1100,4,1,2023
12445,124450107,1,Gold Coast Titans,home,2024-03-09T00:00:00Z,4,84,48,892,938,1664,1308,5,3,2024
12445,124450304,3,Gold Coast Titans,away,2024-03-23T00:00:00Z,0,72,47,1486,936,1703,679,5,2,2024
12445,124450405,4,Gold Coast Titans,home,2024-03-30T00:00:00Z,14,74,47,1139,1206,1465,995,1,3,2024
12445,124450507,5,Gold Coast Titans,away,2024-04-07T00:00:00Z,22,85,45,1319,1056,1499,946,2,1,2024
12445,124450608,6,Gold Coast Titans,away,2024-04-14T00:00:00Z,20,77,43,1296,1287,2061,759,8,6,2024
12445,124450705,7,Gold Coast Titans,home,2024-04-20T00:00:00Z,30,77,48,1189,1030,1360,1225,2,0,2024
12445,124450801,8,Gold Coast Titans,away,2024-04-25T00:00:00Z,27,92,50,1130,1095,1617,960,3,2,2024
12445,124450905,9,Gold Coast Titans,home,2024-05-04T00:00:00Z,20,75,51,1026,995,1165,1621,2,1,2024
12755,127550208,2,Gold Coast Titans,away,2025-03-16T00:00:00Z,24,72,49,1162,1075,1699,886,3,2,2025
12755,127550306,3,Gold Coast Titans,home,2025-03-22T00:00:00Z,26,80,55,1248,1102,1267,1186,4,0,2025
12755,127550402,4,Gold Coast Titans,away,2025-03-28T00:00:00Z,30,83,53,1182,1295,1213,1126,1,2,2025
12755,127550505,5,Gold Coast Titans,home,2025-04-05T00:00:00Z,10,76,50,984,1158,1776,905,1,2,2025
12755,127550602,6,Gold Coast Titans,away,2025-04-11T00:00:00Z,16,72,49,1095,1075,1498,1158,3,0,2025
12755,127550706,7,Gold Coast Titans,home,2025-04-20T00:00:00Z,20,67,48,1086,1322,1337,1069,3,2,2025
12755,127550805,8,Gold Coast Titans,away,2025-04-26T00:00:00Z,18,85,47,985,1012,1749,1065,1,1,2025
12755,127550906,9,Gold Coast Titans,home,2025-05-04T00:00:00Z,18,83,48,1041,1083,1593,1085,4,1,2025
12999,129990106,1,Gold Coast Titans,away,2026-03-07T00:00:00Z,10,84,47,772,1019,1750,1259,2,2,2026
12999,129990208,2,Gold Coast Titans,away,2026-03-15T00:00:00Z,14,84,51,1188,1113,1324,1217,8,2,2026
12999,129990308,3,Gold Coast Titans,away,2026-03-22T00:00:00Z,16,75,43,1563,796,1708,749,4,4,2026
12999,129990408,4,Gold Coast Titans,home,2026-03-29T00:00:00Z,22,70,50,1199,1017,1346,1251,3,0,2026
12999,129990505,5,Gold Coast Titans,home,2026-04-04T00:00:00Z,12,80,52,986,1171,1331,1336,3,0,2026
12999,129990607,6,Gold Coast Titans,away,2026-04-12T00:00:00Z,52,76,53,1139,1730,907,1048,4,1,2026
12999,129990704,7,Gold Coast Titans,away,2026-04-18T00:00:00Z,20,74,51,1255,1023,1310,1230,4,2,2026
12999,129990903,9,Gold Coast Titans,home,2026-05-02T00:00:00Z,12,63,46,1250,1124,1463,979,3,0,2026
12999,129991002,10,Gold Coast Titans,away,2026-05-08T00:00:00Z,12,79,47,2051,990,309,1450,4,0,2026
12999,129991106,11,Gold Coast Titans,home,2026-05-17T00:00:00Z,12,67,50,1244,1204,1379,981,1,2,2026
12999,129991204,12,Gold Coast Titans,away,2026-05-23T09:30:00Z,10,69,47,1535,1000,1379,903,5,1,2026
9867,98670102,1,Manly-Warringah Sea Eagles,home,2016-03-04T00:00:00Z,6,72,46,1320,1513,1141,826,0,0,2016
9867,98670208,2,Manly-Warringah Sea Eagles,away,2016-03-14T00:00:00Z,22,76,45,1443,1586,975,829,0,1,2016
9867,98670308,3,Manly-Warringah Sea Eagles,home,2016-03-21T00:00:00Z,22,74,46,1543,1590,949,724,0,3,2016
9867,98670404,4,Manly-Warringah Sea Eagles,away,2016-03-26T00:00:00Z,22,81,49,1511,1290,1070,946,0,0,2016
9867,98670501,5,Manly-Warringah Sea Eagles,home,2016-03-31T00:00:00Z,12,71,55,1628,1440,683,1049,0,3,2016
9867,98670604,6,Manly-Warringah Sea Eagles,away,2016-04-09T00:00:00Z,34,79,54,1271,1584,862,1101,0,4,2016
9867,98670701,7,Manly-Warringah Sea Eagles,home,2016-04-14T00:00:00Z,10,78,50,1553,1479,869,910,0,0,2016
9867,98670806,8,Manly-Warringah Sea Eagles,away,2016-04-25T00:00:00Z,26,71,53,1462,1835,667,836,0,1,2016
9867,98670905,9,Manly-Warringah Sea Eagles,home,2016-04-30T00:00:00Z,18,71,44,1421,1586,980,837,0,3,2016
10095,100950108,1,Manly-Warringah Sea Eagles,home,2017-03-05T00:00:00Z,12,66,42,1643,1412,1258,502,0,7,2017
10095,100950205,2,Manly-Warringah Sea Eagles,home,2017-03-11T00:00:00Z,18,75,47,1226,1449,1377,786,0,3,2017
10095,100950306,3,Manly-Warringah Sea Eagles,away,2017-03-18T00:00:00Z,30,76,48,1626,1334,981,863,0,2,2017
10095,100950404,4,Manly-Warringah Sea Eagles,home,2017-03-25T00:00:00Z,36,83,56,1598,1492,406,1328,0,1,2017
10095,100950502,5,Manly-Warringah Sea Eagles,away,2017-03-31T00:00:00Z,18,79,53,1856,1694,523,791,0,1,2017
10095,100950604,6,Manly-Warringah Sea Eagles,home,2017-04-08T00:00:00Z,10,72,51,1624,1677,785,755,0,0,2017
10095,100950704,7,Manly-Warringah Sea Eagles,home,2017-04-15T00:00:00Z,26,79,52,1388,1336,1245,912,0,4,2017
10095,100950801,8,Manly-Warringah Sea Eagles,away,2017-04-21T00:00:00Z,20,89,51,1563,1855,652,1053,0,1,2017
10095,100950902,9,Manly-Warringah Sea Eagles,away,2017-04-28T00:00:00Z,46,78,61,1289,1236,620,1670,0,0,2017
10096,100960103,1,Manly-Warringah Sea Eagles,home,2017-09-09T00:00:00Z,10,76,49,1438,1541,1084,745,0,2,2017
10412,104120102,1,Manly-Warringah Sea Eagles,away,2018-03-09T00:00:00Z,18,66,48,1677,1495,1103,1070,0,2,2018
10412,104120207,2,Manly-Warringah Sea Eagles,home,2018-03-18T00:00:00Z,54,90,61,1632,1179,650,1364,0,3,2018
10412,104120305,3,Manly-Warringah Sea Eagles,away,2018-03-24T00:00:00Z,6,77,48,1612,1492,1142,577,0,1,2018
10412,104120405,4,Manly-Warringah Sea Eagles,home,2018-03-31T00:00:00Z,32,65,55,1542,1427,673,1202,0,1,2018
10412,104120507,5,Manly-Warringah Sea Eagles,away,2018-04-08T00:00:00Z,20,71,48,1612,1431,902,877,0,1,2018
10412,104120608,6,Manly-Warringah Sea Eagles,home,2018-04-15T00:00:00Z,12,64,43,1444,1214,1439,709,0,5,2018
10412,104120707,7,Manly-Warringah Sea Eagles,away,2018-04-22T00:00:00Z,10,52,42,1359,1219,1747,488,0,5,2018
10412,104120804,8,Manly-Warringah Sea Eagles,home,2018-04-27T00:00:00Z,12,76,54,1386,1393,914,1150,0,1,2018
10412,104120908,9,Manly-Warringah Sea Eagles,away,2018-05-06T00:00:00Z,20,70,56,1270,1076,1029,1438,0,3,2018
10684,106840105,1,Manly-Warringah Sea Eagles,away,2019-03-16T00:00:00Z,6,70,48,1643,1309,1280,572,0,6,2019
10684,106840206,2,Manly-Warringah Sea Eagles,home,2019-03-23T00:00:00Z,18,77,50,1265,1272,1125,1156,0,3,2019
10684,106840304,3,Manly-Warringah Sea Eagles,home,2019-03-30T00:00:00Z,46,83,55,1106,1275,1037,1404,0,3,2019
10684,106840404,4,Manly-Warringah Sea Eagles,home,2019-04-06T00:00:00Z,12,59,48,1659,1289,1254,890,0,1,2019
10684,106840505,5,Manly-Warringah Sea Eagles,away,2019-04-13T00:00:00Z,26,76,55,1566,1702,757,793,0,0,2019
10684,106840605,6,Manly-Warringah Sea Eagles,away,2019-04-20T00:00:00Z,10,79,55,1336,1520,1182,788,0,2,2019
10684,106840707,7,Manly-Warringah Sea Eagles,home,2019-04-28T00:00:00Z,24,85,57,1499,1624,826,863,0,2,2019
10684,106840805,8,Manly-Warringah Sea Eagles,home,2019-05-04T00:00:00Z,18,80,56,1482,1436,860,1034,0,1,2019
10684,106840903,9,Manly-Warringah Sea Eagles,home,2019-05-10T00:00:00Z,10,73,49,1667,1523,963,657,0,3,2019
10685,106850103,1,Manly-Warringah Sea Eagles,home,2019-09-14T00:00:00Z,28,79,56,1497,1607,706,1054,0,3,2019
10685,106850201,2,Manly-Warringah Sea Eagles,away,2019-09-20T00:00:00Z,26,81,48,1072,1265,1190,1319,0,0,2019
11095,110950107,1,Manly-Warringah Sea Eagles,home,2020-03-15T00:00:00Z,4,65,49,1527,1573,1045,660,0,5,2020
11095,110950205,2,Manly-Warringah Sea Eagles,away,2020-03-21T00:00:00Z,8,86,53,1622,1316,1263,610,0,2,2020
11095,110950308,3,Manly-Warringah Sea Eagles,home,2020-05-31T00:00:00Z,32,74,56,1571,1376,686,1188,0,2,2020
11095,110950404,4,Manly-Warringah Sea Eagles,away,2020-06-06T00:00:00Z,16,78,52,1094,1182,1447,1109,0,3,2020
11095,110950501,5,Manly-Warringah Sea Eagles,home,2020-06-11T00:00:00Z,20,83,54,929,1275,1309,1392,0,0,2020
11095,110950607,6,Manly-Warringah Sea Eagles,away,2020-06-21T00:00:00Z,14,88,58,1292,1130,1185,1221,0,0,2020
11095,110950707,7,Manly-Warringah Sea Eagles,home,2020-06-28T00:00:00Z,22,78,52,1144,924,1484,1267,0,3,2020
11095,110950807,8,Manly-Warringah Sea Eagles,home,2020-07-05T00:00:00Z,12,84,54,1059,1194,1288,1281,0,3,2020
11095,110950908,9,Manly-Warringah Sea Eagles,away,2020-07-12T00:00:00Z,4,63,51,1231,1014,1766,838,0,5,2020
11355,113550105,1,Manly-Warringah Sea Eagles,away,2021-03-13T00:00:00Z,4,71,50,1163,1241,1714,764,2,1,2021
11355,113550205,2,Manly-Warringah Sea Eagles,home,2021-03-20T00:00:00Z,12,65,51,1175,1101,1541,1153,2,2,2021
11355,113550302,3,Manly-Warringah Sea Eagles,away,2021-03-26T00:00:00Z,12,66,49,1296,1307,1168,1044,2,0,2021
11355,113550401,4,Manly-Warringah Sea Eagles,home,2021-04-01T00:00:00Z,6,83,50,1193,929,1604,1081,4,0,2021
11355,113550502,5,Manly-Warringah Sea Eagles,away,2021-04-09T00:00:00Z,13,66,49,1640,1568,1009,612,4,3,2021
11355,113550604,6,Manly-Warringah Sea Eagles,home,2021-04-17T00:00:00Z,36,80,53,1188,1420,983,1219,6,2,2021
11355,113550706,7,Manly-Warringah Sea Eagles,away,2021-04-25T00:00:00Z,40,74,52,1403,1171,974,1276,7,1,2021
11355,113550804,8,Manly-Warringah Sea Eagles,away,2021-05-01T00:00:00Z,16,79,53,1463,1366,1107,883,4,1,2021
11355,113550907,9,Manly-Warringah Sea Eagles,home,2021-05-09T00:00:00Z,38,71,53,1557,1958,706,612,2,1,2021
11356,113560101,1,Manly-Warringah Sea Eagles,away,2021-09-10T00:00:00Z,12,71,42,1544,1416,1128,788,1,2,2021
11356,113560201,2,Manly-Warringah Sea Eagles,home,2021-09-17T00:00:00Z,42,79,57,1568,1391,695,1239,4,3,2021
11356,113560301,3,Manly-Warringah Sea Eagles,away,2021-09-24T00:00:00Z,16,67,47,1601,1271,1436,558,4,3,2021
11688,116880101,1,Manly-Warringah Sea Eagles,away,2022-03-10T00:00:00Z,6,82,47,1833,1452,1045,579,7,1,2022
11688,116880203,2,Manly-Warringah Sea Eagles,away,2022-03-18T00:00:00Z,12,82,48,1022,1042,1547,1244,2,5,2022
11688,116880308,3,Manly-Warringah Sea Eagles,home,2022-03-27T00:00:00Z,13,71,52,1552,1615,769,890,2,1,2022
11688,116880405,4,Manly-Warringah Sea Eagles,home,2022-04-02T00:00:00Z,25,75,57,1203,1055,1060,1498,2,1,2022
11688,116880501,5,Manly-Warringah Sea Eagles,away,2022-04-07T00:00:00Z,30,79,54,1397,1419,1010,981,6,0,2022
11688,116880604,6,Manly-Warringah Sea Eagles,home,2022-04-16T00:00:00Z,26,81,51,1113,1083,905,1731,6,3,2022
11688,116880701,7,Manly-Warringah Sea Eagles,away,2022-04-21T00:00:00Z,22,75,52,1823,1404,862,751,3,1,2022
11688,116880803,8,Manly-Warringah Sea Eagles,away,2022-04-29T00:00:00Z,22,83,50,1402,1401,1069,936,3,0,2022
11688,116880904,9,Manly-Warringah Sea Eagles,home,2022-05-07T00:00:00Z,36,85,52,1029,651,2287,842,7,3,2022
12067,120670104,1,Manly-Warringah Sea Eagles,home,2023-03-04T00:00:00Z,31,77,56,1241,1858,846,860,4,2,2023
12067,120670301,3,Manly-Warringah Sea Eagles,home,2023-03-16T00:00:00Z,34,68,51,1509,1134,1149,1032,0,0,2023
12067,120670405,4,Manly-Warringah Sea Eagles,away,2023-03-25T00:00:00Z,12,76,53,1468,1582,1025,877,2,1,2023
12067,120670504,5,Manly-Warringah Sea Eagles,home,2023-04-01T00:00:00Z,32,88,53,1352,1838,1161,1063,2,2,2023
12067,120670604,6,Manly-Warringah Sea Eagles,away,2023-04-08T00:00:00Z,12,73,47,1633,1415,1064,705,5,4,2023
12067,120670703,7,Manly-Warringah Sea Eagles,home,2023-04-14T00:00:00Z,18,80,53,1196,1602,608,1396,3,1,2023
12067,120670806,8,Manly-Warringah Sea Eagles,away,2023-04-23T00:00:00Z,22,71,43,1547,1596,854,831,4,3,2023
12067,120670905,9,Manly-Warringah Sea Eagles,home,2023-04-29T00:00:00Z,10,79,50,1502,1269,1100,937,1,1,2023
12445,124450101,1,Manly-Warringah Sea Eagles,home,2024-03-03T00:00:00Z,36,73,49,1097,1020,1033,1655,3,0,2024
12445,124450207,2,Manly-Warringah Sea Eagles,home,2024-03-17T00:00:00Z,21,73,59,859,1265,856,1833,2,0,2024
12445,124450307,3,Manly-Warringah Sea Eagles,away,2024-03-24T00:00:00Z,24,64,48,1225,736,1554,1299,3,1,2024
12445,124450404,4,Manly-Warringah Sea Eagles,away,2024-03-30T00:00:00Z,12,64,52,1113,1373,1059,1259,4,1,2024
12445,124450505,5,Manly-Warringah Sea Eagles,home,2024-04-06T00:00:00Z,32,84,53,1098,1057,1130,1556,4,2,2024
12445,124450604,6,Manly-Warringah Sea Eagles,away,2024-04-13T00:00:00Z,22,84,54,1575,1413,1224,1293,3,2,2024
12445,124450705,7,Manly-Warringah Sea Eagles,away,2024-04-20T00:00:00Z,34,74,52,1030,1189,1225,1360,2,0,2024
12445,124450804,8,Manly-Warringah Sea Eagles,home,2024-04-26T00:00:00Z,32,75,55,989,1335,1028,1452,2,0,2024
12445,124450902,9,Manly-Warringah Sea Eagles,home,2024-05-03T00:00:00Z,24,77,49,1033,1173,1278,1382,7,1,2024
12446,124460104,1,Manly-Warringah Sea Eagles,away,2024-09-15T00:00:00Z,24,78,53,1129,1309,1302,1082,1,3,2024
12446,124460202,2,Manly-Warringah Sea Eagles,away,2024-09-21T00:00:00Z,16,63,46,1340,1030,1699,733,2,0,2024
12755,127550107,1,Manly-Warringah Sea Eagles,home,2025-03-08T00:00:00Z,42,82,57,1189,1054,964,1602,1,0,2025
12755,127550202,2,Manly-Warringah Sea Eagles,away,2025-03-14T00:00:00Z,16,74,47,1284,933,1739,857,11,1,2025
12755,127550308,3,Manly-Warringah Sea Eagles,home,2025-03-23T00:00:00Z,40,87,65,943,962,832,2067,1,1,2025
12755,127550407,4,Manly-Warringah Sea Eagles,home,2025-03-30T00:00:00Z,26,81,55,1275,929,899,1722,2,0,2025
12755,127550507,5,Manly-Warringah Sea Eagles,home,2025-04-06T00:00:00Z,24,81,46,690,582,2270,1367,4,0,2025
12755,127550604,6,Manly-Warringah Sea Eagles,away,2025-04-12T00:00:00Z,18,84,47,1037,1323,1208,1234,1,2,2025
12755,127550701,7,Manly-Warringah Sea Eagles,home,2025-04-17T00:00:00Z,18,71,53,1420,1454,1013,913,2,1,2025
12755,127550806,8,Manly-Warringah Sea Eagles,away,2025-04-26T00:00:00Z,26,90,51,1572,956,922,1355,3,3,2025
12999,129990107,1,Manly-Warringah Sea Eagles,home,2026-03-07T00:00:00Z,28,83,50,795,2224,1032,871,5,2,2026
12999,129990207,2,Manly-Warringah Sea Eagles,home,2026-03-15T00:00:00Z,16,73,45,1085,1146,1692,885,7,2,2026
12999,129990401,4,Manly-Warringah Sea Eagles,home,2026-03-26T00:00:00Z,16,71,43,1104,959,2237,506,6,3,2026
12999,129990501,5,Manly-Warringah Sea Eagles,away,2026-04-02T00:00:00Z,52,89,64,355,2526,339,1585,3,0,2026
12999,129990602,6,Manly-Warringah Sea Eagles,away,2026-04-10T00:00:00Z,28,73,52,837,767,1076,2120,4,0,2026
12999,129990701,7,Manly-Warringah Sea Eagles,away,2026-04-16T00:00:00Z,38,79,58,1211,1143,864,1594,2,2,2026
12999,129990808,8,Manly-Warringah Sea Eagles,home,2026-04-26T00:00:00Z,33,80,53,1759,2581,292,168,5,0,2026
12999,129990908,9,Manly-Warringah Sea Eagles,away,2026-05-03T00:00:00Z,16,74,49,1504,1332,1236,773,5,0,2026
12999,129991006,10,Manly-Warringah Sea Eagles,home,2026-05-09T00:00:00Z,32,76,59,1066,1183,586,1976,2,2,2026
12999,129991103,11,Manly-Warringah Sea Eagles,away,2026-05-16T00:00:00Z,46,73,52,924,1386,989,1506,3,2,2026
12999,129991204,12,Manly-Warringah Sea Eagles,home,2026-05-23T09:30:00Z,12,84,53,1000,1535,903,1379,5,1,2026
9867,98670108,1,Melbourne Storm,home,2016-03-07T00:00:00Z,18,79,47,1373,1537,873,1022,0,4,2016
9867,98670207,2,Melbourne Storm,home,2016-03-13T00:00:00Z,34,76,48,1408,1631,792,996,0,2,2016
9867,98670306,3,Melbourne Storm,away,2016-03-20T00:00:00Z,20,86,50,1270,1385,969,1176,0,1,2016
9867,98670408,4,Melbourne Storm,away,2016-03-28T00:00:00Z,6,72,45,1508,1439,1215,649,0,4,2016
9867,98670503,5,Melbourne Storm,home,2016-04-02T00:00:00Z,18,76,51,1232,1553,838,1192,0,1,2016
9867,98670608,6,Melbourne Storm,home,2016-04-11T00:00:00Z,12,76,48,1307,1651,716,1160,0,1,2016
9867,98670707,7,Melbourne Storm,away,2016-04-17T00:00:00Z,18,76,49,1505,1828,981,781,0,0,2016
9867,98670808,8,Melbourne Storm,home,2016-04-25T00:00:00Z,42,81,55,1535,1425,654,1186,0,2,2016
9867,98670907,9,Melbourne Storm,away,2016-05-01T00:00:00Z,38,85,54,1450,1301,564,1494,0,1,2016
9868,98680103,1,Melbourne Storm,home,2016-09-10T00:00:00Z,16,92,49,1323,1486,785,1212,0,4,2016
9868,98680302,3,Melbourne Storm,home,2016-09-24T00:00:00Z,14,84,53,1513,1433,628,1244,0,0,2016
9868,98680401,4,Melbourne Storm,home,2016-10-02T00:00:00Z,12,91,42,1500,1322,1210,800,0,5,2016
10095,100950102,1,Melbourne Storm,away,2017-03-03T00:00:00Z,12,74,48,1590,1666,697,870,0,1,2017
10095,100950202,2,Melbourne Storm,away,2017-03-10T00:00:00Z,26,78,49,1434,1656,687,1030,0,1,2017
10095,100950301,3,Melbourne Storm,home,2017-03-16T00:00:00Z,14,72,51,1368,1815,506,1140,0,1,2017
10095,100950407,4,Melbourne Storm,away,2017-03-26T00:00:00Z,22,67,44,1508,1321,1071,928,0,1,2017
10095,100950506,5,Melbourne Storm,home,2017-04-01T00:00:00Z,28,75,45,1534,1542,1023,772,0,1,2017
10095,100950608,6,Melbourne Storm,home,2017-04-09T00:00:00Z,2,63,45,1682,1740,933,460,0,5,2017
10095,100950704,7,Melbourne Storm,away,2017-04-15T00:00:00Z,30,91,48,1336,1388,912,1245,0,0,2017
10095,100950808,8,Melbourne Storm,home,2017-04-25T00:00:00Z,20,87,50,1467,1614,640,1101,0,1,2017
10095,100950908,9,Melbourne Storm,away,2017-04-30T00:00:00Z,34,78,44,1391,1398,993,1058,0,2,2017
10096,100960102,1,Melbourne Storm,home,2017-09-09T00:00:00Z,18,74,52,1556,1569,722,962,0,0,2017
10096,100960301,3,Melbourne Storm,home,2017-09-22T00:00:00Z,30,83,48,1624,1536,806,833,0,0,2017
10096,100960401,4,Melbourne Storm,home,2017-10-01T00:00:00Z,34,87,49,1504,1429,799,1093,0,0,2017
10412,104120106,1,Melbourne Storm,away,2018-03-10T00:00:00Z,36,74,49,1550,1570,758,928,0,1,2018
10412,104120206,2,Melbourne Storm,home,2018-03-17T00:00:00Z,8,72,51,1504,1427,1000,884,0,4,2018
10412,104120301,3,Melbourne Storm,home,2018-03-22T00:00:00Z,30,72,43,1194,1507,1159,995,0,1,2018
10412,104120403,4,Melbourne Storm,away,2018-03-30T00:00:00Z,4,67,47,1629,1705,610,886,0,0,2018
10412,104120504,5,Melbourne Storm,away,2018-04-07T00:00:00Z,10,65,46,1517,1601,711,987,0,4,2018
10412,104120602,6,Melbourne Storm,home,2018-04-13T00:00:00Z,40,86,56,1319,1544,776,1172,0,0,2018
10412,104120703,7,Melbourne Storm,away,2018-04-20T00:00:00Z,34,77,46,1722,1483,820,803,0,0,2018
10412,104120802,8,Melbourne Storm,home,2018-04-25T00:00:00Z,50,85,51,1435,1305,823,1267,0,2,2018
10412,104120907,9,Melbourne Storm,away,2018-05-06T00:00:00Z,14,56,43,1590,1550,727,963,0,4,2018
10413,104130101,1,Melbourne Storm,home,2018-09-07T00:00:00Z,28,85,45,1405,1484,998,931,0,3,2018
10413,104130301,3,Melbourne Storm,home,2018-09-21T00:00:00Z,22,76,48,1355,1269,1029,1160,0,1,2018
10413,104130401,4,Melbourne Storm,away,2018-09-30T00:00:00Z,6,68,43,1431,1288,1238,880,0,1,2018
10684,106840101,1,Melbourne Storm,home,2019-03-14T00:00:00Z,22,79,53,1463,1511,667,1207,0,0,2019
10684,106840202,2,Melbourne Storm,away,2019-03-22T00:00:00Z,22,70,50,1589,1542,788,889,0,1,2019
10684,106840306,3,Melbourne Storm,away,2019-03-30T00:00:00Z,32,68,52,1480,1493,848,1006,0,3,2019
10684,106840407,4,Melbourne Storm,home,2019-04-07T00:00:00Z,18,83,51,1750,1614,578,873,0,1,2019
10684,106840503,5,Melbourne Storm,away,2019-04-12T00:00:00Z,18,68,46,1266,1748,876,945,0,1,2019
10684,106840603,6,Melbourne Storm,home,2019-04-19T00:00:00Z,20,76,51,1468,1604,595,1246,0,1,2019
10684,106840702,7,Melbourne Storm,home,2019-04-25T00:00:00Z,12,81,54,1304,1683,878,957,0,2,2019
10684,106840803,8,Melbourne Storm,away,2019-05-03T00:00:00Z,18,77,43,1424,1363,1224,831,0,3,2019
10684,106840906,9,Melbourne Storm,home,2019-05-11T00:00:00Z,64,82,53,1353,1442,614,1405,0,0,2019
10685,106850102,1,Melbourne Storm,home,2019-09-14T00:00:00Z,10,71,47,1664,1461,835,968,0,3,2019
10685,106850202,2,Melbourne Storm,home,2019-09-21T00:00:00Z,32,83,54,1536,1328,861,1110,0,2,2019
10685,106850302,3,Melbourne Storm,away,2019-09-28T00:00:00Z,6,79,50,1428,1360,1020,998,0,0,2019
11095,110950107,1,Melbourne Storm,away,2020-03-15T00:00:00Z,18,73,51,1573,1527,660,1045,0,0,2020
11095,110950206,2,Melbourne Storm,away,2020-03-21T00:00:00Z,12,69,50,1351,1515,1223,758,0,1,2020
11095,110950306,3,Melbourne Storm,home,2020-05-30T00:00:00Z,6,69,49,1101,1539,919,1296,0,2,2020
11095,110950403,4,Melbourne Storm,home,2020-06-05T00:00:00Z,22,73,54,1190,1203,1097,1326,0,3,2020
11095,110950505,5,Melbourne Storm,away,2020-06-13T00:00:00Z,26,90,55,1073,1145,1009,1582,0,1,2020
11095,110950603,6,Melbourne Storm,away,2020-06-19T00:00:00Z,14,80,50,1363,1095,1174,1180,0,3,2020
11095,110950702,7,Melbourne Storm,home,2020-06-26T00:00:00Z,50,79,50,1707,865,1096,1160,0,2,2020
11095,110950801,8,Melbourne Storm,home,2020-07-02T00:00:00Z,26,79,54,1402,1176,1054,1518,0,0,2020
11095,110950906,9,Melbourne Storm,away,2020-07-11T00:00:00Z,20,67,45,1337,881,1201,1405,0,3,2020
11096,110960103,1,Melbourne Storm,home,2020-10-03T00:00:00Z,36,70,54,1224,777,1275,1556,0,0,2020
11096,110960301,3,Melbourne Storm,home,2020-10-16T00:00:00Z,30,84,50,1179,956,1386,1296,0,4,2020
11096,110960401,4,Melbourne Storm,away,2020-10-25T00:00:00Z,26,78,51,1152,1372,977,1365,0,1,2020
11355,113550101,1,Melbourne Storm,home,2021-03-11T00:00:00Z,26,78,52,1276,1097,1089,1361,5,0,2021
11355,113550201,2,Melbourne Storm,away,2021-03-18T00:00:00Z,12,81,53,1234,1345,1024,1229,5,1,2021
11355,113550301,3,Melbourne Storm,away,2021-03-25T00:00:00Z,10,74,52,1360,1415,958,1129,5,3,2021
11355,113550403,4,Melbourne Storm,home,2021-04-02T00:00:00Z,40,76,55,1011,1344,654,1819,2,0,2021
11355,113550505,5,Melbourne Storm,away,2021-04-10T00:00:00Z,52,81,48,1546,1457,749,1086,6,1,2021
11355,113550603,6,Melbourne Storm,home,2021-04-16T00:00:00Z,20,70,51,1380,1691,556,1230,4,0,2021
11355,113550708,7,Melbourne Storm,home,2021-04-25T00:00:00Z,42,71,48,1757,1299,675,1083,6,0,2021
11355,113550802,8,Melbourne Storm,home,2021-04-30T00:00:00Z,40,77,53,1674,1537,719,883,6,3,2021
11355,113550901,9,Melbourne Storm,away,2021-05-06T00:00:00Z,50,93,57,1254,1420,718,1440,4,3,2021
11356,113560101,1,Melbourne Storm,home,2021-09-10T00:00:00Z,40,97,58,1416,1544,788,1128,1,2,2021
11356,113560302,3,Melbourne Storm,home,2021-09-25T00:00:00Z,6,72,51,1671,1501,869,789,4,0,2021
11688,116880106,1,Melbourne Storm,away,2022-03-12T00:00:00Z,26,76,48,1630,1462,1091,655,2,1,2022
11688,116880201,2,Melbourne Storm,home,2022-03-17T00:00:00Z,15,70,46,1555,1604,1043,832,2,0,2022
11688,116880305,3,Melbourne Storm,home,2022-03-26T00:00:00Z,24,66,52,1788,1448,829,924,4,0,2022
11688,116880407,4,Melbourne Storm,home,2022-04-03T00:00:00Z,44,78,50,1125,1235,1277,1184,4,3,2022
11688,116880504,5,Melbourne Storm,away,2022-04-09T00:00:00Z,30,78,55,1402,1492,1069,874,2,1,2022
11688,116880605,6,Melbourne Storm,home,2022-04-16T00:00:00Z,34,78,55,1648,1549,853,894,1,0,2022
11688,116880708,7,Melbourne Storm,home,2022-04-25T00:00:00Z,70,88,65,1193,1208,459,2021,0,1,2022
11688,116880807,8,Melbourne Storm,away,2022-05-01T00:00:00Z,50,84,64,1117,1270,515,1910,2,0,2022
11688,116880907,9,Melbourne Storm,home,2022-05-08T00:00:00Z,42,82,55,1101,1236,687,1776,1,0,2022
11689,116890102,1,Melbourne Storm,home,2022-09-10T00:00:00Z,20,74,51,1397,1435,1039,931,2,2,2022
12067,120670101,1,Melbourne Storm,away,2023-03-02T00:00:00Z,16,76,46,1835,1608,804,767,3,1,2023
12067,120670206,2,Melbourne Storm,home,2023-03-11T00:00:00Z,12,79,49,1248,1597,1065,903,2,1,2023
12067,120670304,3,Melbourne Storm,away,2023-03-18T00:00:00Z,34,61,51,1270,1047,1304,1183,3,0,2023
12067,120670402,4,Melbourne Storm,home,2023-03-24T00:00:00Z,24,83,53,1595,1483,704,1038,4,0,2023
12067,120670503,5,Melbourne Storm,away,2023-03-31T00:00:00Z,18,85,46,1532,1408,1184,694,7,0,2023
12067,120670601,6,Melbourne Storm,home,2023-04-06T00:00:00Z,28,93,59,1408,1445,493,1466,2,1,2023
12067,120670703,7,Melbourne Storm,away,2023-04-14T00:00:00Z,8,74,47,1602,1196,1396,608,1,5,2023
12067,120670808,8,Melbourne Storm,home,2023-04-25T00:00:00Z,30,81,51,1233,1383,907,1279,3,2,2023
12068,120680101,1,Melbourne Storm,away,2023-09-08T00:00:00Z,0,71,46,1458,1355,1139,860,3,2,2023
12068,120680201,2,Melbourne Storm,home,2023-09-15T00:00:00Z,18,80,53,1505,1347,975,980,4,1,2023
12068,120680301,3,Melbourne Storm,away,2023-09-22T00:00:00Z,4,66,44,1747,1437,952,668,4,3,2023
12445,124450105,1,Melbourne Storm,home,2024-03-08T00:00:00Z,8,63,51,1336,1133,1485,848,4,4,2024
12445,124450206,2,Melbourne Storm,home,2024-03-16T00:00:00Z,30,83,52,1031,1139,1572,1062,3,0,2024
12445,124450308,3,Melbourne Storm,away,2024-03-24T00:00:00Z,12,68,50,1426,1449,1020,908,1,1,2024
12445,124450501,5,Melbourne Storm,home,2024-04-04T00:00:00Z,34,86,52,965,1132,1247,1462,2,0,2024
12445,124450602,6,Melbourne Storm,home,2024-04-12T00:00:00Z,16,83,51,1046,1436,1210,1114,1,3,2024
12445,124450701,7,Melbourne Storm,away,2024-04-18T00:00:00Z,18,74,53,1368,1159,1205,1073,1,2,2024
12445,124450803,8,Melbourne Storm,home,2024-04-25T00:00:00Z,54,87,51,1086,898,1198,1623,5,2,2024
12445,124450905,9,Melbourne Storm,away,2024-05-04T00:00:00Z,22,78,49,995,1026,1621,1165,4,1,2024
12446,124460102,1,Melbourne Storm,home,2024-09-14T00:00:00Z,37,91,63,1045,1237,588,1934,1,0,2024
12446,124460301,3,Melbourne Storm,home,2024-09-27T00:00:00Z,48,90,54,1048,978,1090,1686,2,0,2024
12446,124460401,4,Melbourne Storm,home,2024-10-06T00:00:00Z,6,76,48,1298,1246,1345,913,2,1,2024
12755,127550108,1,Melbourne Storm,home,2025-03-09T00:00:00Z,56,71,50,1153,876,1285,1490,5,2,2025
12755,127550301,3,Melbourne Storm,home,2025-03-20T00:00:00Z,30,74,52,1260,1319,1388,840,6,3,2025
12755,127550404,4,Melbourne Storm,away,2025-03-29T00:00:00Z,8,71,53,1001,975,1316,1532,5,1,2025
12755,127550507,5,Melbourne Storm,away,2025-04-06T00:00:00Z,48,77,54,582,690,1367,2270,4,0,2025
12755,127550607,6,Melbourne Storm,home,2025-04-13T00:00:00Z,42,74,53,1297,776,1314,1421,2,2,2025
12755,127550703,7,Melbourne Storm,away,2025-04-18T00:00:00Z,22,61,47,989,1023,1616,1176,4,1,2025
12755,127550804,8,Melbourne Storm,home,2025-04-25T00:00:00Z,24,72,54,1112,1193,962,1538,5,0,2025
12755,127550908,9,Melbourne Storm,home,2025-05-04T00:00:00Z,18,78,50,1337,1127,1290,1353,1,2,2025
12756,127560101,1,Melbourne Storm,home,2025-09-12T00:00:00Z,26,86,54,1121,1229,1110,1372,4,0,2025
12756,127560301,3,Melbourne Storm,home,2025-09-26T00:00:00Z,22,85,54,1328,1021,954,1501,2,0,2025
12756,127560401,4,Melbourne Storm,home,2025-10-05T00:00:00Z,22,77,47,1061,1086,1383,1275,5,2,2025
12999,129990103,1,Melbourne Storm,home,2026-03-05T00:00:00Z,52,87,59,871,2102,691,1140,5,0,2026
12999,129990205,2,Melbourne Storm,away,2026-03-14T00:00:00Z,46,88,49,867,1392,1173,1378,8,1,2026
12999,129990303,3,Melbourne Storm,home,2026-03-20T00:00:00Z,14,74,48,1002,2219,709,898,6,2,2026
12999,129990406,4,Melbourne Storm,away,2026-03-28T00:00:00Z,24,85,49,1604,2573,455,176,3,2,2026
12999,129990503,5,Melbourne Storm,away,2026-04-03T00:00:00Z,10,89,45,1125,1130,1571,978,5,3,2026
12999,129990606,6,Melbourne Storm,home,2026-04-11T00:00:00Z,14,79,44,1065,1043,1617,1077,7,0,2026
12999,129990702,7,Melbourne Storm,away,2026-04-17T00:00:00Z,22,64,47,1256,1065,1380,1117,4,2,2026
12999,129990806,8,Melbourne Storm,home,2026-04-25T00:00:00Z,6,69,43,1989,2643,30,138,5,2,2026
12999,129990902,9,Melbourne Storm,away,2026-05-01T00:00:00Z,10,78,44,1165,1042,1820,816,5,3,2026
12999,129991007,10,Melbourne Storm,home,2026-05-10T00:00:00Z,44,90,51,700,594,665,2856,5,1,2026
12999,129991105,11,Melbourne Storm,away,2026-05-16T00:00:00Z,34,69,52,1128,1141,1204,1338,4,0,2026
12999,129991202,12,Melbourne Storm,away,2026-05-22T10:00:00Z,20,78,48,1143,1210,1556,906,5,2,2026
9867,98670107,1,Newcastle Knights,away,2016-03-06T00:00:00Z,12,70,45,1770,1335,1146,571,0,1,2016
9867,98670204,2,Newcastle Knights,away,2016-03-12T00:00:00Z,6,63,47,1581,1457,1156,632,0,2,2016
9867,98670303,3,Newcastle Knights,home,2016-03-19T00:00:00Z,24,69,52,1481,1791,971,1227,0,2,2016
9867,98670406,4,Newcastle Knights,away,2016-03-28T00:00:00Z,18,83,41,1447,1188,1482,683,0,1,2016
9867,98670503,5,Newcastle Knights,away,2016-04-02T00:00:00Z,14,83,49,1553,1232,1192,838,0,2,2016
9867,98670607,6,Newcastle Knights,home,2016-04-10T00:00:00Z,18,70,49,1361,1633,735,1103,0,3,2016
9867,98670705,7,Newcastle Knights,away,2016-04-16T00:00:00Z,0,68,41,1627,1605,1264,341,0,1,2016
9867,98670806,8,Newcastle Knights,home,2016-04-25T00:00:00Z,10,64,47,1835,1462,836,667,0,1,2016
9867,98670904,9,Newcastle Knights,away,2016-04-30T00:00:00Z,0,77,46,1459,1425,1383,546,0,2,2016
10095,100950107,1,Newcastle Knights,away,2017-03-05T00:00:00Z,22,70,47,1723,1408,913,803,0,4,2017
10095,100950204,2,Newcastle Knights,home,2017-03-11T00:00:00Z,34,82,48,1157,1640,841,1169,0,0,2017
10095,100950304,3,Newcastle Knights,home,2017-03-18T00:00:00Z,18,62,47,1827,1304,872,810,0,2,2017
10095,100950402,4,Newcastle Knights,away,2017-03-24T00:00:00Z,0,71,37,1647,1467,1111,590,0,2,2017
10095,100950504,5,Newcastle Knights,away,2017-04-01T00:00:00Z,18,78,43,1673,1513,943,700,0,4,2017
10095,100950602,6,Newcastle Knights,home,2017-04-07T00:00:00Z,12,69,46,1586,1461,959,972,0,4,2017
10095,100950702,7,Newcastle Knights,home,2017-04-14T00:00:00Z,6,74,49,1611,1640,983,596,0,4,2017
10095,100950804,8,Newcastle Knights,away,2017-04-22T00:00:00Z,12,79,43,1732,1325,1099,670,0,3,2017
10095,100950904,9,Newcastle Knights,away,2017-04-29T00:00:00Z,8,75,40,1518,1385,1280,647,0,4,2017
10412,104120102,1,Newcastle Knights,home,2018-03-09T00:00:00Z,18,85,52,1495,1677,1070,1103,0,2,2018
10412,104120208,2,Newcastle Knights,away,2018-03-18T00:00:00Z,30,76,46,1355,1373,1419,808,0,0,2018
10412,104120308,3,Newcastle Knights,away,2018-03-25T00:00:00Z,8,69,49,1518,1927,788,580,0,3,2018
10412,104120406,4,Newcastle Knights,away,2018-04-01T00:00:00Z,12,67,44,1743,1539,1093,442,0,4,2018
10412,104120506,5,Newcastle Knights,home,2018-04-07T00:00:00Z,14,85,51,1443,1375,924,1073,0,7,2018
10412,104120602,6,Newcastle Knights,away,2018-04-13T00:00:00Z,14,73,44,1544,1319,1172,776,0,2,2018
10412,104120705,7,Newcastle Knights,away,2018-04-21T00:00:00Z,22,78,51,1550,1424,837,1008,0,3,2018
10412,104120804,8,Newcastle Knights,away,2018-04-27T00:00:00Z,18,81,46,1393,1386,1150,914,0,2,2018
10412,104120902,9,Newcastle Knights,home,2018-05-04T00:00:00Z,18,77,45,1486,1364,1236,782,0,1,2018
10684,106840102,1,Newcastle Knights,home,2019-03-15T00:00:00Z,14,79,54,1416,1723,623,1052,0,0,2019
10684,106840205,2,Newcastle Knights,home,2019-03-23T00:00:00Z,14,68,49,1464,1380,905,1111,0,4,2019
10684,106840302,3,Newcastle Knights,away,2019-03-29T00:00:00Z,10,65,46,1428,1331,1201,846,0,1,2019
10684,106840408,4,Newcastle Knights,home,2019-04-07T00:00:00Z,12,76,50,1690,1653,974,989,0,2,2019
10684,106840505,5,Newcastle Knights,home,2019-04-13T00:00:00Z,18,70,45,1702,1566,793,757,0,2,2019
10684,106840606,6,Newcastle Knights,away,2019-04-21T00:00:00Z,14,70,50,1475,1493,1047,904,0,2,2019
10684,106840708,7,Newcastle Knights,home,2019-04-28T00:00:00Z,28,76,53,1308,1395,768,1411,0,0,2019
10684,106840807,8,Newcastle Knights,away,2019-05-05T00:00:00Z,36,91,52,1343,1638,481,1355,0,1,2019
10684,106840904,9,Newcastle Knights,away,2019-05-11T00:00:00Z,22,79,48,1326,1436,949,1131,0,3,2019
11095,110950104,1,Newcastle Knights,home,2020-03-14T00:00:00Z,20,81,50,1463,1476,697,1195,0,1,2020
11095,110950207,2,Newcastle Knights,away,2020-03-22T00:00:00Z,42,83,56,1421,1339,746,1296,0,1,2020
11095,110950307,3,Newcastle Knights,away,2020-05-31T00:00:00Z,14,82,45,1844,1757,1289,684,0,3,2020
11095,110950406,4,Newcastle Knights,away,2020-06-07T00:00:00Z,34,84,47,1101,1218,1163,1407,0,1,2020
11095,110950505,5,Newcastle Knights,home,2020-06-13T00:00:00Z,12,74,45,1145,1073,1582,1009,0,2,2020
11095,110950601,6,Newcastle Knights,home,2020-06-18T00:00:00Z,26,78,54,1006,1496,884,1426,0,0,2020
11095,110950704,7,Newcastle Knights,away,2020-06-27T00:00:00Z,20,75,49,1011,985,1594,1236,0,3,2020
11095,110950807,8,Newcastle Knights,away,2020-07-05T00:00:00Z,14,83,46,1194,1059,1281,1288,0,1,2020
11095,110950907,9,Newcastle Knights,home,2020-07-12T00:00:00Z,4,71,53,1152,1282,1119,1262,0,2,2020
11096,110960104,1,Newcastle Knights,away,2020-10-04T00:00:00Z,20,76,48,973,1405,1567,880,0,0,2020
11355,113550102,1,Newcastle Knights,home,2021-03-12T00:00:00Z,32,86,52,206,2284,1632,701,3,2,2021
11355,113550202,2,Newcastle Knights,away,2021-03-19T00:00:00Z,20,89,43,979,1369,1322,1152,6,3,2021
11355,113550307,3,Newcastle Knights,home,2021-03-28T00:00:00Z,20,70,50,959,1091,1490,1287,3,1,2021
11355,113550406,4,Newcastle Knights,home,2021-04-04T00:00:00Z,13,89,53,1074,1183,1456,1113,0,0,2021
11355,113550504,5,Newcastle Knights,away,2021-04-10T00:00:00Z,16,73,44,1526,1423,1319,559,1,2,2021
11355,113550602,6,Newcastle Knights,home,2021-04-16T00:00:00Z,26,81,46,1746,1362,1012,693,4,2,2021
11355,113550701,7,Newcastle Knights,away,2021-04-22T00:00:00Z,6,85,47,1771,1582,1085,374,7,0,2021
11355,113550806,8,Newcastle Knights,home,2021-05-01T00:00:00Z,4,85,46,1326,1463,1178,852,3,0,2021
11355,113550904,9,Newcastle Knights,away,2021-05-08T00:00:00Z,24,78,48,1327,1424,1004,1054,6,4,2021
11356,113560104,1,Newcastle Knights,away,2021-09-12T00:00:00Z,20,94,48,1760,1365,967,729,5,2,2021
11688,116880104,1,Newcastle Knights,away,2022-03-12T00:00:00Z,20,80,53,1664,1432,676,1069,2,2,2022
11688,116880207,2,Newcastle Knights,home,2022-03-20T00:00:00Z,26,90,56,1042,1181,712,1875,0,0,2022
11688,116880304,3,Newcastle Knights,away,2022-03-26T00:00:00Z,20,85,48,960,1111,1581,1155,0,0,2022
11688,116880402,4,Newcastle Knights,away,2022-04-01T00:00:00Z,0,76,48,39,6,2373,2416,2,0,2022
11688,116880501,5,Newcastle Knights,home,2022-04-07T00:00:00Z,6,67,46,1419,1397,981,1010,2,2,2022
11688,116880607,6,Newcastle Knights,away,2022-04-17T00:00:00Z,16,70,42,1522,1403,1099,788,5,0,2022
11688,116880705,7,Newcastle Knights,home,2022-04-24T00:00:00Z,2,72,43,1830,1618,862,493,0,1,2022
11688,116880807,8,Newcastle Knights,home,2022-05-01T00:00:00Z,2,58,36,1270,1117,1910,515,0,3,2022
11688,116880906,9,Newcastle Knights,away,2022-05-07T00:00:00Z,16,72,47,1352,1310,1168,970,1,1,2022
12067,120670102,1,Newcastle Knights,away,2023-03-03T00:00:00Z,12,79,52,1273,1502,1150,888,4,1,2023
12067,120670207,2,Newcastle Knights,away,2023-03-12T00:00:00Z,14,74,52,1544,1299,1029,935,3,2,2023
12067,120670302,3,Newcastle Knights,home,2023-03-17T00:00:00Z,20,69,44,1284,1507,1148,880,2,1,2023
12067,120670407,4,Newcastle Knights,home,2023-03-26T00:00:00Z,24,82,49,1502,1301,863,1140,2,1,2023
12067,120670504,5,Newcastle Knights,away,2023-04-01T00:00:00Z,32,87,47,1838,1352,1063,1161,2,1,2023
12067,120670607,6,Newcastle Knights,home,2023-04-09T00:00:00Z,34,84,51,1282,1212,1213,1098,6,1,2023
12067,120670705,7,Newcastle Knights,home,2023-04-15T00:00:00Z,15,80,47,1529,1316,1146,893,2,3,2023
12067,120670804,8,Newcastle Knights,away,2023-04-22T00:00:00Z,16,65,51,1434,1750,896,733,1,1,2023
12067,120670902,9,Newcastle Knights,away,2023-04-28T00:00:00Z,12,74,48,1317,1621,1337,583,3,1,2023
12068,120680104,1,Newcastle Knights,home,2023-09-10T00:00:00Z,30,74,46,1696,1301,1503,908,1,4,2023
12068,120680202,2,Newcastle Knights,away,2023-09-16T00:00:00Z,10,82,44,1706,1417,1075,608,4,3,2023
12445,124450103,1,Newcastle Knights,home,2024-03-07T00:00:00Z,12,63,45,1353,1081,1615,813,2,2,2024
12445,124450205,2,Newcastle Knights,away,2024-03-16T00:00:00Z,20,81,51,1156,1217,1183,1382,4,3,2024
12445,124450308,3,Newcastle Knights,home,2024-03-24T00:00:00Z,14,74,50,1449,1426,908,1020,1,0,2024
12445,124450406,4,Newcastle Knights,away,2024-03-31T00:00:00Z,12,86,48,1228,1288,1370,951,2,1,2024
12445,124450503,5,Newcastle Knights,home,2024-04-05T00:00:00Z,30,80,51,1181,1110,1168,1345,3,2,2024
12445,124450601,6,Newcastle Knights,home,2024-04-11T00:00:00Z,20,88,50,1291,1258,1285,974,3,1,2024
12445,124450707,7,Newcastle Knights,away,2024-04-21T00:00:00Z,12,71,48,966,1279,1613,953,1,4,2024
12445,124450807,8,Newcastle Knights,away,2024-04-28T00:00:00Z,18,82,53,1223,1362,758,1463,2,1,2024
12445,124450907,9,Newcastle Knights,home,2024-05-05T00:00:00Z,14,80,48,1238,1063,1204,1305,3,2,2024
12446,124460103,1,Newcastle Knights,away,2024-09-14T00:00:00Z,16,86,44,1323,1096,1525,866,3,1,2024
12755,127550104,1,Newcastle Knights,away,2025-03-07T00:00:00Z,10,71,46,1021,1333,1208,1322,0,1,2025
12755,127550201,2,Newcastle Knights,home,2025-03-13T00:00:00Z,26,81,49,1264,975,1264,1313,6,0,2025
12755,127550306,3,Newcastle Knights,away,2025-03-22T00:00:00Z,6,64,45,1102,1248,1186,1267,4,0,2025
12755,127550508,5,Newcastle Knights,away,2025-04-06T00:00:00Z,0,68,46,1295,1023,1753,743,4,4,2025
12755,127550608,6,Newcastle Knights,home,2025-04-13T00:00:00Z,4,70,42,1098,959,1596,1157,1,0,2025
12755,127550707,7,Newcastle Knights,home,2025-04-20T00:00:00Z,14,68,43,1044,1215,1674,879,4,0,2025
12755,127550803,8,Newcastle Knights,away,2025-04-25T00:00:00Z,12,73,48,1307,1227,1369,910,3,1,2025
12755,127550903,9,Newcastle Knights,away,2025-05-03T00:00:00Z,30,70,48,1277,1166,1131,1229,5,0,2025
12999,129990101,1,Newcastle Knights,home,2026-03-01T00:00:00Z,28,77,48,1174,915,1362,1365,3,1,2026
12999,129990207,2,Newcastle Knights,away,2026-03-15T00:00:00Z,36,82,55,1146,1085,885,1692,2,1,2026
12999,129990304,3,Newcastle Knights,home,2026-03-21T00:00:00Z,12,66,45,1267,1039,1686,823,4,0,2026
12999,129990404,4,Newcastle Knights,away,2026-03-28T00:00:00Z,24,88,50,1312,1031,1315,1149,7,2,2026
12999,129990507,5,Newcastle Knights,home,2026-04-05T00:00:00Z,32,85,53,1119,1184,1027,1510,5,1,2026
12999,129990608,6,Newcastle Knights,away,2026-04-12T00:00:00Z,22,78,45,1095,957,2105,652,1,2,2026
12999,129990707,7,Newcastle Knights,away,2026-04-19T00:00:00Z,24,79,47,997,1112,1940,752,4,2,2026
12999,129990807,8,Newcastle Knights,home,2026-04-26T00:00:00Z,12,68,44,1330,1082,1730,676,5,1,2026
12999,129990906,9,Newcastle Knights,home,2026-05-03T00:00:00Z,42,69,49,1151,913,1309,1447,2,0,2026
12999,129991004,10,Newcastle Knights,away,2026-05-09T00:00:00Z,44,76,51,1461,1164,998,1250,2,0,2026
12999,129991106,11,Newcastle Knights,away,2026-05-17T00:00:00Z,36,73,50,1204,1244,981,1379,2,2,2026
9867,98670105,1,North Queensland Cowboys,home,2016-03-05T00:00:00Z,20,77,55,1566,1453,814,980,0,2,2016
9867,98670205,2,North Queensland Cowboys,away,2016-03-12T00:00:00Z,16,63,47,1408,1425,1095,872,0,0,2016
9867,98670301,3,North Queensland Cowboys,home,2016-03-17T00:00:00Z,40,77,59,1244,1805,444,1387,0,0,2016
9867,98670402,4,North Queensland Cowboys,away,2016-03-25T00:00:00Z,20,72,52,1404,1532,1084,1122,0,0,2016
9867,98670505,5,North Queensland Cowboys,home,2016-04-02T00:00:00Z,36,70,56,1622,1555,562,1075,0,3,2016
9867,98670605,6,North Queensland Cowboys,away,2016-04-09T00:00:00Z,22,89,51,1626,1496,802,894,0,1,2016
9867,98670702,7,North Queensland Cowboys,home,2016-04-15T00:00:00Z,44,76,56,1213,1209,1027,1351,0,1,2016
9867,98670804,8,North Queensland Cowboys,home,2016-04-23T00:00:00Z,32,74,54,1383,1347,989,1081,0,0,2016
9867,98670905,9,North Queensland Cowboys,away,2016-04-30T00:00:00Z,34,78,56,1586,1421,837,980,0,2,2016
9868,98680103,1,North Queensland Cowboys,away,2016-09-10T00:00:00Z,10,79,51,1486,1323,1212,785,0,3,2016
9868,98680201,2,North Queensland Cowboys,home,2016-09-16T00:00:00Z,26,75,55,1539,1534,967,1383,0,0,2016
9868,98680301,3,North Queensland Cowboys,away,2016-09-23T00:00:00Z,20,79,44,1425,1327,1442,616,0,4,2016
10095,100950105,1,North Queensland Cowboys,home,2017-03-04T00:00:00Z,20,77,59,1375,1650,806,1237,0,1,2017
10095,100950203,2,North Queensland Cowboys,away,2017-03-10T00:00:00Z,20,86,51,1630,1659,1114,854,0,3,2017
10095,100950306,3,North Queensland Cowboys,home,2017-03-18T00:00:00Z,8,75,52,1334,1626,863,981,0,1,2017
10095,100950406,4,North Queensland Cowboys,away,2017-03-25T00:00:00Z,32,87,48,1628,1229,868,1090,0,2,2017
10095,100950503,5,North Queensland Cowboys,home,2017-03-31T00:00:00Z,20,74,53,1480,1521,728,1099,0,3,2017
10095,100950606,6,North Queensland Cowboys,home,2017-04-08T00:00:00Z,16,67,51,1493,1535,827,970,0,1,2017
10095,100950706,7,North Queensland Cowboys,away,2017-04-15T00:00:00Z,22,74,50,1313,1574,842,1076,0,1,2017
10095,100950804,8,North Queensland Cowboys,home,2017-04-22T00:00:00Z,24,83,57,1325,1732,670,1099,0,2,2017
10095,100950903,9,North Queensland Cowboys,home,2017-04-28T00:00:00Z,6,63,48,1679,1439,1093,599,0,3,2017
10096,100960104,1,North Queensland Cowboys,away,2017-09-10T00:00:00Z,14,79,55,1937,2010,684,805,0,0,2017
10096,100960202,2,North Queensland Cowboys,away,2017-09-16T00:00:00Z,24,89,55,1418,1372,908,1166,0,2,2017
10096,100960302,3,North Queensland Cowboys,away,2017-09-23T00:00:00Z,28,84,57,1310,1547,669,1286,0,0,2017
10096,100960401,4,North Queensland Cowboys,away,2017-10-01T00:00:00Z,6,89,51,1429,1504,1093,799,0,1,2017
10412,104120103,1,North Queensland Cowboys,home,2018-03-09T00:00:00Z,20,61,54,1551,1388,734,1138,0,0,2018
10412,104120203,2,North Queensland Cowboys,away,2018-03-16T00:00:00Z,20,79,55,1507,1110,926,1277,0,3,2018
10412,104120301,3,North Queensland Cowboys,away,2018-03-22T00:00:00Z,14,63,57,1507,1194,995,1159,0,1,2018
10412,104120401,4,North Queensland Cowboys,home,2018-03-29T00:00:00Z,14,78,52,1593,1246,981,1017,0,0,2018
10412,104120505,5,North Queensland Cowboys,away,2018-04-07T00:00:00Z,12,86,53,1570,1415,943,890,0,1,2018
10412,104120605,6,North Queensland Cowboys,home,2018-04-14T00:00:00Z,10,68,43,1345,1437,1204,863,0,1,2018
10412,104120706,7,North Queensland Cowboys,home,2018-04-21T00:00:00Z,26,70,51,1684,1434,891,907,0,1,2018
10412,104120807,8,North Queensland Cowboys,home,2018-04-28T00:00:00Z,8,73,53,1467,1439,759,1154,0,0,2018
10412,104120903,9,North Queensland Cowboys,away,2018-05-04T00:00:00Z,26,83,50,1336,1456,1137,940,0,1,2018
10684,106840106,1,North Queensland Cowboys,home,2019-03-16T00:00:00Z,24,83,54,1457,1275,918,1176,0,1,2019
10684,106840203,2,North Queensland Cowboys,away,2019-03-22T00:00:00Z,10,71,49,4745,1194,1291,904,0,2,2019
10684,106840305,3,North Queensland Cowboys,home,2019-03-30T00:00:00Z,16,73,50,1380,1554,951,938,0,3,2019
10684,106840405,4,North Queensland Cowboys,home,2019-04-06T00:00:00Z,12,69,49,1301,1544,1117,851,0,1,2019
10684,106840503,5,North Queensland Cowboys,home,2019-04-12T00:00:00Z,12,76,54,1748,1266,945,876,0,4,2019
10684,106840604,6,North Queensland Cowboys,away,2019-04-20T00:00:00Z,16,88,56,1333,1393,975,1158,0,0,2019
10684,106840703,7,North Queensland Cowboys,away,2019-04-26T00:00:00Z,12,82,53,1511,1290,1174,839,0,2,2019
10684,106840802,8,North Queensland Cowboys,home,2019-05-03T00:00:00Z,28,76,55,1363,1612,717,1165,0,4,2019
10684,106840908,9,North Queensland Cowboys,away,2019-05-12T00:00:00Z,16,73,49,1559,1559,872,875,0,2,2019
11095,110950103,1,North Queensland Cowboys,home,2020-03-13T00:00:00Z,20,72,50,1223,1561,953,1068,0,0,2020
11095,110950201,2,North Queensland Cowboys,away,2020-03-19T00:00:00Z,24,81,57,1507,1430,644,1300,0,0,2020
11095,110950302,3,North Queensland Cowboys,home,2020-05-29T00:00:00Z,36,81,65,1328,1488,571,1434,0,0,2020
11095,110950405,4,North Queensland Cowboys,home,2020-06-06T00:00:00Z,16,55,49,1142,889,1521,1254,0,1,2020
11095,110950502,5,North Queensland Cowboys,away,2020-06-12T00:00:00Z,26,81,44,1211,902,1520,1173,0,5,2020
11095,110950605,6,North Queensland Cowboys,away,2020-06-20T00:00:00Z,20,84,53,858,942,1325,1708,0,1,2020
11095,110950704,7,North Queensland Cowboys,home,2020-06-27T00:00:00Z,32,76,51,985,1011,1236,1594,0,1,2020
11095,110950803,8,North Queensland Cowboys,away,2020-07-03T00:00:00Z,4,71,44,1332,1062,1634,790,0,2,2020
11095,110950901,9,North Queensland Cowboys,home,2020-07-09T00:00:00Z,16,76,54,1072,980,1538,1259,0,1,2020
11355,113550106,1,North Queensland Cowboys,away,2021-03-13T00:00:00Z,0,59,45,1030,1023,2029,727,2,4,2021
11355,113550206,2,North Queensland Cowboys,home,2021-03-20T00:00:00Z,18,71,50,1086,1312,1154,1279,3,0,2021
11355,113550308,3,North Queensland Cowboys,home,2021-03-28T00:00:00Z,8,69,47,1152,1163,1308,1208,2,1,2021
11355,113550404,4,North Queensland Cowboys,away,2021-04-03T00:00:00Z,10,69,39,785,1782,1641,611,4,3,2021
11355,113550507,5,North Queensland Cowboys,away,2021-04-11T00:00:00Z,34,79,45,1319,1539,970,992,4,1,2021
11355,113550608,6,North Queensland Cowboys,home,2021-04-18T00:00:00Z,30,74,48,1511,1338,953,1018,8,0,2021
11355,113550705,7,North Queensland Cowboys,home,2021-04-24T00:00:00Z,26,80,50,817,2505,990,569,4,1,2021
11355,113550807,8,North Queensland Cowboys,away,2021-05-02T00:00:00Z,20,83,52,1213,1580,979,1073,2,0,2021
11355,113550906,9,North Queensland Cowboys,home,2021-05-08T00:00:00Z,19,79,51,1666,1495,767,951,5,0,2021
11688,116880108,1,North Queensland Cowboys,home,2022-03-13T00:00:00Z,4,69,49,1515,1655,903,746,4,1,2022
11688,116880206,2,North Queensland Cowboys,home,2022-03-19T00:00:00Z,26,73,56,1078,1634,593,1513,1,1,2022
11688,116880307,3,North Queensland Cowboys,away,2022-03-27T00:00:00Z,38,87,57,1048,1163,911,1752,2,1,2022
11688,116880406,4,North Queensland Cowboys,home,2022-04-02T00:00:00Z,4,78,47,1778,2522,817,554,2,2,2022
11688,116880502,5,North Queensland Cowboys,away,2022-04-08T00:00:00Z,24,92,55,1064,1188,1015,1769,1,0,2022
11688,116880601,6,North Queensland Cowboys,away,2022-04-14T00:00:00Z,18,76,52,1475,1630,887,815,1,2,2022
11688,116880703,7,North Queensland Cowboys,home,2022-04-23T00:00:00Z,30,66,53,1094,1106,1136,1467,5,2,2022
11688,116880806,8,North Queensland Cowboys,away,2022-04-30T00:00:00Z,35,87,49,1179,1029,1380,1219,2,4,2022
11688,116880906,9,North Queensland Cowboys,home,2022-05-07T00:00:00Z,36,78,53,1310,1352,970,1168,5,1,2022
11689,116890103,1,North Queensland Cowboys,away,2022-09-10T00:00:00Z,32,79,53,1915,1986,800,1049,5,0,2022
11689,116890301,3,North Queensland Cowboys,home,2022-09-23T00:00:00Z,20,81,56,1664,1781,448,938,1,1,2022
12067,120670105,1,North Queensland Cowboys,home,2023-03-04T00:00:00Z,19,84,54,1577,1567,841,833,1,2,2023
12067,120670203,2,North Queensland Cowboys,away,2023-03-10T00:00:00Z,16,78,47,1297,1425,1303,779,1,2,2023
12067,120670305,3,North Queensland Cowboys,home,2023-03-18T00:00:00Z,12,74,45,1468,1526,1036,791,3,0,2023
12067,120670404,4,North Queensland Cowboys,home,2023-03-25T00:00:00Z,24,82,50,1176,1338,1158,1150,2,2,2023
12067,120670508,5,North Queensland Cowboys,away,2023-04-02T00:00:00Z,14,82,50,1610,1570,972,960,3,3,2023
12067,120670603,6,North Queensland Cowboys,home,2023-04-07T00:00:00Z,22,68,50,1384,1386,1173,857,2,0,2023
12067,120670704,7,North Queensland Cowboys,away,2023-04-15T00:00:00Z,14,83,56,1264,1355,815,1371,1,1,2023
12067,120670804,8,North Queensland Cowboys,home,2023-04-22T00:00:00Z,18,79,49,1750,1434,733,896,0,0,2023
12067,120670901,9,North Queensland Cowboys,away,2023-04-27T00:00:00Z,6,80,46,1379,1276,1509,647,3,2,2023
12445,124450108,1,North Queensland Cowboys,away,2024-03-10T00:00:00Z,43,84,55,1107,1096,1026,1579,5,0,2024
12445,124450205,2,North Queensland Cowboys,home,2024-03-16T00:00:00Z,21,76,49,1217,1156,1382,1183,5,1,2024
12445,124450305,3,North Queensland Cowboys,away,2024-03-23T00:00:00Z,46,83,57,894,1006,1226,1691,1,1,2024
12445,124450403,4,North Queensland Cowboys,away,2024-03-29T00:00:00Z,12,59,46,1016,1044,1743,1001,2,2,2024
12445,124450507,5,North Queensland Cowboys,home,2024-04-07T00:00:00Z,35,61,55,1056,1319,946,1499,2,1,2024
12445,124450605,6,North Queensland Cowboys,away,2024-04-13T00:00:00Z,20,63,49,1241,1142,1316,1119,2,2,2024
12445,124450708,7,North Queensland Cowboys,away,2024-04-21T00:00:00Z,6,73,44,1028,1320,1606,853,0,1,2024
12445,124450806,8,North Queensland Cowboys,home,2024-04-27T00:00:00Z,20,82,55,892,1035,1190,1719,4,1,2024
12445,124450906,9,North Queensland Cowboys,home,2024-05-04T00:00:00Z,26,78,49,898,862,1516,1551,5,0,2024
12446,124460103,1,North Queensland Cowboys,home,2024-09-14T00:00:00Z,28,80,56,1096,1323,866,1525,0,1,2024
12446,124460201,2,North Queensland Cowboys,away,2024-09-20T00:00:00Z,18,72,46,1012,1223,1596,973,1,4,2024
12755,127550107,1,North Queensland Cowboys,away,2025-03-08T00:00:00Z,12,80,43,1054,1189,1602,964,5,2,2025
12755,127550205,2,North Queensland Cowboys,home,2025-03-15T00:00:00Z,12,78,45,1029,1116,1707,952,6,1,2025
12755,127550303,3,North Queensland Cowboys,away,2025-03-21T00:00:00Z,16,80,48,958,1030,1697,1127,9,2,2025
12755,127550405,4,North Queensland Cowboys,home,2025-03-29T00:00:00Z,30,77,49,1002,936,1621,1245,7,4,2025
12755,127550502,5,North Queensland Cowboys,away,2025-04-04T00:00:00Z,22,77,51,1279,1048,1454,1052,4,0,2025
12755,127550605,6,North Queensland Cowboys,away,2025-04-12T00:00:00Z,24,71,54,1168,1196,1020,1430,2,0,2025
12755,127550805,8,North Queensland Cowboys,home,2025-04-26T00:00:00Z,50,68,53,1012,985,1065,1749,4,1,2025
12755,127550904,9,North Queensland Cowboys,away,2025-05-03T00:00:00Z,26,68,55,1291,922,983,1618,3,0,2025
12999,129990101,1,North Queensland Cowboys,away,2026-03-01T00:00:00Z,18,78,52,915,1174,1365,1362,1,1,2026
12999,129990204,2,North Queensland Cowboys,away,2026-03-14T00:00:00Z,16,69,43,918,1049,1774,1062,9,0,2026
12999,129990308,3,North Queensland Cowboys,home,2026-03-22T00:00:00Z,30,84,57,796,1563,749,1708,8,1,2026
12999,129990406,4,North Queensland Cowboys,home,2026-03-28T00:00:00Z,28,66,51,2573,1604,176,455,6,1,2026
12999,129990504,5,North Queensland Cowboys,away,2026-04-04T00:00:00Z,32,76,53,1261,1108,938,1545,4,1,2026
12999,129990603,6,North Queensland Cowboys,away,2026-04-10T00:00:00Z,35,79,52,1029,1279,908,1592,2,0,2026
12999,129990701,7,North Queensland Cowboys,home,2026-04-16T00:00:00Z,6,58,42,1143,1211,1594,864,4,1,2026
12999,129990802,8,North Queensland Cowboys,home,2026-04-24T00:00:00Z,46,84,51,746,587,2084,1383,5,0,2026
12999,129990901,9,North Queensland Cowboys,away,2026-05-01T00:00:00Z,28,76,51,639,30,3384,747,6,3,2026
12999,129991003,10,North Queensland Cowboys,home,2026-05-08T00:00:00Z,30,70,44,1124,1208,1423,1126,5,1,2026
12999,129991104,11,North Queensland Cowboys,away,2026-05-16T00:00:00Z,18,85,55,1347,1134,1186,1257,8,0,2026
12999,129991205,12,North Queensland Cowboys,home,2026-05-24T06:05:00Z,30,79,51,1171,1336,986,1312,4,1,2026
9867,98670101,1,Parramatta Eels,home,2016-03-03T00:00:00Z,4,60,45,1625,1471,1065,642,0,2,2016
9867,98670205,2,Parramatta Eels,home,2016-03-12T00:00:00Z,20,76,53,1425,1408,872,1095,0,2,2016
9867,98670302,3,Parramatta Eels,away,2016-03-18T00:00:00Z,20,78,50,1285,1680,653,1182,0,2,2016
9867,98670407,4,Parramatta Eels,away,2016-03-28T00:00:00Z,8,71,49,1395,1838,914,690,0,1,2016
9867,98670507,5,Parramatta Eels,home,2016-04-03T00:00:00Z,18,70,49,1356,1776,773,983,0,0,2016
9867,98670603,6,Parramatta Eels,home,2016-04-09T00:00:00Z,36,80,49,1585,1467,692,1072,0,3,2016
9867,98670701,7,Parramatta Eels,away,2016-04-14T00:00:00Z,22,87,50,1479,1553,910,869,0,3,2016
9867,98670804,8,Parramatta Eels,away,2016-04-23T00:00:00Z,16,66,46,1347,1383,1081,989,0,0,2016
9867,98670902,9,Parramatta Eels,home,2016-04-29T00:00:00Z,20,80,51,1621,1542,818,838,0,2,2016
10095,100950108,1,Parramatta Eels,away,2017-03-05T00:00:00Z,20,76,58,1412,1643,502,1258,0,2,2017
10095,100950208,2,Parramatta Eels,away,2017-03-12T00:00:00Z,34,75,57,1461,1432,776,1171,0,0,2017
10095,100950303,3,Parramatta Eels,away,2017-03-17T00:00:00Z,14,71,48,1446,1386,1132,946,0,0,2017
10095,100950405,4,Parramatta Eels,home,2017-03-25T00:00:00Z,6,62,47,1519,1768,859,668,0,1,2017
10095,100950505,5,Parramatta Eels,away,2017-04-01T00:00:00Z,18,76,45,1553,1335,962,969,0,1,2017
10095,100950607,6,Parramatta Eels,away,2017-04-09T00:00:00Z,10,78,45,1849,1667,833,496,0,2,2017
10095,100950708,7,Parramatta Eels,home,2017-04-17T00:00:00Z,26,69,49,1348,1476,978,1010,0,3,2017
10095,100950803,8,Parramatta Eels,home,2017-04-22T00:00:00Z,18,64,51,1725,1627,816,650,0,2,2017
10095,100950903,9,Parramatta Eels,away,2017-04-28T00:00:00Z,26,85,52,1439,1679,599,1093,0,0,2017
10096,100960102,1,Parramatta Eels,away,2017-09-09T00:00:00Z,16,84,48,1569,1556,962,722,0,0,2017
10096,100960202,2,Parramatta Eels,home,2017-09-16T00:00:00Z,16,71,45,1372,1418,1166,908,0,4,2017
10412,104120107,1,Parramatta Eels,away,2018-03-11T00:00:00Z,14,67,53,1538,1562,947,772,0,0,2018
10412,104120207,2,Parramatta Eels,away,2018-03-18T00:00:00Z,0,69,39,1179,1632,1364,650,0,4,2018
10412,104120306,3,Parramatta Eels,home,2018-03-24T00:00:00Z,4,77,44,1609,1539,1032,635,0,3,2018
10412,104120408,4,Parramatta Eels,away,2018-04-02T00:00:00Z,20,72,45,1389,1516,1056,867,0,2,2018
10412,104120508,5,Parramatta Eels,home,2018-04-08T00:00:00Z,6,68,52,1582,1318,837,1115,0,1,2018
10412,104120606,6,Parramatta Eels,away,2018-04-14T00:00:00Z,2,74,44,1587,1534,985,770,0,4,2018
10412,104120707,7,Parramatta Eels,home,2018-04-22T00:00:00Z,44,89,58,1219,1359,488,1747,0,0,2018
10412,104120808,8,Parramatta Eels,home,2018-04-29T00:00:00Z,24,78,51,1413,1441,861,1160,0,1,2018
10412,104120906,9,Parramatta Eels,away,2018-05-05T00:00:00Z,20,66,44,1431,1355,1218,883,0,4,2018
10684,106840107,1,Parramatta Eels,away,2019-03-17T00:00:00Z,20,74,58,1497,1364,632,1322,0,3,2019
10684,106840207,2,Parramatta Eels,away,2019-03-24T00:00:00Z,36,66,48,1580,1199,833,1204,0,2,2019
10684,106840303,3,Parramatta Eels,home,2019-03-29T00:00:00Z,18,76,46,1532,1410,1025,858,0,1,2019
10684,106840406,4,Parramatta Eels,home,2019-04-06T00:00:00Z,24,83,49,1642,1422,886,926,0,3,2019
10684,106840508,5,Parramatta Eels,away,2019-04-14T00:00:00Z,0,53,43,1543,1434,1295,536,0,4,2019
10684,106840608,6,Parramatta Eels,home,2019-04-22T00:00:00Z,50,70,58,1251,1531,636,1390,0,0,2019
10684,106840708,7,Parramatta Eels,away,2019-04-28T00:00:00Z,14,71,47,1395,1308,1411,768,0,2,2019
10684,106840808,8,Parramatta Eels,home,2019-05-05T00:00:00Z,32,79,53,1345,1555,683,1230,0,2,2019
10684,106840906,9,Parramatta Eels,away,2019-05-11T00:00:00Z,10,71,47,1442,1353,1405,614,0,2,2019
10685,106850104,1,Parramatta Eels,home,2019-09-15T00:00:00Z,58,84,64,1394,1202,381,1859,0,1,2019
10685,106850202,2,Parramatta Eels,away,2019-09-21T00:00:00Z,0,52,46,1328,1536,1110,861,0,3,2019
11095,110950101,1,Parramatta Eels,home,2020-03-12T00:00:00Z,8,70,48,1572,1415,832,990,0,3,2020
11095,110950208,2,Parramatta Eels,away,2020-03-22T00:00:00Z,46,87,65,1059,1674,270,1813,0,0,2020
11095,110950301,3,Parramatta Eels,away,2020-05-28T00:00:00Z,34,73,61,1119,1769,434,1496,0,1,2020
11095,110950404,4,Parramatta Eels,home,2020-06-06T00:00:00Z,18,78,48,1182,1094,1109,1447,0,0,2020
11095,110950503,5,Parramatta Eels,home,2020-06-12T00:00:00Z,16,68,51,977,1258,1092,1543,0,5,2020
11095,110950606,6,Parramatta Eels,away,2020-06-20T00:00:00Z,10,72,48,1243,998,1605,1031,0,2,2020
11095,110950706,7,Parramatta Eels,home,2020-06-27T00:00:00Z,24,83,51,1498,1386,1183,1213,0,0,2020
11095,110950803,8,Parramatta Eels,home,2020-07-03T00:00:00Z,42,86,56,1062,1332,790,1634,0,1,2020
11095,110950907,9,Parramatta Eels,away,2020-07-12T00:00:00Z,10,74,47,1282,1152,1262,1119,0,2,2020
11096,110960103,1,Parramatta Eels,away,2020-10-03T00:00:00Z,24,78,46,777,1224,1556,1275,0,1,2020
11096,110960202,2,Parramatta Eels,home,2020-10-10T00:00:00Z,24,76,52,1081,952,1762,1025,0,3,2020
11355,113550103,1,Parramatta Eels,away,2021-03-12T00:00:00Z,24,70,49,990,1376,1043,1411,4,1,2021
11355,113550201,2,Parramatta Eels,home,2021-03-18T00:00:00Z,16,88,47,1345,1234,1229,1024,5,2,2021
11355,113550306,3,Parramatta Eels,home,2021-03-27T00:00:00Z,28,73,55,1361,1448,593,1418,1,1,2021
11355,113550408,4,Parramatta Eels,away,2021-04-05T00:00:00Z,36,81,49,904,1464,1099,1546,5,2,2021
11355,113550508,5,Parramatta Eels,home,2021-04-11T00:00:00Z,12,67,47,1453,1628,812,920,5,1,2021
11355,113550606,6,Parramatta Eels,away,2021-04-17T00:00:00Z,35,85,54,1417,1470,770,1192,5,0,2021
11355,113550703,7,Parramatta Eels,home,2021-04-23T00:00:00Z,46,80,54,1216,1491,668,1451,5,0,2021
11355,113550805,8,Parramatta Eels,away,2021-05-01T00:00:00Z,32,70,53,1418,1667,541,1208,5,0,2021
11355,113550903,9,Parramatta Eels,home,2021-05-07T00:00:00Z,31,85,57,1324,1570,469,1491,1,0,2021
11356,113560104,1,Parramatta Eels,home,2021-09-12T00:00:00Z,28,83,52,1365,1760,729,967,4,0,2021
11356,113560202,2,Parramatta Eels,away,2021-09-18T00:00:00Z,6,81,52,1760,1480,863,715,2,2,2021
11688,116880107,1,Parramatta Eels,home,2022-03-13T00:00:00Z,32,83,54,833,1040,1091,1857,1,0,2022
11688,116880205,2,Parramatta Eels,away,2022-03-19T00:00:00Z,16,79,56,1281,1220,951,1532,1,1,2022
11688,116880305,3,Parramatta Eels,away,2022-03-26T00:00:00Z,28,80,48,1448,1788,924,829,3,0,2022
11688,116880408,4,Parramatta Eels,home,2022-04-03T00:00:00Z,48,86,52,1494,1536,643,1176,1,0,2022
11688,116880506,5,Parramatta Eels,away,2022-04-09T00:00:00Z,26,83,49,1357,1471,932,1075,3,1,2022
11688,116880608,6,Parramatta Eels,home,2022-04-18T00:00:00Z,20,68,51,912,457,2874,668,0,2,2022
11688,116880705,7,Parramatta Eels,away,2022-04-24T00:00:00Z,39,85,57,1618,1830,493,862,0,0,2022
11688,116880806,8,Parramatta Eels,home,2022-04-30T00:00:00Z,4,86,51,1029,1179,1219,1380,1,0,2022
11688,116880903,9,Parramatta Eels,away,2022-05-06T00:00:00Z,22,85,53,1262,1173,1193,1185,3,0,2022
11689,116890101,1,Parramatta Eels,away,2022-09-09T00:00:00Z,8,70,50,1397,1457,1282,672,3,1,2022
11689,116890201,2,Parramatta Eels,home,2022-09-16T00:00:00Z,40,80,60,1296,1461,785,1260,1,0,2022
11689,116890301,3,Parramatta Eels,away,2022-09-23T00:00:00Z,24,82,44,1781,1664,938,448,3,1,2022
11689,116890401,4,Parramatta Eels,away,2022-10-02T00:00:00Z,12,71,44,1556,1471,1332,452,1,3,2022
12067,120670101,1,Parramatta Eels,home,2023-03-02T00:00:00Z,12,80,54,1608,1835,767,804,2,2,2023
12067,120670202,2,Parramatta Eels,home,2023-03-10T00:00:00Z,26,73,50,1580,1236,1072,923,2,0,2023
12067,120670301,3,Parramatta Eels,away,2023-03-16T00:00:00Z,30,64,49,1134,1509,1032,1149,1,0,2023
12067,120670401,4,Parramatta Eels,home,2023-03-23T00:00:00Z,17,93,56,1628,1689,813,802,1,1,2023
12067,120670501,5,Parramatta Eels,away,2023-03-30T00:00:00Z,20,79,51,1469,1289,1235,817,4,1,2023
12067,120670608,6,Parramatta Eels,away,2023-04-10T00:00:00Z,28,84,46,1725,1345,1081,659,4,4,2023
12067,120670708,7,Parramatta Eels,home,2023-04-16T00:00:00Z,30,74,53,1489,1556,598,1179,2,0,2023
12067,120670802,8,Parramatta Eels,home,2023-04-21T00:00:00Z,16,74,47,1284,1337,1163,1023,2,0,2023
12067,120670902,9,Parramatta Eels,home,2023-04-28T00:00:00Z,43,66,52,1621,1317,583,1337,3,1,2023
12445,124450106,1,Parramatta Eels,home,2024-03-09T00:00:00Z,26,89,60,1095,902,921,1894,0,2,2024
12445,124450203,2,Parramatta Eels,away,2024-03-15T00:00:00Z,18,76,51,1407,945,1424,1028,1,1,2024
12445,124450307,3,Parramatta Eels,home,2024-03-24T00:00:00Z,28,76,52,736,1225,1299,1554,2,2,2024
12445,124450408,4,Parramatta Eels,home,2024-04-01T00:00:00Z,16,77,51,912,1056,1189,1650,2,0,2024
12445,124450508,5,Parramatta Eels,away,2024-04-07T00:00:00Z,8,77,43,1026,1064,1450,1269,1,4,2024
12445,124450605,6,Parramatta Eels,home,2024-04-13T00:00:00Z,27,71,51,1142,1241,1119,1316,2,1,2024
12445,124450703,7,Parramatta Eels,home,2024-04-19T00:00:00Z,16,80,48,1081,1099,1446,1178,4,0,2024
12445,124450804,8,Parramatta Eels,away,2024-04-26T00:00:00Z,18,76,45,1335,989,1452,1028,3,0,2024
12755,127550108,1,Parramatta Eels,away,2025-03-09T00:00:00Z,18,81,50,876,1153,1490,1285,1,0,2025
12755,127550207,2,Parramatta Eels,home,2025-03-16T00:00:00Z,6,68,50,1213,1122,1194,1276,1,0,2025
12755,127550307,3,Parramatta Eels,home,2025-03-23T00:00:00Z,8,73,51,1186,1280,1251,1094,3,1,2025
12755,127550407,4,Parramatta Eels,away,2025-03-30T00:00:00Z,12,71,45,929,1275,1722,899,3,1,2025
12755,127550504,5,Parramatta Eels,home,2025-04-05T00:00:00Z,23,83,52,1141,1117,1190,1578,2,1,2025
12755,127550606,6,Parramatta Eels,home,2025-04-12T00:00:00Z,12,60,42,1040,970,1818,975,4,2,2025
12755,127550708,7,Parramatta Eels,away,2025-04-21T00:00:00Z,38,80,53,1111,1119,1085,1488,2,0,2025
12755,127550901,9,Parramatta Eels,away,2025-05-02T00:00:00Z,18,79,46,1253,1128,1316,1110,3,0,2025
12999,129990103,1,Parramatta Eels,away,2026-03-05T00:00:00Z,4,61,41,2102,871,1140,691,9,0,2026
12999,129990201,2,Parramatta Eels,away,2026-03-12T00:00:00Z,40,90,54,1063,966,1250,2163,4,3,2026
12999,129990307,3,Parramatta Eels,home,2026-03-22T00:00:00Z,30,88,52,1265,2683,660,204,1,0,2026
12999,129990405,4,Parramatta Eels,away,2026-03-28T00:00:00Z,20,72,48,1134,1071,1227,1390,5,0,2026
12999,129990508,5,Parramatta Eels,home,2026-04-06T00:00:00Z,20,84,48,1109,1131,1647,1214,8,1,2026
12999,129990607,6,Parramatta Eels,home,2026-04-12T00:00:00Z,10,65,47,1730,1139,1048,907,3,0,2026
12999,129990708,7,Parramatta Eels,home,2026-04-19T00:00:00Z,38,84,50,1266,1231,978,1347,2,0,2026
12999,129990808,8,Parramatta Eels,away,2026-04-26T00:00:00Z,18,74,47,2581,1759,168,292,6,2,2026
12999,129990904,9,Parramatta Eels,home,2026-05-02T00:00:00Z,14,73,50,281,264,1653,2624,6,0,2026
12999,129991003,10,Parramatta Eels,away,2026-05-08T00:00:00Z,33,91,56,1208,1124,1126,1423,5,1,2026
12999,129991105,11,Parramatta Eels,home,2026-05-16T00:00:00Z,8,69,48,1141,1128,1338,1204,5,0,2026
9867,98670103,1,Penrith Panthers,away,2016-03-05T00:00:00Z,22,66,52,1446,1388,924,1061,0,1,2016
9867,98670201,2,Penrith Panthers,home,2016-03-10T00:00:00Z,16,76,52,1473,1562,866,935,0,2,2016
9867,98670304,3,Penrith Panthers,home,2016-03-19T00:00:00Z,22,71,48,1286,1683,950,911,0,1,2016
9867,98670405,4,Penrith Panthers,away,2016-03-27T00:00:00Z,12,66,53,1420,1447,958,1029,0,0,2016
9867,98670507,5,Penrith Panthers,away,2016-04-03T00:00:00Z,20,73,51,1776,1356,983,773,0,2,2016
9867,98670605,6,Penrith Panthers,home,2016-04-09T00:00:00Z,18,79,49,1496,1626,894,802,0,2,2016
9867,98670708,7,Penrith Panthers,away,2016-04-18T00:00:00Z,20,74,54,1489,1461,759,1107,0,3,2016
9867,98670805,8,Penrith Panthers,away,2016-04-24T00:00:00Z,18,84,52,1365,1751,817,875,0,1,2016
9867,98670903,9,Penrith Panthers,home,2016-04-30T00:00:00Z,18,70,46,996,1986,786,1032,0,2,2016
9868,98680104,1,Penrith Panthers,home,2016-09-11T00:00:00Z,28,84,48,1721,1430,662,1005,0,0,2016
9868,98680202,2,Penrith Panthers,away,2016-09-17T00:00:00Z,12,70,44,1611,1609,1098,501,0,3,2016
10095,100950104,1,Penrith Panthers,away,2017-03-04T00:00:00Z,10,60,45,1525,1721,1060,516,0,3,2017
10095,100950207,2,Penrith Panthers,away,2017-03-12T00:00:00Z,36,75,51,1582,1389,600,1240,0,0,2017
10095,100950305,3,Penrith Panthers,home,2017-03-18T00:00:00Z,12,71,49,1554,1750,784,719,0,1,2017
10095,100950402,4,Penrith Panthers,home,2017-03-24T00:00:00Z,40,74,63,1467,1647,590,1111,0,2,2017
10095,100950506,5,Penrith Panthers,away,2017-04-01T00:00:00Z,6,74,55,1542,1534,772,1023,0,2,2017
10095,100950603,6,Penrith Panthers,home,2017-04-07T00:00:00Z,20,76,54,1434,1639,947,799,0,2,2017
10095,100950707,7,Penrith Panthers,home,2017-04-16T00:00:00Z,2,74,48,1437,1886,780,731,0,3,2017
10095,100950803,8,Penrith Panthers,away,2017-04-22T00:00:00Z,12,65,49,1627,1725,650,816,0,3,2017
10095,100950901,9,Penrith Panthers,away,2017-04-27T00:00:00Z,18,58,49,1394,1540,1196,795,0,2,2017
10096,100960103,1,Penrith Panthers,away,2017-09-09T00:00:00Z,22,73,51,1541,1438,745,1084,0,2,2017
10096,100960201,2,Penrith Panthers,away,2017-09-15T00:00:00Z,6,84,51,1382,1554,895,978,0,0,2017
10412,104120107,1,Penrith Panthers,home,2018-03-11T00:00:00Z,24,67,47,1562,1538,772,947,0,1,2018
10412,104120205,2,Penrith Panthers,home,2018-03-17T00:00:00Z,18,73,53,1675,1626,609,949,0,0,2018
10412,104120302,3,Penrith Panthers,away,2018-03-23T00:00:00Z,18,79,45,1226,1475,1130,986,0,0,2018
10412,104120401,4,Penrith Panthers,away,2018-03-29T00:00:00Z,32,91,48,1246,1593,1017,981,0,2,2018
10412,104120508,5,Penrith Panthers,away,2018-04-08T00:00:00Z,12,78,48,1318,1582,1115,837,0,3,2018
10412,104120607,6,Penrith Panthers,home,2018-04-15T00:00:00Z,34,77,54,1539,1401,735,1130,0,0,2018
10412,104120708,7,Penrith Panthers,away,2018-04-22T00:00:00Z,22,78,54,1395,1348,702,1405,0,0,2018
10412,104120805,8,Penrith Panthers,home,2018-04-27T00:00:00Z,22,71,52,1604,1625,649,970,0,2,2018
10412,104120903,9,Penrith Panthers,home,2018-05-04T00:00:00Z,20,79,50,1456,1336,940,1137,0,0,2018
10413,104130102,1,Penrith Panthers,home,2018-09-08T00:00:00Z,26,84,54,1215,1384,958,1286,0,1,2018
10413,104130201,2,Penrith Panthers,away,2018-09-14T00:00:00Z,20,68,42,1660,1138,1052,1053,0,3,2018
10684,106840107,1,Penrith Panthers,home,2019-03-17T00:00:00Z,12,64,42,1364,1497,1322,632,0,2,2019
10684,106840205,2,Penrith Panthers,away,2019-03-23T00:00:00Z,16,68,51,1380,1464,1111,905,0,1,2019
10684,106840306,3,Penrith Panthers,home,2019-03-30T00:00:00Z,2,62,48,1493,1480,1006,848,0,0,2019
10684,106840403,4,Penrith Panthers,home,2019-04-05T00:00:00Z,8,65,51,1583,1450,1078,981,0,3,2019
10684,106840502,5,Penrith Panthers,away,2019-04-12T00:00:00Z,24,84,47,1262,1294,1079,1173,0,3,2019
10684,106840601,6,Penrith Panthers,away,2019-04-18T00:00:00Z,20,79,43,1393,1119,1341,960,0,1,2019
10684,106840704,7,Penrith Panthers,home,2019-04-26T00:00:00Z,18,76,53,1367,1525,729,1268,0,2,2019
10684,106840804,8,Penrith Panthers,away,2019-05-04T00:00:00Z,12,62,47,1481,1479,1060,838,0,3,2019
10684,106840902,9,Penrith Panthers,away,2019-05-10T00:00:00Z,4,67,45,1525,1393,1085,814,0,0,2019
11095,110950106,1,Penrith Panthers,home,2020-03-14T00:00:00Z,20,82,53,1552,1479,804,977,0,1,2020
11095,110950202,2,Penrith Panthers,away,2020-03-20T00:00:00Z,32,79,55,1332,1246,933,1295,0,0,2020
11095,110950307,3,Penrith Panthers,home,2020-05-31T00:00:00Z,14,74,55,1757,1844,684,1289,0,1,2020
11095,110950402,4,Penrith Panthers,home,2020-06-05T00:00:00Z,26,77,54,1300,1456,675,1465,0,0,2020
11095,110950503,5,Penrith Panthers,away,2020-06-12T00:00:00Z,10,81,49,1258,977,1543,1092,0,3,2020
11095,110950603,6,Penrith Panthers,home,2020-06-19T00:00:00Z,20,83,50,1095,1363,1180,1174,0,2,2020
11095,110950701,7,Penrith Panthers,home,2020-06-25T00:00:00Z,20,81,54,1310,1024,1060,1446,0,2,2020
11095,110950806,8,Penrith Panthers,away,2020-07-04T00:00:00Z,18,85,52,1115,1152,955,1631,0,1,2020
11095,110950904,9,Penrith Panthers,away,2020-07-11T00:00:00Z,56,80,53,821,779,1433,1905,0,1,2020
11096,110960101,1,Penrith Panthers,home,2020-10-02T00:00:00Z,28,89,50,1144,1145,1168,1379,0,1,2020
11096,110960302,3,Penrith Panthers,home,2020-10-17T00:00:00Z,20,68,47,1299,1390,995,1199,0,1,2020
11096,110960401,4,Penrith Panthers,home,2020-10-25T00:00:00Z,20,69,49,1372,1152,1365,977,0,1,2020
11355,113550106,1,Penrith Panthers,home,2021-03-13T00:00:00Z,24,68,55,1023,1030,727,2029,2,3,2021
11355,113550204,2,Penrith Panthers,away,2021-03-20T00:00:00Z,28,87,57,1146,1504,469,1729,2,1,2021
11355,113550301,3,Penrith Panthers,home,2021-03-25T00:00:00Z,12,84,48,1415,1360,1129,958,3,3,2021
11355,113550401,4,Penrith Panthers,away,2021-04-01T00:00:00Z,46,87,50,929,1193,1081,1604,4,3,2021
11355,113550503,5,Penrith Panthers,home,2021-04-09T00:00:00Z,30,74,52,1381,1475,712,1248,3,1,2021
11355,113550601,6,Penrith Panthers,away,2021-04-15T00:00:00Z,20,76,50,1400,1477,967,980,4,1,2021
11355,113550701,7,Penrith Panthers,home,2021-04-22T00:00:00Z,24,77,53,1582,1771,374,1085,4,1,2021
11355,113550804,8,Penrith Panthers,home,2021-05-01T00:00:00Z,28,76,47,1366,1463,883,1107,3,3,2021
11355,113550902,9,Penrith Panthers,home,2021-05-07T00:00:00Z,48,81,57,1002,1763,355,1201,4,2,2021
11356,113560103,1,Penrith Panthers,home,2021-09-11T00:00:00Z,10,77,47,1779,1567,774,809,3,2,2021
11356,113560202,2,Penrith Panthers,home,2021-09-18T00:00:00Z,8,86,48,1480,1760,715,863,5,4,2021
11356,113560302,3,Penrith Panthers,away,2021-09-25T00:00:00Z,10,76,49,1501,1671,789,869,6,3,2021
11356,113560401,4,Penrith Panthers,home,2021-10-03T00:00:00Z,14,83,53,1495,1619,469,1235,5,0,2021
11688,116880101,1,Penrith Panthers,home,2022-03-10T00:00:00Z,28,84,53,1452,1833,579,1045,2,2,2022
11688,116880202,2,Penrith Panthers,away,2022-03-18T00:00:00Z,20,69,45,1372,1469,1014,978,1,2,2022
11688,116880304,3,Penrith Panthers,home,2022-03-26T00:00:00Z,38,79,52,1111,960,1155,1581,0,0,2022
11688,116880403,4,Penrith Panthers,home,2022-04-01T00:00:00Z,26,88,54,1642,1505,647,1050,3,2,2022
11688,116880508,5,Penrith Panthers,away,2022-04-10T00:00:00Z,32,80,55,1345,1616,716,1156,3,1,2022
11688,116880603,6,Penrith Panthers,home,2022-04-15T00:00:00Z,40,87,53,1451,1390,664,1548,4,4,2022
11688,116880706,7,Penrith Panthers,home,2022-04-24T00:00:00Z,36,82,59,781,1375,476,2181,2,1,2022
11688,116880802,8,Penrith Panthers,away,2022-04-29T00:00:00Z,18,79,47,1269,1152,1170,1225,3,1,2022
11688,116880903,9,Penrith Panthers,home,2022-05-06T00:00:00Z,20,76,47,1173,1262,1185,1193,2,2,2022
11689,116890101,1,Penrith Panthers,home,2022-09-09T00:00:00Z,27,80,50,1457,1397,672,1282,1,3,2022
11689,116890302,3,Penrith Panthers,home,2022-09-24T00:00:00Z,32,80,49,1294,1551,683,1278,1,3,2022
11689,116890401,4,Penrith Panthers,home,2022-10-02T00:00:00Z,28,85,56,1471,1556,452,1332,2,0,2022
12067,120670103,1,Penrith Panthers,home,2023-03-03T00:00:00Z,12,78,49,1257,1453,964,1134,1,2,2023
12067,120670201,2,Penrith Panthers,home,2023-03-09T00:00:00Z,16,75,50,1477,1634,518,1201,1,0,2023
12067,120670401,4,Penrith Panthers,away,2023-03-23T00:00:00Z,16,85,44,1689,1628,802,813,3,2,2023
12067,120670502,5,Penrith Panthers,away,2023-03-31T00:00:00Z,53,83,56,1322,1208,855,1430,3,1,2023
12067,120670604,6,Penrith Panthers,home,2023-04-08T00:00:00Z,44,83,53,1415,1633,705,1064,1,1,2023
12067,120670705,7,Penrith Panthers,away,2023-04-15T00:00:00Z,16,68,53,1316,1529,893,1146,3,2,2023
12067,120670801,8,Penrith Panthers,away,2023-04-20T00:00:00Z,18,81,45,1528,1562,862,850,3,1,2023
12067,120670906,9,Penrith Panthers,home,2023-04-29T00:00:00Z,8,74,42,1759,2348,1062,942,4,4,2023
12068,120680102,1,Penrith Panthers,home,2023-09-09T00:00:00Z,32,88,55,1621,1376,563,1253,2,0,2023
12068,120680301,3,Penrith Panthers,home,2023-09-22T00:00:00Z,38,93,56,1437,1747,668,952,1,0,2023
12068,120680401,4,Penrith Panthers,home,2023-10-01T00:00:00Z,26,97,54,1192,1627,701,1293,0,0,2023
12445,124450105,1,Penrith Panthers,away,2024-03-08T00:00:00Z,0,77,49,1133,1336,848,1485,1,0,2024
12445,124450203,2,Penrith Panthers,home,2024-03-15T00:00:00Z,26,72,49,945,1407,1028,1424,5,0,2024
12445,124450301,3,Penrith Panthers,home,2024-03-21T00:00:00Z,34,89,51,1066,1283,998,1463,2,1,2024
12445,124450401,4,Penrith Panthers,away,2024-03-28T00:00:00Z,22,83,53,1031,1194,885,1696,3,2,2024
12445,124450505,5,Penrith Panthers,away,2024-04-06T00:00:00Z,18,68,47,1057,1098,1556,1130,3,3,2024
12445,124450704,7,Penrith Panthers,home,2024-04-20T00:00:00Z,22,83,48,1185,1439,924,1290,1,1,2024
12445,124450806,8,Penrith Panthers,away,2024-04-27T00:00:00Z,26,73,45,1035,892,1719,1190,6,3,2024
12445,124450901,9,Penrith Panthers,away,2024-05-02T00:00:00Z,42,80,54,1192,1002,976,1650,5,0,2024
12446,124460101,1,Penrith Panthers,home,2024-09-13T00:00:00Z,30,85,53,929,1112,847,1916,5,0,2024
12446,124460302,3,Penrith Panthers,home,2024-09-28T00:00:00Z,26,79,54,1169,1262,890,1482,1,0,2024
12446,124460401,4,Penrith Panthers,away,2024-10-06T00:00:00Z,14,83,52,1246,1298,913,1345,2,0,2024
12755,127550102,1,Penrith Panthers,home,2025-03-02T00:00:00Z,28,83,50,1187,981,1291,1354,2,0,2025
12755,127550203,2,Penrith Panthers,home,2025-03-14T00:00:00Z,32,71,53,1004,1247,1183,1368,1,0,2025
12755,127550301,3,Penrith Panthers,away,2025-03-20T00:00:00Z,24,83,48,1319,1260,840,1388,4,0,2025
12755,127550401,4,Penrith Panthers,away,2025-03-27T00:00:00Z,18,66,42,1174,1425,1203,1001,2,3,2025
12755,127550502,5,Penrith Panthers,home,2025-04-04T00:00:00Z,18,69,49,1048,1279,1052,1454,3,0,2025
12755,127550601,6,Penrith Panthers,away,2025-04-10T00:00:00Z,12,74,52,978,1092,1039,1704,3,1,2025
12755,127550705,7,Penrith Panthers,away,2025-04-19T00:00:00Z,40,80,54,1235,1145,895,1536,3,1,2025
12755,127550806,8,Penrith Panthers,home,2025-04-26T00:00:00Z,10,74,49,956,1572,1355,922,3,1,2025
12755,127550907,9,Penrith Panthers,home,2025-05-04T00:00:00Z,32,79,50,1039,1069,1063,1644,5,4,2025
12756,127560102,1,Penrith Panthers,away,2025-09-13T00:00:00Z,24,88,53,1016,1338,851,1598,1,2,2025
12756,127560202,2,Penrith Panthers,away,2025-09-21T00:00:00Z,46,82,52,1265,1548,616,1409,1,0,2025
12756,127560302,3,Penrith Panthers,away,2025-09-28T00:00:00Z,14,80,51,1149,1124,1110,1423,3,0,2025
12999,129990105,1,Penrith Panthers,away,2026-03-06T00:00:00Z,26,72,56,2052,1135,581,1037,5,1,2026
12999,129990206,2,Penrith Panthers,home,2026-03-14T00:00:00Z,26,79,50,956,1255,1198,1396,10,2,2026
12999,129990302,3,Penrith Panthers,away,2026-03-20T00:00:00Z,40,79,51,717,581,3413,121,8,3,2026
12999,129990405,4,Penrith Panthers,home,2026-03-28T00:00:00Z,48,84,52,1071,1134,1390,1227,6,2,2026
12999,129990503,5,Penrith Panthers,home,2026-04-03T00:00:00Z,50,84,55,1130,1125,978,1571,4,1,2026
12999,129990601,6,Penrith Panthers,away,2026-04-09T00:00:00Z,16,72,47,1380,1122,1450,861,7,2,2026
12999,129990703,7,Penrith Panthers,away,2026-04-17T00:00:00Z,23,83,50,1338,1284,1237,1250,7,0,2026
12999,129990807,8,Penrith Panthers,away,2026-04-26T00:00:00Z,44,80,56,1082,1330,676,1730,4,0,2026
12999,129990908,9,Penrith Panthers,home,2026-05-03T00:00:00Z,18,67,51,1332,1504,773,1236,1,0,2026
12999,129991008,10,Penrith Panthers,away,2026-05-10T00:00:00Z,30,79,47,1194,1071,1259,1291,3,2,2026
12999,129991108,11,Penrith Panthers,home,2026-05-17T00:00:00Z,28,81,53,1250,1365,945,1251,5,0,2026
9867,98670106,1,South Sydney Rabbitohs,away,2016-03-06T00:00:00Z,42,90,54,1502,1426,758,1132,0,1,2016
9867,98670204,2,South Sydney Rabbitohs,home,2016-03-12T00:00:00Z,48,78,53,1457,1581,632,1156,0,3,2016
9867,98670307,3,South Sydney Rabbitohs,away,2016-03-20T00:00:00Z,6,74,45,1627,1426,993,778,0,4,2016
9867,98670401,4,South Sydney Rabbitohs,home,2016-03-25T00:00:00Z,12,74,42,1528,1473,1094,714,0,3,2016
9867,98670501,5,South Sydney Rabbitohs,away,2016-03-31T00:00:00Z,16,82,45,1440,1628,1049,683,0,5,2016
9867,98670602,6,South Sydney Rabbitohs,home,2016-04-08T00:00:00Z,10,82,49,1714,1468,752,866,0,3,2016
9867,98670702,7,South Sydney Rabbitohs,away,2016-04-15T00:00:00Z,18,73,44,1209,1213,1351,1027,0,0,2016
9867,98670801,8,South Sydney Rabbitohs,away,2016-04-22T00:00:00Z,8,63,44,1649,1352,1156,654,0,5,2016
9867,98670901,9,South Sydney Rabbitohs,home,2016-04-28T00:00:00Z,22,86,49,1569,1411,1103,740,0,2,2016
10095,100950103,1,South Sydney Rabbitohs,home,2017-03-03T00:00:00Z,18,84,50,1611,1617,768,826,0,2,2017
10095,100950205,2,South Sydney Rabbitohs,away,2017-03-11T00:00:00Z,38,89,53,1449,1226,786,1377,0,0,2017
10095,100950304,3,South Sydney Rabbitohs,away,2017-03-18T00:00:00Z,24,72,53,1304,1827,810,872,0,2,2017
10095,100950401,4,South Sydney Rabbitohs,home,2017-03-23T00:00:00Z,6,77,51,1564,1219,781,1261,0,0,2017
10095,100950503,5,South Sydney Rabbitohs,away,2017-03-31T00:00:00Z,6,76,47,1521,1480,1099,728,0,2,2017
10095,100950603,6,South Sydney Rabbitohs,away,2017-04-07T00:00:00Z,20,79,46,1639,1434,799,947,0,2,2017
10095,100950701,7,South Sydney Rabbitohs,away,2017-04-14T00:00:00Z,8,73,46,1581,1538,1049,671,0,0,2017
10095,100950802,8,South Sydney Rabbitohs,home,2017-04-21T00:00:00Z,24,78,49,1697,1717,713,695,0,0,2017
10095,100950902,9,South Sydney Rabbitohs,home,2017-04-28T00:00:00Z,8,63,39,1236,1289,1670,620,0,3,2017
10412,104120105,1,South Sydney Rabbitohs,home,2018-03-10T00:00:00Z,20,67,47,1261,1539,1014,999,0,2,2018
10412,104120205,2,South Sydney Rabbitohs,away,2018-03-17T00:00:00Z,14,76,47,1626,1675,949,609,0,0,2018
10412,104120305,3,South Sydney Rabbitohs,home,2018-03-24T00:00:00Z,34,71,52,1492,1612,577,1142,0,1,2018
10412,104120402,4,South Sydney Rabbitohs,home,2018-03-30T00:00:00Z,20,69,49,1305,1635,944,929,0,0,2018
10412,104120503,5,South Sydney Rabbitohs,away,2018-04-06T00:00:00Z,12,76,49,1413,1318,932,1183,0,1,2018
10412,104120601,6,South Sydney Rabbitohs,away,2018-04-12T00:00:00Z,26,77,52,1563,1477,751,1035,0,0,2018
10412,104120704,7,South Sydney Rabbitohs,home,2018-04-21T00:00:00Z,42,83,50,1313,1352,794,1346,0,1,2018
10412,104120803,8,South Sydney Rabbitohs,home,2018-04-26T00:00:00Z,20,72,50,1655,1466,940,751,0,4,2018
10412,104120902,9,South Sydney Rabbitohs,away,2018-05-04T00:00:00Z,36,88,55,1364,1486,782,1236,0,0,2018
10413,104130101,1,South Sydney Rabbitohs,away,2018-09-07T00:00:00Z,28,83,55,1484,1405,931,998,0,0,2018
10413,104130202,2,South Sydney Rabbitohs,home,2018-09-15T00:00:00Z,10,70,54,1417,1774,880,740,0,0,2018
10413,104130302,3,South Sydney Rabbitohs,away,2018-09-22T00:00:00Z,4,66,53,1461,1550,731,1075,0,1,2018
10684,106840103,1,South Sydney Rabbitohs,away,2019-03-15T00:00:00Z,26,78,58,1234,1478,718,1379,0,2,2019
10684,106840201,2,South Sydney Rabbitohs,away,2019-03-21T00:00:00Z,34,78,52,1571,1409,749,1094,0,2,2019
10684,106840308,3,South Sydney Rabbitohs,home,2019-03-31T00:00:00Z,28,79,55,1425,1487,859,1068,0,1,2019
10684,106840404,4,South Sydney Rabbitohs,away,2019-04-06T00:00:00Z,12,74,52,1289,1659,890,1254,0,1,2019
10684,106840504,5,South Sydney Rabbitohs,home,2019-04-13T00:00:00Z,28,76,54,1523,1450,722,1142,0,1,2019
10684,106840602,6,South Sydney Rabbitohs,away,2019-04-19T00:00:00Z,14,80,55,1210,1331,894,1394,0,1,2019
10684,106840704,7,South Sydney Rabbitohs,away,2019-04-26T00:00:00Z,22,74,47,1525,1367,1268,729,0,5,2019
10684,106840801,8,South Sydney Rabbitohs,home,2019-05-02T00:00:00Z,38,79,57,1439,1644,738,1040,0,1,2019
10684,106840908,9,South Sydney Rabbitohs,home,2019-05-12T00:00:00Z,32,79,51,1559,1559,875,872,0,2,2019
10685,106850101,1,South Sydney Rabbitohs,away,2019-09-13T00:00:00Z,6,69,45,1426,1461,1290,648,0,3,2019
10685,106850201,2,South Sydney Rabbitohs,home,2019-09-20T00:00:00Z,34,76,52,1265,1072,1319,1190,0,0,2019
10685,106850301,3,South Sydney Rabbitohs,away,2019-09-27T00:00:00Z,10,77,54,1222,1551,972,1084,0,0,2019
11095,110950105,1,South Sydney Rabbitohs,home,2020-03-14T00:00:00Z,22,74,49,1541,1384,888,1071,0,2,2020
11095,110950203,2,South Sydney Rabbitohs,away,2020-03-20T00:00:00Z,18,67,46,1431,1407,977,991,0,3,2020
11095,110950303,3,South Sydney Rabbitohs,away,2020-05-29T00:00:00Z,12,88,51,1658,1481,813,887,0,2,2020
11095,110950403,4,South Sydney Rabbitohs,away,2020-06-05T00:00:00Z,8,67,46,1203,1190,1326,1097,0,1,2020
11095,110950504,5,South Sydney Rabbitohs,home,2020-06-13T00:00:00Z,32,85,52,1267,864,1314,1439,0,3,2020
11095,110950602,6,South Sydney Rabbitohs,home,2020-06-19T00:00:00Z,40,63,49,1165,1003,1257,1385,0,1,2020
11095,110950701,7,South Sydney Rabbitohs,away,2020-06-25T00:00:00Z,12,81,46,1024,1310,1446,1060,0,2,2020
11095,110950808,8,South Sydney Rabbitohs,away,2020-07-05T00:00:00Z,26,72,49,1282,997,1175,1358,0,3,2020
11095,110950903,9,South Sydney Rabbitohs,home,2020-07-10T00:00:00Z,18,82,53,1021,1413,1124,1393,0,0,2020
11096,110960104,1,South Sydney Rabbitohs,home,2020-10-04T00:00:00Z,46,86,52,1405,973,880,1567,0,2,2020
11096,110960202,2,South Sydney Rabbitohs,away,2020-10-10T00:00:00Z,38,77,48,952,1081,1025,1762,0,0,2020
11096,110960302,3,South Sydney Rabbitohs,away,2020-10-17T00:00:00Z,16,74,53,1390,1299,1199,995,0,1,2020
11355,113550101,1,South Sydney Rabbitohs,away,2021-03-11T00:00:00Z,18,66,48,1097,1276,1361,1089,2,0,2021
11355,113550205,2,South Sydney Rabbitohs,away,2021-03-20T00:00:00Z,26,76,49,1101,1175,1153,1541,3,0,2021
11355,113550303,3,South Sydney Rabbitohs,home,2021-03-26T00:00:00Z,26,79,55,1413,1454,846,1170,2,3,2021
11355,113550402,4,South Sydney Rabbitohs,away,2021-04-02T00:00:00Z,38,78,50,1023,1177,1071,1535,6,4,2021
11355,113550501,5,South Sydney Rabbitohs,home,2021-04-08T00:00:00Z,35,83,54,1389,1719,547,1169,3,1,2021
11355,113550605,6,South Sydney Rabbitohs,home,2021-04-17T00:00:00Z,18,81,50,1722,1784,740,774,2,3,2021
11355,113550702,7,South Sydney Rabbitohs,away,2021-04-23T00:00:00Z,40,89,54,1414,1660,810,969,3,1,2021
11355,113550801,8,South Sydney Rabbitohs,away,2021-04-29T00:00:00Z,34,81,54,1560,1376,737,1143,7,1,2021
11355,113550901,9,South Sydney Rabbitohs,home,2021-05-06T00:00:00Z,0,73,43,1420,1254,1440,718,2,1,2021
11356,113560103,1,South Sydney Rabbitohs,away,2021-09-11T00:00:00Z,16,86,53,1567,1779,809,774,2,2,2021
11356,113560301,3,South Sydney Rabbitohs,home,2021-09-24T00:00:00Z,36,80,53,1271,1601,558,1436,4,0,2021
11356,113560401,4,South Sydney Rabbitohs,away,2021-10-03T00:00:00Z,12,78,47,1619,1495,1235,469,1,5,2021
11688,116880103,1,South Sydney Rabbitohs,away,2022-03-11T00:00:00Z,4,74,50,1679,1613,817,699,1,0,2022
11688,116880201,2,South Sydney Rabbitohs,away,2022-03-17T00:00:00Z,14,58,54,1604,1555,832,1043,2,3,2022
11688,116880303,3,South Sydney Rabbitohs,home,2022-03-25T00:00:00Z,28,79,54,748,998,2119,963,2,2,2022
11688,116880403,4,South Sydney Rabbitohs,away,2022-04-01T00:00:00Z,12,69,46,1505,1642,1050,647,3,2,2022
11688,116880505,5,South Sydney Rabbitohs,home,2022-04-09T00:00:00Z,24,75,50,1087,1492,985,1251,4,2,2022
11688,116880602,6,South Sydney Rabbitohs,home,2022-04-15T00:00:00Z,36,73,57,1392,1481,904,1126,2,0,2022
11688,116880704,7,South Sydney Rabbitohs,away,2022-04-23T00:00:00Z,22,68,46,1217,511,425,2663,4,3,2022
11688,116880803,8,South Sydney Rabbitohs,home,2022-04-29T00:00:00Z,40,83,50,1401,1402,936,1069,2,2,2022
11688,116880901,9,South Sydney Rabbitohs,home,2022-05-05T00:00:00Z,12,75,51,1516,1460,767,1060,0,1,2022
11689,116890104,1,South Sydney Rabbitohs,away,2022-09-11T00:00:00Z,30,87,52,1296,1332,1220,957,3,2,2022
11689,116890202,2,South Sydney Rabbitohs,away,2022-09-17T00:00:00Z,38,69,54,1462,1456,777,1110,1,1,2022
11689,116890302,3,South Sydney Rabbitohs,away,2022-09-24T00:00:00Z,12,78,51,1551,1294,1278,683,2,3,2022
12067,120670106,1,South Sydney Rabbitohs,away,2023-03-04T00:00:00Z,27,75,53,1559,1703,702,845,1,0,2023
12067,120670201,2,South Sydney Rabbitohs,away,2023-03-09T00:00:00Z,10,70,50,1634,1477,1201,518,1,3,2023
12067,120670303,3,South Sydney Rabbitohs,away,2023-03-17T00:00:00Z,18,66,50,1754,1419,1071,623,4,2,2023
12067,120670405,4,South Sydney Rabbitohs,home,2023-03-25T00:00:00Z,13,78,47,1582,1468,877,1025,3,0,2023
12067,120670503,5,South Sydney Rabbitohs,home,2023-03-31T00:00:00Z,10,80,54,1408,1532,694,1184,2,2,2023
12067,120670602,6,South Sydney Rabbitohs,away,2023-04-07T00:00:00Z,50,74,61,1490,1287,737,1296,3,0,2023
12067,120670701,7,South Sydney Rabbitohs,away,2023-04-13T00:00:00Z,36,92,53,1558,1462,748,1038,3,0,2023
12067,120670801,8,South Sydney Rabbitohs,home,2023-04-20T00:00:00Z,20,87,55,1562,1528,850,862,1,0,2023
12067,120670903,9,South Sydney Rabbitohs,away,2023-04-28T00:00:00Z,32,73,52,1373,1423,820,1188,4,1,2023
12445,124450101,1,South Sydney Rabbitohs,away,2024-03-03T00:00:00Z,24,76,51,1020,1097,1655,1033,1,1,2024
12445,124450201,2,South Sydney Rabbitohs,away,2024-03-14T00:00:00Z,18,59,46,953,942,1534,1373,5,1,2024
12445,124450303,3,South Sydney Rabbitohs,away,2024-03-22T00:00:00Z,6,70,50,1223,1073,1521,987,1,2,2024
12445,124450402,4,South Sydney Rabbitohs,home,2024-03-29T00:00:00Z,20,97,48,1110,957,1549,1218,3,2,2024
12445,124450504,5,South Sydney Rabbitohs,home,2024-04-06T00:00:00Z,4,61,46,1145,1280,1799,602,1,0,2024
12445,124450606,6,South Sydney Rabbitohs,home,2024-04-13T00:00:00Z,22,87,55,1025,1188,1256,1361,2,0,2024
12445,124450803,8,South Sydney Rabbitohs,away,2024-04-25T00:00:00Z,20,91,49,898,1086,1623,1198,3,2,2024
12445,124450901,9,South Sydney Rabbitohs,home,2024-05-02T00:00:00Z,12,79,46,1002,1192,1650,976,4,2,2024
12755,127550105,1,South Sydney Rabbitohs,home,2025-03-07T00:00:00Z,16,85,53,1408,1043,1379,977,2,0,2025
12755,127550204,2,South Sydney Rabbitohs,away,2025-03-15T00:00:00Z,25,76,53,1141,1326,1178,1161,1,0,2025
12755,127550304,3,South Sydney Rabbitohs,away,2025-03-22T00:00:00Z,12,67,44,1092,846,1891,993,2,1,2025
12755,127550401,4,South Sydney Rabbitohs,home,2025-03-27T00:00:00Z,28,84,58,1425,1174,1001,1203,5,0,2025
12755,127550503,5,South Sydney Rabbitohs,home,2025-04-04T00:00:00Z,20,83,59,1115,1234,1173,1298,1,2,2025
12755,127550605,6,South Sydney Rabbitohs,home,2025-04-12T00:00:00Z,16,72,46,1196,1168,1430,1020,2,1,2025
12755,127550702,7,South Sydney Rabbitohs,away,2025-04-18T00:00:00Z,0,72,42,1181,883,2059,681,3,3,2025
12755,127550804,8,South Sydney Rabbitohs,away,2025-04-25T00:00:00Z,16,79,46,1193,1112,1538,962,7,3,2025
12755,127550903,9,South Sydney Rabbitohs,home,2025-05-03T00:00:00Z,4,76,52,1166,1277,1229,1131,3,0,2025
12999,129990108,1,South Sydney Rabbitohs,away,2026-03-08T00:00:00Z,40,81,60,2312,31,2431,29,4,0,2026
12999,129990203,2,South Sydney Rabbitohs,away,2026-03-13T00:00:00Z,18,82,52,1164,1199,1380,1071,4,3,2026
12999,129990306,3,South Sydney Rabbitohs,home,2026-03-21T00:00:00Z,20,78,49,939,2846,573,447,6,0,2026
12999,129990502,5,South Sydney Rabbitohs,home,2026-04-03T00:00:00Z,32,84,53,924,2486,603,791,2,0,2026
12999,129990604,6,South Sydney Rabbitohs,home,2026-04-11T00:00:00Z,34,73,53,992,1157,1274,1381,1,2,2026
12999,129990705,7,South Sydney Rabbitohs,home,2026-04-18T00:00:00Z,30,83,56,1278,1231,792,1502,5,1,2026
12999,129990806,8,South Sydney Rabbitohs,away,2026-04-25T00:00:00Z,48,83,57,2643,1989,138,30,5,0,2026
12999,129990906,9,South Sydney Rabbitohs,away,2026-05-03T00:00:00Z,38,72,51,913,1151,1447,1309,2,0,2026
12999,129991005,10,South Sydney Rabbitohs,home,2026-05-09T00:00:00Z,36,91,55,612,554,2608,1040,6,1,2026
12999,129991102,11,South Sydney Rabbitohs,home,2026-05-15T00:00:00Z,10,72,51,1176,1044,1561,1025,5,1,2026
12999,129991205,12,South Sydney Rabbitohs,away,2026-05-24T06:05:00Z,18,69,49,1336,1171,1312,986,3,0,2026
9867,98670108,1,St George-Illawarra Dragons,away,2016-03-07T00:00:00Z,16,75,53,1537,1373,1022,873,0,2,2016
9867,98670206,2,St George-Illawarra Dragons,away,2016-03-13T00:00:00Z,2,53,40,1401,1292,1275,854,0,3,2016
9867,98670307,3,St George-Illawarra Dragons,home,2016-03-20T00:00:00Z,8,82,55,1426,1627,778,993,0,0,2016
9867,98670405,4,St George-Illawarra Dragons,home,2016-03-27T00:00:00Z,14,85,47,1447,1420,1029,958,0,1,2016
9867,98670505,5,St George-Illawarra Dragons,away,2016-04-02T00:00:00Z,0,63,44,1555,1622,1075,562,0,3,2016
9867,98670601,6,St George-Illawarra Dragons,away,2016-04-07T00:00:00Z,0,69,44,1401,1402,1323,709,0,2,2016
9867,98670703,7,St George-Illawarra Dragons,away,2016-04-16T00:00:00Z,18,79,47,1724,1529,802,745,0,3,2016
9867,98670807,8,St George-Illawarra Dragons,home,2016-04-25T00:00:00Z,20,76,51,1419,1646,841,943,0,1,2016
9867,98670906,9,St George-Illawarra Dragons,away,2016-05-01T00:00:00Z,10,69,47,1240,1589,1154,817,0,3,2016
10095,100950104,1,St George-Illawarra Dragons,home,2017-03-04T00:00:00Z,42,74,55,1721,1525,516,1060,0,0,2017
10095,100950208,2,St George-Illawarra Dragons,home,2017-03-12T00:00:00Z,16,71,43,1432,1461,1171,776,0,1,2017
10095,100950308,3,St George-Illawarra Dragons,away,2017-03-19T00:00:00Z,16,83,50,1457,1574,976,819,0,2,2017
10095,100950408,4,St George-Illawarra Dragons,home,2017-03-26T00:00:00Z,26,80,49,1791,1450,715,882,0,1,2017
10095,100950508,5,St George-Illawarra Dragons,away,2017-04-02T00:00:00Z,28,87,47,1487,1422,993,934,0,3,2017
10095,100950604,6,St George-Illawarra Dragons,away,2017-04-08T00:00:00Z,34,83,49,1677,1624,755,785,0,1,2017
10095,100950706,7,St George-Illawarra Dragons,home,2017-04-15T00:00:00Z,28,76,50,1574,1313,1076,842,0,3,2017
10095,100950807,8,St George-Illawarra Dragons,away,2017-04-25T00:00:00Z,12,73,51,1742,1739,709,850,0,3,2017
10095,100950908,9,St George-Illawarra Dragons,home,2017-04-30T00:00:00Z,22,74,56,1398,1391,1058,993,0,0,2017
10412,104120101,1,St George-Illawarra Dragons,home,2018-03-08T00:00:00Z,34,74,58,1178,1715,730,1185,0,0,2018
10412,104120201,2,St George-Illawarra Dragons,away,2018-03-15T00:00:00Z,20,75,48,1255,1626,950,1039,0,5,2018
10412,104120307,3,St George-Illawarra Dragons,away,2018-03-25T00:00:00Z,54,85,55,1507,1765,632,914,0,0,2018
10412,104120406,4,St George-Illawarra Dragons,home,2018-04-01T00:00:00Z,30,88,56,1539,1743,442,1093,0,0,2018
10412,104120503,5,St George-Illawarra Dragons,home,2018-04-06T00:00:00Z,16,83,51,1318,1413,1183,932,0,2,2018
10412,104120603,6,St George-Illawarra Dragons,home,2018-04-13T00:00:00Z,40,83,55,1037,1661,873,1250,0,3,2018
10412,104120702,7,St George-Illawarra Dragons,away,2018-04-20T00:00:00Z,12,77,52,1347,1658,882,937,0,1,2018
10412,104120801,8,St George-Illawarra Dragons,home,2018-04-25T00:00:00Z,24,74,51,1653,1504,1043,706,0,1,2018
10412,104120907,9,St George-Illawarra Dragons,home,2018-05-06T00:00:00Z,34,68,57,1550,1590,963,727,0,1,2018
10413,104130104,1,St George-Illawarra Dragons,away,2018-09-09T00:00:00Z,48,86,50,1208,1390,1075,1315,0,1,2018
10413,104130202,2,St George-Illawarra Dragons,away,2018-09-15T00:00:00Z,12,77,46,1774,1417,740,880,0,4,2018
10684,106840106,1,St George-Illawarra Dragons,away,2019-03-16T00:00:00Z,12,75,46,1275,1457,1176,918,0,1,2019
10684,106840201,2,St George-Illawarra Dragons,home,2019-03-21T00:00:00Z,18,77,48,1409,1571,1094,749,0,4,2019
10684,106840301,3,St George-Illawarra Dragons,away,2019-03-28T00:00:00Z,24,86,53,1047,1783,1184,812,0,1,2019
10684,106840408,4,St George-Illawarra Dragons,away,2019-04-07T00:00:00Z,12,76,50,1653,1690,989,974,0,1,2019
10684,106840507,5,St George-Illawarra Dragons,home,2019-04-14T00:00:00Z,40,79,53,1656,1403,746,1011,0,3,2019
10684,106840605,6,St George-Illawarra Dragons,home,2019-04-20T00:00:00Z,12,83,45,1520,1336,788,1182,0,5,2019
10684,106840701,7,St George-Illawarra Dragons,away,2019-04-25T00:00:00Z,10,66,44,1581,1199,1331,761,0,2,2019
10684,106840808,8,St George-Illawarra Dragons,away,2019-05-05T00:00:00Z,18,76,47,1555,1345,1230,683,0,3,2019
10684,106840905,9,St George-Illawarra Dragons,away,2019-05-11T00:00:00Z,18,73,47,1367,1450,1070,981,0,1,2019
11095,110950108,1,St George-Illawarra Dragons,home,2020-03-15T00:00:00Z,14,63,42,1265,1287,1479,789,0,4,2020
11095,110950202,2,St George-Illawarra Dragons,home,2020-03-20T00:00:00Z,28,84,45,1246,1332,1295,933,0,2,2020
11095,110950304,3,St George-Illawarra Dragons,away,2020-05-30T00:00:00Z,0,82,44,1504,1332,1207,785,0,1,2020
11095,110950408,4,St George-Illawarra Dragons,away,2020-06-08T00:00:00Z,2,74,43,1247,1164,1500,919,0,1,2020
11095,110950508,5,St George-Illawarra Dragons,home,2020-06-14T00:00:00Z,30,83,51,1383,1345,987,1198,0,3,2020
11095,110950604,6,St George-Illawarra Dragons,away,2020-06-20T00:00:00Z,20,74,52,1064,1342,1054,1374,0,3,2020
11095,110950703,7,St George-Illawarra Dragons,away,2020-06-26T00:00:00Z,12,85,48,948,1396,1355,1113,0,2,2020
11095,110950802,8,St George-Illawarra Dragons,away,2020-07-03T00:00:00Z,16,76,49,1473,1121,1189,1038,0,1,2020
11095,110950908,9,St George-Illawarra Dragons,home,2020-07-12T00:00:00Z,34,90,49,1014,1231,838,1766,0,1,2020
11355,113550108,1,St George-Illawarra Dragons,home,2021-03-14T00:00:00Z,18,70,41,1071,1080,1721,978,1,3,2021
11355,113550206,2,St George-Illawarra Dragons,away,2021-03-20T00:00:00Z,25,69,50,1312,1086,1279,1154,6,4,2021
11355,113550302,3,St George-Illawarra Dragons,home,2021-03-26T00:00:00Z,38,82,51,1307,1296,1044,1168,1,3,2021
11355,113550406,4,St George-Illawarra Dragons,away,2021-04-04T00:00:00Z,22,70,47,1183,1074,1113,1456,8,1,2021
11355,113550508,5,St George-Illawarra Dragons,away,2021-04-11T00:00:00Z,26,80,53,1628,1453,920,812,10,0,2021
11355,113550607,6,St George-Illawarra Dragons,home,2021-04-18T00:00:00Z,14,79,49,1702,1427,784,902,4,2,2021
11355,113550707,7,St George-Illawarra Dragons,away,2021-04-25T00:00:00Z,10,82,49,1381,1235,1344,855,3,4,2021
11355,113550808,8,St George-Illawarra Dragons,home,2021-05-02T00:00:00Z,8,69,45,1582,1512,970,754,1,3,2021
11355,113550908,9,St George-Illawarra Dragons,home,2021-05-09T00:00:00Z,32,65,50,1398,1608,864,950,4,0,2021
11688,116880105,1,St George-Illawarra Dragons,away,2022-03-12T00:00:00Z,28,82,57,949,1066,1291,1514,3,1,2022
11688,116880202,2,St George-Illawarra Dragons,home,2022-03-18T00:00:00Z,16,65,55,1469,1372,978,1014,3,0,2022
11688,116880301,3,St George-Illawarra Dragons,home,2022-03-24T00:00:00Z,12,76,52,1192,962,1975,686,0,1,2022
11688,116880408,4,St George-Illawarra Dragons,away,2022-04-03T00:00:00Z,14,75,48,1536,1494,1176,643,5,0,2022
11688,116880505,5,St George-Illawarra Dragons,away,2022-04-09T00:00:00Z,12,61,50,1492,1087,1251,985,3,1,2022
11688,116880607,6,St George-Illawarra Dragons,home,2022-04-17T00:00:00Z,21,85,58,1403,1522,788,1099,0,1,2022
11688,116880707,7,St George-Illawarra Dragons,home,2022-04-25T00:00:00Z,14,71,54,1476,1376,1144,821,5,3,2022
11688,116880808,8,St George-Illawarra Dragons,home,2022-05-01T00:00:00Z,12,77,47,2486,945,699,693,2,4,2022
11688,116880907,9,St George-Illawarra Dragons,away,2022-05-08T00:00:00Z,6,70,45,1236,1101,1776,687,2,1,2022
12067,120670208,2,St George-Illawarra Dragons,home,2023-03-12T00:00:00Z,32,78,56,1717,1546,599,974,2,1,2023
12067,120670306,3,St George-Illawarra Dragons,away,2023-03-18T00:00:00Z,18,81,45,1565,1078,1213,953,3,4,2023
12067,120670408,4,St George-Illawarra Dragons,home,2023-03-26T00:00:00Z,8,73,51,1431,1386,1185,807,1,2,2023
12067,120670505,5,St George-Illawarra Dragons,home,2023-04-01T00:00:00Z,38,88,54,1563,1748,657,865,2,0,2023
12067,120670606,6,St George-Illawarra Dragons,away,2023-04-09T00:00:00Z,18,77,52,1356,1605,984,866,2,1,2023
12067,120670707,7,St George-Illawarra Dragons,away,2023-04-16T00:00:00Z,14,68,50,1316,1423,1063,1004,4,4,2023
12067,120670807,8,St George-Illawarra Dragons,away,2023-04-25T00:00:00Z,26,71,50,1477,1507,938,885,2,1,2023
12067,120670908,9,St George-Illawarra Dragons,home,2023-04-30T00:00:00Z,16,74,53,1539,1637,633,1007,2,1,2023
12445,124450107,1,St George-Illawarra Dragons,away,2024-03-09T00:00:00Z,28,73,52,938,892,1308,1664,5,1,2024
12445,124450208,2,St George-Illawarra Dragons,away,2024-03-17T00:00:00Z,0,68,48,1044,1078,1755,934,1,1,2024
12445,124450305,3,St George-Illawarra Dragons,home,2024-03-23T00:00:00Z,24,74,43,1006,894,1691,1226,1,2,2024
12445,124450404,4,St George-Illawarra Dragons,home,2024-03-30T00:00:00Z,20,71,48,1373,1113,1259,1059,4,3,2024
12445,124450503,5,St George-Illawarra Dragons,away,2024-04-05T00:00:00Z,10,62,49,1110,1181,1345,1168,1,2,2024
12445,124450607,6,St George-Illawarra Dragons,away,2024-04-14T00:00:00Z,24,76,53,1227,1224,1279,1104,2,0,2024
12445,124450702,7,St George-Illawarra Dragons,home,2024-04-19T00:00:00Z,30,79,51,1157,1094,1363,1189,3,1,2024
12445,124450802,8,St George-Illawarra Dragons,home,2024-04-25T00:00:00Z,18,87,49,983,919,1802,1112,0,4,2024
12445,124450908,9,St George-Illawarra Dragons,away,2024-05-05T00:00:00Z,10,73,51,1273,1138,1450,950,6,0,2024
12755,127550106,1,St George-Illawarra Dragons,home,2025-03-08T00:00:00Z,20,67,45,1270,909,1661,965,3,0,2025
12755,127550204,2,St George-Illawarra Dragons,home,2025-03-15T00:00:00Z,24,81,47,1326,1141,1161,1178,4,1,2025
12755,127550404,4,St George-Illawarra Dragons,home,2025-03-29T00:00:00Z,14,81,47,975,1001,1532,1316,4,2,2025
12755,127550504,5,St George-Illawarra Dragons,away,2025-04-05T00:00:00Z,22,73,48,1117,1141,1578,1190,5,1,2025
12755,127550602,6,St George-Illawarra Dragons,home,2025-04-11T00:00:00Z,38,76,51,1075,1095,1158,1498,1,2,2025
12755,127550701,7,St George-Illawarra Dragons,away,2025-04-17T00:00:00Z,20,75,47,1454,1420,913,1013,5,1,2025
12755,127550802,8,St George-Illawarra Dragons,away,2025-04-25T00:00:00Z,18,78,45,1034,956,1727,1087,2,2,2025
12755,127550905,9,St George-Illawarra Dragons,away,2025-05-03T00:00:00Z,28,79,46,1016,1115,1293,1965,1,0,2025
12999,129990102,1,St George-Illawarra Dragons,away,2026-03-01T00:00:00Z,14,86,50,2294,2867,106,141,2,1,2026
12999,129990205,2,St George-Illawarra Dragons,home,2026-03-14T00:00:00Z,20,74,51,1392,867,1378,1173,5,1,2026
12999,129990307,3,St George-Illawarra Dragons,away,2026-03-22T00:00:00Z,20,76,48,2683,1265,204,660,6,1,2026
12999,129990408,4,St George-Illawarra Dragons,away,2026-03-29T00:00:00Z,14,72,50,1017,1199,1251,1346,8,2,2026
12999,129990504,5,St George-Illawarra Dragons,home,2026-04-04T00:00:00Z,0,83,47,1108,1261,1545,938,5,1,2026
12999,129990602,6,St George-Illawarra Dragons,home,2026-04-10T00:00:00Z,18,77,48,767,837,2120,1076,6,0,2026
12999,129990705,7,St George-Illawarra Dragons,away,2026-04-18T00:00:00Z,12,78,44,1231,1278,1502,792,3,0,2026
12999,129990804,8,St George-Illawarra Dragons,home,2026-04-25T00:00:00Z,16,70,46,500,676,3166,463,2,2,2026
12999,129991004,10,St George-Illawarra Dragons,home,2026-05-09T00:00:00Z,10,65,49,1164,1461,1250,998,3,0,2026
12999,129991108,11,St George-Illawarra Dragons,away,2026-05-17T00:00:00Z,6,78,47,1365,1250,1251,945,3,4,2026
12999,129991203,12,St George-Illawarra Dragons,home,2026-05-23T07:30:00Z,12,65,51,868,1204,1362,1368,6,1,2026
9867,98670106,1,Sydney Roosters,home,2016-03-06T00:00:00Z,10,83,46,1426,1502,1132,758,0,3,2016
9867,98670203,2,Sydney Roosters,away,2016-03-12T00:00:00Z,20,76,54,1608,1401,727,1064,0,2,2016
9867,98670301,3,Sydney Roosters,away,2016-03-17T00:00:00Z,0,66,41,1805,1244,1387,444,0,4,2016
9867,98670404,4,Sydney Roosters,home,2016-03-26T00:00:00Z,20,73,51,1290,1511,946,1070,0,0,2016
9867,98670506,5,Sydney Roosters,home,2016-04-03T00:00:00Z,28,69,47,1501,1448,1082,882,0,2,2016
9867,98670602,6,Sydney Roosters,away,2016-04-08T00:00:00Z,16,78,51,1468,1714,866,752,0,4,2016
9867,98670708,7,Sydney Roosters,home,2016-04-18T00:00:00Z,16,68,46,1461,1489,1107,759,0,7,2016
9867,98670807,8,Sydney Roosters,away,2016-04-25T00:00:00Z,18,65,49,1646,1419,943,841,0,0,2016
9867,98670904,9,Sydney Roosters,home,2016-04-30T00:00:00Z,38,78,54,1425,1459,546,1383,0,1,2016
10095,100950106,1,Sydney Roosters,away,2017-03-04T00:00:00Z,32,70,46,1410,1815,711,886,0,3,2017
10095,100950201,2,Sydney Roosters,home,2017-03-09T00:00:00Z,28,71,49,1497,1528,730,1080,0,0,2017
10095,100950305,3,Sydney Roosters,away,2017-03-18T00:00:00Z,14,66,51,1750,1554,719,784,0,0,2017
10095,100950401,4,Sydney Roosters,away,2017-03-23T00:00:00Z,20,81,49,1219,1564,1261,781,0,5,2017
10095,100950502,5,Sydney Roosters,home,2017-03-31T00:00:00Z,12,67,47,1694,1856,791,523,0,1,2017
10095,100950601,6,Sydney Roosters,away,2017-04-06T00:00:00Z,8,72,44,1436,1639,1205,563,0,3,2017
10095,100950702,7,Sydney Roosters,away,2017-04-14T00:00:00Z,24,81,51,1640,1611,596,983,0,0,2017
10095,100950807,8,Sydney Roosters,home,2017-04-25T00:00:00Z,12,76,49,1739,1742,850,709,0,2,2017
10095,100950907,9,Sydney Roosters,away,2017-04-30T00:00:00Z,12,75,48,1559,1539,807,917,0,1,2017
10096,100960101,1,Sydney Roosters,home,2017-09-08T00:00:00Z,24,81,49,1372,1386,877,1176,0,0,2017
10096,100960302,3,Sydney Roosters,home,2017-09-23T00:00:00Z,16,65,43,1547,1310,1286,669,0,5,2017
10412,104120104,1,Sydney Roosters,away,2018-03-10T00:00:00Z,8,67,49,1658,1518,804,837,0,3,2018
10412,104120202,2,Sydney Roosters,home,2018-03-16T00:00:00Z,30,70,48,1290,1611,854,1067,0,0,2018
10412,104120308,3,Sydney Roosters,home,2018-03-25T00:00:00Z,38,73,51,1927,1518,580,788,0,1,2018
10412,104120404,4,Sydney Roosters,home,2018-03-31T00:00:00Z,6,59,39,1668,1486,1109,558,0,4,2018
10412,104120502,5,Sydney Roosters,away,2018-04-06T00:00:00Z,28,83,48,1362,1674,855,936,0,2,2018
10412,104120601,6,Sydney Roosters,home,2018-04-12T00:00:00Z,14,73,48,1477,1563,1035,751,0,1,2018
10412,104120701,7,Sydney Roosters,away,2018-04-19T00:00:00Z,6,65,43,1804,1385,1020,628,0,4,2018
10412,104120801,8,Sydney Roosters,away,2018-04-25T00:00:00Z,8,66,49,1504,1653,706,1043,0,1,2018
10412,104120908,9,Sydney Roosters,home,2018-05-06T00:00:00Z,22,68,44,1076,1270,1438,1029,0,3,2018
10413,104130103,1,Sydney Roosters,home,2018-09-08T00:00:00Z,20,95,51,1665,1495,711,970,0,1,2018
10413,104130302,3,Sydney Roosters,home,2018-09-22T00:00:00Z,12,76,47,1550,1461,1075,731,0,2,2018
10413,104130401,4,Sydney Roosters,home,2018-09-30T00:00:00Z,20,87,57,1288,1431,880,1238,0,2,2018
10684,106840103,1,Sydney Roosters,home,2019-03-15T00:00:00Z,16,67,42,1478,1234,1379,718,0,3,2019
10684,106840206,2,Sydney Roosters,away,2019-03-23T00:00:00Z,26,69,50,1272,1265,1156,1125,0,2,2019
10684,106840303,3,Sydney Roosters,away,2019-03-29T00:00:00Z,32,75,54,1410,1532,858,1025,0,3,2019
10684,106840401,4,Sydney Roosters,home,2019-04-04T00:00:00Z,36,75,59,1386,1310,705,1416,0,1,2019
10684,106840506,5,Sydney Roosters,away,2019-04-13T00:00:00Z,30,68,53,1659,1351,1035,893,0,2,2019
10684,106840603,6,Sydney Roosters,away,2019-04-19T00:00:00Z,20,66,49,1604,1468,1246,595,0,6,2019
10684,106840701,7,Sydney Roosters,home,2019-04-25T00:00:00Z,20,76,56,1199,1581,761,1331,0,0,2019
10684,106840806,8,Sydney Roosters,home,2019-05-04T00:00:00Z,42,64,57,1482,1258,827,1321,0,1,2019
10684,106840907,9,Sydney Roosters,home,2019-05-12T00:00:00Z,30,74,52,1327,1657,1022,820,0,1,2019
10685,106850101,1,Sydney Roosters,home,2019-09-13T00:00:00Z,30,70,55,1461,1426,648,1290,0,0,2019
10685,106850302,3,Sydney Roosters,home,2019-09-28T00:00:00Z,14,72,50,1360,1428,998,1020,0,1,2019
10685,106850401,4,Sydney Roosters,home,2019-10-06T00:00:00Z,14,78,49,1503,1490,1020,858,0,2,2019
11095,110950106,1,Sydney Roosters,away,2020-03-14T00:00:00Z,14,66,47,1479,1552,977,804,0,2,2020
11095,110950205,2,Sydney Roosters,home,2020-03-21T00:00:00Z,8,70,47,1316,1622,610,1263,0,0,2020
11095,110950303,3,Sydney Roosters,home,2020-05-29T00:00:00Z,28,80,49,1481,1658,887,813,0,3,2020
11095,110950401,4,Sydney Roosters,away,2020-06-04T00:00:00Z,58,80,60,759,1330,678,2057,0,0,2020
11095,110950507,5,Sydney Roosters,away,2020-06-15T00:00:00Z,42,69,48,1150,1068,1005,1618,0,2,2020
11095,110950606,6,Sydney Roosters,home,2020-06-20T00:00:00Z,24,90,52,998,1243,1031,1605,0,2,2020
11095,110950703,7,Sydney Roosters,home,2020-06-26T00:00:00Z,26,71,52,1396,948,1113,1355,0,2,2020
11095,110950801,8,Sydney Roosters,away,2020-07-02T00:00:00Z,24,65,46,1176,1402,1518,1054,0,0,2020
11095,110950901,9,Sydney Roosters,away,2020-07-09T00:00:00Z,42,73,46,980,1072,1259,1538,0,1,2020
11096,110960101,1,Sydney Roosters,away,2020-10-02T00:00:00Z,28,77,50,1145,1144,1379,1168,0,1,2020
11096,110960201,2,Sydney Roosters,home,2020-10-09T00:00:00Z,18,77,44,1277,1260,1248,1059,0,1,2020
11355,113550105,1,Sydney Roosters,home,2021-03-13T00:00:00Z,46,74,50,1241,1163,764,1714,2,1,2021
11355,113550207,2,Sydney Roosters,away,2021-03-21T00:00:00Z,40,80,54,1422,1656,485,1274,7,0,2021
11355,113550303,3,Sydney Roosters,away,2021-03-26T00:00:00Z,16,70,45,1454,1413,1170,846,5,3,2021
11355,113550407,4,Sydney Roosters,home,2021-04-04T00:00:00Z,32,75,50,909,1144,1046,1725,3,3,2021
11355,113550506,5,Sydney Roosters,home,2021-04-10T00:00:00Z,26,82,48,1535,1684,717,890,0,1,2021
11355,113550603,6,Sydney Roosters,away,2021-04-16T00:00:00Z,4,66,49,1691,1380,1230,556,2,2,2021
11355,113550707,7,Sydney Roosters,home,2021-04-25T00:00:00Z,34,74,51,1235,1381,855,1344,4,4,2021
11355,113550806,8,Sydney Roosters,away,2021-05-01T00:00:00Z,38,83,54,1463,1326,852,1178,4,2,2021
11355,113550903,9,Sydney Roosters,away,2021-05-07T00:00:00Z,18,67,43,1570,1324,1491,469,6,4,2021
11356,113560102,1,Sydney Roosters,home,2021-09-11T00:00:00Z,25,67,50,1535,1752,683,959,3,1,2021
11356,113560201,2,Sydney Roosters,away,2021-09-17T00:00:00Z,6,67,43,1391,1568,1239,695,2,0,2021
11688,116880104,1,Sydney Roosters,home,2022-03-12T00:00:00Z,6,68,47,1432,1664,1069,676,1,2,2022
11688,116880203,2,Sydney Roosters,home,2022-03-18T00:00:00Z,26,71,52,1042,1022,1244,1547,2,2,2022
11688,116880303,3,Sydney Roosters,away,2022-03-25T00:00:00Z,16,74,46,998,748,963,2119,3,2,2022
11688,116880406,4,Sydney Roosters,away,2022-04-02T00:00:00Z,28,77,53,2522,1778,554,817,2,1,2022
11688,116880503,5,Sydney Roosters,away,2022-04-08T00:00:00Z,24,76,47,1544,1810,741,851,3,1,2022
11688,116880606,6,Sydney Roosters,home,2022-04-17T00:00:00Z,22,78,51,1161,1269,903,1490,4,1,2022
11688,116880707,7,Sydney Roosters,away,2022-04-25T00:00:00Z,12,67,46,1376,1476,821,1144,1,0,2022
11688,116880805,8,Sydney Roosters,away,2022-04-30T00:00:00Z,12,62,47,1265,1569,933,1051,4,0,2022
11688,116880905,9,Sydney Roosters,home,2022-05-07T00:00:00Z,44,73,47,1003,1046,1072,1699,2,4,2022
11689,116890104,1,Sydney Roosters,home,2022-09-11T00:00:00Z,14,75,48,1332,1296,957,1220,2,0,2022
12067,120670107,1,Sydney Roosters,away,2023-03-05T00:00:00Z,18,64,46,1583,1295,1328,605,2,3,2023
12067,120670204,2,Sydney Roosters,home,2023-03-11T00:00:00Z,20,81,55,1538,1505,871,966,2,0,2023
12067,120670303,3,Sydney Roosters,home,2023-03-17T00:00:00Z,20,77,50,1419,1754,623,1071,1,3,2023
12067,120670501,5,Sydney Roosters,home,2023-03-30T00:00:00Z,28,79,49,1289,1469,817,1235,2,1,2023
12067,120670601,6,Sydney Roosters,away,2023-04-06T00:00:00Z,8,66,41,1445,1408,1466,493,3,2,2023
12067,120670702,7,Sydney Roosters,away,2023-04-14T00:00:00Z,12,79,50,1536,1573,877,827,2,0,2023
12067,120670807,8,Sydney Roosters,home,2023-04-25T00:00:00Z,27,60,50,1507,1477,885,938,3,0,2023
12067,120670907,9,Sydney Roosters,away,2023-04-30T00:00:00Z,14,79,46,1456,1555,850,956,3,4,2023
12068,120680103,1,Sydney Roosters,away,2023-09-09T00:00:00Z,13,73,47,1611,1639,808,748,2,1,2023
12068,120680201,2,Sydney Roosters,away,2023-09-15T00:00:00Z,13,82,47,1347,1505,980,975,2,0,2023
12445,124450102,1,Sydney Roosters,home,2024-03-03T00:00:00Z,20,79,51,1014,1189,960,1657,1,2,2024
12445,124450207,2,Sydney Roosters,away,2024-03-17T00:00:00Z,14,56,41,1265,859,1833,856,4,0,2024
12445,124450303,3,Sydney Roosters,home,2024-03-22T00:00:00Z,48,88,50,1073,1223,987,1521,5,1,2024
12445,124450401,4,Sydney Roosters,home,2024-03-28T00:00:00Z,16,79,47,1194,1031,1696,885,4,3,2024
12445,124450502,5,Sydney Roosters,away,2024-04-05T00:00:00Z,26,68,51,1021,1130,1425,1291,1,1,2024
12445,124450601,6,Sydney Roosters,away,2024-04-11T00:00:00Z,22,80,50,1258,1291,974,1285,3,0,2024
12445,124450701,7,Sydney Roosters,home,2024-04-18T00:00:00Z,12,79,47,1159,1368,1073,1205,0,0,2024
12445,124450802,8,Sydney Roosters,away,2024-04-25T00:00:00Z,60,85,51,919,983,1112,1802,4,1,2024
12445,124450903,9,Sydney Roosters,away,2024-05-03T00:00:00Z,40,78,47,1250,2313,1173,1377,3,1,2024
12446,124460101,1,Sydney Roosters,away,2024-09-13T00:00:00Z,10,78,47,1112,929,1916,847,2,4,2024
12446,124460202,2,Sydney Roosters,home,2024-09-21T00:00:00Z,40,85,54,1030,1340,733,1699,0,0,2024
12446,124460301,3,Sydney Roosters,away,2024-09-27T00:00:00Z,18,74,46,978,1048,1686,1090,3,1,2024
12755,127550103,1,Sydney Roosters,home,2025-03-06T00:00:00Z,14,71,42,1181,915,1820,891,2,4,2025
12755,127550203,2,Sydney Roosters,away,2025-03-14T00:00:00Z,38,74,47,1247,1004,1368,1183,2,1,2025
12755,127550302,3,Sydney Roosters,away,2025-03-21T00:00:00Z,6,68,46,1282,1379,1417,729,3,2,2025
12755,127550402,4,Sydney Roosters,home,2025-03-28T00:00:00Z,12,54,47,1295,1182,1126,1213,1,1,2025
12755,127550503,5,Sydney Roosters,away,2025-04-04T00:00:00Z,14,64,41,1234,1115,1298,1173,2,1,2025
12755,127550603,6,Sydney Roosters,away,2025-04-11T00:00:00Z,26,77,55,1163,857,1297,1490,0,1,2025
12755,127550705,7,Sydney Roosters,home,2025-04-19T00:00:00Z,12,76,46,1145,1235,1536,895,1,3,2025
12755,127550802,8,Sydney Roosters,home,2025-04-25T00:00:00Z,46,76,55,956,1034,1087,1727,3,3,2025
12755,127550902,9,Sydney Roosters,home,2025-05-02T00:00:00Z,36,73,55,1072,1095,963,1681,1,1,2025
12756,127560103,1,Sydney Roosters,away,2025-09-13T00:00:00Z,10,70,49,1151,1299,1275,1095,2,1,2025
12999,129990104,1,Sydney Roosters,away,2026-03-06T00:00:00Z,18,62,42,1272,1200,1199,1139,5,0,2026
12999,129990203,2,Sydney Roosters,home,2026-03-13T00:00:00Z,26,74,48,1199,1164,1071,1380,3,3,2026
12999,129990302,3,Sydney Roosters,home,2026-03-20T00:00:00Z,4,65,49,581,717,121,3413,4,1,2026
12999,129990401,4,Sydney Roosters,away,2026-03-26T00:00:00Z,33,94,57,959,1104,506,2237,3,0,2026
12999,129990605,6,Sydney Roosters,away,2026-04-11T00:00:00Z,34,71,53,1139,801,1189,1711,6,1,2026
12999,129990707,7,Sydney Roosters,home,2026-04-19T00:00:00Z,38,68,53,1112,997,752,1940,3,0,2026
12999,129990804,8,Sydney Roosters,away,2026-04-25T00:00:00Z,62,73,54,676,500,463,3166,3,1,2026
12999,129990905,9,Sydney Roosters,home,2026-05-02T00:00:00Z,38,85,54,974,842,993,2004,3,1,2026
12999,129991002,10,Sydney Roosters,home,2026-05-08T00:00:00Z,28,86,53,990,2051,1450,309,2,0,2026
12999,129991104,11,Sydney Roosters,home,2026-05-16T00:00:00Z,12,70,45,1134,1347,1257,1186,5,1,2026
9867,98670104,1,Warriors,away,2016-03-05T00:00:00Z,26,75,47,1657,1194,1055,921,0,1,2016
9867,98670202,2,Warriors,away,2016-03-11T00:00:00Z,10,86,47,1532,1318,1132,818,0,2,2016
9867,98670306,3,Warriors,home,2016-03-20T00:00:00Z,14,76,50,1385,1270,1176,969,0,2,2016
9867,98670406,4,Warriors,home,2016-03-28T00:00:00Z,40,71,59,1188,1447,683,1482,0,1,2016
9867,98670506,5,Warriors,away,2016-04-03T00:00:00Z,32,71,53,1448,1501,882,1082,0,0,2016
9867,98670604,6,Warriors,home,2016-04-09T00:00:00Z,18,78,46,1584,1271,1101,862,0,2,2016
9867,98670704,7,Warriors,away,2016-04-16T00:00:00Z,24,81,54,1310,1562,845,1083,0,1,2016
9867,98670808,8,Warriors,away,2016-04-25T00:00:00Z,0,69,45,1425,1535,1186,654,0,4,2016
9867,98670906,9,Warriors,home,2016-05-01T00:00:00Z,26,70,53,1589,1240,817,1154,0,3,2016
10095,100950107,1,Warriors,home,2017-03-05T00:00:00Z,26,69,53,1408,1723,803,913,0,0,2017
10095,100950202,2,Warriors,home,2017-03-10T00:00:00Z,10,83,51,1656,1434,1030,687,0,0,2017
10095,100950302,3,Warriors,away,2017-03-17T00:00:00Z,12,74,53,1495,1388,751,1168,0,1,2017
10095,100950408,4,Warriors,away,2017-03-26T00:00:00Z,12,57,51,1450,1791,882,715,0,0,2017
10095,100950507,5,Warriors,home,2017-04-02T00:00:00Z,28,83,55,1345,1708,576,1209,0,0,2017
10095,100950607,6,Warriors,home,2017-04-09T00:00:00Z,22,79,55,1667,1849,496,833,0,0,2017
10095,100950705,7,Warriors,away,2017-04-15T00:00:00Z,8,67,44,1736,1582,897,606,0,1,2017
10095,100950808,8,Warriors,away,2017-04-25T00:00:00Z,14,83,50,1614,1467,1101,640,0,1,2017
10095,100950907,9,Warriors,home,2017-04-30T00:00:00Z,14,73,52,1539,1559,917,807,0,2,2017
10412,104120105,1,Warriors,away,2018-03-10T00:00:00Z,32,79,53,1539,1261,999,1014,0,1,2018
10412,104120204,2,Warriors,home,2018-03-17T00:00:00Z,20,71,51,1656,1370,938,844,0,2,2018
10412,104120304,3,Warriors,away,2018-03-24T00:00:00Z,18,77,48,1473,1653,880,817,0,1,2018
10412,104120404,4,Warriors,away,2018-03-31T00:00:00Z,30,78,61,1486,1668,558,1109,0,0,2018
10412,104120505,5,Warriors,home,2018-04-07T00:00:00Z,22,79,47,1415,1570,890,943,0,0,2018
10412,104120604,6,Warriors,home,2018-04-14T00:00:00Z,18,84,47,1617,1672,845,677,0,2,2018
10412,104120702,7,Warriors,home,2018-04-20T00:00:00Z,20,74,48,1658,1347,937,882,0,1,2018
10412,104120802,8,Warriors,away,2018-04-25T00:00:00Z,10,69,49,1305,1435,1267,823,0,0,2018
10412,104120905,9,Warriors,home,2018-05-05T00:00:00Z,26,82,58,1470,1598,625,1134,0,0,2018
10413,104130102,1,Warriors,away,2018-09-08T00:00:00Z,12,74,46,1384,1215,1286,958,0,4,2018
10684,106840104,1,Warriors,home,2019-03-16T00:00:00Z,40,79,54,1738,1083,845,1157,0,1,2019
10684,106840208,2,Warriors,away,2019-03-24T00:00:00Z,6,66,43,1613,1288,1410,557,0,1,2019
10684,106840304,3,Warriors,away,2019-03-30T00:00:00Z,12,79,45,1275,1106,1404,1037,0,1,2019
10684,106840402,4,Warriors,home,2019-04-05T00:00:00Z,26,91,50,1440,1391,936,1047,0,2,2019
10684,106840504,5,Warriors,away,2019-04-13T00:00:00Z,24,66,46,1450,1523,1142,722,0,3,2019
10684,106840604,6,Warriors,home,2019-04-20T00:00:00Z,10,71,44,1393,1333,1158,975,0,2,2019
10684,106840702,7,Warriors,away,2019-04-25T00:00:00Z,12,76,46,1683,1304,957,878,0,3,2019
10684,106840807,8,Warriors,home,2019-05-05T00:00:00Z,18,74,48,1638,1343,1355,481,0,2,2019
10684,106840905,9,Warriors,home,2019-05-11T00:00:00Z,26,88,53,1450,1367,981,1070,0,2,2019
11095,110950104,1,Warriors,away,2020-03-14T00:00:00Z,0,85,50,1476,1463,1195,697,0,1,2020
11095,110950204,2,Warriors,home,2020-03-21T00:00:00Z,6,67,54,1509,1508,1093,783,0,2,2020
11095,110950304,3,Warriors,home,2020-05-30T00:00:00Z,18,91,56,1332,1504,785,1207,0,1,2020
11095,110950402,4,Warriors,away,2020-06-05T00:00:00Z,0,70,46,1456,1300,1465,675,0,0,2020
11095,110950502,5,Warriors,home,2020-06-12T00:00:00Z,36,86,56,902,1211,1173,1520,0,1,2020
11095,110950602,6,Warriors,away,2020-06-19T00:00:00Z,12,69,51,1003,1165,1385,1257,0,0,2020
11095,110950702,7,Warriors,away,2020-06-26T00:00:00Z,6,72,50,865,1707,1160,1096,0,0,2020
11095,110950805,8,Warriors,home,2020-07-04T00:00:00Z,26,83,54,1073,1095,1052,1654,0,1,2020
11095,110950902,9,Warriors,away,2020-07-10T00:00:00Z,12,74,50,1281,1132,1267,1157,0,1,2020
11355,113550104,1,Warriors,home,2021-03-13T00:00:00Z,19,88,50,1175,1170,1176,1318,7,5,2021
11355,113550202,2,Warriors,home,2021-03-19T00:00:00Z,16,87,57,1369,979,1152,1322,0,0,2021
11355,113550304,3,Warriors,away,2021-03-27T00:00:00Z,34,79,51,1352,1346,969,1150,2,3,2021
11355,113550407,4,Warriors,away,2021-04-04T00:00:00Z,12,71,50,1144,909,1725,1046,6,0,2021
11355,113550502,5,Warriors,home,2021-04-09T00:00:00Z,12,70,51,1568,1640,612,1009,3,2,2021
11355,113550607,6,Warriors,away,2021-04-18T00:00:00Z,20,95,51,1427,1702,902,784,6,1,2021
11355,113550708,7,Warriors,away,2021-04-25T00:00:00Z,20,78,52,1299,1757,1083,675,2,2,2021
11355,113550807,8,Warriors,home,2021-05-02T00:00:00Z,24,72,48,1580,1213,1073,979,2,1,2021
11355,113550907,9,Warriors,away,2021-05-09T00:00:00Z,32,76,47,1958,1557,612,706,1,0,2021
11688,116880105,1,Warriors,home,2022-03-12T00:00:00Z,16,69,43,1066,949,1514,1291,2,1,2022
11688,116880204,2,Warriors,away,2022-03-19T00:00:00Z,18,77,49,1171,1357,993,1424,2,2,2022
11688,116880302,3,Warriors,away,2022-03-25T00:00:00Z,16,73,51,1213,1160,1104,1341,4,2,2022
11688,116880404,4,Warriors,home,2022-04-02T00:00:00Z,20,84,54,1615,1590,806,825,2,0,2022
11688,116880502,5,Warriors,home,2022-04-08T00:00:00Z,25,82,45,1188,1064,1769,1015,7,1,2022
11688,116880606,6,Warriors,away,2022-04-17T00:00:00Z,14,77,49,1269,1161,1490,903,1,0,2022
11688,116880708,7,Warriors,away,2022-04-25T00:00:00Z,10,80,35,1208,1193,2021,459,2,1,2022
11688,116880804,8,Warriors,home,2022-04-30T00:00:00Z,21,58,48,1240,1283,1432,974,2,0,2022
11688,116880908,9,Warriors,away,2022-05-08T00:00:00Z,10,78,42,1549,1245,1091,922,3,5,2022
12067,120670102,1,Warriors,home,2023-03-03T00:00:00Z,20,89,48,1502,1273,888,1150,6,3,2023
12067,120670204,2,Warriors,away,2023-03-11T00:00:00Z,12,77,45,1505,1538,966,871,6,2,2023
12067,120670305,3,Warriors,away,2023-03-18T00:00:00Z,26,85,55,1526,1468,791,1036,1,0,2023
12067,120670406,4,Warriors,home,2023-03-26T00:00:00Z,16,85,52,1360,1543,838,1070,3,2,2023
12067,120670507,5,Warriors,away,2023-04-02T00:00:00Z,32,89,48,777,1874,1182,972,2,2,2023
12067,120670607,6,Warriors,away,2023-04-09T00:00:00Z,24,80,49,1212,1282,1098,1213,2,0,2023
12067,120670704,7,Warriors,home,2023-04-15T00:00:00Z,22,76,44,1355,1264,1371,815,5,4,2023
12067,120670808,8,Warriors,away,2023-04-25T00:00:00Z,22,92,49,1383,1233,1279,907,4,1,2023
12067,120670907,9,Warriors,home,2023-04-30T00:00:00Z,0,76,54,1555,1456,956,850,1,2,2023
12068,120680102,1,Warriors,away,2023-09-09T00:00:00Z,6,77,45,1376,1621,1253,563,1,1,2023
12068,120680202,2,Warriors,home,2023-09-16T00:00:00Z,40,86,56,1417,1706,608,1075,2,0,2023
12068,120680302,3,Warriors,away,2023-09-23T00:00:00Z,12,75,46,1373,1322,1257,873,2,1,2023
12445,124450104,1,Warriors,home,2024-03-08T00:00:00Z,12,82,53,1061,1305,795,1649,0,0,2024
12445,124450206,2,Warriors,away,2024-03-16T00:00:00Z,26,78,48,1139,1031,1062,1572,1,2,2024
12445,124450302,3,Warriors,home,2024-03-22T00:00:00Z,18,78,49,1404,1184,1139,1112,1,0,2024
12445,124450406,4,Warriors,home,2024-03-31T00:00:00Z,20,84,52,1288,1228,951,1370,3,1,2024
12445,124450504,5,Warriors,away,2024-04-06T00:00:00Z,34,82,54,1280,1145,602,1799,4,0,2024
12445,124450604,6,Warriors,home,2024-04-13T00:00:00Z,22,73,46,1413,1575,1293,1224,1,2,2024
12445,124450702,7,Warriors,away,2024-04-19T00:00:00Z,12,75,49,1094,1157,1189,1363,3,1,2024
12445,124450801,8,Warriors,home,2024-04-25T00:00:00Z,24,83,50,1095,1130,960,1617,0,1,2024
12445,124450907,9,Warriors,away,2024-05-05T00:00:00Z,8,80,52,1063,1238,1305,1204,3,3,2024
12755,127550101,1,Warriors,away,2025-03-02T00:00:00Z,8,75,52,1150,1242,1128,1304,1,0,2025
12755,127550202,2,Warriors,home,2025-03-14T00:00:00Z,36,87,53,933,1284,857,1739,2,1,2025
12755,127550302,3,Warriors,home,2025-03-21T00:00:00Z,14,88,54,1379,1282,729,1417,1,0,2025
12755,127550408,4,Warriors,away,2025-03-30T00:00:00Z,26,80,54,993,1435,982,1392,6,2,2025
12755,127550607,6,Warriors,away,2025-04-13T00:00:00Z,14,70,47,776,1297,1421,1314,4,1,2025
12755,127550704,7,Warriors,home,2025-04-19T00:00:00Z,20,83,52,956,1142,1100,1760,3,2,2025
12755,127550803,8,Warriors,home,2025-04-25T00:00:00Z,26,82,52,1227,1307,910,1369,5,2,2025
12755,127550904,9,Warriors,home,2025-05-03T00:00:00Z,30,81,45,922,1291,1618,983,3,2,2025
12756,127560102,1,Warriors,home,2025-09-13T00:00:00Z,8,81,47,1338,1016,1598,851,4,5,2025
12999,129990104,1,Warriors,home,2026-03-06T00:00:00Z,42,82,58,1200,1272,1139,1199,3,3,2026
12999,129990202,2,Warriors,home,2026-03-13T00:00:00Z,40,87,55,776,1112,1216,1696,7,1,2026
12999,129990304,3,Warriors,away,2026-03-21T00:00:00Z,38,85,55,1039,1267,823,1686,6,2,2026
12999,129990402,4,Warriors,home,2026-03-27T00:00:00Z,14,80,49,691,921,1407,1781,6,1,2026
12999,129990506,5,Warriors,away,2026-04-05T00:00:00Z,22,77,52,1034,962,1552,1274,4,1,2026
12999,129990606,6,Warriors,away,2026-04-11T00:00:00Z,38,88,56,1043,1065,1077,1617,4,0,2026
12999,129990704,7,Warriors,home,2026-04-18T00:00:00Z,28,92,49,1023,1255,1230,1310,7,3,2026
12999,129990805,8,Warriors,home,2026-04-25T00:00:00Z,20,77,53,1236,1223,909,1451,1,0,2026
12999,129990904,9,Warriors,away,2026-05-02T00:00:00Z,36,82,50,264,281,2624,1653,9,0,2026
12999,129991107,11,Warriors,home,2026-05-17T00:00:00Z,42,81,55,1083,1118,1040,1596,3,2,2026
12999,129991203,12,Warriors,away,2026-05-23T07:30:00Z,30,67,49,1204,868,1368,1362,8,1,2026
9867,98670104,1,Wests Tigers,home,2016-03-05T00:00:00Z,34,67,53,1194,1657,921,1055,0,0,2016
9867,98670208,2,Wests Tigers,home,2016-03-14T00:00:00Z,36,80,55,1586,1443,829,975,0,2,2016
9867,98670305,3,Wests Tigers,away,2016-03-19T00:00:00Z,18,63,46,1610,1631,1017,582,0,1,2016
9867,98670407,4,Wests Tigers,home,2016-03-28T00:00:00Z,0,75,51,1838,1395,690,914,0,0,2016
9867,98670504,5,Wests Tigers,home,2016-04-02T00:00:00Z,26,73,47,1643,1216,1142,819,0,1,2016
9867,98670607,6,Wests Tigers,away,2016-04-10T00:00:00Z,16,74,51,1633,1361,1103,735,0,2,2016
9867,98670707,7,Wests Tigers,home,2016-04-17T00:00:00Z,18,81,51,1828,1505,781,981,0,3,2016
9867,98670803,8,Wests Tigers,away,2016-04-23T00:00:00Z,6,78,42,1475,1412,1354,614,0,3,2016
9867,98670901,9,Wests Tigers,away,2016-04-28T00:00:00Z,30,89,51,1411,1569,740,1103,0,3,2016
10095,100950103,1,Wests Tigers,away,2017-03-03T00:00:00Z,34,71,50,1617,1611,826,768,0,1,2017
10095,100950207,2,Wests Tigers,home,2017-03-12T00:00:00Z,2,65,49,1389,1582,1240,600,0,1,2017
10095,100950307,3,Wests Tigers,away,2017-03-19T00:00:00Z,6,58,44,1696,1535,974,641,0,3,2017
10095,100950407,4,Wests Tigers,home,2017-03-26T00:00:00Z,14,83,56,1321,1508,928,1071,0,1,2017
10095,100950508,5,Wests Tigers,home,2017-04-02T00:00:00Z,6,73,53,1422,1487,934,993,0,2,2017
10095,100950606,6,Wests Tigers,away,2017-04-08T00:00:00Z,26,69,49,1535,1493,970,827,0,2,2017
10095,100950708,7,Wests Tigers,away,2017-04-17T00:00:00Z,22,69,51,1476,1348,1010,978,0,1,2017
10095,100950806,8,Wests Tigers,home,2017-04-23T00:00:00Z,18,78,48,1461,1545,766,1079,0,2,2017
10095,100950906,9,Wests Tigers,home,2017-04-29T00:00:00Z,16,71,51,1531,1684,909,693,0,0,2017
10412,104120104,1,Wests Tigers,home,2018-03-10T00:00:00Z,10,84,51,1518,1658,837,804,0,2,2018
10412,104120206,2,Wests Tigers,away,2018-03-17T00:00:00Z,10,81,49,1427,1504,884,1000,0,2,2018
10412,104120303,3,Wests Tigers,home,2018-03-23T00:00:00Z,6,71,49,1885,1808,758,829,0,2,2018
10412,104120408,4,Wests Tigers,home,2018-04-02T00:00:00Z,30,85,55,1516,1389,867,1056,0,2,2018
10412,104120504,5,Wests Tigers,home,2018-04-07T00:00:00Z,10,72,54,1601,1517,987,711,0,1,2018
10412,104120608,6,Wests Tigers,away,2018-04-15T00:00:00Z,38,82,57,1214,1444,709,1439,0,1,2018
10412,104120705,7,Wests Tigers,home,2018-04-21T00:00:00Z,20,92,49,1424,1550,1008,837,0,1,2018
10412,104120808,8,Wests Tigers,away,2018-04-29T00:00:00Z,22,75,49,1441,1413,1160,861,0,1,2018
10412,104120905,9,Wests Tigers,away,2018-05-05T00:00:00Z,4,62,42,1598,1470,1134,625,0,3,2018
10684,106840105,1,Wests Tigers,home,2019-03-16T00:00:00Z,20,72,52,1309,1643,572,1280,0,1,2019
10684,106840208,2,Wests Tigers,home,2019-03-24T00:00:00Z,34,90,57,1288,1613,557,1410,0,2,2019
10684,106840307,3,Wests Tigers,home,2019-03-31T00:00:00Z,8,71,51,1610,1623,786,805,0,0,2019
10684,106840403,4,Wests Tigers,away,2019-04-05T00:00:00Z,8,78,49,1450,1583,981,1078,0,3,2019
10684,106840501,5,Wests Tigers,away,2019-04-11T00:00:00Z,22,81,47,1463,1622,850,892,0,1,2019
10684,106840608,6,Wests Tigers,away,2019-04-22T00:00:00Z,6,84,42,1531,1251,1390,636,0,1,2019
10684,106840705,7,Wests Tigers,home,2019-04-27T00:00:00Z,30,81,53,1370,1427,1221,903,0,2,2019
10684,106840806,8,Wests Tigers,away,2019-05-04T00:00:00Z,12,79,43,1258,1482,1321,827,0,0,2019
10684,106840902,9,Wests Tigers,home,2019-05-10T00:00:00Z,30,84,55,1393,1525,814,1085,0,2,2019
11095,110950108,1,Wests Tigers,away,2020-03-15T00:00:00Z,24,73,58,1287,1265,789,1479,0,2,2020
11095,110950207,2,Wests Tigers,home,2020-03-22T00:00:00Z,24,76,44,1339,1421,1296,746,0,3,2020
11095,110950305,3,Wests Tigers,away,2020-05-30T00:00:00Z,28,76,49,1585,1394,745,1087,0,2,2020
11095,110950407,4,Wests Tigers,away,2020-06-07T00:00:00Z,22,76,46,938,1221,1373,1302,0,2,2020
11095,110950506,5,Wests Tigers,home,2020-06-13T00:00:00Z,6,74,46,1495,944,1217,1169,0,2,2020
11095,110950605,6,Wests Tigers,home,2020-06-20T00:00:00Z,36,85,47,942,858,1708,1325,0,3,2020
11095,110950708,7,Wests Tigers,away,2020-06-28T00:00:00Z,34,81,57,1032,1431,725,1622,0,0,2020
11095,110950806,8,Wests Tigers,home,2020-07-04T00:00:00Z,12,80,48,1152,1115,1631,955,0,3,2020
11095,110950903,9,Wests Tigers,away,2020-07-10T00:00:00Z,10,79,47,1413,1021,1393,1124,0,0,2020
11355,113550107,1,Wests Tigers,away,2021-03-14T00:00:00Z,12,74,48,1003,362,1667,1842,3,1,2021
11355,113550207,2,Wests Tigers,home,2021-03-21T00:00:00Z,6,79,46,1656,1422,1274,485,3,2,2021
11355,113550307,3,Wests Tigers,away,2021-03-28T00:00:00Z,24,79,50,1091,959,1287,1490,4,1,2021
11355,113550408,4,Wests Tigers,home,2021-04-05T00:00:00Z,22,79,51,1464,904,1546,1099,2,0,2021
11355,113550507,5,Wests Tigers,home,2021-04-11T00:00:00Z,30,73,55,1539,1319,992,970,1,1,2021
11355,113550605,6,Wests Tigers,away,2021-04-17T00:00:00Z,14,84,50,1784,1722,774,740,8,0,2021
11355,113550706,7,Wests Tigers,home,2021-04-25T00:00:00Z,6,82,48,1171,1403,1276,974,6,0,2021
11355,113550808,8,Wests Tigers,away,2021-05-02T00:00:00Z,16,76,55,1512,1582,754,970,3,1,2021
11355,113550905,9,Wests Tigers,home,2021-05-08T00:00:00Z,28,85,50,1276,1418,1140,1022,3,0,2021
11688,116880106,1,Wests Tigers,home,2022-03-12T00:00:00Z,16,71,52,1462,1630,655,1091,0,0,2022
11688,116880207,2,Wests Tigers,away,2022-03-20T00:00:00Z,4,72,44,1181,1042,1875,712,2,3,2022
11688,116880302,3,Wests Tigers,home,2022-03-25T00:00:00Z,12,67,49,1160,1213,1341,1104,1,1,2022
11688,116880401,4,Wests Tigers,away,2022-03-31T00:00:00Z,6,71,49,1403,1337,960,1105,1,0,2022
11688,116880507,5,Wests Tigers,away,2022-04-10T00:00:00Z,4,71,47,1087,1236,1818,736,4,3,2022
11688,116880608,6,Wests Tigers,away,2022-04-18T00:00:00Z,21,79,49,457,912,668,2874,4,5,2022
11688,116880704,7,Wests Tigers,home,2022-04-23T00:00:00Z,23,93,54,511,1217,2663,425,3,1,2022
11688,116880808,8,Wests Tigers,away,2022-05-01T00:00:00Z,6,76,53,945,2486,693,699,2,1,2022
11688,116880904,9,Wests Tigers,away,2022-05-07T00:00:00Z,22,85,48,651,1029,842,2287,4,0,2022
12067,120670108,1,Wests Tigers,home,2023-03-05T00:00:00Z,10,67,51,1451,1517,645,1205,2,0,2023
12067,120670207,2,Wests Tigers,home,2023-03-12T00:00:00Z,12,69,48,1299,1544,935,1029,3,1,2023
12067,120670307,3,Wests Tigers,away,2023-03-19T00:00:00Z,22,67,49,1469,1407,1208,728,2,2,2023
12067,120670402,4,Wests Tigers,away,2023-03-24T00:00:00Z,12,77,47,1483,1595,1038,704,2,3,2023
12067,120670506,5,Wests Tigers,away,2023-04-01T00:00:00Z,12,72,46,1444,2398,1132,747,5,0,2023
12067,120670608,6,Wests Tigers,home,2023-04-10T00:00:00Z,22,80,54,1345,1725,659,1081,1,0,2023
12067,120670806,8,Wests Tigers,home,2023-04-23T00:00:00Z,16,76,57,1596,1547,831,854,0,0,2023
12067,120670906,9,Wests Tigers,away,2023-04-29T00:00:00Z,12,85,58,2348,1759,942,1062,1,2,2023
12445,124450204,2,Wests Tigers,away,2024-03-16T00:00:00Z,12,84,47,930,1022,1740,1114,3,0,2024
12445,124450306,3,Wests Tigers,home,2024-03-23T00:00:00Z,32,84,54,986,1446,1045,1327,2,2,2024
12445,124450408,4,Wests Tigers,away,2024-04-01T00:00:00Z,17,86,49,1056,912,1650,1189,2,1,2024
12445,124450506,5,Wests Tigers,away,2024-04-06T00:00:00Z,16,79,51,1160,1001,1338,1308,2,2,2024
12445,124450607,6,Wests Tigers,home,2024-04-14T00:00:00Z,12,74,47,1224,1227,1104,1279,0,0,2024
12445,124450704,7,Wests Tigers,away,2024-04-20T00:00:00Z,6,72,52,1439,1185,1290,924,3,0,2024
12445,124450805,8,Wests Tigers,home,2024-04-27T00:00:00Z,10,74,49,1123,1404,1141,1216,2,0,2024
12445,124450904,9,Wests Tigers,away,2024-05-04T00:00:00Z,14,77,47,1313,923,1708,890,2,1,2024
12755,127550104,1,Wests Tigers,home,2025-03-07T00:00:00Z,8,78,54,1333,1021,1322,1208,0,3,2025
12755,127550207,2,Wests Tigers,away,2025-03-16T00:00:00Z,32,67,50,1122,1213,1276,1194,4,1,2025
12755,127550305,3,Wests Tigers,away,2025-03-22T00:00:00Z,30,79,55,1221,1174,1021,1392,4,0,2025
12755,127550408,4,Wests Tigers,home,2025-03-30T00:00:00Z,24,83,46,1435,993,1392,982,6,1,2025
12755,127550506,5,Wests Tigers,away,2025-04-05T00:00:00Z,24,80,49,850,996,1466,1491,5,1,2025
12755,127550608,6,Wests Tigers,away,2025-04-13T00:00:00Z,20,76,58,959,1098,1157,1596,3,3,2025
12755,127550708,7,Wests Tigers,home,2025-04-21T00:00:00Z,22,74,47,1119,1111,1488,1085,5,0,2025
12755,127550808,8,Wests Tigers,home,2025-04-27T00:00:00Z,20,84,54,1398,1359,1336,1232,2,1,2025
12755,127550905,9,Wests Tigers,home,2025-05-03T00:00:00Z,34,78,54,1115,1016,1965,1293,5,0,2025
12999,129990204,2,Wests Tigers,home,2026-03-14T00:00:00Z,44,75,57,1049,918,1062,1774,7,0,2026
12999,129990306,3,Wests Tigers,away,2026-03-21T00:00:00Z,16,83,51,2846,939,447,573,3,1,2026
12999,129990402,4,Wests Tigers,away,2026-03-27T00:00:00Z,32,80,51,921,691,1781,1407,3,3,2026
12999,129990508,5,Wests Tigers,away,2026-04-06T00:00:00Z,22,81,52,1131,1109,1214,1647,7,2,2026
12999,129990608,6,Wests Tigers,home,2026-04-12T00:00:00Z,42,80,55,957,1095,652,2105,2,1,2026
12999,129990706,7,Wests Tigers,home,2026-04-18T00:00:00Z,20,68,53,972,1228,942,1691,4,1,2026
12999,129990801,8,Wests Tigers,home,2026-04-23T00:00:00Z,33,85,55,913,1337,1035,1527,4,0,2026
12999,129990907,9,Wests Tigers,away,2026-05-03T00:00:00Z,10,58,39,1722,1145,1908,70,5,5,2026
12999,129991007,10,Wests Tigers,away,2026-05-10T00:00:00Z,18,82,49,594,700,2856,665,8,2,2026
12999,129991103,11,Wests Tigers,home,2026-05-16T00:00:00Z,18,76,48,1386,924,1506,989,5,0,2026
