"","days_rest","competition_id","match_id","round","team_name","team_location","utc_start","score","completion_rate_percentage","possession_percentage","time_in_own_half","time_in_opp_half","time_in_own20","time_in_opp20","set_restarts","goal_line_dropouts","ladder_points","ladder_points_for","ladder_points_against","ladder_points_diff","ladder_position","pr_home","shortpr_home","longpr_home","elo","shortelo","longelo","result"
"1",10,9867,98670101,1,"Brisbane Broncos","away",2016-03-03,NA,NA,NA,NA,NA,NA,NA,NA,NA,NA,NA,NA,NA,NA,0.5,0.5,0.5,1500,1500,1500,16
"2",7,9867,98670101,1,"Parramatta Eels","home",2016-03-03,NA,NA,NA,NA,NA,NA,NA,NA,NA,NA,NA,NA,NA,NA,0.5,0.5,0.5,1500,1500,1500,4
"3",6,9867,98670102,1,"Canterbury-Bankstown Bulldogs","away",2016-03-04,NA,NA,NA,NA,NA,NA,NA,NA,NA,NA,NA,NA,NA,NA,0.5,0.5,0.5,1500,1500,1500,28
"4",5,9867,98670102,1,"Manly-Warringah Sea Eagles","home",2016-03-04,NA,NA,NA,NA,NA,NA,NA,NA,NA,NA,NA,NA,NA,NA,0.5,0.5,0.5,1500,1500,1500,6
"5",10,9867,98670103,1,"Canberra Raiders","home",2016-03-05,NA,NA,NA,NA,NA,NA,NA,NA,NA,NA,NA,NA,NA,NA,0.5,0.5,0.5,1500,1500,1500,30
"6",6,9867,98670105,1,"Cronulla-Sutherland Sharks","away",2016-03-05,NA,NA,NA,NA,NA,NA,NA,NA,NA,NA,NA,NA,NA,NA,0.5,0.5,0.5,1500,1500,1500,14
"7",NA,9867,98670105,1,"North Queensland Cowboys","home",2016-03-05,NA,NA,NA,NA,NA,NA,NA,NA,NA,NA,NA,NA,NA,NA,0.5,0.5,0.5,1500,1500,1500,20
"8",6,9867,98670103,1,"Penrith Panthers","away",2016-03-05,NA,NA,NA,NA,NA,NA,NA,NA,NA,NA,NA,NA,NA,NA,0.5,0.5,0.5,1500,1500,1500,22
"9",7,9867,98670104,1,"Warriors","away",2016-03-05,NA,NA,NA,NA,NA,NA,NA,NA,NA,NA,NA,NA,NA,NA,0.5,0.5,0.5,1500,1500,1500,26
"10",6,9867,98670104,1,"Wests Tigers","home",2016-03-05,NA,NA,NA,NA,NA,NA,NA,NA,NA,NA,NA,NA,NA,NA,0.5,0.5,0.5,1500,1500,1500,34
"11",6,9867,98670107,1,"Gold Coast Titans","home",2016-03-06,NA,NA,NA,NA,NA,NA,NA,NA,NA,NA,NA,NA,NA,NA,0.5,0.5,0.5,1500,1500,1500,30
"12",8,9867,98670107,1,"Newcastle Knights","away",2016-03-06,NA,NA,NA,NA,NA,NA,NA,NA,NA,NA,NA,NA,NA,NA,0.5,0.5,0.5,1500,1500,1500,12
"13",8,9867,98670106,1,"South Sydney Rabbitohs","away",2016-03-06,NA,NA,NA,NA,NA,NA,NA,NA,NA,NA,NA,NA,NA,NA,0.5,0.5,0.5,1500,1500,1500,42
"14",6,9867,98670106,1,"Sydney Roosters","home",2016-03-06,NA,NA,NA,NA,NA,NA,NA,NA,NA,NA,NA,NA,NA,NA,0.5,0.5,0.5,1500,1500,1500,10
"15",6,9867,98670108,1,"Melbourne Storm","home",2016-03-07,NA,NA,NA,NA,NA,NA,NA,NA,NA,NA,NA,NA,NA,NA,0.5,0.5,0.5,1500,1500,1500,18
"16",8,9867,98670108,1,"St George-Illawarra Dragons","away",2016-03-07,NA,NA,NA,NA,NA,NA,NA,NA,NA,NA,NA,NA,NA,NA,0.5,0.5,0.5,1500,1500,1500,16
"17",NA,9867,98670201,2,"Canterbury-Bankstown Bulldogs","away",2016-03-10,28,85,54,1513,1320,826,1141,0,4,2,28,6,22,2,0.465516055273168,0.485612815834001,0.442688366237707,1512,1505,1520,18
"18",9,9867,98670201,2,"Penrith Panthers","home",2016-03-10,22,66,52,1446,1388,924,1061,0,1,0,22,30,-8,12,0.465516055273168,0.485612815834001,0.442688366237707,1488,1495,1480,16
"19",7,9867,98670202,2,"Brisbane Broncos","home",2016-03-11,16,69,55,1471,1625,642,1065,0,0,2,17,4,13,4,0.534483944726831,0.514387184165999,0.557311633762293,1512,1505,1520,24
"20",7,9867,98670202,2,"Warriors","away",2016-03-11,26,75,47,1657,1194,1055,921,0,1,0,26,34,-8,11,0.534483944726831,0.514387184165999,0.557311633762293,1488,1495,1480,10
"21",8,9867,98670203,2,"Canberra Raiders","home",2016-03-12,30,81,48,1388,1446,1061,924,0,1,2,30,22,8,5,0.534483944726831,0.514387184165999,0.557311633762293,1512,1505,1520,20
"22",9,9867,98670204,2,"Newcastle Knights","away",2016-03-12,12,70,45,1770,1335,1146,571,0,1,0,12,30,-18,14,0.534483944726831,0.514387184165999,0.557311633762293,1488,1495,1480,6
"23",NA,9867,98670205,2,"North Queensland Cowboys","away",2016-03-12,20,77,55,1566,1453,814,980,0,2,2,20,14,6,7,0.465516055273168,0.485612815834001,0.442688366237707,1512,1505,1520,16
"24",7,9867,98670205,2,"Parramatta Eels","home",2016-03-12,4,60,45,1625,1471,1065,642,0,2,0,4,17,-13,13,0.465516055273168,0.485612815834001,0.442688366237707,1488,1495,1480,20
"25",5,9867,98670204,2,"South Sydney Rabbitohs","home",2016-03-12,42,90,54,1502,1426,758,1132,0,1,2,42,10,32,1,0.534483944726831,0.514387184165999,0.557311633762293,1512,1505,1520,48
"26",6,9867,98670203,2,"Sydney Roosters","away",2016-03-12,10,83,46,1426,1502,1132,758,0,3,0,10,42,-32,16,0.534483944726831,0.514387184165999,0.557311633762293,1488,1495,1480,20
"27",13,9867,98670206,2,"Cronulla-Sutherland Sharks","home",2016-03-13,14,68,45,1453,1566,980,814,0,2,0,14,20,-6,10,0.5,0.5,0.5,1488,1495,1480,30
"28",8,9867,98670207,2,"Gold Coast Titans","away",2016-03-13,30,74,55,1335,1770,571,1146,0,0,2,30,12,18,3,0.5,0.5,0.5,1512,1505,1520,16
"29",9,9867,98670207,2,"Melbourne Storm","home",2016-03-13,18,79,47,1373,1537,873,1022,0,4,2,18,16,2,8,0.5,0.5,0.5,1512,1505,1520,34
"30",6,9867,98670206,2,"St George-Illawarra Dragons","away",2016-03-13,16,75,53,1537,1373,1022,873,0,2,0,16,18,-2,9,0.5,0.5,0.5,1488,1495,1480,2
"31",7,9867,98670208,2,"Manly-Warringah Sea Eagles","away",2016-03-14,6,72,46,1320,1513,1141,826,0,0,0,6,28,-22,15,0.534483944726831,0.514387184165999,0.557311633762293,1488,1495,1480,22
"32",5,9867,98670208,2,"Wests Tigers","home",2016-03-14,34,67,53,1194,1657,921,1055,0,0,2,34,26,8,6,0.534483944726831,0.514387184165999,0.557311633762293,1512,1505,1520,36
"33",NA,9867,98670301,3,"North Queensland Cowboys","home",2016-03-17,19.76,76.16,54.52,1556.52,1451.32,830.86,973.52,0,1.88,2,36,34,2,8,0.514882923895294,0.506781066171926,0.522169522758806,1499.17238532656,1499.85612815834,1497.70753464951,40
"34",7,9867,98670301,3,"Sydney Roosters","away",2016-03-17,10.6,82.58,46.48,1436.92,1495.94,1107.7,776.36,0,2.94,0,30,63,-33,14,0.514882923895294,0.506781066171926,0.522169522758806,1488.82761467344,1495.14387184166,1482.29246535049,0
"35",8,9867,98670302,3,"Canterbury-Bankstown Bulldogs","home",2016-03-18,27.4,84.04,53.64,1515.94,1329.18,832.54,1124.5,0,4,4,46,22,24,3,0.532112447413952,0.513973420809996,0.550790593740552,1523.17238532656,1509.85612815834,1537.70753464951,6
"36",6,9867,98670302,3,"Parramatta Eels","away",2016-03-18,4.96,60.96,45.48,1613,1467.22,1053.42,669.18,0,2,2,24,33,-9,10,0.532112447413952,0.513973420809996,0.550790593740552,1500.82761467344,1500.14387184166,1502.29246535049,20
"37",6,9867,98670304,3,"Brisbane Broncos","away",2016-03-19,16.48,69.48,54.88,1461.82,1619.42,652.56,1069.02,0,0,4,42,14,28,2,0.433697292746987,0.471662182956503,0.393141981067205,1523.17238532656,1509.85612815834,1537.70753464951,22
"38",8,9867,98670303,3,"Canberra Raiders","away",2016-03-19,29.4,80.1,47.88,1388.78,1455.72,1061.18,912.18,0,1.18,4,51,42,9,6,0.450734268392319,0.478840007175582,0.420920746881752,1511.17238532656,1504.85612815834,1517.70753464951,24
"39",8,9867,98670305,3,"Gold Coast Titans","home",2016-03-19,29.16,74.12,54.82,1352.76,1748.28,596.5,1124.76,0,0.12,2,46,46,0,9,0.46670161582525,0.485819695082378,0.445946560502062,1500,1500,1500,30
"40",5,9867,98670303,3,"Newcastle Knights","home",2016-03-19,11.64,69.58,45.12,1758.66,1342.32,1146.6,574.66,0,1.06,0,18,78,-60,16,0.450734268392319,0.478840007175582,0.420920746881752,1476.82761467344,1490.14387184166,1462.29246535049,24
"41",10,9867,98670304,3,"Penrith Panthers","home",2016-03-19,21.64,66.6,52,1447.62,1398.44,920.52,1053.44,0,1.06,0,38,48,-10,11,0.433697292746987,0.471662182956503,0.393141981067205,1476.82761467344,1490.14387184166,1462.29246535049,22
"42",5,9867,98670305,3,"Wests Tigers","away",2016-03-19,34.12,67.78,53.12,1217.52,1644.16,915.48,1050.2,0,0.12,4,70,48,22,4,0.46670161582525,0.485819695082378,0.445946560502062,1523.17238532656,1509.85612815834,1537.70753464951,18
"43",6,9867,98670306,3,"Melbourne Storm","away",2016-03-20,18.96,78.82,47.06,1375.1,1542.64,868.14,1020.44,0,3.88,4,52,32,20,5,0.432527574550078,0.471455804653429,0.38999802324324,1524,1510,1540,20
"44",8,9867,98670307,3,"South Sydney Rabbitohs","away",2016-03-20,42.36,89.28,53.94,1499.3,1435.3,750.44,1133.44,0,1.12,4,90,16,74,1,0.432527574550078,0.471455804653429,0.38999802324324,1523.17238532656,1509.85612815834,1537.70753464951,6
"45",7,9867,98670307,3,"St George-Illawarra Dragons","home",2016-03-20,15.16,73.68,52.22,1528.84,1368.14,1037.18,871.86,0,2.06,0,18,48,-30,13,0.432527574550078,0.471455804653429,0.38999802324324,1476,1490,1460,8
"46",NA,9867,98670306,3,"Warriors","home",2016-03-20,25.04,75.66,47,1649.5,1201.44,1059.62,914.82,0,1.06,0,36,59,-23,12,0.432527574550078,0.471455804653429,0.38999802324324,1476.82761467344,1490.14387184166,1462.29246535049,14
"47",6,9867,98670308,3,"Cronulla-Sutherland Sharks","away",2016-03-21,14.96,68.48,45.9,1443.34,1556.1,972.44,841.66,0,2,2,44,22,22,7,0.46670161582525,0.485819695082378,0.445946560502062,1500,1500,1500,12
"48",6,9867,98670308,3,"Manly-Warringah Sea Eagles","home",2016-03-21,6.96,72.24,45.94,1327.38,1517.38,1131.04,826.18,0,0.0600000000000001,0,28,64,-36,15,0.46670161582525,0.485819695082378,0.445946560502062,1476.82761467344,1490.14387184166,1462.29246535049,22
"49",NA,9867,98670402,4,"Brisbane Broncos","home",2016-03-25,16.8112,69.9912,54.7072,1475.0908,1599.4148,668.0664,1061.8788,0,0,4,64,37,27,5,0.51548845486351,0.506884916637732,0.523889049454071,1521.58112035248,1509.5727499879,1533.4332138922,20
"50",7,9867,98670401,4,"Canterbury-Bankstown Bulldogs","away",2016-03-25,26.116,83.6776,53.4216,1525.7836,1326.5292,853.5076,1096.21,0,3.82,4,52,42,10,7,0.498778712054102,0.499790309710785,0.496591571600784,1510.40168658862,1504.71639395024,1515.67591089989,42
"51",7,9867,98670402,4,"North Queensland Cowboys","away",2016-03-25,20.9744,76.2104,54.7888,1537.7688,1472.5408,807.6484,998.3288,0,1.7672,4,76,34,42,4,0.51548845486351,0.506884916637732,0.523889049454071,1510.81519515307,1504.78831749662,1516.82075373916,20
"52",8,9867,98670401,4,"South Sydney Rabbitohs","home",2016-03-25,40.1784,88.3632,53.4036,1506.962,1434.742,764.9936,1112.1136,0,1.2928,4,96,24,72,3,0.498778712054102,0.499790309710785,0.496591571600784,1509.55304711576,1504.57068620487,1513.30745557924,12
"53",6,9867,98670403,4,"Canberra Raiders","home",2016-03-26,29.076,80.394,47.8872,1412.9132,1457.2368,1071.1292,915.7092,0,1.3492,5,75,66,9,2,0.495957391303509,0.499284364497709,0.489038899738075,1509.99000776797,1504.6445282301,1514.54436452478,20
"54",6,9867,98670403,4,"Gold Coast Titans","away",2016-03-26,29.2104,73.6928,54.7708,1369.4544,1739.9832,595.63,1118.2944,0,0.1728,4,76,64,12,6,0.495957391303509,0.499284364497709,0.489038899738075,1512.79916122019,1505.14180304918,1522.16213757992,24
"55",7,9867,98670404,4,"Manly-Warringah Sea Eagles","away",2016-03-26,7.8624,72.3456,45.9436,1340.3172,1521.7372,1120.1176,820.0492,0,0.2364,2,50,76,-26,12,0.482102214500827,0.492698457063887,0.469420513057119,1489.62677589364,1495.28567489084,1484.45460293041,22
"56",8,9867,98670404,4,"Sydney Roosters","home",2016-03-26,9.964,81.5852,46.1512,1459.0048,1480.8236,1124.458,756.4184,0,3.0036,0,30,103,-73,16,0.482102214500827,0.492698457063887,0.469420513057119,1477.18480484693,1490.21168250338,1463.17924626084,20
"57",8,9867,98670405,4,"Penrith Panthers","away",2016-03-27,21.6616,66.864,51.76,1437.9228,1415.5136,922.2888,1044.8936,0,1.0564,2,61,70,-9,11,0.516113174052951,0.506991044580678,0.52564165704507,1478.41887964752,1490.4272500121,1466.5667861078,12
"58",6,9867,98670405,4,"St George-Illawarra Dragons","home",2016-03-27,14.7304,74.1792,52.3868,1522.6696,1383.6716,1021.6292,879.1284,0,1.9364,2,26,54,-28,13,0.516113174052951,0.506991044580678,0.52564165704507,1489.6193382108,1495.28544195347,1484.40007907027,14
"59",5,9867,98670408,4,"Cronulla-Sutherland Sharks","home",2016-03-28,14.7824,68.7512,46.386,1452.1396,1555.314,957.5336,848.1004,0,2,2,56,44,12,10,0.432517065809746,0.471455470522142,0.389923357577289,1487.20083877981,1494.85819695082,1477.83786242008,14
"60",7,9867,98670408,4,"Melbourne Storm","away",2016-03-28,19.0224,79.2508,47.2364,1368.794,1533.1816,874.1916,1029.7736,0,3.7072,6,73,46,27,1,0.432517065809746,0.471455470522142,0.389923357577289,1534.3806617892,1514.71455804653,1555.59992092973,6
"61",7,9867,98670406,4,"Newcastle Knights","away",2016-03-28,12.3816,69.5452,45.5328,1742.0004,1369.2408,1136.064,613.8004,0,1.1164,1,42,102,-60,14,0.483365589877057,0.492911163825385,0.473023961398625,1478.00999223203,1490.3554717699,1465.45563547522,18
"62",6,9867,98670407,4,"Parramatta Eels","away",2016-03-28,5.8624,61.9824,45.7512,1593.32,1479.9868,1029.3948,699.9492,0,2,4,44,39,5,9,0.495358856703516,0.499180739603457,0.487369134467717,1513.59831341138,1505.28360604976,1524.32408910011,8
"63",69,9867,98670406,4,"Warriors","home",2016-03-28,24.3776,75.6804,47.18,1633.63,1205.5536,1066.6028,918.0708,0,1.1164,0,50,80,-30,15,0.483365589877057,0.492911163825385,0.473023961398625,1466.44695288424,1485.42931379513,1446.69254442076,40
"64",NA,9867,98670407,4,"Wests Tigers","home",2016-03-28,33.1528,67.4932,52.6928,1241.0688,1643.3704,921.5712,1022.108,0,0.1728,4,88,78,10,8,0.495358856703516,0.499180739603457,0.487369134467717,1510.37322410636,1504.71432510916,1515.54539706959,0
"65",6,9867,98670501,5,"Manly-Warringah Sea Eagles","home",2016-03-31,8.710656,72.864864,46.126984,1350.558168,1507.832968,1117.110544,827.606248,0,0.222216,4,72,96,-24,11,0.505202029861273,0.50092085505473,0.514081807942396,1501.19722904166,1500.21265946148,1503.23142345269,12
"66",11,9867,98670501,5,"South Sydney Rabbitohs","away",2016-03-31,38.487696,87.501408,52.719384,1508.22428,1437.03748,784.733984,1088.226784,0,1.395232,4,108,66,42,7,0.505202029861273,0.50092085505473,0.514081807942396,1497.58235802646,1499.57278310777,1493.44379271521,16
"67",7,9867,98670502,5,"Brisbane Broncos","away",2016-04-01,17.002528,70.231728,54.304768,1478.505352,1587.689912,695.302416,1063.206072,0,0.18,6,85,57,28,2,0.505026289283352,0.500907715280145,0.513302983258573,1521.20939743576,1509.50390082153,1532.47765191403,24
"68",5,9867,98670502,5,"Gold Coast Titans","home",2016-04-01,28.897776,74.431232,54.544552,1363.007136,1711.664208,639.4522,1107.836736,0,0.222432,6,100,84,16,4,0.505026289283352,0.500907715280145,0.513302983258573,1524.70213861148,1510.13464669415,1541.72369356944,16
"69",8,9867,98670504,5,"Cronulla-Sutherland Sharks","away",2016-04-02,14.735456,69.006128,46.90284,1451.351224,1552.47516,939.021584,870.114376,0,1.88,4,70,50,20,9,0.496638538824724,0.499393953377566,0.491092389881432,1500.82042920037,1500.1436422456,1502.24092811699,34
"70",NA,9867,98670503,5,"Melbourne Storm","home",2016-04-02,18.241056,78.815752,47.102216,1377.14636,1527.530704,894.640104,1006.927184,0,3.724768,6,79,60,19,3,0.578707712965343,0.534690943881063,0.622407064625769,1520.76107136864,1509.42911275176,1531.19685523282,18
"71",8,9867,98670503,5,"Newcastle Knights","away",2016-04-02,12.718704,70.352488,45.260832,1724.300376,1358.366352,1156.82016,617.952376,0,1.109416,1,60,142,-82,15,0.578707712965343,0.534690943881063,0.622407064625769,1465.61076638908,1485.28458340816,1444.37659393117,14
"72",8,9867,98670505,5,"North Queensland Cowboys","home",2016-04-02,20.915936,75.957776,54.621472,1529.742672,1476.108352,824.229496,1005.749072,0,1.661168,4,96,55,41,8,0.514321465084564,0.506679452565685,0.520714141574557,1511.18691806979,1504.857166663,1517.77631571732,36
"73",6,9867,98670505,5,"St George-Illawarra Dragons","away",2016-04-02,14.686576,74.828448,52.063592,1518.129424,1385.851304,1022.071448,883.860696,0,1.880216,4,40,66,-26,12,0.514321465084564,0.506679452565685,0.520714141574557,1501.23262203353,1500.21553150766,1503.37441278847,0
"74",6,9867,98670504,5,"Wests Tigers","home",2016-04-02,31.163632,67.943608,52.591232,1276.884672,1628.468176,907.676928,1015.62152,0,0.162432,4,88,86,2,10,0.496638538824724,0.499393953377566,0.491092389881432,1498.48461154548,1499.72251771313,1496.05063169088,26
"75",7,9867,98670507,5,"Parramatta Eels","home",2016-04-03,5.990656,62.523456,45.946128,1581.4208,1501.467592,1022.471112,699.352248,0,1.94,6,52,39,13,5,0.5836552621332,0.535598439428088,0.635045438795299,1525.48692597226,1510.27541344579,1543.81885447882,18
"76",6,9867,98670507,5,"Penrith Panthers","away",2016-04-03,21.081904,66.81216,51.8344,1436.847432,1417.402784,924.431472,1043.939984,0,0.993016,2,73,84,-11,14,0.5836552621332,0.535598439428088,0.635045438795299,1466.80559582479,1485.4971604579,1447.59245238961,20
"77",10,9867,98670506,5,"Sydney Roosters","home",2016-04-03,10.56616,81.070088,46.442128,1448.864512,1482.634184,1113.75052,775.233296,0,2.823384,0,50,125,-75,16,0.480967071172964,0.492494849811466,0.46641970059263,1465.61435169891,1485.28469793274,1444.40242573856,28
"78",5,9867,98670506,5,"Warriors","away",2016-04-03,25.314944,75.399576,47.8892,1606.8922,1220.040384,1043.586632,951.906552,0,1.109416,2,90,98,-8,13,0.480967071172964,0.492494849811466,0.46641970059263,1478.84617872719,1490.50020215687,1467.77158596482,32
"79",6,9867,98670508,5,"Canberra Raiders","away",2016-04-04,28.53144,79.77036,47.953968,1404.218408,1445.522592,1063.501448,940.326648,0,1.388248,5,95,90,5,6,0.534892613123894,0.514477215669491,0.558102210229677,1498.08703037669,1499.65168458512,1494.98280853526,22
"80",NA,9867,98670508,5,"Canterbury-Bankstown Bulldogs","home",2016-04-04,27.06904,83.876944,53.696304,1522.616584,1338.617448,845.137144,1096.0774,0,3.7108,6,94,54,40,1,0.534892613123894,0.514477215669491,0.558102210229677,1522.37237567792,1509.71429704735,1535.53957376392,8
"81",9,9867,98670601,6,"Brisbane Broncos","home",2016-04-07,17.42237632,70.51782432,54.16648192,1475.59503088,1591.00851728,694.38427104,1064.45370768,0,0.2292,8,109,73,36,1,0.562635854913035,0.527646905072004,0.597746373601309,1533.33002837856,1514.51297797433,1553.00977124438,26
"82",6,9867,98670601,6,"St George-Illawarra Dragons","away",2016-04-07,13.80538144,74.11874112,51.57977648,1520.34165856,1400.02022576,1025.24716112,864.54905424,0,1.94740304,4,40,102,-62,14,0.562635854913035,0.527646905072004,0.597746373601309,1489.57633719556,1495.28232603332,1484.20297845145,0
"83",7,9867,98670602,6,"South Sydney Rabbitohs","home",2016-04-08,37.13843424,87.17132352,52.25622096,1504.1308232,1448.4952312,800.58994496,1063.91317696,0,1.61151808,6,124,78,46,5,0.579389304468755,0.534802241606388,0.62435477688109,1509.70720674313,1504.58199165831,1514.0070650329,10
"84",6,9867,98670602,6,"Sydney Roosters","away",2016-04-08,11.6121904,80.34588272,46.47560032,1451.99264128,1480.55613296,1111.8454888,781.63929824,0,2.77398096,0,78,157,-79,16,0.579389304468755,0.534802241606388,0.62435477688109,1454.07114199076,1480.35974943463,1425.74563771485,16
"85",7,9867,98670603,6,"Canberra Raiders","away",2016-04-09,28.1395536,79.3641384,48.07672992,1409.00530352,1447.95123648,1044.21136112,949.18704912,0,1.42495312,7,117,98,19,3,0.500798343838535,0.500176971372089,0.501597614422399,1510.92445309166,1504.79645674181,1517.30689694444,6
"86",NA,9867,98670604,6,"Manly-Warringah Sea Eagles","away",2016-04-09,8.90801664,72.75297216,46.65936496,1367.20467792,1503.76298992,1091.06391136,840.88987312,0,0.38888304,4,84,112,-28,13,0.501895317948443,0.500319051535316,0.505411184406438,1489.07238032499,1495.20345091093,1482.668151135,34
"87",6,9867,98670605,6,"North Queensland Cowboys","away",2016-04-09,21.82097984,75.60030944,54.70418368,1535.27811168,1480.84185088,808.49572624,1009.90412768,0,1.74149792,6,132,55,77,4,0.439807475621199,0.47277409545508,0.408989131507515,1522.84320290776,1509.79037213734,1536.94775005434,22
"88",7,9867,98670603,6,"Parramatta Eels","home",2016-04-09,6.71121664,62.97204864,46.12936032,1567.895552,1517.93953648,1007.50284528,716.37111312,0,1.8236,6,70,59,11,8,0.500798343838535,0.500176971372089,0.501597614422399,1511.47919968107,1504.91942905151,1518.41703692701,36
"89",5,9867,98670605,6,"Penrith Panthers","home",2016-04-09,21.01698976,67.1834304,51.784336,1457.19658608,1413.71861696,927.94558368,1027.68358496,0,1.05343504,4,93,102,-9,12,0.439807475621199,0.47277409545508,0.408989131507515,1480.81332211598,1490.85314485218,1472.99426994142,18
"90",9,9867,98670604,6,"Warriors","home",2016-04-09,25.71604736,75.13560144,48.195848,1597.358668,1236.89796096,1033.89143408,959.71215888,0,1.04285104,4,122,126,-4,10,0.501895317948443,0.500319051535316,0.505411184406438,1490.38938843534,1495.42515065499,1486.42837398852,18
"91",8,9867,98670606,6,"Cronulla-Sutherland Sharks","home",2016-04-10,15.89132864,69.30576032,47.2686696,1437.23015056,1557.9066504,931.82028896,886.42751344,0,1.7672,6,104,76,28,6,0.500227734951656,0.500017287000126,0.500997377043118,1512.73975413217,1505.13758177938,1521.88462371225,24
"92",7,9867,98670606,6,"Gold Coast Titans","away",2016-04-10,28.12390944,74.28535808,54.15187888,1379.80670784,1694.76435552,666.125068,1082.16653184,0,0.38908608,6,116,108,8,9,0.500227734951656,0.500017287000126,0.500997377043118,1512.58150766868,1505.12556954135,1521.1915742391,20
"93",9,9867,98670607,6,"Newcastle Knights","home",2016-04-10,12.79558176,71.11133872,45.48518208,1714.02235344,1350.78437088,1158.9309504,631.15523344,0,1.16285104,1,74,160,-86,15,0.455411862747069,0.479723789127222,0.432581726157593,1455.49975150025,1480.63149284697,1429.2728765162,18
"94",5,9867,98670607,6,"Wests Tigers","away",2016-04-10,30.85381408,68.24699152,52.25575808,1298.85159168,1603.72008544,921.73631232,1003.8242288,0,0.21268608,4,114,120,-6,11,0.455411862747069,0.479723789127222,0.432581726157593,1486.56528661368,1494.72857817935,1476.40693609562,16
"95",9,9867,98670608,6,"Canterbury-Bankstown Bulldogs","away",2016-04-11,25.9248976,82.98432736,53.47452576,1520.41958896,1347.34040112,859.70891536,1074.832756,0,3.548152,6,102,76,26,7,0.530668057151392,0.513686424879344,0.547469867609062,1509.53495296295,1504.56952489065,1513.21548535473,18
"96",5,9867,98670608,6,"Melbourne Storm","home",2016-04-11,18.22659264,78.64680688,47.33608304,1368.4375784,1529.05886176,891.24169776,1018.03155296,0,3.56128192,8,97,74,23,2,0.530668057151392,0.513686424879344,0.547469867609062,1530.87208625747,1514.08220331295,1546.30057264779,12
"97",7,9867,98670701,7,"Manly-Warringah Sea Eagles","home",2016-04-14,10.4135356416,73.1277938304,47.0998030624,1361.4323972448,1508.5772105248,1077.3200766784,856.4964807328,0,0.6055500576,6,118,130,-12,10,0.467891277679387,0.486028360006529,0.449133259733348,1501.11786795575,1500.20664142628,1502.88459851126,10
"98",NA,9867,98670701,7,"Parramatta Eels","away",2016-04-14,8.4685436416,63.9937257216,46.3015987008,1568.92181888,1514.8831642912,988.5726745632,737.7088463328,0,1.894184,8,106,65,41,3,0.467891277679387,0.486028360006529,0.449133259733348,1523.46003942894,1509.91765933779,1538.35313235011,22
"99",7,9867,98670702,7,"North Queensland Cowboys","home",2016-04-15,21.8317210496,76.4042908736,54.4819326592,1540.7214249792,1481.7513398272,808.1059826656,1002.9498800192,0,1.6970080448,8,155,73,82,2,0.553895821186108,0.521981473176497,0.591457389999644,1533.39858232267,1514.51811309189,1553.30731531464,44
"100",7,9867,98670702,7,"South Sydney Rabbitohs","away",2016-04-15,35.5101281856,86.8610441088,52.0608477024,1516.722973808,1449.665517328,797.6745482624,1052.0383863424,0,1.6948269952,6,134,95,39,8,0.553895821186108,0.521981473176497,0.591457389999644,1495.80186343588,1499.23396924225,1489.03287395766,18
"101",NA,9867,98670705,7,"Brisbane Broncos","home",2016-04-16,17.9370337408,71.4467548608,54.2764930048,1471.1793290272,1579.6080062432,695.2612147776,1079.9664852192,0,0.335448,10,135,73,62,1,0.606640771975737,0.547922153678318,0.662455550380387,1543.82676786065,1519.23650892361,1569.09991630032,52
"102",8,9867,98670704,7,"Canterbury-Bankstown Bulldogs","home",2016-04-16,25.449403744,83.1652677184,53.3860542144,1528.2544136224,1344.9199770528,877.7263804384,1053.30279064,0,3.39526288,8,120,88,32,5,0.562881458116238,0.527724059202859,0.597878633554974,1522.27098633458,1509.70638913945,1535.11428005909,20
"103",9,9867,98670703,7,"Gold Coast Titans","home",2016-04-16,27.6364748736,74.6882365952,53.9627661472,1391.0383053696,1667.5984941888,688.43756392,1074.4165399296,0,0.3657409152,6,136,133,3,9,0.530912126446681,0.513764465259728,0.547517712355507,1500.58697330752,1500.12574241135,1501.23146932082,14
"104",7,9867,98670705,7,"Newcastle Knights","away",2016-04-16,13.1078468544,71.0446583968,45.6960711552,1692.8410122336,1367.7173086272,1133.495093376,659.4659194336,0,1.2730799776,3,92,176,-84,15,0.606640771975737,0.547922153678318,0.662455550380387,1468.56986679432,1485.8342549557,1451.96960746989,0
"105",6,9867,98670703,7,"St George-Illawarra Dragons","away",2016-04-16,12.9770585536,73.8116166528,51.1249898912,1513.1811590464,1400.1390122144,1043.1123314528,855.2161109856,0,1.9505588576,4,40,128,-88,14,0.530912126446681,0.513764465259728,0.547517712355507,1479.07959771347,1490.55879508404,1468.1128333955,18
"106",6,9867,98670704,7,"Warriors","away",2016-04-16,25.2530845184,75.3074653536,48.06409712,1596.55714792,1238.9440833024,1037.9179480352,953.8494293472,0,1.1002799776,4,140,160,-20,13,0.562881458116238,0.527724059202859,0.597878633554974,1478.34390080458,1490.42196013963,1466.21192661226,24
"107",8,9867,98670706,7,"Canberra Raiders","home",2016-04-17,26.811180384,78.862290096,48.2521261248,1412.4849853088,1456.1741622912,1045.8786794528,933.7558261728,0,1.4594559328,7,123,134,-11,7,0.46295225823428,0.485125111048446,0.436344174446257,1498.94361334379,1499.79822645553,1497.37080152134,16
"108",NA,9867,98670706,7,"Cronulla-Sutherland Sharks","away",2016-04-17,16.3778489216,69.4674147008,47.372549424,1425.5163415264,1558.452251376,933.0910716224,895.5218626336,0,1.901168,8,129,96,33,4,0.46295225823428,0.485125111048446,0.436344174446257,1524.73428849333,1510.13740890938,1541.84472863052,40
"109",6,9867,98670707,7,"Melbourne Storm","away",2016-04-17,17.8529970816,78.4879984672,47.3759180576,1364.751323696,1536.3753300544,880.7271958944,1026.5496597824,0,3.4076050048,8,109,92,17,6,0.436107816452318,0.472082126830928,0.399647660703284,1518.13605288583,1508.94533906415,1524.40177794343,18
"110",6,9867,98670707,7,"Wests Tigers","home",2016-04-17,29.9625852352,68.5921720288,52.1804125952,1318.9004961792,1589.1568803136,932.6121335808,987.694775072,0,0.3199249152,4,130,138,-8,11,0.436107816452318,0.472082126830928,0.399647660703284,1473.49517131961,1489.52581607063,1453.71020514193,18
"111",9,9867,98670708,7,"Penrith Panthers","away",2016-04-18,20.8359703744,67.892424576,51.61727584,1459.5247909152,1426.4554999424,925.9088486592,1014.1425698624,0,1.1102289376,4,111,125,-14,12,0.496716766061472,0.499398979460944,0.491488631607679,1470.25794270108,1486.12540389763,1456.63470468112,20
"112",14,9867,98670708,7,"Sydney Roosters","home",2016-04-18,11.875458976,80.2051297568,46.7470643008,1452.9530828032,1494.5627649824,1097.094759472,779.8609403456,0,2.8475421024,2,95,167,-72,16,0.496716766061472,0.499398979460944,0.491488631607679,1467.97648529801,1485.70777185069,1450.7198287901,16
"113",12,9867,98670801,8,"Brisbane Broncos","home",2016-04-22,19.980811716352,72.499949569152,54.559903424512,1479.20856928557,1582.45152586861,674.005541890944,1091.00849610605,0,0.37532112,12,188,73,115,1,0.596867469795728,0.542071418619998,0.653100484061662,1553.26738933323,1523.75728738683,1582.60169428511,30
"114",7,9867,98670801,8,"South Sydney Rabbitohs","away",2016-04-22,34.459520494464,86.029381462272,51.577196840256,1498.25959537952,1435.46558628832,830.874075366656,1050.53608316186,0,1.593137375488,6,152,139,13,8,0.596867469795728,0.542071418619998,0.653100484061662,1485.09536314435,1494.45378397401,1472.69116955764,8
"115",6,9867,98670803,8,"Canberra Raiders","home",2016-04-23,26.16250956096,78.51055269024,48.176998557312,1418.45588619027,1445.42371255373,1055.72595868563,926.990476602432,0,1.431888576832,7,139,174,-35,7,0.518418351985956,0.50739936461086,0.531894548101813,1487.83275914616,1494.94697534505,1479.91703454349,60
"116",10,9867,98670802,8,"Canterbury-Bankstown Bulldogs","home",2016-04-23,25.12243951936,82.735351655296,52.942890961536,1530.27914880506,1342.82477842963,890.042797612096,1040.8046232016,0,3.3115471072,8,140,112,28,6,0.530065307190493,0.513583421084018,0.545734088911845,1508.76183133979,1504.42914854742,1511.19913471689,20
"117",NA,9867,98670802,8,"Gold Coast Titans","away",2016-04-23,26.818286381184,74.946942399488,53.905000178368,1399.31600704742,1670.98258453747,691.8313100848,1058.07154753382,0,0.523796460288,6,150,152,-2,9,0.530065307190493,0.513583421084018,0.545734088911845,1487.8450822728,1494.98809775876,1479.3307608266,20
"118",6,9867,98670804,8,"North Queensland Cowboys","home",2016-04-23,23.161817786624,76.380033421184,54.573016699648,1521.05813948045,1465.38625943757,821.239623705664,1023.83288721805,0,1.655187562112,10,199,91,108,2,0.513546896942207,0.50650494734079,0.519174805222736,1544.10508261421,1519.29829836013,1569.64901971465,32
"119",7,9867,98670804,8,"Parramatta Eels","away",2016-04-23,9.280431023104,65.374102178304,46.523502778752,1563.5265097472,1517.17017443373,983.858314089408,745.586315552832,0,1.96053296,10,128,75,53,4,0.513546896942207,0.50650494734079,0.519174805222736,1534.68943009325,1514.77794293786,1556.31846273945,16
"120",6,9867,98670803,8,"Wests Tigers","away",2016-04-23,29.244830121088,69.336641707072,52.109587839488,1349.44646640845,1584.10746749478,923.515405565952,987.29308856768,0,0.480729420288,4,148,157,-9,14,0.518418351985956,0.50739936461086,0.531894548101813,1475.02858372476,1489.80499480232,1457.7242987138,6
"121",6,9867,98670805,8,"Cronulla-Sutherland Sharks","home",2016-04-24,17.795177986304,69.199369818752,47.71019645856,1416.60536103482,1555.66511629344,926.365607325056,914.390550875584,0,1.84709792,10,169,112,57,3,0.576623165243374,0.534296693903237,0.61723080504119,1535.84514269095,1514.98866001986,1559.29849560837,20
"122",9,9867,98670805,8,"Penrith Panthers","away",2016-04-24,20.785812151936,68.25887910144,51.7602392896,1461.29330346029,1428.52816994586,915.894317739648,1019.71401567066,0,1.223615201344,6,131,141,-10,10,0.576623165243374,0.534296693903237,0.61723080504119,1482.17914508655,1491.11939369224,1476.29424994543,18
"123",NA,9867,98670806,8,"Manly-Warringah Sea Eagles","away",2016-04-25,10.388723503104,73.420126200576,47.273814878656,1372.92645341011,1506.80257789331,1064.8208720777,859.706691888832,0,0.569217054144,6,128,152,-24,12,0.455849197207997,0.479816034852087,0.433546490630092,1489.88847729144,1495.34635782622,1484.91926812192,26
"124",5,9867,98670808,8,"Melbourne Storm","home",2016-04-25,17.861817256704,78.338718559168,47.473362974144,1373.16624427424,1553.87281025114,886.743564140736,1011.81668019546,0,3.203148704512,10,128,110,18,5,0.535557391309033,0.518652295312156,0.543438736853282,1516.60264048069,1508.66616033246,1520.38768437156,42
"125",8,9867,98670806,8,"Newcastle Knights","home",2016-04-25,12.321376043136,70.861978892992,45.414306885888,1688.89055149958,1381.95427010957,1141.32538777344,640.357964267584,0,1.256695178944,3,92,229,-137,15,0.455849197207997,0.479816034852087,0.433546490630092,1459.12924532173,1481.31347649248,1438.46782948511,10
"126",7,9867,98670807,8,"St George-Illawarra Dragons","home",2016-04-25,13.278435040384,74.122919653632,50.877490497728,1525.83028950362,1407.87067148154,1028.64559156563,848.603144326464,0,2.013525326144,6,59,142,-83,13,0.551290654001857,0.521548421855562,0.58403559381295,1491.82148874819,1495.69643973663,1490.01354188972,20
"127",7,9867,98670807,8,"Sydney Roosters","away",2016-04-25,12.12293143744,79.472821971392,46.702240442752,1453.43589783501,1494.22899908346,1097.68907390368,778.609283924864,0,3.096689576256,2,111,187,-76,16,0.551290654001857,0.521548421855562,0.58403559381295,1456.05528291253,1480.71378205608,1431.06028352579,18
"128",NA,9867,98670808,8,"Warriors","away",2016-04-25,25.177899447296,75.649017432384,48.4202512928,1579.3637190448,1258.32743830426,1026.34287115309,961.598463586368,0,1.094263178944,6,164,180,-16,11,0.535557391309033,0.518652295312156,0.543438736853282,1491.85305579937,1495.69920073166,1490.12707195446,0
"129",6,9867,98670901,9,"South Sydney Rabbitohs","home",2016-04-28,32.8719492647962,84.6476185745357,51.1225650298406,1507.30401965675,1430.45765111102,850.381630844657,1026.74391817214,0,1.79754913295872,6,160,169,-9,11,0.517190019079227,0.507188621001804,0.528485354994638,1475.42018241944,1489.87449816021,1458.81518892011,22
"130",10,9867,98670901,9,"Wests Tigers","away",2016-04-28,27.8501403138227,69.8564432046477,51.5030125691187,1356.97967842394,1573.7810194451,949.344481231995,964.895503253619,0,0.63188565507072,4,154,217,-63,14,0.517190019079227,0.507188621001804,0.528485354994638,1463.47062417242,1484.87898844843,1439.00008063787,30
"131",7,9867,98670902,9,"Canterbury-Bankstown Bulldogs","away",2016-04-29,24.8150931481984,82.0312305559782,52.8263175038438,1541.78239987675,1368.81529172385,877.62022975537,1030.4363458095,0,3.172854280768,10,161,132,29,6,0.521536404522879,0.507985949573528,0.539801683725155,1508.04026396722,1504.29331433658,1509.36977116042,12
"132",7,9867,98670902,9,"Parramatta Eels","home",2016-04-29,9.68360516171776,65.4116560476058,46.4920926120269,1550.53491916237,1509.1199639677,989.686815244043,760.191136619662,0,1.8429009824,10,144,107,37,5,0.521536404522879,0.507985949573528,0.539801683725155,1523.01455561986,1509.84299241127,1537.08545494836,20
"133",7,9867,98670903,9,"Canberra Raiders","away",2016-04-30,28.1927589873024,79.0799195288256,48.7663786438733,1418.06853301886,1447.1982898005,1029.22240116449,952.611048006286,0,1.46597526222208,9,199,180,19,7,0.460688938042368,0.480710143760328,0.446017341017467,1499.3907186985,1499.87298169894,1498.64125261942,18
"134",5,9867,98670905,9,"Manly-Warringah Sea Eagles","home",2016-04-30,11.3254000929178,73.2749186285414,47.6173859859367,1378.27086620551,1526.49442321971,1040.95161975303,858.284290375502,0,0.59506403089536,8,154,162,-8,8,0.421571888768877,0.46538897113942,0.377862682249287,1500.82885802444,1500.14451817474,1502.26112774713,18
"135",NA,9867,98670904,9,"Newcastle Knights","away",2016-04-30,12.1820934805478,70.4502601594125,45.5094484727347,1697.65711840961,1386.75701390299,1123.00586450703,641.956486411529,0,1.24129346820736,3,102,255,-153,15,0.495822911392271,0.499156607241855,0.490352987906048,1448.18886458874,1476.51531614396,1421.12596985991,0
"136",8,9867,98670905,9,"North Queensland Cowboys","away",2016-04-30,23.6921087194266,76.2372314159129,54.5386356976691,1512.77465111162,1458.28308387131,831.305246283324,1027.26291398497,0,1.55587630838528,12,231,107,124,2,0.421571888768877,0.46538897113942,0.377862682249287,1555.77995708759,1524.23324888672,1588.88202750574,34
"137",8,9867,98670903,9,"Penrith Panthers","home",2016-04-30,20.6186634228198,69.2033463553536,51.774624932224,1455.51570525267,1447.87647974911,909.960658675269,1011.03117473042,0,1.21019828926336,6,149,161,-12,12,0.460688938042368,0.480710143760328,0.446017341017467,1472.01810105239,1486.46236063127,1460.98348214707,18
"138",8,9867,98670904,9,"Sydney Roosters","home",2016-04-30,12.4755555511936,78.6044526531085,46.8401060161869,1464.98974396491,1489.71525913845,1088.40772946946,782.352726889372,0,2.91088820168064,2,129,207,-78,16,0.495822911392271,0.499156607241855,0.490352987906048,1445.28625860858,1475.92926627464,1414.42170727831,38
"139",7,9867,98670908,9,"Brisbane Broncos","away",2016-05-01,20.5819630133709,73.4299525950029,54.6463092190413,1471.57605512843,1586.44443431649,672.805209377487,1094.90798633969,0,0.3528018528,14,218,81,137,1,0.475645872600927,0.487495426124646,0.46857032046186,1562.94257005813,1528.33657320063,1596.47767492264,28
"140",6,9867,98670908,9,"Cronulla-Sutherland Sharks","home",2016-05-01,17.9274673071258,69.7274076296269,47.7275846710464,1436.66903937273,1544.22520931583,923.283670885553,908.547117823049,0,1.8562720448,12,189,130,59,4,0.475645872600927,0.487495426124646,0.46857032046186,1546.00618672511,1519.64569308083,1574.60926340673,30
"141",8,9867,98670907,9,"Gold Coast Titans","home",2016-05-01,26.409189198313,75.2501258555187,53.6107001676659,1421.91704662458,1674.04362946522,702.401431479712,1035.56725468179,0,0.61236867267072,6,170,173,-3,10,0.443849536043992,0.473608566639019,0.418012142487783,1488.56664964537,1495.1239319696,1481.16012438308,0
"142",6,9867,98670907,9,"Melbourne Storm","away",2016-05-01,19.3101082213018,78.4983954456179,47.9249611956954,1382.87626961779,1546.14044163607,872.778950292292,1022.26767938373,0,3.13095978224128,12,170,110,60,3,0.443849536043992,0.473608566639019,0.418012142487783,1527.74926308927,1513.47963737934,1538.65013489743,38
"143",9,9867,98670906,9,"St George-Illawarra Dragons","away",2016-05-01,13.681728937961,74.2355444744141,50.8848410678643,1519.4204721334,1422.15843119264,1017.38685607169,854.266955666876,0,1.95271380657536,8,79,160,-81,9,0.468547861059999,0.486194861003089,0.450103399516234,1502.59051305215,1500.48095551808,1506.6521181372,10
"144",8,9867,98670906,9,"Warriors","home",2016-05-01,23.6672254804582,75.250076386441,48.215036215232,1570.10189590211,1274.927792006,1035.9222988839,943.142555771186,0,1.26860738820736,6,164,222,-58,13,0.468547861059999,0.486194861003089,0.450103399516234,1480.70643319079,1490.88572368478,1471.8646214286,26
"145",7,9868,98680101,1,"Brisbane Broncos","home",2016-09-09,21.0270452325686,73.8241554393027,54.3075306658988,1463.32149182073,1580.4777682575,704.016896814838,1076.3735071593,0,0.451633741632,14,246,111,135,2,0.602769965039234,0.547097038221682,0.654234676176456,1550.35807100055,1523.21152746187,1575.22048774112,44
"146",NA,9868,98680101,1,"Gold Coast Titans","away",2016-09-09,24.8246378464142,75.3551183041876,53.154058157606,1414.6620238271,1660.60101169731,749.897345590929,1007.27321940089,0,0.635626552310477,6,170,211,-41,12,0.602769965039234,0.547097038221682,0.654234676176456,1477.91426078031,1490.38784630321,1464.43963868356,28
"147",7,9868,98680102,1,"Canberra Raiders","home",2016-09-10,27.5811934480643,78.7751243570961,49.0803959252409,1452.14442103772,1420.12639241247,1029.38905709462,942.614385125909,0,1.49801674648876,9,217,199,18,6,0.414300955046965,0.46395428464545,0.360751665270678,1498.44725321152,1499.68008313654,1496.48194626011,14
"148",7,9868,98680102,1,"Cronulla-Sutherland Sharks","away",2016-09-10,18.6518192686982,69.6237631718493,47.9239295907836,1439.68889701036,1531.61169675688,915.04665063242,925.614290753666,0,1.744895722112,14,219,158,61,4,0.414300955046965,0.46395428464545,0.360751665270678,1558.59068578269,1524.77073881958,1595.86645058825,16
"149",5,9868,98680103,1,"Melbourne Storm","home",2016-09-10,20.4315017280237,78.8884917188808,48.2894635239536,1386.90369344072,1531.4320151379,854.252213274754,1050.57161862071,0,3.0031021953068,14,208,110,98,3,0.46051243551408,0.484647426082094,0.430475040940195,1538.40165195433,1518.21572304573,1555.37062059694,16
"150",9,9868,98680103,1,"North Queensland Cowboys","away",2016-09-10,24.310582196261,76.3429975309582,54.626317555809,1517.16817204492,1456.04609883903,831.646931506325,1024.42713914587,0,1.58252372988216,14,265,125,140,1,0.46051243551408,0.484647426082094,0.430475040940195,1565.89768241805,1528.88713859811,1603.99653479571,10
"151",8,9868,98680104,1,"Canterbury-Bankstown Bulldogs","away",2016-09-11,24.0461875593065,82.0293567226195,52.5967384536132,1541.79545588415,1383.94637422042,875.243015970048,1017.69016506093,0,3.10248302392192,10,173,152,21,5,0.466095353020301,0.481705619940775,0.460050506459696,1496.55713767577,1499.37317383231,1490.96183850943,12
"152",8,9868,98680104,1,"Penrith Panthers","home",2016-09-11,20.4615436174507,69.2511455740324,51.4281474362906,1427.94476293751,1480.16389096416,902.523019154753,1012.28930424659,0,1.25758639190756,8,168,179,-11,7,0.466095353020301,0.481705619940775,0.460050506459696,1472.96156653937,1486.65525919367,1463.14278850637,28
"153",NA,9868,98680201,2,"Brisbane Broncos","away",2016-09-16,22.4054225186145,74.4347061129446,54.2890788259449,1439.90220231148,1572.82910216205,718.535883005948,1093.27109672975,0,0.54453571713408,NA,NA,NA,NA,NA,0.490011547825839,0.49423379937871,0.488725627971993,1559.89159183961,1527.74055707966,1589.05110069406,20
"154",6,9868,98680201,2,"North Queensland Cowboys","home",2016-09-16,23.4519472644853,76.5024176791007,54.4087385024604,1515.29808172223,1448.06333290869,854.468115615945,1010.06151079712,0,1.66757230608923,NA,NA,NA,NA,NA,0.490011547825839,0.49423379937871,0.488725627971993,1552.94998087038,1523.73361285893,1581.21553643332,26
"155",8,9868,98680202,2,"Canberra Raiders","home",2016-09-17,26.7663218411804,78.9086168956703,49.3755721697264,1460.29575577546,1418.01880886773,1020.36571366895,943.897522018354,0,1.70813574169943,NA,NA,NA,NA,NA,0.503926909376717,0.504608403324527,0.496130455503741,1488.50403029039,1495.04054029009,1482.05187964929,22
"156",6,9868,98680202,2,"Penrith Panthers","away",2016-09-17,20.9138510004036,70.1360768395905,51.2224585901131,1445.52807716126,1477.15405750631,888.091638005468,1011.8519459918,0,1.18213120839311,NA,NA,NA,NA,NA,0.503926909376717,0.504608403324527,0.496130455503741,1485.77527806689,1491.83820299426,1484.74076824799,12
"157",7,9868,98680301,3,"Cronulla-Sutherland Sharks","home",2016-09-23,18.4927101125763,69.7663373815383,47.8084938153366,1436.40756318974,1534.99499495147,917.983851594474,922.817433308446,0,1.76020197878528,NA,NA,NA,NA,NA,0.504812549212264,0.500890821452554,0.512417023219342,1568.53390870381,1529.41028166604,1610.29651719908,32
"158",7,9868,98680301,3,"North Queensland Cowboys","away",2016-09-23,23.6048304286162,76.4122726183546,54.4442141923128,1516.72019681889,1453.21953293417,861.220028678988,1032.43782014929,0,1.56751796772388,NA,NA,NA,NA,NA,0.504812549212264,0.500890821452554,0.512417023219342,1565.18970372256,1528.79127486515,1601.66651131444,20
"159",6,9868,98680302,3,"Canberra Raiders","away",2016-09-24,26.4803425307096,78.6140998819301,49.7730378395429,1469.21801042893,1429.59768033566,989.20377084881,953.143670697253,0,1.66564759719746,NA,NA,NA,NA,NA,0.572787129399594,0.533588368372061,0.607585521646288,1500.40978446535,1499.99445625684,1502.20666142914,12
"160",7,9868,98680302,3,"Melbourne Storm","home",2016-09-24,20.1656116243422,79.675182215748,48.3320957125164,1383.06947183428,1528.70609422963,850.097080478269,1060.25732150346,0,3.06291606358839,NA,NA,NA,NA,NA,0.572787129399594,0.533588368372061,0.607585521646288,1551.34935350199,1523.36924878491,1578.15161895933,14
"161",7,9868,98680401,4,"Cronulla-Sutherland Sharks","away",2016-10-02,19.3031475058217,70.620357138646,48.2999841864164,1429.84310939836,1528.39529525438,899.864820498806,953.968387309939,0,1.71458986005816,NA,NA,NA,NA,NA,0.472948120304517,0.49083672538607,0.448445310021557,1580.41840752272,1534.40137345151,1629.7998362703,14
"162",70,9868,98680401,4,"Melbourne Storm","home",2016-10-02,19.7956749268817,79.9346712828031,48.6121699697654,1390.86530352422,1522.96372857585,836.771255649573,1071.28188221326,0,2.87914109977309,NA,NA,NA,NA,NA,0.472948120304517,0.49083672538607,0.448445310021557,1561.6024623964,1528.03336510119,1593.84819809348,12
"163",6,10095,100950101,1,"Brisbane Broncos","away",2017-03-02,22.2610971674976,74.1086237461679,53.7317340963882,1445.5480701728,1570.79935603233,758.403730025591,1085.69483092596,0,0.631863574106036,NA,NA,NA,NA,NA,0.563150841286254,0.523909704523214,0.611958505695721,1547.65186898743,1522.68289507344,1568.60012581294,26
"164",NA,10095,100950101,1,"Cronulla-Sutherland Sharks","home",2017-03-02,18.9849586554724,71.6031357103273,48.8819851352314,1423.37252283446,1526.69157753912,893.872931268878,969.330284071343,0,1.73171446845467,NA,NA,NA,NA,NA,0.563150841286254,0.523909704523214,0.611958505695721,1591.76916241003,1539.30974070537,1647.73764867117,18
"165",5,10095,100950102,1,"Canterbury-Bankstown Bulldogs","home",2017-03-03,23.3234163057481,82.2675953192624,52.5609341463964,1535.0877285311,1404.1695917672,883.028435011845,996.348755157278,0,2.9163340424866,NA,NA,NA,NA,NA,0.405439107119336,0.458455524386157,0.35129970133622,1483.74342614825,1494.19023003172,1469.36385876781,6
"166",10,10095,100950102,1,"Melbourne Storm","away",2017-03-03,19.3279344312688,80.5985910058349,48.2154397715795,1397.41338531277,1510.9059048613,859.164980310599,1055.00496928046,0,3.00639263378671,NA,NA,NA,NA,NA,0.405439107119336,0.458455524386157,0.35129970133622,1550.25170750909,1523.12499784733,1575.91038569262,12
"167",8,10095,100950103,1,"South Sydney Rabbitohs","home",2017-03-03,32.2196323089084,84.7287614600635,50.9952111280502,1511.00577847734,1429.29019204436,865.538732993977,1009.53928308182,0,1.8096961849812,6,182,199,-17,11,0.481479053689576,0.492591596608594,0.467717080399677,1463.00762196154,1484.8026119502,1437.67577472033,18
"168",7,10095,100950103,1,"Wests Tigers","away",2017-03-03,27.9791318949933,71.0050566123688,51.4728318149716,1360.2208977185,1573.49415827839,936.783812358075,973.181773058402,0,0.773972515766477,6,184,239,-55,13,0.481479053689576,0.492591596608594,0.467717080399677,1475.88318463032,1489.95087465844,1460.13949483766,34
"169",NA,10095,100950105,1,"Canberra Raiders","away",2017-03-04,25.611521978867,78.3372538890143,49.6066555691703,1467.0449298032,1434.60181951552,1004.49154459788,933.635050455418,0,1.92570874136562,NA,NA,NA,NA,NA,0.589890361252167,0.540879940909572,0.634280250210444,1490.15667557094,1495.33033994057,1486.51008229499,16
"170",10,10095,100950106,1,"Gold Coast Titans","home",2017-03-04,25.0151595756293,75.1538112059363,52.7248146681496,1416.96230239748,1625.34495099547,786.383504855474,1003.59682623683,0,0.717488959171849,NA,NA,NA,NA,NA,0.515816691614835,0.507081582341893,0.522724431254488,1468.38073994125,1485.85881668542,1450.60902573062,18
"171",8,10095,100950105,1,"North Queensland Cowboys","home",2017-03-04,23.3885406028992,76.5675362612534,53.817561340774,1511.21698500976,1445.64636095812,896.066826958249,1007.45155094033,0,1.71346688966045,NA,NA,NA,NA,NA,0.589890361252167,0.540879940909572,0.634280250210444,1553.30520490366,1523.80018307967,1582.16319224322,20
"172",6,10095,100950104,1,"Penrith Panthers","away",2017-03-04,20.3790199403794,70.127912229215,50.7891110747063,1455.45639253158,1485.06481405593,900.68613972514,981.200829232288,0,1.29120333588952,NA,NA,NA,NA,NA,0.522960958695467,0.512170524047933,0.528851351643569,1473.86952389193,1486.88428702751,1464.58598646814,10
"173",6,10095,100950104,1,"St George-Illawarra Dragons","home",2017-03-04,13.4608252016833,73.9214118059492,50.6517506037924,1502.6552438054,1432.16892532109,1025.58364470739,852.030938326864,0,2.01555097818084,8,89,186,-97,10,0.522960958695467,0.512170524047933,0.528851351643569,1489.83566171759,1495.34290412811,1484.65625411785,42
"174",NA,10095,100950106,1,"Sydney Roosters","away",2017-03-04,14.007022218122,78.568185493922,47.2696996552157,1462.59035932701,1487.87234359014,1055.86326570129,818.39156327601,0,2.7962349095798,4,167,207,-40,14,0.515816691614835,0.507081582341893,0.522724431254488,1457.38650873517,1480.93770020222,1434.80758776207,32
"175",7,10095,100950108,1,"Manly-Warringah Sea Eagles","home",2017-03-05,11.7258760873427,73.1384235108289,47.4003428267805,1380.83461423317,1530.06475782653,1037.29452256785,857.007232952972,0,0.739360189041639,8,172,196,-24,8,0.437317601193313,0.472293048872408,0.402890519931644,1490.71113269398,1495.49062846334,1487.14662045715,12
"176",6,10095,100950107,1,"Newcastle Knights","away",2017-03-05,11.451167871715,70.8432445498477,45.5388815643706,1683.33769130503,1389.05159306881,1138.60551263661,636.199097226837,0,1.28681586011492,3,102,293,-191,15,0.581823522421996,0.535224198582114,0.630891693259532,1436.08861446216,1471.50688221638,1400.74008937615,22
"177",7,10095,100950108,1,"Parramatta Eels","away",2017-03-05,10.3025888520147,66.2869566847494,46.7625670553053,1554.76282401263,1511.09276612964,979.385606329401,764.859668422482,0,1.852326923456,0,0,0,0,16,0.437317601193313,0.472293048872408,0.402890519931644,1534.49768191131,1514.76313291553,1555.49338759935,20
"178",5,10095,100950107,1,"Warriors","home",2017-03-05,23.8071919516307,74.9350718032545,48.5021340423181,1571.23578214799,1272.83212448564,1022.78696095087,955.794002424915,0,1.37249094491492,8,190,232,-42,9,0.581823522421996,0.535224198582114,0.630891693259532,1493.46128452535,1496.02377507475,1493.86048544795,26
"179",7,10095,100950201,2,"Canterbury-Bankstown Bulldogs","away",2017-03-09,22.2840113274032,81.7115396001066,52.5272780976126,1542.94246481923,1415.31941626117,882.246728911134,978.387829847841,0,2.80135399993741,0,6,12,-6,11,0.493888699180832,0.494823457374116,0.500582401647555,1474.01288757739,1489.60567478786,1455.31187071437,24
"180",7,10095,100950201,2,"Sydney Roosters","home",2017-03-09,15.0866008850347,78.0540943642867,47.1935176759027,1459.43493776739,1507.50000297473,1035.17146975921,822.448069479449,0,2.80846081500501,2,32,18,14,3,0.493888699180832,0.494823457374116,0.500582401647555,1469.76610933392,1486.00851602564,1455.71656501225,28
"181",10,10095,100950203,2,"Brisbane Broncos","home",2017-03-10,22.4854313374478,74.4021063213978,53.8678300506049,1446.89518596243,1558.33139467039,760.179506224056,1092.6731410704,0,0.653951759659674,2,26,18,8,5,0.497150082358115,0.499324491667123,0.494656024104503,1561.1674891783,1527.92199211867,1593.07846604077,20
"182",NA,10095,100950202,2,"Melbourne Storm","away",2017-03-10,18.8882583653927,80.2026755454848,48.2025133852847,1408.968582194,1520.21155056962,849.435081491963,1043.90467112363,0,2.8860090757595,2,12,6,6,6,0.419420627922297,0.461167522332817,0.385038434861552,1559.98224607996,1527.70955309119,1589.96237374607,26
"183",5,10095,100950203,2,"North Queensland Cowboys","away",2017-03-10,23.1852281667253,76.5934840855782,54.1285076603276,1503.04396590918,1457.90757930063,890.662817340754,1021.22445788391,0,1.67065887628082,2,20,16,4,7,0.497150082358115,0.499324491667123,0.494656024104503,1563.14783623361,1528.39138367058,1596.7919822348,20
"184",7,10095,100950202,2,"Warriors","home",2017-03-10,23.9387604345329,74.5789674950592,48.772005999779,1561.44163521911,1299.8421970165,1009.59974329382,953.22636227942,0,1.29014148822002,2,26,22,4,8,0.419420627922297,0.461167522332817,0.385038434861552,1503.49751998722,1500.67153308893,1508.62481771756,10
"185",5,10095,100950206,2,"Canberra Raiders","home",2017-03-11,25.034830660135,77.6570186556734,49.0902562350201,1478.02223401501,1431.02571034459,1018.44205192201,925.976947428093,0,1.99016621688368,0,16,20,-4,10,0.36267212066389,0.437962276905089,0.294962677773166,1480.31404424099,1490.73913934966,1471.88129230341,16
"186",7,10095,100950206,2,"Cronulla-Sutherland Sharks","away",2017-03-11,18.9258611361441,71.4469475677076,48.5890660271175,1419.75017146439,1523.17008288677,912.360555392745,958.450467027062,0,1.68781160034739,0,18,26,-8,12,0.36267212066389,0.437962276905089,0.294962677773166,1578.25354221916,1534.07064366014,1623.25930844334,42
"187",7,10095,100950204,2,"Gold Coast Titans","away",2017-03-11,24.5942500010916,75.2045825335802,52.8013257880606,1440.84456425363,1612.42425393574,792.360494564145,986.041016662624,0,0.734439621621538,0,18,32,-14,14,0.457006701634645,0.479965467505294,0.437405791288084,1456.0011393425,1480.788000862,1429.70004848044,26
"188",9,10095,100950205,2,"Manly-Warringah Sea Eagles","home",2017-03-11,11.7423235221021,72.7101181001792,47.0763222571736,1396.56453737918,1522.98087235694,1050.53685121378,835.706798975794,0,1.11499857769914,0,12,20,-8,13,0.541299529487873,0.515668280099663,0.574370142601796,1480.21551026534,1490.76769797462,1471.03099965989,18
"189",6,10095,100950204,2,"Newcastle Knights","home",2017-03-11,12.0840977994121,70.7926498768569,45.6265486705084,1685.71742982673,1390.18849748469,1125.06918187841,646.207151393227,0,1.44960690850802,0,22,26,-4,9,0.457006701634645,0.479965467505294,0.437405791288084,1426.05237900028,1466.8591242022,1385.97575710653,34
"190",7,10095,100950205,2,"South Sydney Rabbitohs","away",2017-03-11,31.3664543703739,84.6850357724597,50.9354984603672,1517.0054317687,1440.5527805217,859.686409014339,998.526926096907,0,1.82111441388233,0,18,34,-16,15,0.541299529487873,0.515668280099663,0.574370142601796,1451.45212467299,1479.87669598411,1418.96709150434,38
"191",7,10095,100950208,2,"Parramatta Eels","away",2017-03-12,10.8844335208938,66.8697392836645,47.436813031987,1546.19705457187,1519.00720016186,950.742469949637,794.448088317133,0,1.86118730804864,2,20,12,8,4,0.437427869577847,0.47230400987526,0.403222866791701,1544.99330433995,1519.48606340425,1571.60900839662,34
"192",6,10095,100950207,2,"Penrith Panthers","away",2017-03-12,19.7562787439566,69.5202374954621,50.441764410224,1459.62900897969,1499.22092521257,910.244971341631,953.288779478351,0,1.39373113573615,0,10,42,-32,16,0.53594183330687,0.518514099318159,0.547502740347633,1462.42058690062,1482.00599226799,1445.74004053388,36
"193",9,10095,100950208,2,"St George-Illawarra Dragons","home",2017-03-12,15.1731756895823,73.9261270975923,50.9126455675649,1515.75592917707,1437.73878980182,995.008626024949,864.509082027252,0,1.89461791948999,2,42,10,32,1,0.437427869577847,0.47230400987526,0.403222866791701,1501.28459870889,1500.22119888763,1503.50220005211,16
"194",NA,10095,100950207,2,"Wests Tigers","home",2017-03-12,28.3403839812937,71.0047532156267,51.3844619060733,1375.62764385539,1575.74450878169,930.13678361659,960.870866674898,0,0.787534164820489,2,34,18,16,2,0.53594183330687,0.518514099318159,0.547502740347633,1487.43868191887,1494.87679062453,1478.84817805364,2
"195",6,10095,100950301,3,"Brisbane Broncos","away",2017-03-16,22.3363054572009,74.737979942114,53.5757602475686,1459.62147480468,1562.63151099017,765.808735850612,1093.95275260618,0,0.734714654080093,2,46,39,7,7,0.512679421712185,0.506320951691174,0.517365565265817,1561.23588720171,1527.928747202,1593.29222507659,12
"196",6,10095,100950301,3,"Melbourne Storm","home",2017-03-16,19.3149628634691,80.0705150127557,48.2503625821677,1410.47046726236,1528.35885753545,839.688976602445,1043.07039085621,0,2.77284853121393,4,38,16,22,2,0.512679421712185,0.506320951691174,0.517365565265817,1570.04834115009,1532.32122831452,1605.36391114053,14
"197",9,10095,100950302,3,"Canterbury-Bankstown Bulldogs","home",2017-03-17,22.386970647759,81.5488472241002,52.4356414117559,1542.04591693008,1420.2202512855,894.111925176466,963.484560056971,0,2.75327275994116,0,30,40,-10,13,0.4546985853053,0.48344765971739,0.417454735744295,1461.86621635773,1484.5539093616,1435.33516678027,24
"198",NA,10095,100950303,3,"Gold Coast Titans","home",2017-03-17,24.6785950010261,74.5323075815653,52.753246240777,1452.79389039841,1585.0987986996,814.958864890297,977.338555662866,0,0.750373244324246,0,44,66,-22,14,0.343501197632006,0.430481344103659,0.261288703099313,1442.96930018173,1475.58765553706,1407.19628013197,26
"199",6,10095,100950303,3,"Parramatta Eels","away",2017-03-17,12.2713675096402,67.3575549266446,48.0106042500677,1541.08523129756,1513.78676815215,940.257921752659,817.041203018105,0,1.74951606956572,4,54,28,26,1,0.343501197632006,0.430481344103659,0.261288703099313,1555.49157320982,1524.20910350301,1587.73792306829,14
"200",8,10095,100950302,3,"Warriors","away",2017-03-17,23.1024348084609,75.0842294453557,48.9056856397923,1567.11513710596,1307.89166519551,1010.82375869619,937.252780542655,0,1.21273299892682,2,36,48,-12,11,0.4546985853053,0.48344765971739,0.417454735744295,1493.43142491708,1496.0598578656,1493.2232803231,12
"201",6,10095,100950306,3,"Manly-Warringah Sea Eagles","away",2017-03-18,12.117784110776,72.8475110141685,47.0717429217432,1386.33066513643,1518.54202001552,1070.12464014095,832.724391037246,0,1.22809866303719,0,30,58,-28,15,0.634549951626138,0.561247056657467,0.701606899027746,1467.22432155763,1485.61101517362,1448.05619395582,30
"202",7,10095,100950304,3,"Newcastle Knights","home",2017-03-18,13.3990519314473,71.4650908842454,45.7689557502779,1653.99438403713,1405.1771876356,1108.02503096571,677.574722309634,0,1.36263049399754,2,56,52,4,8,0.463569998328854,0.4813377172529,0.451992126047651,1439.08421816105,1472.05946952715,1408.47952545501,18
"203",16,10095,100950306,3,"North Queensland Cowboys","home",2017-03-18,22.9941144767217,77.1578750404435,53.9407972007079,1510.66132795462,1469.9731245426,904.063048300309,1011.19099041088,0,1.75041934370397,4,41,36,5,4,0.634549951626138,0.561247056657467,0.701606899027746,1563.0794382102,1528.38462858725,1596.57822319898,8
"204",8,10095,100950305,3,"Penrith Panthers","home",2017-03-18,20.7309020193192,69.8490232457344,50.4752585456105,1466.97126844091,1492.60766969982,891.630273061133,970.49145270965,0,1.31010726759198,2,46,44,2,10,0.490460411327545,0.494432078329298,0.488412705471208,1475.28319089998,1487.19113326117,1467.64015014778,12
"205",6,10095,100950304,3,"South Sydney Rabbitohs","away",2017-03-18,31.7644671081515,84.9439336261121,51.0593685527451,1512.92510586258,1427.6796136904,855.265224473478,1021.23531053109,0,1.71184754904939,2,56,52,4,9,0.463569998328854,0.4813377172529,0.451992126047651,1464.4433133807,1485.03337878511,1441.94189720841,24
"206",6,10095,100950305,3,"Sydney Roosters","away",2017-03-18,15.8614048319326,77.6308487024295,47.3019066153486,1461.68884150135,1508.73000279625,1016.86118157366,837.901185310682,0,2.63995316610471,4,60,42,18,3,0.490460411327545,0.494432078329298,0.488412705471208,1481.91278055358,1491.0602814519,1475.69326894634,14
"207",7,10095,100950307,3,"Canberra Raiders","home",2017-03-19,24.4927408205269,77.197597536333,48.7248408609189,1485.94089997411,1424.36416772392,1035.81552880669,904.558330582407,0,1.93075624387066,0,32,62,-30,16,0.495731449747006,0.495204822088593,0.50451109763391,1471.60991334506,1486.35951658061,1460.08278519248,46
"208",NA,10095,100950308,3,"Cronulla-Sutherland Sharks","home",2017-03-19,20.3103094679755,71.9001307136452,49.0937220654905,1413.76516117652,1528.37987791357,891.75892206918,979.423439005439,0,1.64654290432655,2,60,42,18,5,0.634971979843817,0.561500060211786,0.700596613489352,1586.95767311509,1538.45026642919,1635.05781555427,10
"209",NA,10095,100950308,3,"St George-Illawarra Dragons","away",2017-03-19,15.2227851482074,73.7505594717367,50.437886833511,1510.73057342645,1439.13446241371,1005.56810846345,859.198537105617,0,1.84094084432059,2,58,44,14,6,0.634971979843817,0.561500060211786,0.700596613489352,1490.78632983903,1495.49815878888,1487.37328538044,16
"210",7,10095,100950307,3,"Wests Tigers","away",2017-03-19,26.7599609424161,70.6444680226891,51.2413941917089,1376.42998522407,1576.11983825479,948.728576599595,939.218614674404,0,0.800282114931259,2,36,54,-18,12,0.495731449747006,0.495204822088593,0.50451109763391,1474.57607791951,1489.69164963135,1456.94806843974,6
"211",6,10095,100950401,4,"South Sydney Rabbitohs","home",2017-03-23,31.2985990816624,84.1672976085454,51.1758064395804,1500.38959951083,1451.63883686897,852.54931100507,1012.28119189923,0,1.72913669610642,4,80,70,10,5,0.47395425087469,0.491139074655094,0.449504068162762,1475.56899334059,1489.84675595764,1460.02158225032,6
"212",7,10095,100950401,4,"Sydney Roosters","away",2017-03-23,15.7497205420166,76.9329977802837,47.5237922184277,1478.98751101127,1511.44620262847,998.989510679242,834.667114192041,0,2.48155597613843,6,74,54,20,2,0.47395425087469,0.491139074655094,0.449504068162762,1493.68383042544,1496.00460223519,1495.22977716519,20
"213",7,10095,100950403,4,"Brisbane Broncos","home",2017-03-24,21.7161271297689,74.2737011455871,53.3012146327145,1480.9441863164,1550.95362033076,788.260211699576,1058.67558744981,0,0.690631774835288,2,58,53,5,9,0.593616327445566,0.545328932656379,0.632183134278963,1549.5401933228,1522.99195671891,1573.98684768722,12
"214",7,10095,100950403,4,"Canberra Raiders","away",2017-03-24,25.7831763712953,76.945741684153,49.1613504092637,1488.88444597566,1440.66231766048,1012.12659707829,908.724830747463,0,2.05491086923842,2,78,68,10,8,0.593616327445566,0.545328932656379,0.632183134278963,1483.71235855113,1491.40746835972,1479.90234128712,12
"215",7,10095,100950402,4,"Newcastle Knights","away",2017-03-24,13.6751088155605,70.8971854311907,45.8428184052612,1664.3747209949,1399.10655637747,1093.86352910777,685.520238971056,0,1.40087266435769,2,74,76,-2,12,0.550987894308309,0.521574367462442,0.582287224609883,1427.95853820116,1467.24609235462,1390.3998404131,0
"216",8,10095,100950402,4,"Penrith Panthers","home",2017-03-24,20.2070478981601,69.9180818509903,50.3867430328739,1472.19299233445,1508.05120951783,885.172456677466,955.401965547071,0,1.29150083153646,2,58,58,0,11,0.550987894308309,0.521574367462442,0.582287224609883,1463.51214102812,1482.24681247788,1448.10364192894,40
"217",8,10095,100950404,4,"Canterbury-Bankstown Bulldogs","away",2017-03-25,22.4837524088935,81.4559163906542,52.1095029270505,1532.80316191427,1424.70703620837,910.545209665878,950.735486453552,0,2.70807639434469,2,54,52,2,10,0.510791792227597,0.502164492704577,0.52513955199354,1474.9534503104,1489.71943276443,1458.6369773505,0
"218",6,10095,100950405,4,"Cronulla-Sutherland Sharks","away",2017-03-25,19.6916908998969,71.5461228708265,49.1480987415611,1423.37925150593,1524.09708523875,887.393386745029,979.218032665112,0,1.54775033006696,2,70,58,12,7,0.454102701740603,0.479401587160544,0.430166608360469,1571.71834559884,1532.83526582707,1607.03395101469,20
"219",NA,10095,100950406,4,"Gold Coast Titans","home",2017-03-25,24.7578793009645,74.9203691266714,52.7080514663304,1448.78625697451,1576.75287077762,822.821332996879,986.618242323094,0,0.825350849664791,2,70,80,-10,14,0.374480082076179,0.44057427973052,0.318966682242049,1458.72527143856,1481.28284209602,1436.74473200799,26
"220",7,10095,100950404,4,"Manly-Warringah Sea Eagles","home",2017-03-25,13.1907170641294,73.0366603533184,47.1274383464386,1400.71082522825,1507.46949881459,1064.7771617325,834.540927575011,0,1.27441274325496,2,60,66,-6,13,0.510791792227597,0.502164492704577,0.52513955199354,1482.45352039666,1491.2234857402,1476.12046991693,36
"221",8,10095,100950406,4,"North Queensland Cowboys","away",2017-03-25,22.0944676081184,77.0284025380169,53.8243493686655,1500.06164827735,1479.33473707004,901.59926540229,1009.37953098622,0,1.70539418308173,4,49,66,-17,6,0.374480082076179,0.44057427973052,0.318966682242049,1547.85023937117,1522.77215802067,1568.51394723787,32
"222",NA,10095,100950405,4,"Parramatta Eels","home",2017-03-25,12.3750854590618,67.5761016310459,48.0099679950637,1535.3801174197,1506.11956206302,951.762446447499,824.778730837019,0,1.64454510539178,4,68,54,14,4,0.454102701740603,0.479401587160544,0.430166608360469,1539.73560195299,1518.51391694404,1558.18947119226,6
"223",7,10095,100950407,4,"Melbourne Storm","away",2017-03-26,18.996065091661,79.5862841119904,48.4153408272376,1407.92223922662,1545.55732608332,819.667638006298,1048.88616740484,0,2.6664776193411,6,52,28,24,1,0.334795274730495,0.424855457175905,0.253587116969288,1581.744035029,1537.25801879761,1624.6692885299,22
"224",6,10095,100950408,4,"St George-Illawarra Dragons","home",2017-03-26,15.2694180393149,74.3055259034325,50.4116136235003,1507.50673902086,1447.22639466889,1003.79402195565,856.78662487928,0,1.85048439366135,4,74,54,20,3,0.536891436945815,0.514701832070247,0.565073573294746,1506.02565735528,1501.11315939099,1515.39714992002,26
"225",7,10095,100950408,4,"Warriors","away",2017-03-26,22.4362887199533,75.0191756786343,49.1513445014047,1562.7882288796,1312.69816528378,995.234333174416,951.097613710095,0,1.19996901899121,2,48,72,-24,15,0.536891436945815,0.514701832070247,0.565073573294746,1480.34419096441,1490.89433446278,1469.92146975287,12
"226",8,10095,100950407,4,"Wests Tigers","home",2017-03-26,25.5143632858712,69.8857999413277,50.8069105402064,1395.60418611063,1573.6526479595,950.244862003619,921.32549779394,0,0.932265188035384,2,42,100,-58,16,0.334795274730495,0.424855457175905,0.253587116969288,1462.47363271344,1484.64369785223,1437.12851234509,14
"227",6,10095,100950501,5,"Brisbane Broncos","away",2017-03-30,21.1331595019827,74.3172790768519,53.1631417547516,1476.50753513742,1561.51640311091,788.604598997601,1048.19505220282,0,0.829193868345171,4,71,65,6,8,0.38130594287971,0.445818479100719,0.322367786005415,1547.29340146411,1522.53866739235,1568.69952231606,6
"228",8,10095,100950501,5,"Canterbury-Bankstown Bulldogs","home",2017-03-30,21.1347272643599,80.528561407215,51.6229327514275,1530.35497219942,1435.10461403586,935.592497085926,918.051357266339,0,2.72559181068401,2,54,88,-34,13,0.38130594287971,0.445818479100719,0.322367786005415,1463.21245332387,1484.74107769147,1439.64255943024,10
"229",14,10095,100950502,5,"Manly-Warringah Sea Eagles","away",2017-03-31,14.5592740402817,73.6344607321193,47.6597920456523,1412.54817571455,1506.54132888572,1025.25053202855,864.148471920511,0,1.25794797865966,4,96,66,30,6,0.515629768374379,0.506783794020109,0.526017353355701,1494.1945173832,1496.20184081315,1495.11488783718,18
"230",6,10095,100950503,5,"North Queensland Cowboys","home",2017-03-31,22.6887995516313,77.6266983857359,53.4748884065455,1507.73794938071,1464.31465284584,899.583309478153,1014.21675912705,0,1.72307053209683,6,81,92,-11,4,0.630252416429618,0.560494101770377,0.690290804246232,1556.837761341,1527.17790081798,1581.27261452755,20
"231",NA,10095,100950503,5,"South Sydney Rabbitohs","away",2017-03-31,29.7806831367626,83.7372597520327,51.1652580532056,1504.20622354018,1437.68050665683,848.256352344766,1027.20432038527,0,1.62538849434004,4,86,90,-4,10,0.630252416429618,0.560494101770377,0.690290804246232,1464.1940913196,1484.93536521109,1442.04141952381,6
"232",5,10095,100950502,5,"Sydney Roosters","home",2017-03-31,16.0047373094956,77.1770179134667,47.612364685322,1463.38826035059,1514.59943047077,1014.71014003849,831.447087340519,0,2.63266261757012,8,94,60,34,1,0.515629768374379,0.506783794020109,0.526017353355701,1505.05873244643,1500.91599298174,1513.2099398917,12
"233",8,10095,100950505,5,"Canberra Raiders","home",2017-04-01,24.9561857890175,76.2889971831039,49.1516693847079,1503.17137921712,1438.64257860085,1004.43900125359,901.841340902615,0,2.11161621708411,2,90,81,9,11,0.438604997356543,0.468583605692959,0.420390360483355,1485.95915040982,1491.86075768629,1485.18966665828,30
"234",5,10095,100950504,5,"Cronulla-Sutherland Sharks","home",2017-04-01,19.7101894459031,71.3333554985769,49.3792128170674,1444.05649641558,1523.79126012443,874.229783540327,972.004950705206,0,1.51488531026294,4,90,64,26,7,0.721581086491952,0.606517884669896,0.808807107293187,1582.61681044061,1537.62928169868,1624.24061534911,18
"235",13,10095,100950506,5,"Melbourne Storm","home",2017-04-01,19.1763011861613,78.831107065271,48.1504203776033,1413.92690487302,1532.08388651832,834.74757972592,1041.63299736055,0,2.56648896218063,8,74,42,32,2,0.660341820490476,0.577760372539707,0.72683078119764,1589.77912162253,1541.50657336936,1634.81277320867,28
"236",NA,10095,100950504,5,"Newcastle Knights","away",2017-04-01,12.8546022866269,70.9033543053193,45.3122493009455,1663.33223773521,1403.18016299482,1094.8917173613,679.789024632792,0,1.43682030449623,2,74,116,-42,15,0.721581086491952,0.606517884669896,0.808807107293187,1417.18224766456,1462.46183602924,1373.69132939749,18
"237",11,10095,100950505,5,"Parramatta Eels","away",2017-04-01,11.9925803315181,67.2415355331832,47.9493699153598,1534.39731037452,1521.83238833924,946.196699660649,815.372006986798,0,1.60587239906827,4,74,74,0,9,0.438604997356543,0.468583605692959,0.420390360483355,1528.83713711121,1513.71990107244,1540.98280685784,18
"238",7,10095,100950506,5,"Penrith Panthers","away",2017-04-01,21.3946250242705,70.1629969399309,51.1435384509015,1471.88141279439,1516.38813694676,867.462109276818,964.737847614247,0,1.33401078164427,4,98,58,40,5,0.660341820490476,0.577760372539707,0.72683078119764,1474.28843156472,1487.03106880325,1464.81215294454,6
"239",6,10095,100950507,5,"Gold Coast Titans","away",2017-04-02,24.8324065429066,75.1051469790711,52.6655683783506,1435.59908155604,1579.82769853097,838.852053017066,979.501147783708,0,0.955829798684904,2,96,112,-16,12,0.528021614276619,0.513185363204051,0.540977866682743,1449.73774946873,1476.87709929871,1423.98606471831,22
"240",NA,10095,100950508,5,"St George-Illawarra Dragons","away",2017-04-02,15.913252956956,74.6471943492266,50.3269168060903,1524.51633467961,1447.39281098875,986.466380638306,858.299427386523,0,1.79945533004167,6,100,66,34,3,0.410732014339907,0.463266678397038,0.352267585517906,1517.14026286858,1505.96614107029,1532.79420698823,28
"241",6,10095,100950507,5,"Warriors","home",2017-04-02,21.8101113967561,73.9380251379163,49.2622638313204,1556.02093514683,1341.39627536675,988.440273183951,936.93175688749,0,1.12797087785174,2,60,98,-38,14,0.528021614276619,0.513185363204051,0.540977866682743,1469.22958545111,1486.04135278348,1452.52441268466,28
"242",NA,10095,100950508,5,"Wests Tigers","home",2017-04-02,24.8235014887189,70.6726519448481,51.118495907794,1391.12793494399,1569.71348908193,948.910170283402,930.305967926303,0,0.936329276753261,2,56,122,-66,16,0.410732014339907,0.463266678397038,0.352267585517906,1454.4385461199,1480.39514328047,1426.98502766632,6
"243",5,10095,100950601,6,"Brisbane Broncos","home",2017-04-06,20.2251699318638,75.1382423322408,52.6733532494665,1477.67708302917,1549.06541892426,811.488323057745,1032.70334907065,0,1.07944223624446,4,78,75,3,9,0.556972356467821,0.530397886984426,0.570652321843672,1532.44474409322,1516.99685218336,1541.59423375628,32
"244",7,10095,100950601,6,"Sydney Roosters","away",2017-04-06,15.7644530709259,76.5663968386587,47.5756228042027,1477.22496472956,1535.08346464252,1001.28753163618,812.940262100087,0,2.53470286051592,8,106,78,28,3,0.556972356467821,0.530397886984426,0.570652321843672,1492.68361800545,1495.84815504154,1492.16924575747,8
"245",9,10095,100950602,6,"Canterbury-Bankstown Bulldogs","away",2017-04-07,20.4666436284983,80.2568477227821,51.8255567863418,1519.77367386745,1438.75833719371,926.85694726077,933.168275830359,0,2.74205630204297,4,64,95,-31,12,0.42071611908472,0.46157113350465,0.385902037017773,1478.06111069475,1490.28289290046,1466.74784799002,22
"246",8,10095,100950602,6,"Newcastle Knights","home",2017-04-07,13.1633261494293,71.3291530470001,45.1735143428888,1663.91230347109,1409.76935321513,1085.77821431962,681.001683154825,0,1.59061108622645,2,92,135,-43,15,0.42071611908472,0.46157113350465,0.385902037017773,1422.50019374037,1463.52701487594,1386.04361368922,12
"247",8,10095,100950603,6,"Penrith Panthers","home",2017-04-07,20.4709475228142,70.3932171235351,51.3749261438474,1476.08852802672,1517.44484872996,861.734382720209,968.233576757392,0,1.37397013474562,4,104,86,18,8,0.515561147472865,0.503264395134279,0.534816692298857,1466.1366352565,1482.80867252865,1453.88538419245,20
"248",6,10095,100950603,6,"South Sydney Rabbitohs","away",2017-04-07,28.3538421485569,83.2730241669107,50.9153425700133,1505.21385012777,1440.21967625742,863.30097120408,1009.25206116216,0,1.64786518467964,4,92,110,-18,11,0.515561147472865,0.503264395134279,0.534816692298857,1455.32014931391,1480.54030622879,1429.65305169365,20
"249",6,10095,100950605,6,"Canberra Raiders","away",2017-04-08,25.2588146416765,76.1516573521176,49.5025692216254,1493.08109646409,1445.5040238848,1002.31266117837,905.450860448458,0,1.98491924405907,4,120,99,21,7,0.413073767076989,0.463846465481484,0.356297626012637,1499.43263047327,1497.17492162936,1508.37405223895,42
"250",NA,10095,100950605,6,"Gold Coast Titans","home",2017-04-08,24.6624621503322,75.5188381603269,52.2056342756495,1451.94313666267,1565.73803661911,861.060929836042,955.291078916686,0,1.13848001076381,2,118,140,-22,14,0.413073767076989,0.463846465481484,0.356297626012637,1438.41026821137,1472.00895293075,1405.62517938562,16
"251",6,10095,100950604,6,"Manly-Warringah Sea Eagles","home",2017-04-08,14.7657175978648,73.9563930881921,47.9802045229132,1439.15528517168,1517.78884915257,995.115500106834,859.75956360528,0,1.24247109994008,6,114,78,36,5,0.470635288971544,0.486577529700706,0.455891896625976,1506.56963182419,1501.26967875335,1516.15558197141,10
"252",6,10095,100950606,6,"North Queensland Cowboys","home",2017-04-08,22.5274715785335,77.4090964825917,53.4463951021528,1506.07367241786,1467.71577367509,889.288310909464,1019.30375357943,0,1.79968630017102,8,101,98,3,4,0.66758543780178,0.579633965333228,0.738961232751903,1565.71170334669,1531.57295980027,1593.6609823577,16
"253",7,10095,100950604,6,"St George-Illawarra Dragons","away",2017-04-08,16.6384577795387,75.388362688273,50.1273017977249,1522.26535459883,1445.86924232943,986.858397800008,862.841461743332,0,1.87148801023917,8,128,72,56,2,0.470635288971544,0.486577529700706,0.455891896625976,1526.99783121274,1510.59880785426,1546.88491040894,34
"254",NA,10095,100950606,6,"Wests Tigers","away",2017-04-08,23.6940913993957,70.8122928281572,51.2313861533263,1392.98025884735,1564.75067973701,948.015560066398,934.067609850725,0,1.00014952014807,2,62,150,-88,16,0.66758543780178,0.579633965333228,0.738961232751903,1444.58097777575,1475.7624764965,1412.89432424561,26
"255",6,10095,100950608,6,"Cronulla-Sutherland Sharks","away",2017-04-09,19.6075780791489,71.2533541686623,49.8364600480433,1448.19310663064,1532.74378451696,863.775996527908,970.264653662893,0,1.42399219164716,6,109,82,27,6,0.529657058789916,0.513186245210264,0.548562239845843,1577.29886436481,1536.56410285198,1611.88833105738,10
"256",6,10095,100950608,6,"Melbourne Storm","home",2017-04-09,19.7057231149916,78.6012406413547,47.9613951549471,1421.13129058064,1532.67885332722,846.042724942365,1025.45501751892,0,2.47249962444979,10,102,48,54,1,0.529657058789916,0.513186245210264,0.548562239845843,1597.93091793076,1545.72896964397,1645.73954196076,2
"257",9,10095,100950607,6,"Parramatta Eels","away",2017-04-09,12.353025511627,67.7670434011922,47.7724077204383,1535.51347175205,1510.62244503889,947.14489768101,824.58968656759,0,1.56952005512418,4,92,104,-12,10,0.450076195366212,0.474842152287307,0.432893925138446,1515.36365704777,1508.40573712937,1517.79842127717,10
"258",6,10095,100950607,6,"Warriors","home",2017-04-09,22.1815047129507,74.4817436296413,49.6065280014412,1543.35967903802,1363.39249884475,963.693856792914,953.25585147424,0,1.06029262518064,4,88,120,-32,13,0.450076195366212,0.474842152287307,0.432893925138446,1480.55706670847,1490.90949915144,1470.88529801735,22
"259",NA,10095,100950703,7,"Brisbane Broncos","home",2017-04-14,20.9316597359519,75.9099477923063,52.8729520544985,1487.35645804742,1542.2814937888,796.57902367428,1043.04114812641,0,1.01467570206979,6,110,83,27,7,0.659166200490768,0.577545330801969,0.723842467752871,1543.07740753799,1521.69287331351,1558.76814088253,24
"260",5,10095,100950701,7,"Canterbury-Bankstown Bulldogs","home",2017-04-14,20.5586450107884,79.5214368594152,51.9560233791613,1516.24725343541,1447.59283696209,929.565530425124,934.718179280537,0,2.69753292392039,6,86,107,-21,11,0.546584929298786,0.520604597962237,0.573066915466407,1488.15829755279,1494.89860423551,1482.18392947073,24
"261",7,10095,100950703,7,"Gold Coast Titans","away",2017-04-14,24.1427144213123,74.8877078707073,51.6532962191106,1471.14654846291,1550.39375442196,881.93727404588,930.913614181685,0,1.25017121011798,2,134,182,-48,15,0.659166200490768,0.577545330801969,0.723842467752871,1428.49649780152,1467.37048827594,1391.37327434512,22
"262",NA,10095,100950702,7,"Newcastle Knights","home",2017-04-14,13.0935265804635,71.1894038641801,45.2231034823155,1659.23756526283,1412.84319202222,1078.17152146045,698.461582165535,0,1.73517442105287,2,104,157,-53,16,0.401089923173437,0.453734439915185,0.354136781722771,1412.40300688233,1458.91130354089,1370.60753220851,6
"263",9,10095,100950701,7,"South Sydney Rabbitohs","away",2017-04-14,27.8526116196434,83.0166427168961,50.6204220158125,1513.2410191201,1439.84649568198,859.442912931835,1005.51693749243,0,1.66899327359886,6,113,130,-17,9,0.546584929298786,0.520604597962237,0.573066915466407,1455.69361685326,1480.57295018013,1431.04571938561,8
"264",8,10095,100950702,7,"Sydney Roosters","away",2017-04-14,15.2985858866703,76.2924130283392,47.3610854359505,1474.75146684578,1541.31845676397,1013.51027973801,797.943846374082,0,2.56262068888496,8,114,110,4,4,0.401089923173437,0.453734439915185,0.354136781722771,1482.05095456068,1491.15213391138,1474.99533863122,24
"265",5,10095,100950705,7,"Canberra Raiders","home",2017-04-15,26.2632857631759,76.9225579109906,49.9524150683279,1482.09623067625,1465.09378245171,975.113901507672,923.66380882155,0,1.92582408941552,6,162,115,47,6,0.522422437854358,0.508133608473339,0.541718328126728,1509.34640088311,1501.81338628417,1522.62595727945,20
"266",6,10095,100950704,7,"Manly-Warringah Sea Eagles","home",2017-04-15,14.4797745419929,73.8390095029006,48.1613922515384,1450.24596806138,1527.34151820342,982.508570100424,853.473989788963,0,1.16792283394368,6,124,113,11,8,0.373375308653698,0.436741660628475,0.326379275723091,1495.27438488887,1496.40390345634,1497.91990610637,26
"267",7,10095,100950704,7,"Melbourne Storm","away",2017-04-15,18.6433797280921,77.6651662028734,47.7837114456503,1436.7834131458,1545.11812212759,851.260161445823,991.527716467783,0,2.62414964698281,10,104,59,45,2,0.373375308653698,0.436741660628475,0.326379275723091,1585.2191485198,1540.59710719186,1623.79705236693,30
"268",6,10095,100950706,7,"North Queensland Cowboys","away",2017-04-15,22.1358232838214,76.7845506936362,53.2996113960236,1505.28925207279,1471.75282725458,885.551012254896,1016.34552836466,0,1.75170512216076,8,117,124,-7,5,0.483604890420308,0.485164142018813,0.501465092171199,1549.68965283945,1525.77662014694,1564.10253304762,22
"269",11,10095,100950706,7,"St George-Illawarra Dragons","home",2017-04-15,17.6801503127663,75.8450609269766,50.0596636898614,1531.5494333229,1456.55708778966,972.946893932008,858.170974038732,0,1.81919872962482,10,163,82,81,1,0.483604890420308,0.485164142018813,0.501465092171199,1538.29307814805,1515.46458315127,1565.12058627398,28
"270",6,10095,100950705,7,"Warriors","away",2017-04-15,22.1706144301737,74.7528390118628,49.9301363213547,1550.77809829574,1392.52894891406,935.632225385339,946.040500385786,0,0.996675067669797,6,110,130,-20,10,0.522422437854358,0.508133608473339,0.541718328126728,1493.75523801968,1496.16107762857,1493.56954101182,8
"271",7,10095,100950707,7,"Cronulla-Sutherland Sharks","away",2017-04-16,19.0311233944,71.2981529185425,50.1462724451607,1465.7015202328,1541.69915744594,839.549436736233,968.02877444312,0,1.45855266014833,8,120,84,36,3,0.328445135564255,0.416011006036465,0.260404728283711,1590.01063377576,1541.69596530408,1633.83082065122,28
"272",69,10095,100950707,7,"Penrith Panthers","home",2017-04-16,20.4426906714454,70.7296240961229,51.5324305752165,1473.56321634512,1524.73815780616,866.850319756996,958.079562151948,0,1.41153192666088,4,124,107,17,12,0.328445135564255,0.416011006036465,0.260404728283711,1465.76316771715,1482.77602857731,1452.49271650049,2
"273",8,10095,100950708,7,"Parramatta Eels","home",2017-04-17,12.2118439809294,68.3810207971206,47.606063257212,1554.32266344693,1520.00509833655,940.29620382015,804.874305373535,0,1.59534885181672,4,102,126,-24,13,0.559529489937862,0.531038235152832,0.57521077002365,1502.16548573656,1503.15415865224,1495.11417828271,26
"274",NA,10095,100950708,7,"Wests Tigers","away",2017-04-17,23.832445915432,70.7035552584678,51.0975029841268,1401.50144331651,1560.44563895279,949.334626462414,927.643553259682,0,1.06014054893918,4,88,166,-78,14,0.559529489937862,0.531038235152832,0.57521077002365,1460.60302828299,1481.55881614984,1442.45277355568,22
"275",9,10095,100950802,8,"Brisbane Broncos","away",2017-04-21,21.1157601517948,74.6553509247679,52.4605749312286,1484.39507056458,1542.26460416147,798.224282253824,1042.25867923883,0,1.01379515994561,8,134,105,29,6,0.351431897131986,0.428341755187302,0.289642295027625,1551.25741872621,1525.91742000549,1569.81444217242,24
"276",NA,10095,100950801,8,"Canberra Raiders","home",2017-04-21,25.8874886173854,77.1672044363311,50.3152701642282,1488.09045683567,1481.34815550461,952.967067417212,922.063980292257,0,1.93027464405059,8,182,123,59,5,0.549479656911322,0.521136012689578,0.580029458428776,1520.80826237461,1506.73205019944,1540.95722415438,18
"277",15,10095,100950801,8,"Manly-Warringah Sea Eagles","away",2017-04-21,15.1709880694733,74.1486689327266,48.3917087164461,1446.5112099777,1515.86102711121,998.258055894399,856.985550401625,0,1.33784746390706,6,150,143,7,9,0.549479656911322,0.521136012689578,0.580029458428776,1486.31337748118,1492.03648685006,1484.86473507745,20
"278",8,10095,100950802,8,"South Sydney Rabbitohs","home",2017-04-21,26.6614549224648,82.4156441538823,50.3431966948637,1517.30655797289,1445.73570594106,870.816338155925,985.445921242882,0,1.56885367718293,6,122,154,-32,11,0.351431897131986,0.428341755187302,0.289642295027625,1444.81165515643,1475.77899615975,1413.96839600427,24
"279",8,10095,100950805,8,"Cronulla-Sutherland Sharks","home",2017-04-22,19.569255990736,71.40026374343,50.2574960984511,1490.91942901884,1535.41720799919,833.036470532059,956.747047976532,0,1.37103950053943,10,148,86,62,3,0.735403714501356,0.616830732318223,0.820427402176958,1597.89331702931,1545.85607536445,1644.24700978256,12
"280",6,10095,100950805,8,"Gold Coast Titans","away",2017-04-22,24.0141515560336,75.4344453984648,51.7940984459639,1475.39775555514,1543.65012915664,890.821037603127,924.498797330784,0,1.2951609375109,2,156,206,-50,15,0.735403714501356,0.616830732318223,0.820427402176958,1420.3164866133,1463.14594158396,1380.32697305523,16
"281",6,10095,100950804,8,"Newcastle Knights","away",2017-04-22,12.6679149856357,71.3580396323293,45.4497172733766,1656.34331134706,1426.47260050089,1072.46123017282,692.313887235603,0,1.8710639557897,2,110,181,-71,16,0.684462313415375,0.594208412181857,0.746607106872884,1402.77684872617,1454.37395914174,1356.4420609396,12
"282",9,10095,100950804,8,"North Queensland Cowboys","home",2017-04-22,22.1276738867922,76.617477652018,53.1016347122622,1493.75189694842,1477.88765761931,882.937951519602,1019.92479666278,0,1.70660281483111,8,139,152,-13,8,0.684462313415375,0.594208412181857,0.746607106872884,1537.29617020954,1520.62826156713,1544.16113673447,24
"283",6,10095,100950803,8,"Parramatta Eels","home",2017-04-22,13.0391333420736,68.4181595492934,47.6896994617792,1541.94330364011,1517.36479243636,942.558431590941,817.181847051123,0,1.67962792070772,6,128,148,-20,10,0.578295026244127,0.541963324580868,0.599437185342447,1512.73677797805,1507.84377630071,1512.10574748177,18
"284",6,10095,100950803,8,"Penrith Panthers","away",2017-04-22,19.3361292311587,70.9258466503556,51.3204847407035,1471.36942336441,1546.41386833779,861.639300571576,944.454788422832,0,1.50684001106123,4,126,135,-9,13,0.578295026244127,0.541963324580868,0.599437185342447,1457.8804844636,1478.61591851694,1442.07652736914,12
"285",8,10095,100950806,8,"Canterbury-Bankstown Bulldogs","away",2017-04-23,20.7651263101411,79.0701506478503,52.0786619764116,1517.55241822928,1455.59726674436,914.051598599616,941.575088523705,0,2.59568094848517,8,110,116,-6,7,0.429935151349146,0.467201709575458,0.395362215651292,1499.04025924961,1499.69255825589,1499.26125285208,12
"286",NA,10095,100950806,8,"Wests Tigers","home",2017-04-23,23.7224991605061,70.6013419429597,51.0916528050792,1405.97135671752,1547.69890061563,952.974548874669,930.664940064101,0,1.05653211600283,4,110,192,-82,14,0.429935151349146,0.467201709575458,0.395362215651292,1450.0317360415,1476.86919850136,1425.46120435663,18
"287",6,10095,100950808,8,"Melbourne Storm","home",2017-04-25,19.3247769444066,78.465256230701,47.7966887589113,1430.73640835705,1535.69103479993,854.904551759074,1006.73605347972,0,2.46670066816384,12,134,85,49,2,0.655673377947436,0.576702019218132,0.717141150563523,1594.18015592749,1544.96452379815,1636.85222339585,20
"288",NA,10095,100950807,8,"St George-Illawarra Dragons","away",2017-04-25,18.2993412940004,75.854357271358,50.0560838684697,1534.09646732353,1447.94366252228,979.130080296087,857.200715596408,0,1.89004680584733,12,191,104,87,1,0.415885829074418,0.464193651451093,0.365388570253166,1550.68656077797,1520.61294173108,1585.06198258713,12
"289",14,10095,100950807,8,"Sydney Roosters","home",2017-04-25,15.8206707334701,76.5748682466388,47.5794203097935,1484.66637883504,1545.49934935813,988.459662953727,809.047215591637,0,2.40886344755186,10,138,116,22,4,0.415885829074418,0.464193651451093,0.365388570253166,1491.67711271684,1495.68947831053,1489.16080990013,12
"290",11,10095,100950808,8,"Warriors","away",2017-04-25,21.3203775643632,74.2876686711511,49.5743281420735,1561.89141239799,1403.89721197922,933.314291862219,925.638070362639,0,0.996874563609609,6,118,150,-32,12,0.655673377947436,0.576702019218132,0.717141150563523,1482.29337652819,1491.2424137133,1475.23827413689,14
"291",6,10095,100950901,9,"Brisbane Broncos","home",2017-04-27,21.2888145426871,75.1560298692819,52.3729404353549,1498.3513663307,1551.54872791178,792.030825318594,1022.5031584845,0,1.07296745034887,10,159,129,30,5,0.63997510501589,0.573105048007227,0.685489321363372,1547.69178425738,1525.20083755737,1561.40013397352,32
"292",7,10095,100950901,9,"Penrith Panthers","away",2017-04-27,18.8959614772891,70.5702958513342,51.1812556562613,1480.70725796255,1557.12903623752,848.940942537282,936.747501117462,0,1.59642961039755,4,138,153,-15,14,0.63997510501589,0.573105048007227,0.685489321363372,1447.75956509346,1474.03555176275,1426.05401478284,18
"293",6,10095,100950902,9,"Manly-Warringah Sea Eagles","away",2017-04-28,15.4607287853049,75.039748796763,48.5482061934593,1453.50053737903,1536.20936548454,977.482572540735,868.746417377528,0,1.31757661607263,8,170,161,9,8,0.426953661791561,0.470170550399484,0.37913243992732,1499.50088924705,1497.24784697696,1508.0659134146,46
"294",6,10095,100950903,9,"North Queensland Cowboys","home",2017-04-28,22.2400134535846,77.000428992897,53.3355366295265,1483.62678313152,1493.13439816215,870.161674428426,1024.66930886301,0,1.72420664594125,10,163,164,-1,6,0.53163460562718,0.517639162861905,0.537588578688564,1544.86907468757,1524.68617744531,1554.29685245956,6
"295",9,10095,100950903,9,"Parramatta Eels","away",2017-04-28,13.3367853415492,68.1530699763358,47.8883174940725,1552.9267054217,1523.94290489018,934.964925695484,807.150936228055,0,1.69885024546526,8,146,160,-14,10,0.53163460562718,0.517639162861905,0.537588578688564,1522.85769734819,1512.4241430549,1528.12826006807,26
"296",6,10095,100950902,9,"South Sydney Rabbitohs","home",2017-04-28,26.5017676271169,82.1507055046494,50.2626048931719,1528.08816449452,1462.0115635846,861.347357866569,968.019165968309,0,1.47472245655195,6,146,179,-33,11,0.426953661791561,0.470170550399484,0.37913243992732,1448.37728962526,1476.49557860788,1422.38270420316,8
"297",5,10095,100950905,9,"Canberra Raiders","away",2017-04-29,25.4142393003422,77.0971721701513,50.2363539543745,1510.10502942553,1486.24726617433,958.969043372179,905.860141474722,0,2.05445816540756,8,200,143,57,7,0.468006111204424,0.489702979150947,0.43888521535942,1507.62075060874,1501.52069007254,1517.75604581723,10
"298",NA,10095,100950905,9,"Canterbury-Bankstown Bulldogs","home",2017-04-29,20.2392187315326,78.8259416089792,52.0739422578269,1519.19927313552,1455.9214307397,923.948502683639,931.040583212283,0,2.49994009157606,8,122,134,-12,9,0.468006111204424,0.489702979150947,0.43888521535942,1485.35870288199,1494.36457535164,1475.07574147813,16
"299",8,10095,100950906,9,"Cronulla-Sutherland Sharks","away",2017-04-29,19.1151006312918,71.8562479188242,50.482046332544,1491.04426327771,1544.51217551924,821.094282300136,960.24222509794,0,1.40877713050707,10,160,102,58,4,0.338317163451995,0.418011335675811,0.282661260071017,1580.24362788127,1539.68776804126,1611.42991369549,22
"300",15,10095,100950904,9,"Gold Coast Titans","home",2017-04-29,23.5333024626716,75.648378674557,51.4464525392061,1488.09389022183,1540.61112140724,898.271775346939,907.068869490937,0,1.39745128126025,4,172,218,-46,15,0.561230922498138,0.527313398426524,0.595017959372191,1437.96617576134,1469.31424890714,1413.14406914231,38
"301",NA,10095,100950904,9,"Newcastle Knights","away",2017-04-29,12.6278400864976,71.8165572543895,45.302734236974,1660.88271266623,1420.38424447084,1074.05355636245,690.975054001467,0,1.93880011844231,2,122,205,-83,16,0.561230922498138,0.527313398426524,0.595017959372191,1395.20394424814,1450.31604326356,1346.30634521452,8
"302",11,10095,100950906,9,"Wests Tigers","home",2017-04-29,23.3791492108757,71.0452614263821,50.9061536367744,1409.27307531447,1547.53696657869,941.756075942189,939.565043660255,0,1.11314018904266,6,128,204,-76,13,0.338317163451995,0.418011335675811,0.282661260071017,1463.71329240912,1482.19718140561,1449.64671573058,16
"303",9,10095,100950908,9,"Melbourne Storm","away",2017-04-30,19.3652903277422,78.9773408568589,47.9288874333766,1432.91222385563,1540.38957271194,842.010278653529,1012.39189027093,0,2.37869862807401,14,154,99,55,1,0.423222009064734,0.458444294558647,0.402693495194222,1602.44399485675,1549.19750360597,1648.16657737331,34
"304",5,10095,100950908,9,"St George-Illawarra Dragons","home",2017-04-30,17.9213808163603,75.6830958350765,50.1127188363615,1546.57067928412,1465.40704277095,962.922275478322,856.768672660623,0,1.95664399749649,12,203,117,86,2,0.423222009064734,0.458444294558647,0.402693495194222,1548.66782067575,1520.25487824559,1579.67752539726,22
"305",8,10095,100950907,9,"Sydney Roosters","away",2017-04-30,15.5914304894619,76.5403761518405,47.6646550912059,1499.92639610493,1557.28938839664,980.152083176503,803.044382656139,0,2.38433164069875,12,151,128,23,3,0.471728085634182,0.486996050383583,0.456046089406983,1493.69585281905,1496.04754179602,1494.54526709001,12
"306",6,10095,100950907,9,"Warriors","home",2017-04-30,20.8811549105014,74.810408550882,49.599868453549,1565.01792765411,1407.68337926047,943.375434350486,908.49978614088,0,0.997062089793033,6,132,170,-38,12,0.471728085634182,0.486996050383583,0.456046089406983,1474.02953759893,1487.00943390548,1463.92392015943,14
"307",NA,10096,100960101,1,"Brisbane Broncos","away",2017-09-08,21.9314856701259,75.806668077125,52.2905640092336,1500.85028435086,1542.09580423708,792.208975799478,1032.91296897543,0,1.00858940332794,12,191,147,44,4,0.393279347813905,0.444745393362084,0.358353792779305,1556.332381737,1529.46978707729,1573.98056111899,22
"308",5,10096,100960101,1,"Sydney Roosters","home",2017-09-08,15.3759446600942,76.44795358273,47.6847757857335,1503.47081233864,1556.19202509284,969.762958185913,809.881719696771,0,2.30127174225683,12,164,142,22,5,0.393279347813905,0.444745393362084,0.358353792779305,1481.01732687427,1490.91750229986,1472.78711066628,24
"309",5,10096,100960103,1,"Manly-Warringah Sea Eagles","home",2017-09-09,17.2930850581866,75.2173638689572,49.2953138218517,1443.63050513629,1518.19680355547,956.033618188291,916.821632334876,0,1.23852201910828,10,216,169,47,6,0.600265650976059,0.546182975789123,0.652901045458038,1509.74777713005,1501.94955248095,1523.23121101169,10
"310",7,10096,100960102,1,"Melbourne Storm","home",2017-09-09,20.2433729080777,78.9187004054474,47.693154187374,1430.39749042429,1531.84619834922,851.069661934318,1015.12837685468,0,2.35597671038957,16,188,121,67,1,0.609011213960464,0.551881823003412,0.659245867642978,1612.60132307431,1553.78194655155,1664.27431718108,18
"311",5,10096,100960102,1,"Parramatta Eels","away",2017-09-09,14.0965782210562,69.1638857777557,48.1350184444281,1546.0911030964,1533.24633059677,914.807030153755,824.301880054372,0,1.59691923073734,10,172,166,6,7,0.609011213960464,0.551881823003412,0.659245867642978,1535.61692788324,1517.60053468352,1549.63180321561,16
"312",10,10096,100960103,1,"Penrith Panthers","away",2017-09-09,18.8422037886518,69.8160781002542,51.0503803168857,1475.50482248479,1556.10129406327,869.764485985045,928.242651050414,0,1.6206438337737,4,156,185,-29,15,0.600265650976059,0.546182975789123,0.652901045458038,1439.11896761385,1469.76660224282,1413.47358763738,22
"313",9,10096,100960104,1,"Cronulla-Sutherland Sharks","home",2017-09-10,19.2881945934143,71.0248730436947,50.3931235525914,1502.62160748104,1543.70144498808,813.408625362128,957.167691592064,0,1.38425050267664,12,182,118,64,3,0.580255072479729,0.534996797801483,0.626622389841357,1588.36323980412,1543.86788139802,1622.73636409833,14
"314",8,10096,100960104,1,"North Queensland Cowboys","away",2017-09-10,21.2656126463696,76.1604032533231,53.0154044317549,1495.34917614363,1489.88633427242,883.53197396272,999.129150331234,0,1.80075424718477,10,169,190,-21,9,0.580255072479729,0.534996797801483,0.626622389841357,1532.10984415251,1519.50978581669,1532.79330931201,14
"315",6,10096,100960201,2,"Brisbane Broncos","home",2017-09-15,21.9355965299184,75.6982679924975,52.2131301686796,1493.95926728981,1531.89005598285,815.23643725151,1023.5581908369,0,0.94807403912826,NA,NA,NA,NA,NA,0.624333601084716,0.56961371967788,0.651552837635338,1541.77108608453,1523.91724101092,1548.31471283016,12
"316",5,10096,100960201,2,"Penrith Panthers","away",2017-09-15,19.0316715613327,70.0071134142389,51.0473574978725,1479.43453313571,1549.01521641947,862.278616825942,937.588091987389,0,1.64340520374728,NA,NA,NA,NA,NA,0.624333601084716,0.56961371967788,0.651552837635338,1453.52534323727,1475.22843200071,1439.5896294557,6
"317",14,10096,100960202,2,"North Queensland Cowboys","away",2017-09-16,20.8296758875874,76.3307790581238,53.1344801658496,1521.84822557501,1521.09315421607,871.560055524957,987.48140131136,0,1.69270899235368,NA,NA,NA,NA,NA,0.488772800431235,0.490301000177085,0.497328210766448,1534.03596589203,1519.85975379471,1537.85820490567,24
"318",NA,10096,100960202,2,"Parramatta Eels","home",2017-09-16,14.2107835277929,70.0540526310903,48.1269173377624,1547.46563691062,1534.61155076096,917.63860834453,818.16376725111,0,1.5011040768931,NA,NA,NA,NA,NA,0.488772800431235,0.490301000177085,0.497328210766448,1526.23319701829,1513.11935291356,1536.00163792133,16
"319",8,10096,100960301,3,"Brisbane Broncos","away",2017-09-22,21.3394607381233,75.1163719129476,52.0203423585588,1497.56171125242,1522.89665262388,825.002251016419,1015.84469938669,0,1.01118959678056,NA,NA,NA,NA,NA,0.601051547975309,0.543126520843537,0.660549909126959,1550.7870796585,1528.22110381414,1562.25259932474,0
"320",7,10096,100960301,3,"Melbourne Storm","home",2017-09-22,20.108770533593,78.6235783811206,47.9515649361316,1437.93364099883,1534.07542644827,843.325482218259,1011.9406742434,0,2.21461810776619,NA,NA,NA,NA,NA,0.601051547975309,0.543126520843537,0.660549909126959,1621.98505393925,1558.26312832152,1677.90448247536,30
"321",6,10096,100960302,3,"North Queensland Cowboys","away",2017-09-23,21.0198953343321,77.0909323146363,53.2464113558986,1515.61733204051,1512.14756496311,873.74645219346,998.192517232678,0,1.71114645281246,NA,NA,NA,NA,NA,0.428272030445035,0.459373272913741,0.415481854701226,1545.76651310238,1524.76276379648,1557.75133333633,28
"322",6,10096,100960302,3,"Sydney Roosters","home",2017-09-23,15.8933879804885,76.7210763677662,47.7636892385895,1495.58256359832,1545.98050358727,964.197180694758,831.848816514964,0,2.16319543772142,NA,NA,NA,NA,NA,0.428272030445035,0.459373272913741,0.415481854701226,1495.57862252674,1496.47004836624,1498.45295895511,16
"323",8,10096,100960401,4,"Melbourne Storm","home",2017-10-01,20.7022443015774,78.8861636782533,47.9544710399637,1449.0976225389,1534.19090086137,841.085953285163,1001.20423378879,0,2.08174102130022,NA,NA,NA,NA,NA,0.606994944756253,0.548026402549696,0.662431826703859,1631.55981678785,1562.83186311308,1691.48248611028,34
"324",7,10096,100960401,4,"North Queensland Cowboys","away",2017-10-01,21.4387016142722,77.5054763757581,53.4716266745447,1503.28029211808,1514.23871106532,861.461665061852,1015.46096619872,0,1.60847766564372,NA,NA,NA,NA,NA,0.606994944756253,0.548026402549696,0.662431826703859,1556.04504183306,1529.35649652562,1574.37060752438,6
"325",NA,10412,104120101,1,"Brisbane Broncos","away",2018-03-08,20.0590930938359,74.9293895981708,52.0191218170453,1499.86800857727,1528.96285346645,825.482115955434,1003.25401742349,0,1.07051822097373,NA,NA,NA,NA,NA,0.496111840579062,0.488515094496703,0.52142277803452,1541.21231680991,1523.65236902257,1548.67459568982,12
"326",13,10412,104120101,1,"St George-Illawarra Dragons","home",2018-03-08,18.1660979673787,75.5821100849719,50.4659557061798,1537.65643852707,1460.94262020469,968.626938949623,864.942552300986,0,1.8392453576467,12,225,151,74,2,0.496111840579062,0.488515094496703,0.52142277803452,1538.5104924582,1515.67043530001,1563.56978558949,34
"327",6,10412,104120103,1,"Cronulla-Sutherland Sharks","away",2018-03-09,18.9709029178095,70.8433806610731,50.0695361394359,1533.06431103218,1567.2993582888,812.9041078404,940.77763009654,0,1.30119547251604,NA,NA,NA,NA,NA,0.442938056711038,0.473141538179981,0.418973733171739,1586.43711806461,1543.51791342001,1617.67146850467,14
"328",8,10412,104120102,1,"Manly-Warringah Sea Eagles","away",2018-03-09,16.8554999546954,75.2643220368198,49.2775949925406,1443.29267482811,1519.56499534214,963.711601096993,906.512334394783,0,1.28421069796178,NA,NA,NA,NA,NA,0.345912398771008,0.427270658126121,0.276602794170613,1495.34140150662,1496.48772272306,1497.11516919337,18
"329",8,10412,104120102,1,"Newcastle Knights","home",2018-03-09,12.3501696813077,72.0075638191262,44.9845701827555,1652.30974990626,1418.26118980259,1086.4103429807,688.336550761379,0,2.06247211133577,2,130,243,-113,16,0.345912398771008,0.427270658126121,0.276602794170613,1384.6734863881,1445.58917724783,1330.1070635894,18
"330",6,10412,104120103,1,"North Queensland Cowboys","home",2018-03-09,20.5123795174159,78.1951477932127,53.323329074072,1498.82347459099,1513.6243884014,875.353965158141,1002.47330822679,0,1.57196900570509,NA,NA,NA,NA,NA,0.442938056711038,0.473141538179981,0.418973733171739,1546.61292050721,1524.83676055111,1560.86788059253,20
"331",6,10412,104120106,1,"Canterbury-Bankstown Bulldogs","home",2018-03-10,19.9848656076407,78.4163851124405,52.1295057223573,1493.68731674739,1453.88614489532,910.391592522621,971.478148219546,0,2.4099436860815,10,138,144,-6,8,0.305254603891249,0.403531465402281,0.232497216893611,1498.12655621309,1499.46754556013,1497.52033286375,18
"332",10,10412,104120106,1,"Melbourne Storm","away",2018-03-10,21.5001096434828,79.3729938575581,48.0172027775659,1452.39176518657,1527.87944680969,838.560796088053,1006.71197976146,0,1.95683656002221,NA,NA,NA,NA,NA,0.305254603891249,0.403531465402281,0.232497216893611,1640.9919381137,1567.35159908759,1704.98521304213,36
"333",NA,10412,104120105,1,"South Sydney Rabbitohs","home",2018-03-10,25.3916615694899,81.0016631743704,49.5868485995816,1510.56287462485,1451.63086976952,909.866516394575,947.138016010211,0,1.56623910915883,6,154,225,-71,13,0.430543140407447,0.470753750271623,0.388961655223825,1438.13040174227,1471.79387310389,1407.21740660607,20
"334",14,10412,104120104,1,"Sydney Roosters","away",2018-03-10,15.8997847016592,76.0178117857003,47.4778678842742,1498.66760978242,1531.82167337204,983.505349853073,822.077887524067,0,2.33340371145813,NA,NA,NA,NA,NA,0.45735290909351,0.480065511715217,0.437732862779489,1485.30009379606,1491.8763156371,1481.83368476706,8
"335",7,10412,104120105,1,"Warriors","away",2018-03-10,20.4682856158714,74.7017840378291,49.7438763463361,1563.45685199487,1416.76237650484,941.792908289457,902.409798972428,0,1.05723836440545,8,146,183,-37,11,0.430543140407447,0.470753750271623,0.388961655223825,1486.70806354371,1492.13947340165,1485.68207658315,32
"336",7,10412,104120104,1,"Wests Tigers","home",2018-03-10,22.9364002582232,71.0425457407992,50.9117844185679,1416.5766907956,1555.72474858397,939.790711385658,924.771141040639,0,1.0463517777001,6,144,226,-82,14,0.45735290909351,0.480065511715217,0.437732862779489,1455.59368048627,1478.01706804885,1438.34026532774,10
"337",7,10412,104120108,1,"Canberra Raiders","away",2018-03-11,24.4893849423217,76.4913418399422,50.0421727171121,1504.81872766,1462.71243020387,997.730900769848,893.388532986238,0,1.9911906754831,8,210,159,51,10,0.433681043895588,0.467841928603527,0.406188900653477,1494.85289727764,1496.41771986405,1495.31145443161,28
"338",6,10412,104120108,1,"Gold Coast Titans","home",2018-03-11,24.4013043149113,76.0294759540835,51.9596653868537,1481.90825680852,1539.25445412281,883.195468826123,929.444737321481,0,1.31360420438463,6,210,226,-16,12,0.433681043895588,0.467841928603527,0.406188900653477,1448.49663362138,1474.04111492288,1429.34335076742,30
"339",9,10412,104120107,1,"Parramatta Eels","away",2018-03-11,14.3181365161253,70.1108094732249,47.9393022974967,1536.93769869598,1527.6148577153,932.540291843858,823.553941216043,0,1.65103783227952,NA,NA,NA,NA,NA,0.40061246415726,0.446537972092555,0.372685991873389,1514.50264980794,1508.21634291179,1516.10850949067,14
"340",5,10412,104120107,1,"Penrith Panthers","home",2018-03-11,18.2497712676527,70.8466866093846,51.0445160480002,1473.58846114756,1549.31430343431,864.241899816386,940.012806468146,0,1.54480089152244,NA,NA,NA,NA,NA,0.40061246415726,0.446537972092555,0.372685991873389,1444.5093496633,1470.92456919749,1425.65174296111,24
"341",8,10412,104120201,2,"Cronulla-Sutherland Sharks","home",2018-03-15,18.6726487427409,70.3727778214087,49.8253639710698,1524.36045237025,1566.32139679147,832.409861369976,928.370972290748,0,1.34312374416508,0,14,20,-6,12,0.532283067245762,0.525111634574561,0.516856509875203,1573.06763142567,1538.24932880181,1594.43041783154,16
"342",6,10412,104120201,2,"St George-Illawarra Dragons","away",2018-03-15,19.116132089336,75.4871834798736,50.9179983638091,1516.07705221545,1476.18606299241,954.309322612645,884.145999162927,0,1.7288906361879,2,34,12,22,1,0.532283067245762,0.525111634574561,0.516856509875203,1550.6038082843,1520.78528435504,1582.71287446811,20
"343",7,10412,104120203,2,"Brisbane Broncos","home",2018-03-16,19.5755475082057,74.0336262222805,51.4179745080226,1512.77592806264,1507.90508225846,847.053188998108,986.858776378077,0,1.12628712771531,0,12,34,-22,16,0.455700451378516,0.483358710105751,0.42209650705676,1529.11900098381,1518.53751996754,1529.5315068112,24
"344",5,10412,104120202,2,"Canterbury-Bankstown Bulldogs","away",2018-03-16,19.8657736711822,77.851402005694,52.0617353790159,1498.26607774255,1459.6529762016,911.448096971264,958.669459326373,0,2.38534706491661,0,18,36,-18,15,0.473367221395066,0.487402834189809,0.458537450279377,1490.8004457197,1495.43223090611,1488.22044418801,12
"345",9,10412,104120203,2,"North Queensland Cowboys","away",2018-03-16,20.4816367463709,77.1634389256199,53.3639293296277,1501.95406611553,1506.08692509732,866.872727248653,1010.60490973319,0,1.47765086536279,2,20,14,6,5,0.455700451378516,0.483358710105751,0.42209650705676,1559.98240714614,1530.10534516931,1584.10893126566,20
"346",NA,10412,104120202,2,"Sydney Roosters","home",2018-03-16,15.4257976195597,75.4767430785583,47.5691958112177,1508.22755319548,1530.99237296972,972.735028861888,822.973214272623,0,2.37339948877064,0,8,10,-2,11,0.473367221395066,0.487402834189809,0.458537450279377,1472.2765636143,1486.67697075425,1459.34299927824,30
"347",6,10412,104120204,2,"Gold Coast Titans","away",2018-03-17,24.7372260560166,76.1477073968385,52.2620854636425,1475.25376140001,1534.61918687544,872.323740696556,951.978053082192,0,1.23478795212156,2,30,28,2,7,0.550132125505329,0.525140732962399,0.568845763460724,1462.08828856789,1479.36269563684,1453.09579474128,8
"348",7,10412,104120206,2,"Melbourne Storm","home",2018-03-17,22.3701030648738,79.0506142261046,48.0761706109119,1458.24825927538,1530.40668000111,833.72714832277,1001.98926097578,0,1.89942636642087,2,36,18,18,2,0.737776004144205,0.624232009277452,0.811379583947426,1648.31804860709,1571.38691374161,1714.28510171787,8
"349",6,10412,104120205,2,"Penrith Panthers","home",2018-03-17,18.5947849915936,70.6158854128215,50.8018450851201,1478.89315347871,1548.63544522825,858.707385827403,940.432038080057,0,1.51211283803109,2,24,14,10,4,0.544633464071578,0.513485349748271,0.584220325375454,1458.89465052353,1476.45918947657,1450.74430328618,18
"350",8,10412,104120205,2,"South Sydney Rabbitohs","away",2018-03-17,25.0681618753205,80.1615633839082,49.4316376836067,1495.58910214736,1456.87301758335,916.114525410901,950.249735049598,0,1.5922647626093,0,20,32,-12,14,0.544633464071578,0.513485349748271,0.584220325375454,1427.79736637249,1467.08633560117,1391.65894039711,14
"351",8,10412,104120204,2,"Warriors","home",2018-03-17,21.1601884789191,74.9596769955593,49.9392437655559,1561.98944087517,1407.41663391455,945.225333792089,909.105211034082,0,1.05380406254112,2,32,20,12,3,0.550132125505329,0.525140732962399,0.568845763460724,1497.04109891349,1496.84701090436,1501.2405427921,20
"352",NA,10412,104120206,2,"Wests Tigers","away",2018-03-17,22.1602162427298,71.8199929963512,50.9170773534539,1422.66208934786,1561.86126366893,933.623268702518,917.524872578201,0,1.1035706710381,2,10,8,2,6,0.737776004144205,0.624232009277452,0.811379583947426,1468.61721066803,1483.2164129317,1460.83095081656,10
"353",6,10412,104120208,2,"Canberra Raiders","home",2018-03-18,24.7000218457824,76.3418613295456,49.6196423540853,1502.2496040004,1457.20968439164,1016.16704672366,881.905221007064,0,1.99171923495412,0,28,30,-2,10,0.630582330895759,0.564088642571198,0.681966486928232,1481.26124233114,1491.09613915009,1471.55901045775,28
"354",8,10412,104120207,2,"Manly-Warringah Sea Eagles","home",2018-03-18,16.9241699574137,74.7084627146106,49.2009392929882,1457.31511433843,1518.09109562161,972.068905031174,916.321594331096,0,1.32715805608407,0,18,19,-1,9,0.487807279593609,0.490040775626744,0.495917797004593,1491.64329907713,1495.76042930432,1488.1792809602,54
"355",8,10412,104120208,2,"Newcastle Knights","away",2018-03-18,12.6891595004292,72.7871099899786,45.4054959717902,1642.87116491188,1433.78551841443,1085.42572240186,713.216357715696,0,2.05872378465563,2,19,18,1,8,0.630582330895759,0.564088642571198,0.681966486928232,1388.37158881759,1446.31647066656,1339.04295182258,30
"356",6,10412,104120207,2,"Parramatta Eels","away",2018-03-18,14.2990483251578,69.9241609048314,48.2429441596469,1537.00143677422,1529.67796625239,933.407874333226,820.46070474308,0,1.55197556234274,0,14,24,-10,13,0.487807279593609,0.490040775626744,0.495917797004593,1500.11734894772,1502.68172263271,1491.01594916561,0
"357",6,10412,104120301,3,"Melbourne Storm","home",2018-03-22,21.5078968809814,78.6275773725384,48.2516003742572,1460.99336371885,1524.20227920104,843.703519423404,994.90990531723,0,2.02546078443562,2,44,28,16,8,0.618165999354062,0.557603695820192,0.667210275035459,1630.61142450763,1565.14459364884,1681.82991835998,30
"358",10,10412,104120301,3,"North Queensland Cowboys","away",2018-03-22,20.4527385415887,77.2736325900827,53.46209356985,1502.2568221486,1482.32170959148,870.420363613733,1026.5886151492,0,1.56899181344102,2,40,38,2,9,0.618165999354062,0.557603695820192,0.667210275035459,1546.91921797923,1524.93893227037,1560.99279154793,14
"359",7,10412,104120303,3,"Brisbane Broncos","away",2018-03-23,19.8410146577134,73.8516086489437,51.0328960375412,1488.60937237888,1507.85077732295,872.849997658222,983.207249795393,0,1.17870990005239,2,36,54,-18,11,0.420298890250717,0.450876175149718,0.415393590814432,1542.18219015072,1523.70393286648,1552.64764652893,8
"360",NA,10412,104120302,3,"Canterbury-Bankstown Bulldogs","home",2018-03-23,19.3938272509113,78.1003178853524,52.0580312562749,1505.030113078,1449.4737976295,920.781211152988,952.389291766791,0,2.24222624102161,0,30,66,-36,15,0.51199677256762,0.512923147799155,0.498829212350453,1478.16125903318,1490.30625924801,1466.56194219918,20
"361",6,10412,104120302,3,"Penrith Panthers","away",2018-03-23,18.559097892098,70.7589322880523,50.9337343800129,1490.65956426999,1553.27731851455,843.724942677758,940.946115795254,0,1.42138606774923,4,42,28,14,3,0.51199677256762,0.512923147799155,0.498829212350453,1469.82344738581,1481.32433597908,1467.37549027116,18
"362",7,10412,104120303,3,"Wests Tigers","home",2018-03-23,21.430603268166,72.3707934165702,50.8020527122466,1422.92236398699,1558.38958784879,930.645872580367,922.473380223509,0,1.15735643077581,4,20,16,4,4,0.420298890250717,0.450876175149718,0.415393590814432,1486.32383476749,1489.45873302447,1493.28613417445,6
"363",7,10412,104120304,3,"Canberra Raiders","home",2018-03-24,24.8980205350354,76.9213496497729,49.8824638128402,1494.49462776038,1451.07710332814,1003.67702392024,914.13090774664,0,1.87221608085687,0,56,60,-4,12,0.440260261260446,0.476788863098727,0.394803230658537,1466.12726638964,1485.45525272438,1444.28035098062,18
"364",6,10412,104120306,3,"Cronulla-Sutherland Sharks","away",2018-03-24,18.5122898181764,70.4704111521242,49.9558421328056,1530.45882522804,1547.64211298398,844.805269687777,929.668713953303,0,1.32253631951518,0,30,40,-10,13,0.397196536897043,0.44920796380893,0.356093511555153,1560.29283781177,1532.99821245606,1573.75615743653,14
"365",9,10412,104120305,3,"Manly-Warringah Sea Eagles","away",2018-03-24,19.1487197599689,75.6259549517339,49.9088829354089,1467.79620747812,1497.74562988431,952.744770729303,943.182298671231,0,1.42752857271903,2,72,19,53,6,0.377258709700656,0.444622365705353,0.317037093310585,1503.93592436688,1500.86002154805,1508.34256908001,6
"366",6,10412,104120306,3,"Parramatta Eels","home",2018-03-24,13.4411054256483,69.8687112505415,47.6883675100681,1515.52135056777,1535.81728827724,959.243401873233,810.233062458496,0,1.69885702860218,0,14,78,-64,16,0.397196536897043,0.44920796380893,0.356093511555153,1487.82472365797,1497.58213038898,1470.85266104579,4
"367",7,10412,104120305,3,"South Sydney Rabbitohs","home",2018-03-24,24.4040721628013,79.9118695808737,49.2857394225903,1503.41375601852,1469.96063652835,918.087653886247,929.774750946622,0,1.49672887685274,0,34,50,-16,14,0.377258709700656,0.444622365705353,0.317037093310585,1416.86856951021,1462.22118909865,1375.02775341213,34
"368",7,10412,104120304,3,"Warriors","away",2018-03-24,21.0905771701839,74.7220963758258,50.0028891396226,1567.63007442266,1405.17163587968,944.791813764564,905.198898372037,0,1.11057581878866,4,52,28,24,2,0.440260261260446,0.476788863098727,0.394803230658537,1507.83792790136,1501.59560357474,1518.48671225367,18
"369",9,10412,104120307,3,"Gold Coast Titans","home",2018-03-25,23.7329924926556,75.7788449530282,52.066360335824,1468.93853571601,1541.90203566291,870.624316254762,951.13936989726,0,1.28070067499426,2,38,48,-10,10,0.344066274691023,0.426533028144558,0.275993425131146,1451.29145958001,1474.61410296647,1435.84962527971,8
"370",6,10412,104120308,3,"Newcastle Knights","away",2018-03-25,13.7278099304035,72.9798833905799,45.4411662134828,1625.59889501717,1430.13838730956,1105.44017905775,718.903376252754,0,1.93520035757629,4,49,46,3,5,0.615060557117718,0.557092321660409,0.659294198245183,1403.50556475909,1451.95735709228,1366.32161129971,8
"371",NA,10412,104120307,3,"St George-Illawarra Dragons","away",2018-03-25,19.1691641639758,75.4579524710812,50.7429184619805,1500.41242908252,1485.17489921286,954.050763255887,893.437239213151,0,1.92515719801663,4,54,28,26,1,0.344066274691023,0.426533028144558,0.275993425131146,1563.3786018982,1526.03640070078,1603.38713486312,54
"372",7,10412,104120308,3,"Sydney Roosters","home",2018-03-25,16.3002497623861,75.1481384938448,47.5950440625446,1495.13390000375,1535.79283059153,965.610927130175,837.614821416265,0,2.23099551944441,2,38,22,16,7,0.615060557117718,0.557092321660409,0.659294198245183,1484.91575030082,1491.80294241236,1481.00150126707,38
"373",6,10412,104120401,4,"North Queensland Cowboys","home",2018-03-29,20.0655742290933,76.4172146346777,53.674367955659,1502.54141281969,1465.02240701599,877.895141796909,1034.53329824024,0,1.53485230463456,2,54,68,-14,12,0.612650383889558,0.563071688228273,0.640532404787355,1537.75520196373,1520.51496922857,1547.68120254935,14
"374",6,10412,104120401,4,"Penrith Panthers","away",2018-03-29,18.5255520185721,71.2533963507691,50.5777103172122,1474.77999041379,1548.58067940368,860.901446117093,943.649348847538,0,1.33610290368428,4,60,48,12,5,0.612650383889558,0.563071688228273,0.640532404787355,1458.11136992743,1476.45356745708,1447.32865876518,32
"375",71,10412,104120402,4,"Canterbury-Bankstown Bulldogs","away",2018-03-30,19.4301976158566,78.7542988122313,52.2345493808984,1503.22830629332,1436.06536977173,924.694338483809,963.045934260783,0,2.16769266656031,2,50,84,-34,13,0.417215566045836,0.46064682595312,0.381059417499671,1489.87333649156,1495.17702777002,1486.60877370516,16
"376",NA,10412,104120403,4,"Cronulla-Sutherland Sharks","home",2018-03-30,18.2415524290859,70.9221864829967,50.3184916048372,1530.97129571435,1551.32358620494,832.216953506511,935.808591116105,0,1.30318414034427,2,44,44,0,11,0.400672475264308,0.453966397805905,0.350519452391949,1569.8255546973,1537.49029209415,1587.99989789874,14
"377",5,10412,104120403,4,"Melbourne Storm","away",2018-03-30,22.0174230681225,78.2299227301861,47.9365043518018,1444.97376189572,1523.17014244898,862.621308258,994.915310998196,0,1.96393313736948,4,74,42,32,4,0.400672475264308,0.453966397805905,0.350519452391949,1639.77544052313,1569.56855669063,1695.14150735856,4
"378",9,10412,104120402,4,"South Sydney Rabbitohs","home",2018-03-30,24.9798278330332,79.3771574060213,49.4485950572349,1502.72893065741,1478.48299833665,897.622394653072,942.508265889825,0,1.46692514424158,2,68,56,12,10,0.417215566045836,0.46064682595312,0.381059417499671,1431.81436047739,1467.7749654416,1402.34626967971,20
"379",6,10412,104120405,4,"Canberra Raiders","away",2018-03-31,24.4841393029333,76.8660686707865,50.0095159840698,1504.00495009475,1452.39247712845,992.476402485024,912.083053281842,0,1.81988311600546,0,75,80,-5,15,0.530799926855997,0.513839147035328,0.546686432117496,1467.56102011939,1485.68736409339,1448.48822175428,16
"380",5,10412,104120405,4,"Manly-Warringah Sea Eagles","home",2018-03-31,18.3597965743708,75.7083976546299,49.7943499592844,1476.44843502943,1497.40089209126,964.100084485545,921.211360750957,0,1.40187685835589,2,78,53,25,9,0.530799926855997,0.513839147035328,0.546686432117496,1488.9901333997,1495.30624520511,1481.02405281244,32
"381",10,10412,104120404,4,"Sydney Roosters","home",2018-03-31,17.6022347766429,75.0192501842141,47.799341418792,1521.04586600352,1534.72526075604,942.474271502364,834.637932131289,0,2.15713578827774,4,76,30,46,3,0.482378310928894,0.49261575363943,0.471752769505901,1494.15429693,1496.23201919575,1494.62973333726,6
"382",6,10412,104120404,4,"Warriors","away",2018-03-31,20.9051425399729,74.8587705932762,49.8827157912452,1561.9522699573,1420.0413377269,940.90430493869,899.906964469715,0,1.10394126966134,6,72,47,25,2,0.482378310928894,0.49261575363943,0.471752769505901,1506.40417417161,1501.36349220572,1514.27884148001,30
"383",5,10412,104120407,4,"Brisbane Broncos","home",2018-04-01,19.1305537782506,73.8005121300071,51.0309222752887,1507.77281003615,1530.47973068358,870.218997798728,969.694814807669,0,1.16798730604925,4,45,61,-16,7,0.652219596459943,0.582511398207092,0.696680709846835,1552.26936351674,1528.21269461798,1569.26339016151,14
"384",7,10412,104120407,4,"Gold Coast Titans","away",2018-04-01,22.7890129430963,75.9721142558465,51.6423787156745,1486.70222357305,1539.80791352314,873.226857279477,931.991007703425,0,1.26385863449461,2,46,102,-56,14,0.652219596459943,0.582511398207092,0.696680709846835,1443.03386898743,1470.34877268502,1424.80988827447,26
"385",10,10412,104120406,4,"Newcastle Knights","away",2018-04-01,13.3841413345793,72.7410903871451,45.6546962406738,1619.14296131614,1459.95008407099,1086.39376831428,710.569173677589,0,1.99908833612171,4,57,84,-27,8,0.735171048978952,0.616916874023838,0.818565557208833,1394.26701812991,1447.52828030888,1352.69337922952,12
"386",7,10412,104120406,4,"St George-Illawarra Dragons","home",2018-04-01,21.2590143141373,76.0304753228163,50.9983433542617,1500.80768333757,1501.96440526009,934.727717460533,894.671004860362,0,1.80964776613563,6,108,36,72,1,0.735171048978952,0.616916874023838,0.818565557208833,1571.63619249078,1530.30173098223,1614.42687186837,30
"387",6,10412,104120408,4,"Parramatta Eels","away",2018-04-02,12.8746391001094,70.296588575509,47.467065459464,1521.1300695337,1536.00825098061,963.608797760839,799.719078710986,0,1.77692560688605,0,18,92,-74,16,0.497042154746789,0.488287626933222,0.52883873288517,1478.29200677244,1493.09005075089,1456.60892058358,20
"388",NA,10412,104120408,4,"Wests Tigers","home",2018-04-02,20.504767072076,72.288545811576,50.6939295495118,1450.64702214777,1573.36621257787,920.287120225545,916.864977410098,0,1.20791504492926,4,27,25,2,6,0.497042154746789,0.488287626933222,0.52883873288517,1476.23666140147,1484.94997127298,1476.67039054188,30
"389",11,10412,104120501,5,"Canberra Raiders","home",2018-04-05,23.9750909447573,76.5141045505393,49.7089450250256,1499.38465308907,1457.76892850075,1005.04781833592,897.738070084931,0,1.71069012904513,0,91,112,-21,15,0.471842882011787,0.487111630865872,0.454798123160996,1456.30021836393,1480.82575556374,1430.35567903898,26
"390",NA,10412,104120501,5,"Canterbury-Bankstown Bulldogs","away",2018-04-05,19.2243857589052,78.0490408834974,52.1604764180445,1511.13460791572,1428.20144758543,924.95267817478,961.903178205136,0,2.09763110656669,2,66,104,-38,14,0.471842882011787,0.487111630865872,0.454798123160996,1475.88651007666,1489.78349602955,1461.85115040515,10
"391",7,10412,104120502,5,"Cronulla-Sutherland Sharks","home",2018-04-06,17.9870592833407,71.0468552940169,50.479382108547,1541.41301797149,1555.98417103265,835.44393629612,916.260075649138,0,1.34499309192361,4,58,48,10,9,0.642226734043381,0.573780188488441,0.689044359580944,1584.20941529096,1542.95062811609,1613.97911980306,10
"392",5,10412,104120503,5,"South Sydney Rabbitohs","away",2018-04-06,24.6810381630512,78.75452796166,49.4216793538008,1490.86519481796,1487.87401843645,900.405050973887,941.697769936435,0,1.37890963558709,4,88,72,16,8,0.681560385831654,0.586844869875046,0.75400625802214,1445.80118689229,1473.16849718207,1427.10389297972,12
"393",7,10412,104120503,5,"St George-Illawarra Dragons","home",2018-04-06,21.783473455289,76.7486468034473,51.298442753006,1503.09922233731,1516.42654094449,905.164054412901,906.57074456874,0,1.70106890016749,8,138,48,90,1,0.681560385831654,0.586844869875046,0.75400625802214,1577.99208731529,1534.13256224199,1621.68424958001,16
"394",5,10412,104120502,5,"Sydney Roosters","away",2018-04-06,16.9061006900444,74.0580951731612,47.2713809336645,1529.86311404331,1531.80174511068,952.465815212223,818.039656203412,0,2.26770764098108,4,82,60,22,7,0.642226734043381,0.573780188488441,0.689044359580944,1482.5772174677,1491.30586165936,1475.75962255703,28
"395",10,10412,104120506,5,"Brisbane Broncos","away",2018-04-07,18.8227205515555,73.8724814022066,50.9690669387714,1497.46644143398,1526.19094684256,885.025857930805,967.313125919209,0,1.21790806768629,4,59,87,-28,10,0.29817267827335,0.388653236375362,0.24452348109371,1536.6160932017,1522.38758063591,1541.39616176764,10
"396",10,10412,104120504,5,"Melbourne Storm","away",2018-04-07,20.9363776840352,77.5561273663749,47.8803140906937,1456.01533618198,1534.07993390204,847.46402976252,988.380392338305,0,1.84609714912732,4,78,56,22,6,0.312357968232913,0.39503052052008,0.269023312542844,1625.39157992947,1564.10822066869,1669.16228545424,10
"397",5,10412,104120506,5,"Newcastle Knights","home",2018-04-07,13.3010928545045,72.3966249639164,45.5554144662334,1626.57438363717,1464.69307902673,1086.79014221543,694.455023256934,0,2.11914303595441,4,69,114,-45,12,0.29817267827335,0.388653236375362,0.24452348109371,1387.91112330541,1443.69744904912,1345.43600151787,14
"398",NA,10412,104120505,5,"North Queensland Cowboys","away",2018-04-07,19.7016397753477,76.5121817565971,53.5739058783195,1507.96892805051,1451.88106259503,884.081433289095,1033.48130034583,0,1.44276116635648,2,68,101,-33,13,0.492703713423101,0.48763389490346,0.51595300321029,1523.05159275038,1514.88425234629,1522.05990635785,12
"399",7,10412,104120505,5,"Warriors","home",2018-04-07,21.4508339875745,75.0472443576797,50.5497528437705,1557.39513375987,1434.91885746328,917.930046642369,912.452546601532,0,1.03770479348166,8,102,53,49,2,0.492703713423101,0.48763389490346,0.51595300321029,1517.9812536339,1506.28964974212,1533.14895226025,22
"400",7,10412,104120504,5,"Wests Tigers","home",2018-04-07,21.0744810477515,73.0512330628814,50.9522937765411,1454.56820081891,1562.30423982319,917.089893012013,925.213078765492,0,1.25544014223351,6,57,45,12,4,0.312357968232913,0.39503052052008,0.269023312542844,1488.30764968755,1490.06709500364,1495.51684122647,10
"401",6,10412,104120507,5,"Gold Coast Titans","home",2018-04-08,22.9816721665105,75.8537874004957,51.543835992734,1485.04009015867,1527.57943871175,876.633245842708,943.091547241219,0,1.30802711642493,4,72,116,-44,11,0.440468611254557,0.465524696074103,0.433506850739999,1458.68713930247,1476.17388666709,1452.67711666834,32
"402",7,10412,104120507,5,"Manly-Warringah Sea Eagles","away",2018-04-08,19.1782087799085,75.0658937953521,50.1066889617273,1480.38152892767,1493.17683856578,946.634079416412,938.0586791059,0,1.37776424685453,4,110,69,41,5,0.440468611254557,0.465524696074103,0.433506850739999,1500.25093515515,1500.16785373475,1499.15659552774,20
"403",7,10412,104120508,5,"Parramatta Eels","home",2018-04-08,13.3021607541028,70.3987932609785,47.3190415318962,1513.20226536168,1534.80775592177,969.152269895188,803.755933988327,0,1.79031007047289,0,38,122,-84,16,0.490511667014534,0.508473626659442,0.449533568240202,1466.22101848636,1487.97292702022,1437.76246989899,6
"404",7,10412,104120508,5,"Penrith Panthers","away",2018-04-08,19.3340188974577,72.438192569723,50.4230476981794,1461.05319098896,1551.24583863946,870.267359350067,945.890387916686,0,1.37593672946322,6,93,62,31,3,0.490511667014534,0.508473626659442,0.449533568240202,1472.81497914078,1482.08428433936,1472.94995495667,12
"405",8,10412,104120601,6,"South Sydney Rabbitohs","away",2018-04-12,23.9201758732682,78.5892562839604,49.3963785925727,1486.19328312888,1477.68157733026,902.300747915454,956.175903740249,0,1.35617505745186,4,100,88,12,10,0.585263989310327,0.540217833285777,0.621374265579559,1438.15863615225,1469.03694588082,1417.26414330061,26
"406",7,10412,104120601,6,"Sydney Roosters","home",2018-04-12,17.5717346486417,74.5946094627716,47.3150980776446,1519.79132720071,1540.33364040404,946.617866299489,825.117276831207,0,2.25164518252221,6,110,70,40,5,0.585263989310327,0.540217833285777,0.621374265579559,1497.99065908474,1497.04366354424,1503.32139694026,14
"407",9,10412,104120603,6,"Cronulla-Sutherland Sharks","away",2018-04-13,17.5078357263403,71.5840439763759,50.5706191820342,1549.3682368932,1544.34512077069,841.477300118353,912.58447111019,0,1.38429350640819,4,68,76,-8,11,0.52421383024613,0.501512919440908,0.564551425175054,1568.79597367392,1537.21282623121,1586.41734541982,20
"408",6,10412,104120602,6,"Melbourne Storm","home",2018-04-13,20.280195022993,76.8027597243924,47.7674952452521,1459.67441601106,1538.09513786792,839.276187976768,988.297568798006,0,1.97533132017968,4,88,67,21,9,0.776287755269032,0.657439766126331,0.837041630984764,1620.88817116706,1563.05852587389,1659.92321795595,40
"409",NA,10412,104120602,6,"Newcastle Knights","away",2018-04-13,13.3430272832343,73.1528274660814,45.8820895982594,1615.55992061894,1459.31149428513,1077.0227336825,717.167721861518,0,2.41199445379715,6,84,124,-40,7,0.776287755269032,0.657439766126331,0.837041630984764,1404.75497902685,1449.81091668536,1375.65506227412,14
"410",9,10412,104120603,6,"St George-Illawarra Dragons","home",2018-04-13,21.4364650479717,77.1237279952405,51.2805361878256,1491.99326899708,1510.22094848782,921.834211148127,908.096499894616,0,1.71900476615744,10,154,60,94,1,0.52421383024613,0.501512919440908,0.564551425175054,1585.63463805533,1538.26411354324,1631.52399925913,40
"411",6,10412,104120604,6,"Brisbane Broncos","away",2018-04-14,18.2933573184622,74.1801325180742,50.8509229224451,1490.11845494794,1521.19949003201,896.304306454956,964.714338364056,0,1.20483358362511,4,69,102,-33,12,0.514939511903672,0.493005199680508,0.559204966803737,1519.77223748026,1516.27411299966,1511.17710101139,26
"412",NA,10412,104120606,6,"Canberra Raiders","home",2018-04-14,24.0965854880719,76.783258277507,49.6064083235241,1494.50157390372,1454.5427927907,1008.46494923577,901.413785879835,0,1.66804872130242,2,117,122,-5,13,0.520894219240122,0.504412859547151,0.546467866927476,1468.97598919565,1485.95463925508,1452.16375411254,18
"413",7,10412,104120605,6,"Canterbury-Bankstown Bulldogs","away",2018-04-14,18.6709226133709,77.6260984304875,52.1508478329619,1504.70653144077,1427.5893607303,926.995517484293,967.908987512828,0,2.15177324017269,2,76,130,-54,15,0.56816936051542,0.536067652640928,0.589202828223731,1463.21073924494,1484.65461233821,1440.04307533159,26
"414",7,10412,104120605,6,"North Queensland Cowboys","home",2018-04-14,19.2395413888269,77.0814508512013,53.5394715256203,1511.69079236748,1449.66819883933,887.616547291749,1024.87242232508,0,1.4161954963751,2,80,123,-43,14,0.56816936051542,0.536067652640928,0.589202828223731,1510.87648187253,1509.76059129532,1502.69802648627,10
"415",6,10412,104120606,6,"Parramatta Eels","away",2018-04-14,12.8640311088567,70.2548656653198,47.5998990399824,1517.33012943998,1521.79929056647,961.223133701477,822.430577949027,0,1.74289146624451,0,44,134,-90,16,0.520894219240122,0.504412859547151,0.546467866927476,1454.44873847801,1482.88819075363,1419.78112716938,2
"416",5,10412,104120604,6,"Warriors","home",2018-04-14,21.4837839483201,75.2844096962189,50.3367676731443,1548.85142573427,1443.02372601548,916.254243843827,914.28539380544,0,0.975442505872757,10,124,65,59,2,0.514939511903672,0.493005199680508,0.559204966803737,1530.15636451175,1511.41331079308,1552.51083213184,18
"417",8,10412,104120607,6,"Gold Coast Titans","away",2018-04-15,23.5227718365199,76.342560156466,51.57120583317,1481.79768474915,1532.64467238905,876.655251092145,940.626054406746,0,1.28954548943943,6,104,136,-32,6,0.517940034648683,0.508130834943322,0.522427166158049,1472.11589263236,1481.51863970635,1475.33684263874,12
"418",7,10412,104120608,6,"Manly-Warringah Sea Eagles","home",2018-04-15,19.227516253114,74.821940167631,49.9802876240237,1488.27863719201,1489.44622825183,943.956034651428,934.395158359545,0,1.35509839204326,4,130,101,29,8,0.491382167238517,0.505333607821818,0.45942141736516,1486.82218182526,1494.82310069549,1476.49686955734,12
"419",6,10412,104120607,6,"Penrith Panthers","home",2018-04-15,18.8939777636103,72.7719010155396,50.2776648362887,1452.46999952962,1553.09108832109,884.951317789063,939.356964641685,0,1.47338052569543,8,105,68,37,3,0.517940034648683,0.508130834943322,0.522427166158049,1484.58725914913,1487.16902060595,1490.93129768628,34
"420",7,10412,104120608,6,"Wests Tigers","away",2018-04-15,20.4100121848864,72.9881590791085,51.1351561499487,1463.35410876977,1559.5859854338,921.284499431292,912.360294039563,0,1.2401137336995,8,68,55,13,4,0.491382167238517,0.505333607821818,0.45942141736516,1492.81105844996,1491.11678979844,1504.75590872476,38
"421",13,10412,104120701,7,"Canterbury-Bankstown Bulldogs","home",2018-04-19,19.1106672565686,78.0085325246583,52.4417969629841,1500.64413955433,1422.63399908649,923.155786435236,982.074448262058,0,2.08266684576233,4,103,140,-37,14,0.489787269061245,0.497659732423492,0.478634612312729,1476.84680389731,1490.01528886462,1463.61118846054,0
"422",8,10412,104120701,7,"Sydney Roosters","away",2018-04-19,17.3574305697232,74.4989328950053,47.3561921929859,1517.22384756867,1541.69362197979,951.92079432152,820.670240221335,0,2.17654647157088,6,124,96,28,6,0.489787269061245,0.497659732423492,0.478634612312729,1483.9443233413,1491.64148521138,1478.46642631708,6
"423",8,10412,104120703,7,"Brisbane Broncos","home",2018-04-20,18.7557558793545,74.5893245669898,50.9798675470984,1501.03134765106,1526.94752063009,883.146048067659,957.531478062213,0,1.31254356860761,6,96,120,-24,8,0.367760685287892,0.435203335486357,0.317559026162664,1532.13078576595,1521.20416499647,1533.54529968353,20
"424",NA,10412,104120703,7,"Melbourne Storm","away",2018-04-20,21.4633833216135,77.3545941409289,48.2614455305369,1451.2339510504,1538.44942959584,835.479616698162,999.319714670126,0,1.8568114409689,6,128,81,47,5,0.367760685287892,0.435203335486357,0.317559026162664,1626.25726504061,1566.48412821263,1666.44155271656,34
"425",5,10412,104120702,7,"St George-Illawarra Dragons","away",2018-04-20,22.5502771450934,77.4763043155261,51.5037040165561,1464.69367285725,1519.26769157855,918.904158479239,928.610709900939,0,1.795864480188,12,194,80,114,1,0.387879976974218,0.447286481758867,0.335399490172735,1597.05350612942,1543.24898434883,1648.94194225212,12
"426",8,10412,104120702,7,"Warriors","home",2018-04-20,21.2747569114209,75.8073451144458,50.1365616127556,1552.94034019022,1456.76230245456,911.978989213197,900.048270177113,0,1.03691595552039,10,142,92,50,3,0.387879976974218,0.447286481758867,0.335399490172735,1517.79781622606,1506.48325879628,1530.14263345969,20
"427",6,10412,104120704,7,"Canberra Raiders","away",2018-04-21,23.7307903587876,76.9762627808566,49.9900238241126,1496.8714794695,1462.49022522326,994.157052281621,906.428958727045,0,1.74796579802428,4,135,124,11,11,0.459406382094853,0.476313512402453,0.459525945133996,1480.47452793389,1490.91051065961,1470.30503943544,22
"428",7,10412,104120706,7,"Gold Coast Titans","away",2018-04-21,22.8314055263287,76.202006547078,51.2369334831798,1476.9498236642,1533.0259920457,891.855936026617,928.288491142341,0,1.27217276007307,6,116,171,-55,9,0.552611390362944,0.539922205678784,0.532902354072865,1460.54645346393,1476.59994805578,1456.23392928506,14
"429",8,10412,104120705,7,"Newcastle Knights","away",2018-04-21,13.3824456462402,73.1436578181165,45.7691642223638,1611.26632538181,1450.89280462802,1082.72136966155,720.697658549827,0,2.38727478656932,6,98,164,-66,10,0.646955975470542,0.571159735626168,0.708161674676367,1399.38588515331,1446.38531434663,1369.13672751351,22
"430",5,10412,104120706,7,"North Queensland Cowboys","home",2018-04-21,18.6851689054973,76.5365638001292,52.9071032340831,1501.68934482543,1448.90810690897,906.599554454244,1015.16007698557,0,1.39122376659259,2,90,150,-60,15,0.552611390362944,0.539922205678784,0.532902354072865,1497.24041722016,1504.39991476892,1479.12991335732,26
"431",7,10412,104120704,7,"South Sydney Rabbitohs","home",2018-04-21,24.0449653208721,78.4939009069228,49.5525958770184,1490.80168614115,1477.64068269045,893.222703040527,960.905349515834,0,1.27480455400475,6,126,102,24,7,0.459406382094853,0.476313512402453,0.459525945133996,1452.2049718957,1474.43912421368,1442.11911392379,42
"432",8,10412,104120705,7,"Wests Tigers","home",2018-04-21,21.4654114537932,73.528869534362,51.4870467809517,1448.39286224359,1552.65082630777,908.547429465414,943.958676397189,0,1.22570690967753,10,106,67,39,4,0.646955975470542,0.571159735626168,0.708161674676367,1504.60423046368,1496.17012587666,1523.13276541936,20
"433",12,10412,104120708,7,"Cronulla-Sutherland Sharks","home",2018-04-22,17.6573655827598,71.4290013377933,50.2363820311121,1556.06614267961,1513.90441352445,865.988662111252,910.209402843579,0,1.4212358960237,4,88,116,-28,13,0.587202600873202,0.557510798989135,0.584052281615457,1557.37710559983,1532.22795542562,1568.99940242683,26
"434",NA,10412,104120707,7,"Manly-Warringah Sea Eagles","away",2018-04-22,18.7938652779272,74.1726237575731,49.5614703665823,1485.62191896049,1472.91945455672,973.658672572342,920.871448857973,0,1.57379248852067,4,142,139,3,12,0.453965619457953,0.482971135543189,0.419427012963092,1475.02900981154,1489.76976461728,1458.12001286273,10
"435",8,10412,104120707,7,"Parramatta Eels","home",2018-04-22,12.2121892423253,70.4795737254006,47.3839050975834,1521.51032167358,1522.53133313248,962.649745679388,819.284743272086,0,1.87831797826984,0,46,152,-106,16,0.453965619457953,0.482971135543189,0.419427012963092,1442.95019973977,1477.9323193491,1401.63984184648,44
"436",7,10412,104120708,7,"Penrith Panthers","away",2018-04-22,19.8003390977937,73.0255869546072,50.5010049461113,1457.66179955785,1543.96562302183,875.95423872172,950.795546763184,0,1.3849776941537,10,140,80,60,2,0.587202600873202,0.557510798989135,0.584052281615457,1496.15669831756,1492.08771225652,1510.03421103996,22
"437",8,10412,104120802,8,"Melbourne Storm","home",2018-04-25,22.2155803223167,77.3333184924732,48.1257587987047,1467.47991398737,1535.12246382009,834.550839696273,987.540531789918,0,1.74540275451076,8,162,101,61,5,0.643498967159859,0.583857291609406,0.669226871390565,1635.08352148751,1570.83616156749,1679.14391376306,50
"438",8,10412,104120801,8,"St George-Illawarra Dragons","home",2018-04-25,21.9172605163878,77.4477260565945,51.5334817755627,1457.63205248582,1527.59163008384,916.689908970485,929.114067306883,0,1.74811261137672,12,206,100,106,1,0.622194839732694,0.558878635929675,0.672187680337187,1582.3626255768,1537.72184916642,1622.35792185903,24
"439",7,10412,104120801,8,"Sydney Roosters","away",2018-04-25,16.6759847355398,73.928996921305,47.0948206614068,1534.43041671455,1532.29200466101,956.005546662229,809.110025808055,0,2.28595368327663,8,130,96,34,7,0.622194839732694,0.558878635929675,0.672187680337187,1495.69921779877,1496.61808253562,1497.61181080959,8
"440",7,10412,104120802,8,"Warriors","away",2018-04-25,21.1982714967356,75.698904407579,50.0083679159903,1559.2439197788,1450.17656430728,913.480249860405,898.965373966487,0,1.03470099818917,12,162,104,58,2,0.643498967159859,0.583857291609406,0.669226871390565,1532.48869677868,1512.01039397869,1556.72665385278,10
"441",NA,10412,104120803,8,"Brisbane Broncos","away",2018-04-26,18.8304105265932,74.4939650929704,51.1610754942725,1499.949466792,1538.65066939228,878.337285183599,949.27958937848,0,1.29379095449115,6,116,154,-38,10,0.41712272278391,0.446702482073984,0.418551609550144,1523.30452931904,1516.8521316416,1520.84293863703,24
"442",11,10412,104120803,8,"South Sydney Rabbitohs","home",2018-04-26,25.1222674016197,78.7642668525074,49.5794401243973,1480.13358497268,1470.10224172902,887.269340858095,984.011028544884,0,1.25831628076446,8,168,124,44,6,0.41712272278391,0.446702482073984,0.418551609550144,1465.17921872542,1479.67598908965,1463.73807611843,20
"443",7,10412,104120805,8,"Canterbury-Bankstown Bulldogs","away",2018-04-27,17.9640272211745,77.7680205731788,52.7152891452051,1493.70549118107,1445.5159591413,905.446439249122,984.349981366335,0,2.07770683501659,4,103,146,-43,14,0.530410725403345,0.503776352967622,0.569954763273238,1465.09190943984,1485.03869154038,1444.46580396803,14
"444",7,10412,104120804,8,"Manly-Warringah Sea Eagles","home",2018-04-27,18.2662333612515,72.8422663321187,49.1077821445873,1478.02460382286,1457.68428728332,1020.059152218,894.899161926494,0,1.77936493920943,4,152,183,-31,13,0.567244891575413,0.546638974332197,0.553664215215349,1461.92418467853,1484.59947597271,1434.89709338125,12
"445",8,10412,104120804,8,"Newcastle Knights","away",2018-04-27,13.8994989074658,73.4350383490296,46.083014369022,1607.5903458589,1449.27923635034,1067.97808748186,737.935799036837,0,2.42403829937516,8,120,184,-64,8,0.567244891575413,0.546638974332197,0.553664215215349,1414.9128285646,1452.09691170289,1397.46319450057,18
"446",6,10412,104120805,8,"Penrith Panthers","home",2018-04-27,19.9323187519261,73.3240517373308,50.7109446493447,1453.90209158438,1532.20768564052,865.516984398416,978.047813957393,0,1.30187903250448,10,162,106,56,3,0.530410725403345,0.503776352967622,0.569954763273238,1486.24956073852,1487.66282024641,1493.39630230457,22
"447",5,10412,104120807,8,"Canberra Raiders","away",2018-04-28,23.6269429372603,76.6176870140052,49.9906223946659,1488.17919070133,1453.52081170986,1015.26762914472,899.683221203423,0,1.76308785014282,4,157,166,-9,12,0.557989622889948,0.533519966374963,0.570233041126262,1467.50028110416,1485.67364578364,1448.6860772408,18
"448",8,10412,104120806,8,"Cronulla-Sutherland Sharks","away",2018-04-28,18.1579236477943,71.6432612575257,49.9821991092454,1543.58217411883,1506.77014871298,898.329342384577,897.716838672964,0,1.45596174226228,6,114,138,-24,9,0.337100759277387,0.408015211168191,0.298917290572172,1567.28424317887,1536.65284743573,1585.63731116221,8
"449",6,10412,104120806,8,"Gold Coast Titans","home",2018-04-28,22.3015211947489,75.7098861542533,51.102717474189,1474.37283424435,1542.08443252296,892.76457986502,926.051181673801,0,1.19584239446868,6,130,197,-67,11,0.337100759277387,0.408015211168191,0.298917290572172,1449.80912683264,1471.99917011257,1437.55002344798,8
"450",8,10412,104120807,8,"North Queensland Cowboys","home",2018-04-28,19.1240587711674,76.1443699721214,52.7926770400381,1512.6279841359,1448.01362049443,905.66358118699,1008.67047236644,0,1.36775034059703,4,116,164,-48,15,0.557989622889948,0.533519966374963,0.570233041126262,1507.97774385145,1509.00069271213,1497.8138191944,8
"451",7,10412,104120808,8,"Parramatta Eels","home",2018-04-29,14.1194578877858,71.5907993018765,48.0208707917284,1503.35970237317,1512.71945314453,934.170760938625,874.947658675761,0,1.76561889957365,2,90,162,-72,16,0.452619731595376,0.489415560869337,0.400681251277777,1456.05502487278,1483.10260799367,1424.86276132796,24
"452",NA,10412,104120808,8,"Wests Tigers","away",2018-04-29,21.3774867665656,74.6371373623003,51.3378239740946,1446.92929050897,1552.49177672931,914.51458369749,937.541155813358,0,1.21216449509687,10,126,89,37,4,0.452619731595376,0.489415560869337,0.400681251277777,1489.07728705239,1490.4585285204,1494.80629843231,22
"453",NA,10412,104120901,9,"Brisbane Broncos","home",2018-05-03,19.1405858949976,74.8243271873922,51.0914109646162,1497.91249878448,1545.63162922875,870.697048072583,948.722814015772,0,1.21616349722168,8,140,174,-34,10,0.612445284411589,0.55907579726181,0.653635637258818,1533.31547466585,1521.31915646234,1537.58500301903,22
"454",6,10412,104120901,9,"Canterbury-Bankstown Bulldogs","away",2018-05-03,17.7261855879041,77.0019393387881,52.4323717964928,1501.5831617102,1455.02500159282,909.319652894174,964.228982484355,0,2.0730444249156,4,117,168,-51,14,0.612445284411589,0.55907579726181,0.653635637258818,1453.82176684952,1480.07645507006,1427.26399449896,20
"455",6,10412,104120902,9,"Newcastle Knights","home",2018-05-04,14.1455289730178,73.8889360480878,46.0780335068807,1594.71492510736,1445.48248216932,1072.89940223295,748.499651094627,0,2.39859600141265,10,138,196,-58,6,0.461734672067022,0.474627661713721,0.460669442802332,1428.52670596241,1457.56330144621,1419.60976310918,18
"456",6,10412,104120903,9,"North Queensland Cowboys","away",2018-05-04,18.4566152448974,75.9557077737941,52.8051164176358,1509.89030508775,1447.47280326477,896.86376631577,1017.39024402445,0,1.28568532016121,4,124,182,-58,15,0.504221848346927,0.484116880683321,0.551044875879617,1494.58599290209,1503.66549304838,1475.00449754935,26
"457",8,10412,104120903,9,"Penrith Panthers","home",2018-05-04,20.0563796268105,73.184608633091,50.788287970384,1462.90796608931,1537.77522450208,852.525965334511,977.564945119949,0,1.34376629055421,12,184,120,64,2,0.504221848346927,0.484116880683321,0.551044875879617,1497.51970332884,1492.62505671673,1510.59811177364,20
"458",6,10412,104120902,9,"South Sydney Rabbitohs","away",2018-05-04,24.8149313575226,78.358410841357,49.6046737169334,1490.62556987432,1469.85610722528,890.43318040661,970.030366832191,0,1.4228173039186,8,188,148,40,7,0.461734672067022,0.474627661713721,0.460669442802332,1455.16827337861,1475.20896426891,1446.99601173642,36
"459",7,10412,104120904,9,"Canberra Raiders","home",2018-05-05,23.2893263610247,76.0406257931648,49.8111850509859,1485.22843925925,1454.32956300727,1023.59157139604,891.242227931217,0,1.89730257913425,6,175,174,1,11,0.539026014603471,0.526009854892519,0.537207163717811,1480.89203205352,1491.00884544739,1471.49539888585,32
"460",9,10412,104120906,9,"Cronulla-Sutherland Sharks","home",2018-05-05,17.5484482289266,71.9046655820742,50.2832671626907,1536.0472436717,1508.2239397902,896.989581841502,902.833828352586,0,1.48860403772654,8,124,147,-23,9,0.632314306013048,0.567969929936943,0.67725677746528,1563.37466140153,1535.73299954741,1577.59400278509,22
"461",8,10412,104120904,9,"Gold Coast Titans","away",2018-05-05,21.443429923064,75.4272929849981,50.7365544257377,1477.77046418968,1534.63936657158,898.178705073119,923.048110773373,0,1.24409185080056,6,139,207,-68,12,0.539026014603471,0.526009854892519,0.537207163717811,1453.71870860998,1472.91901800089,1445.59333182509,18
"462",NA,10412,104120906,9,"Parramatta Eels","away",2018-05-05,14.7122904145186,71.9753513437639,48.1996185442247,1497.93812023078,1508.41628595586,929.780515282308,892.050799155215,0,1.71968176559923,4,114,184,-70,16,0.632314306013048,0.567969929936943,0.67725677746528,1469.19215131449,1488.20845238497,1448.83551127685,20
"463",6,10412,104120905,9,"Warriors","home",2018-05-05,20.5263752069315,75.2969701431243,49.9478658410309,1543.98928459208,1449.26597044885,934.691434868781,894.407451528497,0,0.972618938297818,12,172,154,18,3,0.568630817970892,0.532329585382315,0.603070909396871,1523.93267199051,1507.84896689479,1543.4957287084,26
"464",8,10412,104120905,9,"Wests Tigers","away",2018-05-05,21.4148375605717,74.6589091205623,51.197554535649,1446.57353307843,1544.12227012555,929.24370867564,932.948686464556,0,1.19943462539106,10,148,113,35,5,0.568630817970892,0.532329585382315,0.603070909396871,1475.94016061068,1485.35268412909,1470.83354848342,4
"465",6,10412,104120908,9,"Manly-Warringah Sea Eagles","away",2018-05-06,17.8902593595764,73.0317303521916,49.4013152159121,1472.50312759349,1453.80323004632,1013.69560308492,910.205212210905,0,1.73260304285686,4,164,201,-37,13,0.554926635852457,0.518805810357613,0.601811617983557,1448.31030728072,1479.13308622939,1412.75052477264,20
"466",NA,10412,104120907,9,"Melbourne Storm","away",2018-05-06,23.8826455029777,77.7933193829248,48.2982132707824,1465.53111914813,1521.31511599089,833.857789314496,1004.30809988252,0,1.76067858924012,10,212,111,101,4,0.425424845821415,0.452844703725057,0.418832435521914,1643.63954627568,1574.9975886514,1692.37483890744,14
"467",13,10412,104120907,9,"St George-Illawarra Dragons","home",2018-05-06,22.0422248854045,77.2408624931988,51.501472869029,1469.35412933667,1526.17613227881,924.268514432256,915.72722326847,0,1.70322585469411,14,230,108,122,1,0.425424845821415,0.452844703725057,0.418832435521914,1591.42994942322,1542.13306280712,1635.47041464555,34
"468",7,10412,104120908,9,"Sydney Roosters","home",2018-05-06,16.1554256514074,73.4532571060267,47.2091314217224,1532.60459171168,1539.53448438135,941.005213862495,823.143424259572,0,2.20879646228003,8,138,120,18,8,0.554926635852457,0.518805810357613,0.601811617983557,1486.63189395235,1492.20686889492,1484.49931802308,22
"469",9,10413,104130101,1,"Melbourne Storm","home",2018-09-07,23.289686772799,76.4857202199493,47.9803204745355,1472.99925199924,1523.03620903143,827.446321955626,1001.82961388957,0,1.89503787388571,10,226,145,81,4,0.719454298421973,0.626120886394282,0.763618670414591,1629.84974257539,1569.52603568865,1669.12813632832,28
"470",6,10413,104130101,1,"South Sydney Rabbitohs","away",2018-09-07,25.4860354760712,78.9369061908755,49.9283932939174,1483.02803568186,1470.82474079176,883.927189582213,985.98854482226,0,1.33744826568348,10,224,166,58,5,0.719454298421973,0.626120886394282,0.763618670414591,1466.24990550822,1479.95524088605,1465.42278944852,28
"471",9,10413,104130103,1,"Cronulla-Sutherland Sharks","away",2018-09-08,17.815541335191,72.2703856471497,50.6262711329292,1525.1844090514,1503.59050340279,896.150206931012,921.743798651431,0,1.39928779546295,10,146,167,-21,8,0.393869570234782,0.438383179883566,0.373197391317529,1572.19911805721,1540.05330024804,1590.50373168648,12
"472",7,10413,104130102,1,"Penrith Panthers","home",2018-09-08,20.0529968492019,73.5335321151055,50.7409906921609,1462.49348812395,1525.66871103196,857.774407414441,987.131048412752,0,1.26314031312096,12,204,146,58,3,0.430134615269467,0.464453779262001,0.399475026232944,1485.41837896851,1487.7838879099,1488.55631673846,26
"473",6,10413,104130103,1,"Sydney Roosters","home",2018-09-08,16.506100112323,73.1260616796651,47.016583536419,1505.20831620898,1523.36241531847,970.824901030745,835.494818803997,0,2.25626867454323,10,160,140,20,6,0.393869570234782,0.438383179883566,0.373197391317529,1497.31365469189,1497.01881079134,1500.42685330373,20
"474",6,10413,104130102,1,"Warriors","away",2018-09-08,20.8547926945156,75.6991519345368,50.430993890569,1539.54992751655,1458.19001222191,916.109948776654,908.783004436787,0,0.914261801999949,14,198,158,40,2,0.430134615269467,0.464453779262001,0.399475026232944,1534.28553235921,1512.52567104096,1559.37289233253,12
"475",7,10413,104130104,1,"Brisbane Broncos","home",2018-09-09,19.3121507412977,75.6748675561487,51.2659263067392,1489.63774885741,1535.75373147502,861.055225188228,973.699445174825,0,1.26319368738838,10,162,194,-32,9,0.41086960617864,0.468559131466452,0.350341337912879,1542.61678783997,1525.72839848973,1551.43957752868,18
"476",NA,10413,104130104,1,"St George-Illawarra Dragons","away",2018-09-09,22.7596913922803,76.6864107436069,51.8313844968872,1474.19288157647,1530.00556434208,926.592403566321,904.403589872362,0,1.66103230341247,16,264,122,142,1,0.41086960617864,0.468559131466452,0.350341337912879,1605.2197531235,1547.60461576987,1658.71711722467,48
"477",NA,10413,104130201,2,"Cronulla-Sutherland Sharks","home",2018-09-14,17.4666088550795,73.0341625083207,50.5286948649535,1523.37334450832,1513.27507319862,900.581194515151,909.099170732345,0,1.31533052773517,NA,NA,NA,NA,NA,0.583481110406781,0.559153956507109,0.57548208121137,1557.65198774285,1534.43713204687,1565.43162733918,20
"478",6,10413,104130201,2,"Penrith Panthers","away",2018-09-14,20.4098170382497,74.1615201881992,50.9365312506313,1447.64387883652,1517.16858837004,863.787942969574,1005.06318550799,0,1.2473518943337,NA,NA,NA,NA,NA,0.583481110406781,0.559153956507109,0.57548208121137,1499.09514820205,1493.13935011728,1512.57731568914,20
"479",10,10413,104130202,2,"South Sydney Rabbitohs","home",2018-09-15,25.6368733475069,79.180691819423,50.2326896962824,1483.08635354095,1466.87525634426,886.75155820728,986.709232132924,0,1.25720136974247,NA,NA,NA,NA,NA,0.304402626797946,0.399119925288106,0.243670499736455,1471.51680867034,1481.21644974999,1475.9675362651,10
"480",5,10413,104130202,2,"St George-Illawarra Dragons","away",2018-09-15,24.2741099087434,77.2452260989905,51.721501427074,1458.22130868188,1521.60523048155,935.496859352341,929.03937448002,0,1.62137036520772,NA,NA,NA,NA,NA,0.304402626797946,0.399119925288106,0.243670499736455,1615.08062367179,1552.29020708454,1672.73077074118,12
"481",6,10413,104130301,3,"Cronulla-Sutherland Sharks","away",2018-09-21,17.6186123237748,73.6321127578215,50.9769731730563,1500.25094383782,1522.0785688067,909.726322844242,917.673220488404,0,1.23641069607106,NA,NA,NA,NA,NA,0.597922981816237,0.549371850853358,0.6349715824313,1555.64844109309,1533.8455924818,1562.41234409073,6
"482",6,10413,104130301,3,"Melbourne Storm","home",2018-09-21,23.5723055664311,76.9965770067523,47.8015012460634,1468.91929687929,1520.69403648955,837.679542638289,997.579837056198,0,1.96133560145257,NA,NA,NA,NA,NA,0.597922981816237,0.549371850853358,0.6349715824313,1624.58283941326,1568.26482682471,1658.58338951174,22
"483",7,10413,104130302,3,"South Sydney Rabbitohs","away",2018-09-22,24.6986609466565,78.6298503102576,50.4587283145054,1479.12117232849,1485.3027409636,886.346464714844,971.906678204949,0,1.18176928755792,NA,NA,NA,NA,NA,0.568146616706377,0.536502481221185,0.584489999172659,1464.21114562719,1477.22525049711,1466.22071627564,4
"484",8,10413,104130302,3,"Sydney Roosters","home",2018-09-22,16.7157341055836,74.4384979788852,47.2555885242339,1514.79581723644,1521.66067039936,955.235406968901,843.565129675758,0,2.18089255407063,NA,NA,NA,NA,NA,0.568146616706377,0.536502481221185,0.584489999172659,1511.86078500626,1502.6349789925,1525.49895765103,12
"485",6,10413,104130401,4,"Melbourne Storm","away",2018-09-30,23.4779672324452,76.9367823863472,47.8134111712996,1462.08413906653,1505.59239430017,849.158770079992,1007.32504683283,0,1.90365546536541,NA,NA,NA,NA,NA,0.344169850848617,0.406837402573447,0.319847708812596,1634.23268784967,1572.77110831617,1673.18452621448,6
"486",70,10413,104130401,4,"Sydney Roosters","home",2018-09-30,16.4327900592486,74.532188100152,47.2402532127798,1516.90806820225,1518.0210301754,962.421282550767,836.811221895212,0,2.1700390008264,NA,NA,NA,NA,NA,0.344169850848617,0.406837402573447,0.319847708812596,1522.2252662053,1507.26995418029,1542.11935768413,20
"487",7,10684,106840101,1,"Brisbane Broncos","away",2019-03-14,19.2334216968199,75.3343755027797,51.1899707283348,1483.65948392597,1516.08850758652,888.291911676935,979.777478464336,0,1.24740206614508,NA,NA,NA,NA,NA,0.620940237591105,0.565527642884935,0.6513272683212,1532.75591729169,1521.04280717506,1537.42592401217,12
"488",NA,10684,106840101,1,"Melbourne Storm","home",2019-03-14,22.4292891984985,76.4005754431663,47.5246065010216,1460.21909072254,1492.53685064216,872.489243875192,999.685544022856,0,1.84943613744349,NA,NA,NA,NA,NA,0.620940237591105,0.565527642884935,0.6513272683212,1618.49276427004,1566.83948234191,1645.97843456699,22
"489",NA,10684,106840102,1,"Cronulla-Sutherland Sharks","away",2019-03-15,16.9214955843483,73.2941859923522,51.0383547826729,1486.37588720755,1512.0538546783,924.742743473588,924.3528272591,0,1.1622260543068,NA,NA,NA,NA,NA,0.323001182891008,0.391622386440075,0.300680412678878,1545.99859265667,1529.33931099034,1547.81120738798,8
"490",7,10684,106840102,1,"Newcastle Knights","home",2019-03-15,14.3767972346368,74.0755998852025,46.0133514964678,1588.19202960092,1440.59353323916,1082.68543809897,750.509672028949,0,2.31468024132789,10,156,232,-76,10,0.323001182891008,0.391622386440075,0.300680412678878,1417.4450738328,1452.81702482907,1401.18298539709,14
"491",6,10684,106840103,1,"South Sydney Rabbitohs","away",2019-03-15,23.4567412898571,77.8720592916422,50.6112046156351,1478.03390198878,1489.18457650578,877.025676831953,978.092277512652,0,1.17086313030445,NA,NA,NA,NA,NA,0.618745086309896,0.558179637763022,0.665787440905883,1453.84666442815,1472.59027530932,1449.60031624255,26
"492",10,10684,106840103,1,"Sydney Roosters","home",2019-03-15,16.6468226556937,75.2802568141429,47.825838020013,1503.17358411012,1512.79976836487,957.476005597721,860.882548581499,0,2.15983666077681,NA,NA,NA,NA,NA,0.618745086309896,0.558179637763022,0.665787440905883,1537.96518978494,1513.20158015456,1569.32544933162,16
"493",6,10684,106840104,1,"Canterbury-Bankstown Bulldogs","away",2019-03-16,17.8626144526298,76.8218229784608,52.0464294887032,1494.34817200759,1449.32350149725,936.660473720524,948.975243535294,0,2.12866175942066,4,137,190,-53,15,0.607782252769376,0.545212616835888,0.668621588622769,1444.5204536754,1475.66721304268,1413.40941998931,6
"494",6,10684,106840105,1,"Manly-Warringah Sea Eagles","away",2019-03-16,18.0168437980018,72.8498265310601,49.7972363029574,1460.35293993788,1431.13503624354,1014.61386689983,941.87289947825,0,1.80864686028545,4,184,223,-39,14,0.540149253422924,0.509144323928039,0.582888592432483,1437.62854654118,1474.32114433296,1396.82298949198,6
"495",6,10684,106840106,1,"North Queensland Cowboys","home",2019-03-16,18.9092183302035,76.3783653073665,52.6368094325777,1499.45688678248,1447.98443506888,911.271940336824,1012.74682938299,0,1.26854420095154,6,150,202,-52,12,0.339389317555416,0.431676695665046,0.255892447068599,1506.68731726242,1508.50666185521,1497.04629258454,24
"496",10,10684,106840106,1,"St George-Illawarra Dragons","away",2019-03-16,23.5376633142188,77.2305125330511,51.3782113414495,1477.16803016097,1515.32891665266,923.767047791201,926.097012011219,0,1.76408814329525,NA,NA,NA,NA,NA,0.339389317555416,0.431676695665046,0.255892447068599,1622.38628671494,1556.28140633742,1682.47759073064,12
"497",7,10684,106840104,1,"Warriors","home",2019-03-16,20.3235051328446,75.5972028184646,50.1651342571349,1530.21693186556,1443.5986114886,938.303351850055,911.73602417058,0,1.09940609387995,NA,NA,NA,NA,NA,0.607782252769376,0.545212616835888,0.668621588622769,1520.60876312568,1507.17020883358,1535.35189338184,40
"498",7,10684,106840105,1,"Wests Tigers","home",2019-03-16,20.3699473069374,73.8993745733285,50.64570126351,1455.65912109373,1539.67493391802,941.529086155102,914.471765276683,0,1.3074685478676,10,152,139,13,7,0.540149253422924,0.509144323928039,0.582888592432483,1465.58730024198,1480.67597998292,1454.95638485929,20
"499",NA,10684,106840108,1,"Canberra Raiders","away",2019-03-17,23.8119667793632,76.398188245575,50.3025139479268,1465.7147329037,1444.52978922684,1013.65607711228,928.367694255344,0,1.8434644243862,8,207,192,15,11,0.42952386236481,0.460407179150658,0.410420274027863,1491.95540770304,1495.74874689846,1490.00711233714,20
"500",8,10684,106840108,1,"Gold Coast Titans","home",2019-03-17,21.2368241276802,74.8616554058982,50.2123611601934,1466.5642363383,1512.16100457729,934.887982768731,919.14522412697,0,1.16944633975253,6,157,239,-82,13,0.42952386236481,0.460407179150658,0.410420274027863,1442.65533296046,1468.17911654981,1427.0816183738,0
"501",7,10684,106840107,1,"Parramatta Eels","away",2019-03-17,15.0295529896475,71.6168302631381,47.9476414315712,1493.92183301693,1499.21130879851,947.073684365369,891.507751205902,0,1.85650085966328,4,134,206,-72,16,0.558349554147605,0.514161050406173,0.612687245875422,1460.36769465881,1483.88815168434,1435.92578237546,20
"502",NA,10684,106840107,1,"Penrith Panthers","home",2019-03-17,20.3852280159548,73.7918289769072,50.4003393755934,1460.38524610633,1494.41847306784,875.0806663914,1007.93939437751,0,1.35251078067368,NA,NA,NA,NA,NA,0.558349554147605,0.514161050406173,0.612687245875422,1501.09869485181,1493.73088968235,1515.5965989376,12
"503",5,10684,106840201,2,"South Sydney Rabbitohs","away",2019-03-21,23.6093368124657,77.8797357341437,51.054532338697,1463.39186786946,1488.51350191544,867.484136222036,1002.14674086189,0,1.22061134248618,2,26,16,10,6,0.688570028715785,0.602745556686012,0.734174962920238,1468.69654649958,1478.17207168695,1476.23181387879,34
"504",8,10684,106840201,2,"St George-Illawarra Dragons","home",2019-03-21,22.8454035153657,77.096681781068,51.0555186609626,1465.03794835131,1511.8291816535,938.901024923729,925.611191290546,0,1.71824285469754,0,12,24,-12,13,0.688570028715785,0.602745556686012,0.734174962920238,1606.53163033627,1550.59817329407,1652.71328861339,18
"505",6,10684,106840203,2,"Brisbane Broncos","home",2019-03-22,18.7994163950107,75.674312972613,50.9385724846347,1485.29991489041,1512.90319713133,907.414396976319,961.010829756476,0,1.23255794217637,0,12,22,-10,12,0.501606780588851,0.503609510997782,0.495205617981587,1523.65848299387,1516.69808360391,1523.47901474501,28
"506",6,10684,106840202,2,"Canberra Raiders","home",2019-03-22,23.5832487726014,76.1942969508405,50.6443631110512,1485.71184892947,1442.09800187323,989.736712485541,935.485632600024,0,1.79285655892302,2,21,0,21,2,0.327076909441233,0.399454572362172,0.29242711066445,1502.26398039979,1500.35281868997,1506.42392329825,10
"507",9,10684,106840202,2,"Melbourne Storm","away",2019-03-22,22.4035318465886,76.5565409165764,47.8531301109603,1460.38594527919,1493.64463960363,860.15988924268,1012.12441138148,0,1.73846996919688,2,22,12,10,5,0.327076909441233,0.399454572362172,0.29242711066445,1627.59019856786,1571.18420591306,1659.92534383414,22
"508",7,10684,106840203,2,"North Queensland Cowboys","away",2019-03-22,19.2146652303913,76.7756633889245,52.718600866623,1496.90947357553,1437.60536896475,911.675623916615,1022.54201962001,0,1.25243154889445,2,24,12,12,4,0.501606780588851,0.503609510997782,0.495205617981587,1522.54197364109,1514.18989489856,1526.81059470179,10
"509",7,10684,106840204,2,"Cronulla-Sutherland Sharks","home",2019-03-23,16.3862058492874,72.7365348328111,50.7360534957125,1500.5733339751,1506.2906233976,932.378178865172,906.271657623554,0,1.27249249104839,0,8,14,-6,9,0.636614883320157,0.585052241819642,0.652138795822213,1529.75062104606,1523.25553485474,1519.83842389514,20
"510",7,10684,106840204,2,"Gold Coast Titans","away",2019-03-23,19.9626146800194,74.2099560815443,49.8396194905818,1462.81038215801,1529.37134430265,941.614703802608,900.896510679352,0,1.33927955936738,0,0,21,-21,15,0.636614883320157,0.585052241819642,0.652138795822213,1432.34676026371,1463.57504475831,1410.66480741269,6
"511",7,10684,106840206,2,"Manly-Warringah Sea Eagles","home",2019-03-23,17.2958331701217,72.6788369391965,49.6894021247799,1471.31176354161,1423.80693406893,1030.53703488584,919.680525509555,0,2.06012804866832,0,6,20,-14,14,0.364558712483685,0.445236004534056,0.281760793638557,1426.59212862333,1469.41258757224,1380.13853318928,18
"512",7,10684,106840205,2,"Newcastle Knights","home",2019-03-23,14.3541894005586,74.3710638920904,46.4925504066798,1577.86050782487,1457.53792124481,1055.10431181303,768.599091707212,0,2.17579942684822,2,14,8,6,8,0.422900134246128,0.457378532109286,0.411802971251103,1433.69304544342,1458.90080096467,1429.15576888993,14
"513",NA,10684,106840205,2,"Penrith Panthers","away",2019-03-23,19.8821143349975,73.2043192382928,49.8963190130578,1454.60213133995,1494.57336468377,901.895826407916,985.383030714857,0,1.39136013383326,0,12,20,-8,10,0.422900134246128,0.457378532109286,0.411802971251103,1487.69830555227,1488.58927917829,1491.08910910258,16
"514",7,10684,106840206,2,"Sydney Roosters","away",2019-03-23,16.608013296352,74.7834414052944,47.4762877388123,1501.66316906351,1496.07178226298,982.767445261857,852.30959566661,0,2.2102464611302,0,16,26,-10,11,0.364558712483685,0.445236004534056,0.281760793638557,1523.1153077135,1507.61978377693,1542.69395169539,26
"515",8,10684,106840207,2,"Canterbury-Bankstown Bulldogs","home",2019-03-24,17.150857585472,77.4325135997531,51.683643719381,1469.66728168714,1466.64409140742,949.880845297292,942.736728923176,0,2.12094205385542,0,6,40,-34,16,0.444591059967478,0.474247637128023,0.414111617752989,1435.10722774186,1471.11933921103,1400.15428353422,16
"516",7,10684,106840207,2,"Parramatta Eels","away",2019-03-24,15.3277798102686,71.7598204473498,48.550782945677,1494.10652303591,1491.0986302706,928.169263303447,917.337286133548,0,1.92511080808348,2,20,12,8,7,0.444591059967478,0.474247637128023,0.414111617752989,1473.76808395835,1489.02976218841,1460.43327221048,36
"517",7,10684,106840208,2,"Warriors","away",2019-03-24,21.504094824874,75.8013706493567,50.3952262017068,1542.68391595362,1421.96269479928,932.705150739052,926.451862720345,0,1.09344172824716,2,40,6,34,1,0.423753120505128,0.462461572572129,0.391013742161531,1530.02198905922,1511.71808266522,1548.60702983693,6
"518",5,10684,106840208,2,"Wests Tigers","home",2019-03-24,20.3477504685211,73.7854120989288,50.7269591876994,1446.8595738281,1545.87443788294,919.357340985796,936.403459360082,0,1.28902043499554,2,20,6,14,3,0.423753120505128,0.462461572572129,0.391013742161531,1476.62371815983,1485.58453674364,1471.64084116199,34
"519",NA,10684,106840301,3,"Brisbane Broncos","home",2019-03-28,19.35145141131,76.0538541942562,50.9422581355567,1467.82191999698,1706.82900530345,907.209533157739,980.810179971087,0,1.27860446564579,2,41,32,9,6,0.422365283219278,0.467079383634705,0.387306356388117,1535.61992025974,1521.66198849393,1543.67079002575,24
"520",8,10684,106840301,3,"St George-Illawarra Dragons","away",2019-03-28,22.5546793044438,77.0908808742039,50.8721875413048,1461.67567145023,1515.37943075429,948.206963428305,915.014519813113,0,1.85514828341569,0,30,58,-28,14,0.422365283219278,0.467079383634705,0.387306356388117,1590.00594964709,1544.57071772721,1623.34629009658,24
"521",7,10684,106840302,3,"Canberra Raiders","home",2019-03-29,22.7682538462453,75.82263913379,50.6057013243881,1489.08913799371,1450.91212176083,983.692509736409,926.636494644022,0,1.74528516538764,2,31,22,9,5,0.60059970369594,0.560194476655623,0.615922918756019,1494.4141345732,1496.35827296635,1494.72683887167,16
"522",6,10684,106840302,3,"Newcastle Knights","away",2019-03-29,14.3329380365251,73.9888000585649,46.642997382279,1571.02887735537,1452.88564597012,1046.09805310425,789.14314620478,0,2.28525146123732,2,28,24,4,9,0.60059970369594,0.560194476655623,0.615922918756019,1423.54344222151,1454.32701564358,1412.68365003989,10
"523",8,10684,106840303,3,"Parramatta Eels","home",2019-03-29,16.5681130216525,71.4142312205088,48.5177359689364,1499.26013165376,1473.57271245436,922.45910750524,934.537048965535,0,1.92960415959847,4,56,28,28,2,0.432168643363742,0.473688646457809,0.391013114574534,1484.43826939757,1493.77223855969,1476.9977369206,18
"524",7,10684,106840303,3,"Sydney Roosters","away",2019-03-29,17.1715324985709,74.4364349209767,47.6277104744835,1487.8833789197,1482.2074753272,993.161398546146,868.671019926613,0,2.19763167346239,2,42,44,-2,10,0.432168643363742,0.473688646457809,0.391013114574534,1531.86471681311,1512.07214382227,1553.96438344093,32
"525",6,10684,106840305,3,"Cronulla-Sutherland Sharks","away",2019-03-30,16.6030334983301,72.4523427428424,50.5718902859698,1503.05893393659,1499.13318599375,950.415488133262,898.155358166141,0,1.37614294158549,2,28,20,8,7,0.459947156561169,0.473862132276865,0.461030156821891,1538.47186384638,1527.40501243654,1533.75287206225,42
"526",5,10684,106840304,3,"Manly-Warringah Sea Eagles","home",2019-03-30,17.3380831799144,72.9381067228447,49.7080379972931,1458.93305772911,1414.69851802479,1036.20481279269,933.859693978982,0,2.11652036574822,0,24,46,-22,13,0.362126974354844,0.440725875672754,0.290195205706325,1417.84271952372,1464.9602275269,1368.86810144374,46
"527",7,10684,106840306,3,"Melbourne Storm","away",2019-03-30,22.3793199357933,76.1631484615818,47.9819423043027,1468.10278856244,1496.54596122742,855.83029588812,1004.7369466986,0,1.69416177104507,4,44,22,22,4,0.311729951359414,0.384114532628479,0.280009963869917,1635.44004439444,1575.17875163668,1671.62242826072,32
"528",8,10684,106840305,3,"North Queensland Cowboys","home",2019-03-30,18.6617853165679,76.429123585589,52.4954848146256,1691.794905161,1422.98904682686,934.435086481618,1015.42949844281,0,1.29728565596078,2,34,41,-7,12,0.459947156561169,0.473862132276865,0.461030156821891,1510.58053637522,1509.22599000854,1506.61881942106,16
"529",NA,10684,106840306,3,"Penrith Panthers","home",2019-03-30,19.6491874748976,72.8920600839952,49.9625398722743,1450.12600345955,1492.73896280274,914.442076823441,980.560048871966,0,1.36787852580326,2,28,34,-6,11,0.311729951359414,0.384114532628479,0.280009963869917,1497.84790877417,1493.16306449938,1507.56122795262,2
"530",6,10684,106840304,3,"Warriors","away",2019-03-30,20.5738491353815,75.2132884103953,49.9515126296044,1546.90288099641,1413.92493311133,961.342841694709,904.284750957125,0,1.08783522455233,2,46,40,6,8,0.362126974354844,0.440725875672754,0.290195205706325,1516.19206395134,1506.34269839094,1524.24757952339,12
"531",9,10684,106840307,3,"Canterbury-Bankstown Bulldogs","away",2019-03-31,17.0818061303437,77.4065627837679,51.7026250962182,1453.42724478591,1473.44544592297,965.127994579455,936.152525187785,0,2.1736855306241,0,22,76,-54,16,0.593878433941508,0.535318944286828,0.656353656429908,1424.43704230264,1466.37686283975,1383.5898188241,22
"532",6,10684,106840308,3,"Gold Coast Titans","away",2019-03-31,19.1248577992182,74.0773587166517,49.9692423211469,1458.26175922852,1530.12906364449,931.377821574451,920.822720038591,0,1.37892278580534,0,6,41,-35,15,0.587727572050386,0.535592292743963,0.651714052204271,1423.62551746339,1459.4255671765,1396.75035924558,20
"533",8,10684,106840308,3,"South Sydney Rabbitohs","home",2019-03-31,24.2327766037178,77.8869515900951,51.1112603983752,1469.84835579729,1483.74269180051,860.375088048714,1007.65793641018,0,1.26737466193701,4,60,34,26,3,0.587727572050386,0.535592292743963,0.651714052204271,1485.22222718876,1484.19952725381,1505.59881239559,28
"534",7,10684,106840307,3,"Wests Tigers","home",2019-03-31,21.1668854404099,74.7582873729931,51.1033416364375,1437.32799939842,1549.90197160996,897.615900526648,964.819251798477,0,1.33167920889581,4,54,12,42,1,0.593878433941508,0.535318944286828,0.656353656429908,1490.45364326771,1490.95992101792,1496.00029147553,8
"535",8,10684,106840401,4,"Brisbane Broncos","away",2019-04-04,19.6303643266314,75.8106229426008,50.7057226474233,1486.73260479716,1667.23926498524,901.496961168275,993.001569172822,0,1.26188819770704,2,65,57,8,9,0.506840569002198,0.492542818975991,0.530795997167843,1537.48315346248,1521.99119465759,1548.17853577023,4
"536",6,10684,106840401,4,"Sydney Roosters","home",2019-04-04,18.0612405486567,74.4702488257181,48.0100478460145,1483.21037618452,1485.19502680757,985.051714633377,878.050758731016,0,2.24577377305465,4,74,62,12,7,0.506840569002198,0.492542818975991,0.530795997167843,1542.23676425384,1516.80903028684,1569.60490802391,36
"537",8,10684,106840402,4,"Gold Coast Titans","away",2019-04-05,19.1773663312651,74.1327171936526,49.6710877818781,1459.98605367481,1523.82131982582,939.575152279984,917.113356836276,0,1.53618741865702,0,26,69,-43,16,0.622855935564947,0.565770609236751,0.657165982236512,1413.7309791926,1454.78149010394,1382.81892133375,10
"538",7,10684,106840403,4,"Penrith Panthers","home",2019-04-05,18.5902362264038,72.2385364789555,49.8447874799379,1452.69844325198,1491.97462503458,919.935552214034,972.606445939648,0,1.28580581425507,2,30,66,-36,14,0.520374977605832,0.505346380964345,0.538226866211596,1490.36638994155,1489.3219191731,1496.36082939783,8
"539",6,10684,106840402,4,"Warriors","home",2019-04-05,20.0594181872586,75.4404911057716,49.6544218718281,1530.58870813662,1395.44943712465,987.902271193026,912.247665899697,0,1.08256511107919,2,58,86,-28,12,0.622855935564947,0.565770609236751,0.657165982236512,1500.88311133585,1500.74995714767,1495.85538775165,26
"540",NA,10684,106840403,4,"Wests Tigers","away",2019-04-05,20.3768723139853,74.5327901306135,51.0971411382512,1447.68831943451,1554.28785331336,890.918946495049,955.230096690569,0,1.25177845636206,4,62,34,28,4,0.520374977605832,0.505346380964345,0.538226866211596,1476.20056085311,1485.60673157505,1469.74614521834,8
"541",7,10684,106840405,4,"Canberra Raiders","away",2019-04-06,22.3621586154706,75.4132807857626,50.8093592449248,1479.60378971408,1449.53739445518,975.430959152224,943.098304965381,0,1.64056805546438,4,48,32,16,5,0.493584864898582,0.50536919248438,0.468507397060102,1503.9997416845,1500.75632819979,1510.08992212143,30
"542",6,10684,106840406,4,"Cronulla-Sutherland Sharks","away",2019-04-06,18.1268514884303,72.2452021782719,50.5375768688116,1506.1153979004,1491.98519483412,949.670558845266,901.326036676172,0,1.41357436509036,4,70,36,34,3,0.393101735648728,0.438278599840785,0.372174592869728,1549.51059560384,1532.14363375931,1552.19407833512,12
"543",NA,10684,106840404,4,"Manly-Warringah Sea Eagles","home",2019-04-06,19.0577981891196,73.541820319474,50.0255557174555,1437.75707426536,1406.31660694331,1036.25252402513,962.068112340243,0,2.16952914380333,2,70,58,12,8,0.411758697406793,0.473701949715366,0.330960858161092,1433.1516721392,1470.55296877017,1397.26029321549,12
"544",8,10684,106840405,4,"North Queensland Cowboys","home",2019-04-06,18.5020781975738,76.2233761704537,52.3457557257481,1673.08721085134,1430.84970401725,935.428981292721,1010.78372853624,0,1.39944851660313,2,50,83,-33,13,0.493584864898582,0.50536919248438,0.468507397060102,1499.54180461775,1504.48736868577,1488.17761314818,12
"545",9,10684,106840406,4,"Parramatta Eels","home",2019-04-06,16.6540262403534,71.6893773472783,48.3666718108002,1501.22452375453,1469.7583497071,928.611561054926,929.944826027603,0,1.87382791002256,4,74,60,14,6,0.393101735648728,0.438278599840785,0.372174592869728,1474.06622195684,1489.03535209511,1461.35721233761,24
"546",8,10684,106840404,4,"South Sydney Rabbitohs","away",2019-04-06,24.4588100074947,77.9537344946894,51.3445847744727,1467.15745444945,1483.93813029248,860.292582765791,1011.27846022557,0,1.25133218222079,6,88,54,34,2,0.411758697406793,0.473701949715366,0.330960858161092,1495.11676545955,1488.84360432637,1519.53025030742,12
"547",7,10684,106840407,4,"Canterbury-Bankstown Bulldogs","away",2019-04-07,17.3768977625231,78.0421690167419,51.5404675904451,1463.60161009875,1481.63871916759,955.520314904688,927.143373676518,0,2.22326439878665,2,44,84,-40,15,0.764164880716379,0.649674783710704,0.827982050107717,1438.69012471724,1471.73005228262,1409.8439650813,16
"548",8,10684,106840407,4,"Melbourne Storm","home",2019-04-07,22.9565607396457,75.6733595538869,48.2230257660445,1468.81662124869,1496.33320355377,855.360478134833,1004.81272989668,0,1.77251206478236,6,76,24,52,1,0.764164880716379,0.649674783710704,0.827982050107717,1642.92156322707,1579.01989696297,1682.82282681551,18
"549",12,10684,106840408,4,"Newcastle Knights","home",2019-04-07,14.0729617543335,73.449472055051,46.6044175393423,1562.44714471405,1445.57250721191,1055.392169918,792.554557432493,0,2.20813637356308,2,38,41,-3,10,0.268413104080206,0.367511672479643,0.21837522787151,1413.95783511021,1449.92896041014,1397.32056679013,12
"550",6,10684,106840408,4,"St George-Illawarra Dragons","away",2019-04-07,22.6413985461771,77.6254280217517,50.9998562888265,1436.79513116322,1531.43666490903,962.354545622607,908.833648624326,0,1.80383938641075,2,55,82,-27,11,0.268413104080206,0.367511672479643,0.21837522787151,1588.14271644436,1544.24151156356,1618.8385443521,12
"551",8,10684,106840501,5,"Brisbane Broncos","home",2019-04-11,18.6925424670336,74.9819855660447,50.1233792885779,1476.12864850933,1650.36490908613,932.367143498179,975.721475022453,0,1.24617490584462,2,69,93,-24,13,0.569993237169478,0.544860655391586,0.582891056257995,1525.64732711853,1516.91662284735,1529.41037565694,16
"552",NA,10684,106840501,5,"Wests Tigers","away",2019-04-11,19.6342599751462,74.7408227227767,50.9713126699561,1447.82702026844,1556.01058211456,896.323809705346,962.596290889134,0,1.35667174898034,4,70,43,27,6,0.569993237169478,0.544860655391586,0.582891056257995,1476.68956031565,1485.66019538469,1471.2752198668,22
"553",NA,10684,106840502,5,"Gold Coast Titans","home",2019-04-12,18.6267243513892,73.7647541620334,49.6908225149654,1455.84689045432,1518.79204063627,946.020643143185,918.246555426099,0,1.50401617353759,0,36,95,-59,16,0.379790307429804,0.444351697736209,0.326570348347387,1404.67952164616,1450.43919619631,1369.10556062321,30
"554",7,10684,106840503,5,"Melbourne Storm","away",2019-04-12,22.6591670952669,76.1129579806537,48.3896442200818,1485.68762397377,1503.39321134054,838.718849446743,996.903966102879,0,1.72616134089542,8,94,40,54,1,0.283709835645444,0.382653292949274,0.219607638149249,1648.58160608988,1582.52314912586,1689.7035448112,18
"555",5,10684,106840503,5,"North Queensland Cowboys","home",2019-04-12,18.1119535057194,75.7899736002265,52.1450103822032,1650.76197820026,1437.63872177622,946.323242415157,1001.19670482406,0,1.37548160560695,2,62,113,-51,15,0.283709835645444,0.382653292949274,0.219607638149249,1487.69576786019,1499.43367676093,1469.43731726578,12
"556",15,10684,106840502,5,"Penrith Panthers","away",2019-04-12,17.9548220528195,71.8042242902182,49.9141002311416,1460.51653665686,1489.4561475325,929.419419081192,973.110059183269,0,1.38865746539976,4,39,74,-35,11,0.379790307429804,0.444351697736209,0.326570348347387,1489.87739047901,1489.26845536346,1494.83175474936,24
"557",NA,10684,106840506,5,"Cronulla-Sutherland Sharks","home",2019-04-13,17.7592403991245,73.1904900475755,50.5653222566829,1501.06847402637,1500.98608314407,948.25032531455,900.406474475602,0,1.38875990318494,4,82,60,22,7,0.472501014536943,0.506681154023823,0.41269749790968,1534.94503725941,1526.52641975772,1527.08106204991,16
"558",6,10684,106840505,5,"Manly-Warringah Sea Eagles","away",2019-04-13,18.6343302977724,72.6693111003056,49.9040223744082,1451.03164980944,1399.27761052671,1049.31737258362,957.744025599829,0,2.09935739517513,4,83,70,13,8,0.477344353504919,0.471877578397578,0.506567312796459,1435.26946340144,1470.81594927302,1404.02185888904,26
"559",7,10684,106840505,5,"Newcastle Knights","home",2019-04-13,13.9485840490735,73.602503731748,46.8081524869817,1570.10031603121,1458.0181567792,1050.50863972292,804.341283986543,0,2.1956481911493,2,50,54,-4,12,0.477344353504919,0.471877578397578,0.506567312796459,1419.51592061229,1451.25384368534,1408.58555767527,18
"560",9,10684,106840504,5,"South Sydney Rabbitohs","home",2019-04-13,23.711281407045,77.716510425008,51.3839096880043,1456.46800718248,1494.44184247493,862.075027799843,1025.84175261203,0,1.23625225128754,6,100,67,33,4,0.475647004864146,0.476255731537866,0.504604948122433,1492.99897419732,1488.58062382353,1512.76868463387,28
"561",7,10684,106840506,5,"Sydney Roosters","away",2019-04-13,19.1375661157373,74.502033896175,48.6694449752536,1477.37775361345,1474.68332519912,968.248611755375,910.327713207155,0,2.17102734667137,6,110,66,44,2,0.472501014536943,0.506681154023823,0.41269749790968,1554.07259059779,1521.88360209709,1588.3730681372,30
"562",14,10684,106840504,5,"Warriors","away",2019-04-13,20.4158530960231,76.3740616394253,49.6751565595184,1525.15338564843,1395.18247089717,984.788134921445,920.332805945715,0,1.13761120441443,4,84,96,-12,9,0.475647004864146,0.476255731537866,0.504604948122433,1509.9345688823,1505.0922510553,1509.56874846219,24
"563",9,10684,106840508,5,"Canberra Raiders","home",2019-04-14,22.8204290985424,75.5684839386169,50.8207976902293,1483.46756233124,1440.62515078787,967.965101603091,953.532406667458,0,1.60213397213652,6,78,44,34,3,0.539084193060496,0.516051349578923,0.560660650240984,1515.84577844207,1505.81002012463,1528.83021800384,18
"564",13,10684,106840507,5,"Canterbury-Bankstown Bulldogs","away",2019-04-14,17.2942838967717,78.0996388757374,51.3880395350184,1472.62551349283,1497.74039601754,950.569096010406,906.194771255927,0,2.08986853485945,2,60,102,-42,14,0.702849739422277,0.605861540744304,0.764557696309843,1433.03008185443,1468.22680011973,1402.96324708561,4
"565",NA,10684,106840508,5,"Parramatta Eels","away",2019-04-14,17.0947846659322,72.3680147064416,48.4046715021522,1509.67105232926,1466.89284872467,926.05486739163,929.708136465947,0,1.94139823542121,6,98,72,26,5,0.539084193060496,0.516051349578923,0.560660650240984,1488.63178030127,1494.6525660967,1486.47022862282,0
"566",9,10684,106840507,5,"St George-Illawarra Dragons","home",2019-04-14,22.0029146334065,77.5279023404466,50.9398649114969,1449.76742329342,1540.95046501449,963.95327288525,912.743629706866,0,1.7556090232261,4,68,94,-26,10,0.702849739422277,0.605861540744304,0.764557696309843,1582.58463094228,1542.91662828835,1607.57355346696,40
"567",7,10684,106840601,6,"Cronulla-Sutherland Sharks","home",2019-04-18,17.653685975177,72.939060644721,50.3514029212819,1492.06436558479,1510.46691815543,944.935305795677,908.482086007066,0,1.36543430899384,4,98,90,8,9,0.569506246453608,0.554110474624974,0.561112359257102,1523.60501291053,1521.45960821748,1510.57316213353,24
"568",5,10684,106840601,6,"Penrith Panthers","away",2019-04-18,18.3175327296504,72.5359708328051,49.7392542172731,1448.60554445745,1477.72877868055,938.394253936321,985.103455632273,0,1.48533801747578,4,63,104,-41,11,0.569506246453608,0.554110474624974,0.561112359257102,1474.99235785732,1483.71197234082,1467.89456868326,20
"569",8,10684,106840602,6,"Canterbury-Bankstown Bulldogs","home",2019-04-19,16.4966268629654,77.6136605431931,51.1247571629173,1468.44798268326,1507.23597225648,954.194950249782,896.583084980571,0,1.96447642276788,2,64,142,-78,16,0.38729341979937,0.457601164514787,0.309945858312817,1425.89847560057,1464.28541552717,1393.545554938,6
"570",6,10684,106840603,6,"Melbourne Storm","home",2019-04-19,22.3796170695509,75.6261805018144,48.2462655668769,1472.50636653534,1518.06961866011,840.955718479938,993.789728136706,0,1.6825916604417,10,112,52,60,1,0.626669490219772,0.584659187775347,0.631543584903759,1655.39064214537,1586.34968205535,1698.48785033717,20
"571",8,10684,106840602,6,"South Sydney Rabbitohs","away",2019-04-19,23.9686045226223,77.6135197995075,51.5408751067241,1460.45992675154,1491.77533192644,853.670526131853,1032.81124745531,0,1.22207711621029,8,128,91,37,4,0.38729341979937,0.457601164514787,0.309945858312817,1505.58344608058,1493.81806650815,1532.58448670897,14
"572",14,10684,106840603,6,"Sydney Roosters","away",2019-04-19,19.789312148793,74.1119118624045,48.9292782767384,1488.27508839664,1467.26232568717,972.253695050052,909.288050414726,0,2.16076570587109,8,140,82,58,2,0.626669490219772,0.584659187775347,0.631543584903759,1565.41261494667,1526.95041363732,1604.88096805359,20
"573",NA,10684,106840605,6,"Manly-Warringah Sea Eagles","away",2019-04-20,19.076270479906,72.8691524342873,50.2097810319437,1457.92975082087,1417.4409538951,1031.7783302286,947.859384063839,0,1.97339595146462,6,109,88,21,6,0.694898129895119,0.601224509910482,0.752000247248207,1446.72572788556,1475.534725057,1424.2845514009,10
"574",8,10684,106840604,6,"North Queensland Cowboys","away",2019-04-20,17.7452362953762,75.8025751842129,52.256309759271,1656.59625950825,1427.34039846964,946.243847870248,993.684902534621,0,1.53295270927053,2,74,131,-57,15,0.523674969981911,0.506112576110739,0.541780519463391,1480.8867318047,1495.60714383143,1460.65301173981,16
"575",15,10684,106840605,6,"St George-Illawarra Dragons","home",2019-04-20,23.0827397554021,77.6162282000198,51.0634730168071,1462.14137789582,1532.67343711362,950.876076512135,918.639011924454,0,1.83027248183253,6,108,98,10,7,0.694898129895119,0.601224509910482,0.752000247248207,1589.71623719615,1546.85801288091,1616.99124561457,12
"576",NA,10684,106840604,6,"Warriors","home",2019-04-20,20.6309019102617,75.7516179410598,49.4546471659473,1520.64418250952,1402.85152264334,994.220846826158,908.432837588973,0,1.24935453214957,4,108,124,-16,10,0.523674969981911,0.506112576110739,0.541780519463391,1497.35009699904,1499.85480837068,1489.75294638708,10
"577",5,10684,106840607,6,"Brisbane Broncos","away",2019-04-21,18.5309899190115,74.6830664320821,50.2959765312632,1484.88092959877,1639.12301454096,929.945114888288,968.178186521105,0,1.35140441149394,2,85,115,-30,13,0.521487531734952,0.498822072084107,0.557750516335808,1511.96748942646,1511.46801629343,1506.09473340662,22
"578",9,10684,106840607,6,"Canberra Raiders","home",2019-04-21,22.5312033526298,75.2943749022999,51.1915498288156,1480.49950859136,1446.7676417406,942.047195506905,974.020462267411,0,1.56600593380833,8,97,44,53,3,0.521487531734952,0.498822072084107,0.557750516335808,1526.90775780862,1510.64950662885,1546.4037919942,26
"579",5,10684,106840606,6,"Gold Coast Titans","home",2019-04-21,19.3091208903058,74.3788689123114,49.8893731640675,1446.13607702706,1503.3845181981,959.639404554594,927.891762100533,0,1.47377520312534,2,66,119,-53,14,0.516550830343272,0.513611550129257,0.511107974593393,1419.56455426785,1455.99567921895,1396.04274668931,38
"580",7,10684,106840606,6,"Newcastle Knights","away",2019-04-21,14.1916690061291,73.3863535078431,46.6996633377628,1578.01429706934,1464.49706737245,1035.05812133954,801.500806947351,0,2.18390929968034,2,68,80,-12,12,0.516550830343272,0.513611550129257,0.511107974593393,1408.05965612817,1446.53506790136,1388.32286516341,14
"581",6,10684,106840608,6,"Parramatta Eels","home",2019-04-22,16.0690975859762,71.2059338240551,48.080391212023,1511.67078918951,1464.91927780119,948.191575348132,906.08564827799,0,2.06491434129594,6,98,91,7,8,0.481588227849648,0.498135314295618,0.46309032701472,1477.56980093472,1489.81307959249,1468.89665463246,50
"582",9,10684,106840608,6,"Wests Tigers","away",2019-04-22,19.7762043766374,75.1163733594101,50.7330339097588,1448.73739905233,1559.96994718769,893.544381123025,958.360513435786,0,1.33527144404152,6,92,59,33,5,0.481588227849648,0.498135314295618,0.46309032701472,1490.36939800772,1491.10880193861,1494.59086211712,6
"583",8,10684,106840702,7,"Melbourne Storm","home",2019-04-25,22.2368400453779,75.6486096717056,48.4114896328643,1472.23598454322,1523.22544154051,826.198375371142,1008.9223444485,0,1.64163616081519,10,132,73,59,1,0.724042423746698,0.627653951961275,0.785166964354275,1652.35057438009,1585.5030901776,1693.22610694102,12
"584",8,10684,106840701,7,"St George-Illawarra Dragons","away",2019-04-25,22.417775370078,77.9392545080186,50.6996646357987,1465.61289522207,1520.8730308868,941.103511921407,934.440671208987,0,2.02045613292258,8,120,108,12,6,0.458954018812222,0.466878738854593,0.475886873736612,1597.03868207866,1550.8457677818,1626.91123572464,10
"585",8,10684,106840701,7,"Sydney Roosters","home",2019-04-25,19.8019534198654,73.6251971506602,48.9335215801341,1495.21858309284,1467.30658614594,988.678473347049,890.430767389842,0,2.39111976351882,10,161,102,59,2,0.458954018812222,0.466878738854593,0.475886873736612,1568.45268271195,1527.79700551508,1610.14271144974,20
"586",NA,10684,106840702,7,"Warriors","away",2019-04-25,19.993047795646,75.4665208645962,49.1273683359905,1512.98553155895,1398.66043128474,1004.04759601659,912.426867333634,0,1.29439326022059,4,118,141,-23,10,0.724042423746698,0.627653951961275,0.785166964354275,1484.78189771947,1494.79368260958,1468.08172560855,12
"587",7,10684,106840703,7,"Canterbury-Bankstown Bulldogs","home",2019-04-26,15.8668292511875,77.0968409106015,50.7572717331422,1460.20110372226,1489.4018139211,980.583253234795,896.428099881737,0,2.08660783740181,2,70,156,-86,16,0.391170965214265,0.441327011717651,0.358376213279754,1416.60343352538,1459.70940388203,1381.14772060549,24
"588",7,10684,106840703,7,"North Queensland Cowboys","away",2019-04-26,17.6405221176536,76.5344206731601,52.4809311737148,1637.18048393775,1425.27997456146,947.969216998033,1003.54380838254,0,1.4409755467143,4,91,141,-50,13,0.391170965214265,0.441327011717651,0.358376213279754,1493.45493108426,1500.66826959254,1482.32423251834,12
"589",6,10684,106840704,7,"Penrith Panthers","home",2019-04-26,18.4184807658714,72.9238125828368,49.3348989642367,1445.26921179,1456.20505195972,962.550598700141,983.597248294337,0,1.45621773642723,4,83,128,-45,12,0.42822961941041,0.472481720279974,0.36706927477432,1464.66050777221,1479.25307708707,1450.33906305354,18
"590",NA,10684,106840704,7,"South Sydney Rabbitohs","away",2019-04-26,23.370488251265,77.7567086115371,51.7484226003206,1445.43233114644,1482.12881201085,856.090294563942,1054.48257260799,0,1.20875248923767,10,142,97,45,4,0.42822961941041,0.472481720279974,0.36706927477432,1514.87848815576,1498.3940781533,1544.98232104148,22
"591",8,10684,106840706,7,"Brisbane Broncos","home",2019-04-27,18.7391305238708,75.0620824461571,50.5182179393874,1479.30807382285,1635.4556336685,931.688407994991,963.367495329839,0,1.27032014680431,2,107,141,-34,14,0.452004529455873,0.472020806238035,0.443080501804389,1500.4831901881,1506.45623701427,1488.40475406005,28
"592",6,10684,106840706,7,"Cronulla-Sutherland Sharks","away",2019-04-27,18.0344648166664,73.1227170060377,50.750318746005,1469.6805036497,1503.4189030661,945.839187447937,934.433160846642,0,1.40350825045421,6,122,110,12,8,0.452004529455873,0.472020806238035,0.443080501804389,1533.93686299564,1525.91850347123,1528.12866776324,6
"593",7,10684,106840705,7,"Gold Coast Titans","away",2019-04-27,20.4305736368875,75.2561367775727,49.8960107742234,1448.94791240544,1501.68144710621,956.301040281318,935.038256374501,0,1.50534869093782,4,104,133,-29,11,0.566889925361911,0.536246046533996,0.582024319786476,1431.16733433961,1460.85956371766,1415.59842770558,14
"594",9,10684,106840705,7,"Wests Tigers","home",2019-04-27,18.9496321140391,75.6493909578455,50.2090518751732,1453.67315510919,1541.43175035643,923.331718255644,939.018882629639,0,1.31515515739903,6,98,110,-12,9,0.566889925361911,0.536246046533996,0.582024319786476,1477.92751547611,1486.09015508156,1473.11447519771,30
"595",5,10684,106840707,7,"Canberra Raiders","away",2019-04-28,22.739331151472,75.7567124081619,50.8800568390866,1486.34953807588,1443.48158323616,938.804363776491,973.119234531366,0,1.59204557777983,10,123,66,57,3,0.361277162620493,0.436853375572697,0.296940317506249,1538.39205704698,1515.661285908,1564.09377134077,20
"596",7,10684,106840707,7,"Manly-Warringah Sea Eagles","home",2019-04-28,18.5316942511117,73.23700328823,50.4971941700271,1450.61396577162,1423.5944966614,1040.79163041488,938.267821020008,0,1.97499219437674,6,119,100,19,7,0.361277162620493,0.436853375572697,0.296940317506249,1439.40328300304,1471.5469701561,1414.36456129083,24
"597",NA,10684,106840708,7,"Newcastle Knights","home",2019-04-28,14.1801688657614,73.1831722973725,46.897683537497,1571.83343924518,1466.2072433301,1035.77463405917,807.65075853051,0,2.17287474169952,2,82,118,-36,15,0.368526172529958,0.424087317476756,0.331807885332965,1396.45687605641,1441.67118340266,1368.76718414714,28
"598",7,10684,106840708,7,"Parramatta Eels","away",2019-04-28,18.1049517308177,71.1335777946118,48.6755677393017,1496.03054183814,1468.88412113312,929.460080827244,935.120509381311,0,1.94101948081818,8,149,97,52,5,0.368526172529958,0.424087317476756,0.331807885332965,1490.01168346633,1494.83172644953,1490.37304155188,14
"599",15,10684,106840801,8,"Brisbane Broncos","away",2019-05-02,19.2947826924386,75.2983574993877,50.9671248630241,1471.42958939348,1638.78829564839,900.327103515291,988.365445610049,0,1.19410093799605,4,136,147,-11,10,0.516573858818518,0.487601490085692,0.570029626027269,1513.63508148116,1511.73602895189,1510.68153398788,6
"600",8,10684,106840801,8,"South Sydney Rabbitohs","home",2019-05-02,23.2882589561891,77.5313060948448,51.4635172443014,1450.20639127766,1475.2210832902,880.804876890105,1034.95361825151,0,1.43622733988341,12,164,115,49,3,0.516573858818518,0.487601490085692,0.570029626027269,1525.15599902161,1503.1188953561,1559.66509203246,38
"601",6,10684,106840803,8,"Cronulla-Sutherland Sharks","home",2019-05-03,17.3123969276664,73.0553539856755,50.2252996212447,1482.95967343072,1494.09376888214,971.88883620106,902.907171195843,0,1.55929775542696,6,128,139,-11,9,0.325985244730815,0.40949799447631,0.266402812864001,1520.78497170258,1520.63871153361,1505.85188783542,20
"602",7,10684,106840802,8,"Gold Coast Titans","away",2019-05-03,20.0447392186742,75.4207685709184,49.72225012777,1447.63103766111,1493.78056027984,953.102977864439,952.195960992031,0,1.47502776948155,4,118,163,-45,13,0.582800342023723,0.555691304891608,0.582393741889042,1420.77269254829,1456.222024183,1398.87940049704,14
"603",9,10684,106840803,8,"Melbourne Storm","away",2019-05-03,21.6226296426552,75.9696930914032,48.7468002548925,1462.14182547063,1532.81191504807,829.306472848873,1005.80700378159,0,1.66313799116628,12,145,85,60,2,0.325985244730815,0.40949799447631,0.266402812864001,1646.97355621017,1584.22655065799,1681.81942836685,18
"604",NA,10684,106840802,8,"North Queensland Cowboys","home",2019-05-03,17.3020907905944,76.8623554327705,52.5120753032919,1629.60965490149,1417.16317608778,961.531063978151,993.671179879591,0,1.47451701391144,4,103,165,-62,15,0.582800342023723,0.555691304891608,0.582393741889042,1478.8430342494,1495.08153970972,1456.65928104953,28
"605",7,10684,106840804,8,"Canberra Raiders","home",2019-05-04,22.5749712823837,75.9513096636721,50.4072534287414,1494.60856579133,1446.81268824199,934.256101949901,964.292080459484,0,1.55652284311304,10,143,90,53,4,0.597570466481153,0.550913776058594,0.640482763564893,1523.06270894987,1510.02981966373,1535.97138404102,30
"606",72,10684,106840805,8,"Canterbury-Bankstown Bulldogs","away",2019-05-04,16.3548194961162,77.4510304559654,50.5318354291537,1449.98903749893,1490.69770508583,972.088258040707,913.082413888833,0,2.1414113671577,4,94,168,-74,16,0.533792523044411,0.517093344234638,0.551159745677085,1431.21533036024,1465.29613376485,1406.8126720743,10
"607",5,10684,106840805,8,"Manly-Warringah Sea Eagles","home",2019-05-04,18.859792596045,73.9427830909362,50.8873625198255,1453.51712782532,1435.61882686171,1027.90413258999,933.751751758808,0,1.97649266271414,8,143,120,23,6,0.533792523044411,0.517093344234638,0.551159745677085,1454.73263110015,1477.17843640037,1442.48694859058,18
"608",7,10684,106840804,8,"Penrith Panthers","away",2019-05-04,18.3933719199191,73.1083838278666,49.5548050263825,1440.5730590826,1460.33274884214,948.537562778133,1000.66141339668,0,1.4888446722416,4,101,150,-49,14,0.597570466481153,0.550913776058594,0.640482763564893,1454.38299690636,1474.52825988427,1435.65629206257,12
"609",NA,10684,106840806,8,"Sydney Roosters","home",2019-05-04,19.8138362146735,73.7676853216206,49.3575102853261,1477.44546810727,1474.12819097718,975.017764946226,916.864921346452,0,2.24765257770769,12,181,112,69,1,0.630885303004169,0.560718124128827,0.69279885698742,1581.43778626045,1533.12821812653,1631.10723650027,42
"610",6,10684,106840806,8,"Wests Tigers","away",2019-05-04,19.6126541871968,75.9704275003748,50.3765087626628,1448.65276580264,1534.56584533504,941.191815160305,936.857749671861,0,1.35624584795508,8,128,124,4,7,0.630885303004169,0.560718124128827,0.69279885698742,1488.32215726742,1490.72769461622,1489.83350240625,12
"611",8,10684,106840807,8,"Newcastle Knights","away",2019-05-05,15.0093587338157,73.3521819595302,47.2638225252472,1556.00343289047,1461.93480873029,1019.70815601562,843.851713018679,0,2.04250225719755,4,110,132,-22,11,0.611150523739857,0.569544713774482,0.618575342109093,1411.61224791569,1447.43031022789,1395.49486873383,36
"612",6,10684,106840808,8,"Parramatta Eels","home",2019-05-05,17.8586546269686,71.1255631269351,48.5750336749436,1489.96870932785,1459.23107386513,958.35247597761,925.093278818432,0,1.94455831196909,8,163,125,38,5,0.347830320289588,0.419480582244856,0.305943603093763,1474.85631160705,1489.0725996243,1463.64535696519,32
"613",8,10684,106840808,8,"St George-Illawarra Dragons","away",2019-05-05,21.6727088478733,77.2228992375375,50.2976847576508,1472.53612150874,1501.5606490336,964.497301206123,924.034230936448,0,2.01922876494723,8,130,128,2,8,0.347830320289588,0.419480582244856,0.305943603093763,1584.05357853016,1545.51455517035,1605.9467106741,18
"614",6,10684,106840807,8,"Warriors","home",2019-05-05,19.5134649279073,75.4985296127204,48.9397262358311,1523.18639966541,1392.98080540765,1001.22474025559,910.361255293616,0,1.39672966460736,4,130,154,-24,12,0.611150523739857,0.569544713774482,0.618575342109093,1490.15891588939,1496.07022212919,1479.48840418272,18
"615",6,10684,106840901,9,"Cronulla-Sutherland Sharks","away",2019-05-09,17.4736531120064,73.6520327465349,50.63178164397,1475.76209302488,1489.88814274921,963.435506028997,922.172740924093,0,1.58573989010134,8,148,157,-9,7,0.325969004149229,0.39403541507275,0.293000109978957,1536.96132582904,1526.54373158885,1535.19577532086,26
"616",7,10684,106840901,9,"Gold Coast Titans","home",2019-05-09,19.6820548655538,74.8555224566633,49.4389151201038,1457.49317540145,1485.93372666305,965.816799192573,938.084203332509,0,1.44652610331266,4,132,191,-59,14,0.325969004149229,0.39403541507275,0.293000109978957,1410.75990075686,1451.77893723191,1382.1751501726,18
"617",6,10684,106840903,9,"Brisbane Broncos","away",2019-05-10,18.4970957308923,74.8604560494244,50.4890973712427,1481.78381402987,1626.80099790949,908.707477304374,973.343518873446,0,1.30245488171629,4,142,185,-43,13,0.448218072177176,0.46465029399574,0.452591353237479,1502.03285409281,1506.61204385275,1493.48271902897,26
"618",NA,10684,106840903,9,"Manly-Warringah Sea Eagles","home",2019-05-10,18.8082050402823,74.3062161054801,51.1941207686359,1455.2261001558,1435.64169725001,1017.82988463459,939.76664665328,0,1.91790310295129,10,161,130,31,6,0.448218072177176,0.46465029399574,0.452591353237479,1465.92161054708,1482.00750295803,1460.4405587635,10
"619",6,10684,106840902,9,"Penrith Panthers","away",2019-05-10,18.0097696047239,72.4418807981946,49.4015167247995,1442.99867553764,1461.45278391161,955.225309011445,990.901728592876,0,1.5795139919071,4,113,180,-67,15,0.549827098161461,0.523436769295785,0.580278147663833,1444.72468810191,1470.03739764485,1421.27560260517,4
"620",7,10684,106840902,9,"Wests Tigers","home",2019-05-10,19.155894935965,76.1522018503523,49.9339182369031,1437.21359985448,1531.41189461494,963.980306250687,930.266284691549,0,1.27487109707778,8,140,166,-26,9,0.549827098161461,0.523436769295785,0.580278147663833,1479.46340453952,1486.33487585751,1477.54545668575,30
"621",7,10684,106840904,9,"Canterbury-Bankstown Bulldogs","home",2019-05-11,15.9735303263492,77.4239686286075,50.1399253034045,1449.14969524899,1490.17584278068,975.802962558265,909.897469055503,0,2.07292668512824,4,104,186,-82,16,0.491001448019953,0.510563422068202,0.454964630267816,1420.02635091331,1460.46706720719,1388.85906190138,10
"622",10,10684,106840906,9,"Melbourne Storm","home",2019-05-11,21.4052718640959,76.031511505919,48.4019922395989,1459.85331594239,1522.62320014519,852.988084477941,995.318583554698,0,1.7433497116963,12,163,105,58,4,0.691590879972398,0.617828337324267,0.716503128372287,1630.79720208371,1578.32153060275,1652.47554088141,64
"623",NA,10684,106840904,9,"Newcastle Knights","away",2019-05-11,16.2687972097868,74.4110510419584,47.5479931737324,1543.22322691704,1472.49872020648,987.385666654681,874.520610237558,0,1.9799521217657,6,146,150,-4,10,0.491001448019953,0.510563422068202,0.454964630267816,1426.27986048544,1453.12575736563,1420.23788241819,22
"624",7,10684,106840906,9,"Parramatta Eels","away",2019-05-11,18.7071353493505,71.598029339319,48.8405316544469,1481.27058676818,1464.97720943323,941.831327418953,943.387682089326,0,1.94788481325095,10,195,143,52,5,0.691590879972398,0.617828337324267,0.716503128372287,1490.5083839201,1494.87779380185,1491.40761284144,10
"625",7,10684,106840905,9,"St George-Illawarra Dragons","away",2019-05-11,21.4523463170009,77.1495252832852,50.0998236721917,1477.48395421822,1492.16701009158,980.427463133756,909.572177080261,0,2.07807503905039,8,148,160,-12,8,0.369390113670222,0.429475184088108,0.329472378936589,1568.40150621711,1539.7093609928,1578.18445479786,18
"626",5,10684,106840905,9,"Warriors","home",2019-05-11,19.4226570322328,75.4086178359572,48.8833426616812,1530.07521568549,1389.98195708319,1022.45125584026,884.599579975999,0,1.43292588473092,4,148,190,-42,12,0.369390113670222,0.429475184088108,0.329472378936589,1475.49130331963,1490.37477499144,1454.74539049836,26
"627",6,10684,106840907,9,"Canberra Raiders","away",2019-05-12,23.0204730054407,76.1942310838518,50.5628182230169,1493.67205184385,1448.86392694747,928.480735832907,970.034555631915,0,1.58313147252626,12,173,102,71,3,0.58210760365819,0.533051902512466,0.630788218195209,1532.72101775432,1514.52068190315,1550.35207349842,24
"628",NA,10684,106840908,9,"North Queensland Cowboys","away",2019-05-12,17.9439653431587,76.8106141068043,52.6613507850944,1613.6130756074,1428.85338552251,946.859200139462,1003.95090908682,0,1.62604599307675,6,131,179,-48,11,0.568503576547703,0.512543943042981,0.644693921990713,1488.85582604083,1499.5246266608,1473.36353137397,16
"629",6,10684,106840908,9,"South Sydney Rabbitohs","home",2019-05-12,24.1709634188177,77.6194277291541,51.7957062096433,1449.534007801,1485.34781829279,872.236584276699,1035.25640115642,0,1.41005369949041,14,202,121,81,2,0.568503576547703,0.512543943042981,0.644693921990713,1536.75822640997,1508.24288045524,1576.86390699137,32
"630",6,10684,106840907,9,"Sydney Roosters","home",2019-05-12,21.1450060417931,73.1816242023234,49.8160596682065,1477.71874002083,1461.16049951855,966.136699049452,941.113026065665,0,2.17279342304523,14,223,124,99,1,0.58210760365819,0.533051902512466,0.630788218195209,1590.29653898835,1537.52103688524,1643.39528222077,30
"631",NA,10685,106850101,1,"South Sydney Rabbitohs","away",2019-09-13,24.6407056136887,77.7022620654049,51.7479638370647,1456.10196733294,1489.76694919522,872.402389220097,1025.46101708704,0,1.44545047752098,16,234,137,97,2,0.575984767640759,0.541742137599167,0.595364530719653,1547.11414057282,1513.11744102481,1591.07615011174,6
"632",6,10685,106850101,1,"Sydney Roosters","home",2019-09-13,21.6763056792855,73.230726750184,49.9470960881141,1468.67561561958,1472.91086954744,969.488497106485,933.846244501725,0,2.10242581766252,16,253,148,105,1,0.575984767640759,0.541742137599167,0.595364530719653,1600.32595650056,1542.19051786012,1658.16375349297,30
"633",6,10685,106850102,1,"Canberra Raiders","away",2019-09-14,23.0792446251143,76.6625772188207,50.4090491296359,1503.47172873322,1441.55209133063,921.971891682933,973.152482294,0,1.54814358417468,12,197,132,65,4,0.660363421450834,0.602560767352047,0.676593730213979,1522.69160024212,1509.85120092827,1535.58360222623,12
"634",6,10685,106850103,1,"Cronulla-Sutherland Sharks","away",2019-09-14,17.9852339252861,74.2129107817428,51.1938747453318,1486.03636744338,1496.01485418426,956.569375667257,912.802376468647,0,1.49059549669526,10,174,175,-1,7,0.373812533098329,0.424139981192183,0.353885253316902,1544.78458192862,1530.48408573957,1546.91577972002,16
"635",9,10685,106850103,1,"Manly-Warringah Sea Eagles","home",2019-09-14,18.2797127378653,74.2278431391513,51.0624735225178,1467.93253414646,1440.88319541501,1014.54009155652,922.800647854083,0,1.98282891677421,10,171,156,15,5,0.373812533098329,0.424139981192183,0.353885253316902,1455.16437681483,1477.36100001807,1442.336904634,28
"636",5,10685,106850102,1,"Melbourne Storm","home",2019-09-14,23.9609555522501,76.3896208155639,48.677872705223,1453.44211698585,1517.78580813648,838.648799409264,1019.89946854142,0,1.63874872899453,14,227,115,112,3,0.660363421450834,0.602560767352047,0.676593730213979,1638.19902096437,1582.14324722951,1663.81541574652,10
"637",6,10685,106850104,1,"Brisbane Broncos","away",2019-09-15,18.9472699870387,75.468828686459,50.5197515289681,1484.25678518808,1629.21293803492,893.605028666111,972.722907741039,0,1.28430758881331,6,168,195,-27,11,0.457385611732483,0.470959032073372,0.45476506039443,1512.79008782506,1511.2585467927,1511.58637315847,0
"638",8,10685,106850104,1,"Parramatta Eels","home",2019-09-15,18.1847072283895,71.5621475789599,48.7300997551801,1478.91435156209,1458.25857686723,969.621447773816,923.624421163967,0,1.95101172445589,10,205,207,-2,8,0.457385611732483,0.470959032073372,0.45476506039443,1483.10656503944,1491.05607717509,1480.06773797634,58
"639",8,10685,106850201,2,"Manly-Warringah Sea Eagles","away",2019-09-20,18.8629299735934,74.5141725508022,51.3587251111667,1469.67658209767,1450.85020369011,996.027686063125,930.672608982838,0,2.04385918176776,NA,NA,NA,NA,NA,0.594889191265593,0.536510402401393,0.648913716679339,1470.19287602047,1483.11960020615,1468.18149450132,26
"640",6,10685,106850201,2,"South Sydney Rabbitohs","home",2019-09-20,23.5222632768673,77.1801263414806,51.3430860068408,1454.29584929296,1488.04093224351,897.458245866891,1002.81335606182,0,1.53872344886972,NA,NA,NA,NA,NA,0.594889191265593,0.536510402401393,0.648913716679339,1536.9377749962,1508.5348624008,1574.89073134052,34
"641",6,10685,106850202,2,"Melbourne Storm","home",2019-09-21,23.1232982191151,76.06624356663,48.5772003429096,1466.0755899667,1514.37865964829,838.429871444709,1016.78550042893,0,1.72042380525485,NA,NA,NA,NA,NA,0.674055738609914,0.612824297896756,0.684903758934711,1622.35029884955,1576.11763955599,1636.75166653796,32
"642",NA,10685,106850202,2,"Parramatta Eels","away",2019-09-21,20.5736247946861,72.3084187242223,49.6462937698693,1473.81949046836,1442.8830622552,934.304160907387,979.746955894129,0,1.89395102098854,NA,NA,NA,NA,NA,0.674055738609914,0.612824297896756,0.684903758934711,1496.12931035786,1496.34648685436,1501.87713556056,0
"643",6,10685,106850301,3,"Canberra Raiders","home",2019-09-27,22.4144899476074,76.6828225856915,50.5645061818578,1500.92342500923,1454.89896585079,924.733578181957,964.86333335636,0,1.5152549691242,NA,NA,NA,NA,NA,0.488316346644442,0.503895679601489,0.462242227941064,1538.54032235694,1515.87680860179,1562.64735143479,16
"644",NA,10685,106850301,3,"South Sydney Rabbitohs","away",2019-09-27,24.1509274802553,77.1093187609918,51.3825008464304,1442.93809833538,1463.0784763089,922.750751114878,1014.04455469811,0,1.44640004193754,NA,NA,NA,NA,NA,0.488316346644442,0.503895679601489,0.462242227941064,1546.66043440583,1513.16975837679,1588.93418267335,10
"645",9,10685,106850302,3,"Melbourne Storm","away",2019-09-28,23.6559003259682,76.4822689526323,48.902568322335,1470.27105456869,1503.19594006939,839.784079158026,1022.3783704032,0,1.73719837693956,NA,NA,NA,NA,NA,0.471721883047856,0.452343010743882,0.535906844410816,1630.17296112292,1579.98939657702,1649.35551618057,6
"646",6,10685,106850302,3,"Sydney Roosters","home",2019-09-28,22.1757273385284,73.0368831451729,50.2502703228273,1468.21507868241,1470.09621737459,950.199187280096,955.215469831621,0,1.97628026860277,NA,NA,NA,NA,NA,0.471721883047856,0.452343010743882,0.535906844410816,1610.50232207718,1546.77309648413,1674.34917226418,14
"647",7,10685,106850401,4,"Canberra Raiders","away",2019-10-06,22.029620550751,76.52185323055,50.2906358109463,1503.92801950867,1440.92502789974,934.28956349104,965.291533354979,0,1.78433967097675,NA,NA,NA,NA,NA,0.602654810027051,0.545082466378766,0.651592243279952,1550.82073003747,1520.83785180578,1584.15766231714,8
"648",6,10685,106850401,4,"Sydney Roosters","home",2019-10-06,21.6851836982167,72.9746701564626,50.2352541034576,1461.72217396146,1467.57044433212,953.06723604329,959.102541641724,0,1.9177034524866,NA,NA,NA,NA,NA,0.602654810027051,0.545082466378766,0.651592243279952,1623.18099688403,1552.24966637669,1692.91289848775,14
"649",9,11095,110950101,1,"Canterbury-Bankstown Bulldogs","away",2020-03-12,15.6151185067683,77.218530510891,50.2515297852002,1448.36071353405,1480.32529221384,985.114784804769,912.243620912173,0,2.06855108402054,4,114,208,-94,16,0.613224657423149,0.553208101613145,0.66436115990046,1408.24231616083,1455.36143298651,1370.66047669067,2
"650",8,11095,110950101,1,"Parramatta Eels","home",2020-03-12,19.3392073070049,71.0899136007689,49.4275161436772,1465.07032104026,1448.47007851989,944.845911252944,972.622138540481,0,1.96031395972922,NA,NA,NA,NA,NA,0.613224657423149,0.553208101613145,0.66436115990046,1488.30664808449,1492.47472983333,1489.27328591795,8
"651",6,11095,110950103,1,"Brisbane Broncos","away",2020-03-13,17.8104337878164,75.4406989652714,49.6485664372301,1467.32137807679,1615.10016175282,951.528726946145,937.219533276577,0,1.44724913348451,NA,NA,NA,NA,NA,0.469431876897681,0.48371774564457,0.456039891360619,1499.76734250664,1505.96813711344,1489.77697557424,28
"652",NA,11095,110950102,1,"Canberra Raiders","home",2020-03-13,21.1878433177059,76.490542036717,50.3331976622895,1503.09233833815,1444.64952622576,929.712189681577,968.57404135368,0,1.79727929071814,NA,NA,NA,NA,NA,0.689202586153973,0.597252561167296,0.759501185302952,1541.28444547812,1516.28867646956,1570.22135204834,24
"653",5,11095,110950102,1,"Gold Coast Titans","away",2020-03-13,19.5811315736206,74.9241911092635,48.8725802128976,1465.56358487736,1495.59770306327,953.827791241018,932.739151132559,0,1.5397345371139,4,150,217,-67,14,0.689202586153973,0.597252561167296,0.759501185302952,1402.93664465728,1447.83858308119,1370.45514577344,6
"654",6,11095,110950103,1,"North Queensland Cowboys","home",2020-03-13,17.8273274225692,76.581977260396,52.4416697379887,1610.33629107095,1436.66218239116,942.367648131094,996.213854541606,0,1.64848323349215,6,147,211,-64,13,0.469431876897681,0.48371774564457,0.456039891360619,1478.49991187798,1494.65006609123,1459.1512882536,20
"655",9,11095,110950105,1,"Cronulla-Sutherland Sharks","away",2020-03-14,17.8661198897689,74.0201361348383,50.7622422606119,1493.29418539678,1496.0739629332,962.415213127221,900.394233880528,0,1.58115976689354,NA,NA,NA,NA,NA,0.506653997476148,0.476248346651433,0.566313892273277,1529.75608272298,1524.7254855515,1521.07118985269,18
"656",7,11095,110950104,1,"Newcastle Knights","home",2020-03-14,16.6126693771995,74.6863879794409,47.5751135833084,1530.18983330202,1470.30879699409,985.0825266554,889.909373623305,0,2.04115499445975,8,168,160,8,9,0.424928990242302,0.445745887661445,0.438247781878832,1438.06389523792,1458.23139158632,1438.4364676289,20
"657",10,11095,110950106,1,"Penrith Panthers","home",2020-03-14,17.1691834284405,72.1153679503029,49.1374257213116,1447.91875500539,1457.34561687691,963.011790470758,980.287624877303,0,1.48474315239267,4,117,210,-93,15,0.241519652469486,0.371246691726125,0.14924456708371,1433.92053845778,1465.27176533781,1404.48672851172,20
"658",6,11095,110950105,1,"South Sydney Rabbitohs","home",2020-03-14,23.30187183144,77.1027596353323,51.5395507956445,1429.68181243526,1468.35376773036,925.705706047985,1018.24188141622,0,1.35961603942129,NA,NA,NA,NA,NA,0.506653997476148,0.476248346651433,0.566313892273277,1534.38002672529,1508.2087151728,1567.42387179099,22
"659",6,11095,110950106,1,"Sydney Roosters","away",2020-03-14,21.2240726763237,73.2761899470748,50.1611388572502,1464.19884352378,1468.91621767219,957.083201880693,953.036389143221,0,1.9226412453374,NA,NA,NA,NA,NA,0.241519652469486,0.371246691726125,0.14924456708371,1632.71728144338,1556.7988417129,1706.84920875655,14
"660",7,11095,110950104,1,"Warriors","away",2020-03-14,19.8172976102989,76.1641007657998,49.1303421019803,1525.27070274436,1388.6030396582,1019.96418048984,895.723605177439,0,1.46695033164706,6,174,208,-34,12,0.424928990242302,0.445745887661445,0.438247781878832,1490.62594059155,1496.08002315056,1481.56649534089,0
"661",NA,11095,110950107,1,"Manly-Warringah Sea Eagles","home",2020-03-15,19.2911541751778,74.9033221977541,51.1572016044967,1445.81598717181,1439.6991914687,1007.66602489934,953.972252443868,0,1.9212276308617,NA,NA,NA,NA,NA,0.288249048387597,0.365219133463269,0.265631544148577,1460.47021661085,1478.48470423016,1454.13804316849,4
"662",7,11095,110950107,1,"Melbourne Storm","away",2020-03-15,22.5965463064101,76.6333328154743,48.9684142229949,1467.73479129457,1494.60418366523,850.597034408545,1020.915668179,0,1.63296647432319,NA,NA,NA,NA,NA,0.288249048387597,0.365219133463269,0.265631544148577,1617.49428631607,1574.51282668446,1630.79178995701,18
"663",9,11095,110950108,1,"St George-Illawarra Dragons","home",2020-03-15,21.2452055379809,76.9005537662881,49.9138342518602,1470.85491696513,1489.63698948608,985.80181534573,913.857846455445,0,2.01339053670737,8,166,186,-20,10,0.589682548728733,0.561431313672507,0.581342135593751,1553.26686894519,1534.00411283368,1551.36334995532,14
"664",11,11095,110950108,1,"Wests Tigers","away",2020-03-15,19.8065412398071,76.6230697393311,50.2378831426889,1434.56078386321,1531.02718093804,954.981487875646,939.550307610056,0,1.31837883125311,10,170,170,0,6,0.589682548728733,0.561431313672507,0.581342135593751,1490.26755418365,1491.10050816455,1494.33433077919,24
"665",6,11095,110950201,2,"Canterbury-Bankstown Bulldogs","home",2020-03-19,14.7982113963622,76.5454186802376,50.3564379980882,1446.35907072201,1485.82577468101,985.407897716483,907.429003657443,0,2.00443801897931,0,2,8,-6,11,0.402991517332181,0.444223621276459,0.381857693246028,1398.95970793898,1450.89351400264,1357.23492308669,16
"666",7,11095,110950201,2,"North Queensland Cowboys","away",2020-03-19,17.9576877772151,76.3070586247722,52.2951695537094,1587.0961136067,1444.12245144769,943.005589243229,1000.52102326911,0,1.54957423948262,0,21,28,-7,12,0.402991517332181,0.444223621276459,0.381857693246028,1467.23354683243,1489.81288863478,1440.90969259917,24
"667",NA,11095,110950203,2,"Brisbane Broncos","home",2020-03-20,18.4218077605474,75.7742570273551,49.6696524509962,1472.94209539218,1591.57415204765,958.517003329376,938.166361279982,0,1.42041418547544,2,28,21,7,5,0.449534795869814,0.496199487925962,0.391306357351895,1511.03370755218,1510.80531456988,1508.01857122867,22
"668",7,11095,110950202,2,"Penrith Panthers","away",2020-03-20,17.3390324227341,72.7084458732847,49.3691801780329,1454.16362970506,1458.6448798643,953.471083042513,980.090367384665,0,1.45565856324911,2,20,14,6,7,0.622637239871965,0.581063980671974,0.626150429490186,1452.12406679852,1471.55929842055,1438.51694582837,32
"669",7,11095,110950203,2,"South Sydney Rabbitohs","away",2020-03-20,23.2237595215536,76.9165940572123,51.3871777479059,1436.36090368914,1463.29254166654,923.443363685106,1021.40736853125,0,1.39803907705601,2,22,18,4,8,0.449534795869814,0.496199487925962,0.391306357351895,1546.22033078586,1513.44623170629,1584.77131610006,18
"670",7,11095,110950202,2,"St George-Illawarra Dragons","home",2020-03-20,20.810493205702,76.0665205403108,49.4390041967486,1458.50362194722,1477.47877011692,1015.39370642499,906.366375668119,0,2.13258710450493,0,14,24,-10,13,0.622637239871965,0.581063980671974,0.626150429490186,1539.1144877757,1528.38979969696,1528.10966453157,28
"671",6,11095,110950204,2,"Canberra Raiders","away",2020-03-21,21.3565727186435,76.401109514514,50.6132058025522,1488.44679803786,1440.71055465221,932.969458300683,982.099598872459,0,1.74944253327506,2,24,6,18,2,0.397953135710476,0.457249683366832,0.332907619424442,1548.74358341043,1520.31615085789,1579.84130463623,20
"672",9,11095,110950206,2,"Cronulla-Sutherland Sharks","home",2020-03-21,17.8741526963828,73.658927966748,50.7765077249752,1486.73653427297,1498.76952515721,968.930300339588,899.650579847697,0,1.66629018087993,0,18,22,-4,9,0.351365350891472,0.416350726478539,0.311605011900232,1517.91577866241,1519.48796901801,1503.72374554362,10
"673",6,11095,110950205,2,"Manly-Warringah Sea Eagles","away",2020-03-21,18.3736849246672,74.3091228658888,51.0277695082269,1450.6870279415,1447.69723998058,1009.90606340538,936.333917297235,0,2.10595397300999,0,4,18,-14,14,0.716378682643876,0.607220157974803,0.789180484071719,1453.55223944954,1474.83251289553,1443.51278140255,8
"674",8,11095,110950206,2,"Melbourne Storm","away",2020-03-21,22.3207535280255,76.4153328465459,49.0903093696152,1474.0507038169,1496.54793264532,839.161212344032,1022.36072808826,0,1.5349884858638,2,18,4,14,3,0.351365350891472,0.416350726478539,0.311605011900232,1624.41226347737,1578.16501801909,1641.41705172295,12
"675",6,11095,110950205,2,"Sydney Roosters","home",2020-03-21,20.7906283157443,72.8396185502503,49.9714705258152,1465.08691291235,1473.90124461186,958.278209767851,944.094205794627,0,1.92728277061716,0,14,20,-6,10,0.716378682643876,0.607220157974803,0.789180484071719,1614.51375310265,1550.51130863016,1672.8189914399,8
"676",7,11095,110950204,2,"Warriors","home",2020-03-21,18.6282597536809,76.6942547198518,49.1825215758615,1522.3144605797,1393.06685727871,1030.46632966045,883.800188866793,0,1.43893331174824,0,0,20,-20,16,0.397953135710476,0.457249683366832,0.332907619424442,1476.82423635736,1490.53748202718,1459.09640661605,6
"677",5,11095,110950208,2,"Gold Coast Titans","home",2020-03-22,18.7662636792033,74.6287396427077,48.6402254001237,1460.36976978472,1481.40184087947,968.238123766557,935.814802064605,0,1.50735046488706,0,6,24,-18,15,0.357139225900893,0.424128094441027,0.306478891539687,1395.47750672498,1443.81110869286,1360.83519318556,6
"678",NA,11095,110950207,2,"Newcastle Knights","away",2020-03-22,16.8159092145676,75.0652047006744,47.7206067683099,1526.15844330389,1470.65026917444,967.797575056076,908.214811205906,0,1.97868569479217,2,20,0,20,1,0.575060165005091,0.547264211384581,0.580855116218488,1451.86559947211,1463.7739327097,1460.90655635375,42
"679",7,11095,110950208,2,"Parramatta Eels","away",2020-03-22,18.6588548685846,71.0245187847228,49.3418651750565,1471.48610177784,1446.46187380869,938.075156577767,973.664810228052,0,2.02269512214547,2,8,2,6,6,0.357139225900893,0.424128094441027,0.306478891539687,1497.58925630634,1496.9426488172,1502.69883952193,46
"680",6,11095,110950207,2,"Wests Tigers","home",2020-03-22,20.0581487654187,76.4056855549713,50.7036101541276,1425.70713683142,1515.06555008176,945.022598603107,971.917289153453,0,1.35927610137793,2,24,14,10,4,0.575060165005091,0.547264211384581,0.580855116218488,1504.41993535314,1496.71482130128,1517.58801620294,24
"681",11,11095,110950301,3,"Brisbane Broncos","home",2020-05-28,18.6364992949146,76.2678016057138,49.9294733039365,1468.98556966865,1581.9397029248,960.465983129613,940.496379603183,0,1.39518933434691,4,50,39,11,5,0.526001885498999,0.521084047747728,0.525031644798594,1524.24487245131,1515.84331969062,1532.36631693459,6
"682",6,11095,110950301,3,"Parramatta Eels","away",2020-05-28,20.2993235764696,71.9830476576394,50.2813532645532,1446.73693567117,1460.11416138017,897.990647183101,1024.02492161437,0,1.90133341481674,4,54,8,46,1,0.526001885498999,0.521084047747728,0.525031644798594,1506.16059772796,1501.18392976161,1514.95799518352,34
"683",7,11095,110950302,3,"Gold Coast Titans","away",2020-05-29,18.0002878584511,73.5110152641452,47.8218118761163,1473.18758359764,1456.0577304267,1018.92383634056,895.865913940729,0,1.47690943699384,0,12,70,-58,16,0.62669797459714,0.578054958218582,0.650091453851763,1386.90616530335,1439.56982774845,1348.57603752397,6
"684",7,11095,110950302,3,"North Queensland Cowboys","home",2020-05-29,18.3202265105822,76.5886351072859,52.5774593804868,1582.29034679029,1443.27510436083,925.065253888635,1018.48976187296,0,1.45659978511366,2,45,44,1,7,0.62669797459714,0.578054958218582,0.650091453851763,1476.90534324841,1494.25512484755,1456.18400032902,36
"685",8,11095,110950303,3,"South Sydney Rabbitohs","away",2020-05-29,22.9103339502604,76.3215984137796,51.0639470830315,1436.0392494678,1459.91498916655,926.656761864,1019.58292641937,0,1.49415673243265,2,40,40,0,8,0.608088480339011,0.558775196259952,0.641162612784551,1533.00916588674,1508.40822658555,1560.42357039414,12
"686",6,11095,110950303,3,"Sydney Roosters","home",2020-05-29,20.0231906167996,72.6692414372353,49.7931822942662,1456.14169813761,1482.78716993515,937.38151718178,963.22855344695,0,1.81164580438013,0,22,29,-7,12,0.608088480339011,0.558775196259952,0.641162612784551,1609.3206647192,1549.43910705041,1661.25177207703,28
"687",6,11095,110950306,3,"Canberra Raiders","away",2020-05-30,21.2751783555249,75.8370429436431,50.336413454399,1489.61999015559,1444.80792137308,923.971290802642,988.753622940112,0,1.70447598127855,4,44,12,32,3,0.605670103985922,0.581917648670237,0.586509272161908,1558.29445866748,1524.88864769156,1593.1576094132,22
"688",7,11095,110950305,3,"Cronulla-Sutherland Sharks","home",2020-05-30,17.4017035345998,73.1393922887431,50.7299172614767,1488.4323422166,1489.90335364778,956.274482319213,919.051545056835,0,1.56631277002714,0,28,34,-6,11,0.527121577750656,0.53460179368554,0.49554711030087,1509.48301024101,1515.32446175322,1491.25954506761,16
"689",NA,11095,110950306,3,"Melbourne Storm","home",2020-05-30,21.701508316344,75.9704128757531,49.1448908074383,1466.66766158788,1497.6550566866,862.19153960339,1006.49908440297,0,1.50288917671197,4,30,14,16,4,0.605670103985922,0.581917648670237,0.586509272161908,1632.84503189876,1582.32852528387,1653.88125219896,6
"690",9,11095,110950304,3,"St George-Illawarra Dragons","away",2020-05-30,21.2418636133599,76.5425293078922,49.1726639449437,1445.75340463039,1468.7500439099,1032.17008403949,907.964393128031,0,2.12463187823463,0,42,56,-14,13,0.418841671282164,0.447502166735096,0.418301308490838,1524.17119401877,1522.57915989024,1503.06364735196,0
"691",NA,11095,110950304,3,"Warriors","home",2020-05-30,17.8705641684601,76.1125994366607,49.4715702813098,1521.51559294491,1399.96284584199,1034.21834988082,877.752177534785,0,1.47259731304334,0,6,40,-34,15,0.418841671282164,0.447502166735096,0.418301308490838,1467.27336110031,1485.96498519351,1445.78010183907,18
"692",7,11095,110950305,3,"Wests Tigers","away",2020-05-30,20.2946598394935,76.381344421673,50.3013935448799,1420.50470862154,1509.42161707685,966.081242686921,958.362251804246,0,1.45771953529525,2,48,56,-8,9,0.527121577750656,0.53460179368554,0.49554711030087,1490.61849139301,1491.24217918743,1494.3538115542,28
"693",6,11095,110950308,3,"Canterbury-Bankstown Bulldogs","away",2020-05-31,14.8703187125805,75.9726935594233,49.9150517182029,1445.37752647869,1487.09622820015,1004.28342385349,891.623263437996,0,1.94417173784055,0,18,32,-14,14,0.598646581675301,0.54228565448688,0.657273513834556,1389.28791152301,1446.45127778988,1341.96061535685,6
"694",9,11095,110950308,3,"Manly-Warringah Sea Eagles","home",2020-05-31,17.7512638291871,75.0105754939355,51.1461033377333,1460.96580626501,1439.79540558175,1025.09169960105,916.753882259401,0,2.09959673462939,2,13,26,-13,10,0.598646581675301,0.54228565448688,0.657273513834556,1458.745327833,1475.90471447528,1455.08000076542,32
"695",6,11095,110950307,3,"Newcastle Knights","away",2020-05-31,18.3269546616935,75.5412924186339,48.2173703622113,1519.84893670566,1462.75125302398,954.489720552711,931.481922533552,0,1.91996455310464,4,62,24,38,2,0.502015207421412,0.511688329875348,0.470420747275449,1465.66704343223,1469.24657482355,1484.14076100249,14
"696",6,11095,110950307,3,"Penrith Panthers","home",2020-05-31,18.21869047737,73.0859391208876,49.7070293673509,1446.83381192276,1445.88618707244,952.242818059962,998.984945341585,0,1.36831904945417,4,52,42,10,6,0.502015207421412,0.511688329875348,0.470420747275449,1467.06736055544,1477.36993822727,1463.56296300798,14
"697",7,11095,110950401,4,"Brisbane Broncos","home",2020-06-04,17.8783093372197,75.291733509371,49.2737049057003,1486.98643548853,1554.16332074931,992.598024141837,910.106596826992,0,1.6114779742861,4,56,73,-17,9,0.350566494524791,0.43812187340911,0.279802257739348,1511.62082719933,1510.63247921315,1511.36505114265,0
"698",8,11095,110950401,4,"Sydney Roosters","away",2020-06-04,20.5017991797916,73.1090869510012,49.7455913566103,1457.63319624935,1493.29993973904,934.358626150873,954.214840240133,0,1.88294705611732,2,50,41,9,10,0.350566494524791,0.43812187340911,0.279802257739348,1618.72654119106,1553.85135508781,1675.60526756565,58
"699",NA,11095,110950403,4,"Melbourne Storm","home",2020-06-05,20.7594178173633,75.5521881032079,49.136197358992,1444.72760189261,1500.1357532854,865.600047227187,1023.86913933879,0,1.53271582610925,4,36,36,0,8,0.633014177404307,0.602865836921901,0.61906046160954,1618.3089494031,1576.50934879717,1630.42088131248,22
"700",NA,11095,110950402,4,"Penrith Panthers","home",2020-06-05,17.9655690487278,73.1407827736344,50.0246076053099,1465.44378320739,1469.77301584809,936.148248976364,1016.38584862109,0,1.34621990648692,5,66,56,10,4,0.479572817277671,0.479522901471793,0.493809361029091,1467.01899557733,1477.25305492852,1464.74613311696,26
"701",6,11095,110950403,4,"South Sydney Rabbitohs","away",2020-06-05,22.2557139132447,77.0223025089528,51.0601102580496,1449.35689449973,1461.18008981656,919.83735615216,1011.62795083421,0,1.52450732848669,2,52,68,-16,11,0.633014177404307,0.602865836921901,0.61906046160954,1523.60328941488,1503.99597854815,1546.07007490552,8
"702",6,11095,110950402,4,"Warriors","away",2020-06-05,17.8783303183525,77.005843470461,49.8632760644312,1510.14465736822,1406.20507509147,1019.26524888798,897.507046882698,0,1.44424147426074,2,24,40,-16,12,0.479572817277671,0.479522901471793,0.493809361029091,1481.22116098954,1491.48996352616,1469.04804949943,0
"703",6,11095,110950405,4,"Cronulla-Sutherland Sharks","away",2020-06-06,17.3176013225238,73.4310287514185,50.7461222257881,1482.7664016836,1495.60915242891,964.11801338006,908.608452353425,0,1.65233400382551,0,44,62,-18,13,0.484221738538256,0.483450649730552,0.49819058115461,1496.832092375,1509.97844381637,1471.43766065558,26
"704",8,11095,110950404,4,"Manly-Warringah Sea Eagles","away",2020-06-06,18.6061879994359,74.9499409642994,51.4373371374693,1467.56785788911,1435.96768124684,1004.74619762499,933.028649323837,0,2.09362093055163,4,45,32,13,6,0.572036540952557,0.537222684821338,0.595479068612083,1468.37780987279,1480.48185793041,1468.78906021204,16
"705",6,11095,110950405,4,"North Queensland Cowboys","home",2020-06-06,19.3810129199472,76.8533170008487,53.3228118176576,1567.03292598288,1445.95859809918,903.821338655317,1043.42037616059,0,1.36920379800684,4,81,50,31,5,0.484221738538256,0.483450649730552,0.49819058115461,1485.86459185808,1498.47457526536,1470.18034217494,16
"706",6,11095,110950404,4,"Parramatta Eels","home",2020-06-06,21.1213641618814,72.0440647981811,50.92447206868,1427.0727195309,1478.64731169736,870.151208352115,1052.34342631751,0,1.84725340992774,6,88,14,74,1,0.572036540952557,0.537222684821338,0.595479068612083,1518.78464297994,1506.39477023908,1535.95926097546,18
"707",9,11095,110950406,4,"Canberra Raiders","home",2020-06-07,21.3186676541934,75.9068203670245,50.3762286471351,1492.58279074626,1424.17944609069,946.293013354483,984.568405563705,0,1.84220742240184,6,66,18,48,2,0.649445849337138,0.587375554968524,0.683393478348497,1572.83054116314,1530.70782417826,1616.61798029968,18
"708",6,11095,110950407,4,"Gold Coast Titans","home",2020-06-07,17.2802705869441,72.8803543482965,47.0525031635493,1474.07632858178,1448.3742666011,1043.82840616013,876.373959104285,0,1.74829487077421,0,18,106,-88,16,0.327081629736501,0.412773102933317,0.262340766115534,1377.94691669369,1435.35037733063,1334.57969567804,28
"709",6,11095,110950406,4,"Newcastle Knights","away",2020-06-07,18.0673373819919,75.9288148735159,48.0243281404787,1539.29800050332,1480.40617784254,974.560337319549,916.633007181539,0,1.98476667991836,5,76,38,38,3,0.649445849337138,0.587375554968524,0.683393478348497,1465.71540841034,1469.3634581223,1482.95759089351,34
"710",9,11095,110950407,4,"Wests Tigers","away",2020-06-07,20.7569802491239,76.3584637563726,50.2233099321871,1430.37442610424,1502.49632005224,952.816368125705,966.080516695991,0,1.49025636317754,4,76,72,4,7,0.327081629736501,0.412773102933317,0.262340766115534,1503.26940925903,1496.58819712429,1514.17569596624,22
"711",7,11095,110950408,4,"Canterbury-Bankstown Bulldogs","home",2020-06-08,14.3380995898256,75.5543319458579,49.5601486151107,1441.21487488997,1492.13045450814,1015.30641842228,879.285867631716,0,2.12752143357012,0,24,64,-40,15,0.32047067333084,0.393464803418149,0.294763843342109,1379.65542948322,1441.87413433475,1328.25155591023,22
"712",NA,11095,110950408,4,"St George-Illawarra Dragons","away",2020-06-08,19.9673517965583,76.8699775494187,48.8623041082471,1449.24820035256,1460.54504127531,1042.65987899712,900.58652954035,0,2.05715396554055,0,42,74,-32,14,0.32047067333084,0.393464803418149,0.294763843342109,1510.22339412955,1517.05418155759,1479.7956996916,2
"713",9,11095,110950501,5,"Brisbane Broncos","away",2020-06-11,16.8056107769865,74.7942294988088,48.7172826113583,1477.56724935922,1506.45352150435,1056.46214269333,896.180201017373,0,1.63478929582893,4,56,132,-76,10,0.435457220384002,0.456366222805557,0.43197330071484,1503.20723133074,1506.25126047906,1500.17296083308,18
"714",NA,11095,110950501,5,"Manly-Warringah Sea Eagles","home",2020-06-11,18.4498167194697,75.1329445064414,51.4710969092211,1445.15378641576,1420.72962037203,1031.28142576749,943.586930364407,0,2.14800367471853,4,61,51,10,8,0.435457220384002,0.456366222805557,0.43197330071484,1458.10668685565,1475.85408477862,1452.60822295652,20
"715",7,11095,110950502,5,"North Queensland Cowboys","away",2020-06-12,19.1781521447504,75.5421179807978,53.0634431085982,1541.5309504239,1412.54108221323,940.852058335998,1056.05515359095,0,1.34705157012643,4,97,76,21,7,0.492067739644901,0.489417063063826,0.497909991678729,1474.24327013316,1493.64006876806,1450.25271892876,26
"716",6,11095,110950503,5,"Parramatta Eels","home",2020-06-12,20.9340823121685,72.4014209102902,50.7490037445592,1412.36835635905,1455.56847299552,884.482135850988,1076.02282073846,0,1.73641820533207,8,107,30,77,1,0.570823717000866,0.541015560332492,0.595445981312615,1529.05576599707,1511.02254339087,1552.14009823098,16
"717",8,11095,110950503,5,"Penrith Panthers","away",2020-06-12,18.4476349058041,73.3723358072163,50.2631311489913,1455.51715621495,1468.94663489721,920.479354037782,1043.30269770382,0,1.2654467120977,7,92,56,36,3,0.570823717000866,0.541015560332492,0.595445981312615,1479.50924796267,1482.4578259138,1484.9937586758,10
"718",6,11095,110950502,5,"Warriors","home",2020-06-12,16.8056304992513,76.5854928622334,49.6314795005653,1506.89597792613,1399.83277058598,1046.0093339547,884.156624069736,0,1.3575869858051,2,24,66,-42,14,0.492067739644901,0.489417063063826,0.497909991678729,1468.7309086042,1486.28519254088,1448.8004239406,36
"719",NA,11095,110950506,5,"Canberra Raiders","away",2020-06-13,21.1195475949418,75.7924111450031,50.533654928307,1476.10782330148,1404.78867932525,973.935432553214,995.274301229883,0,1.73167497705773,6,84,52,32,4,0.400431164385467,0.451057269767923,0.353840451239109,1557.24384077905,1524.83406862858,1589.28224116574,14
"720",67,11095,110950504,5,"Gold Coast Titans","away",2020-06-13,17.9234543517274,72.8875330873987,47.4693529737363,1458.89174886687,1417.75181060503,1059.31870179052,906.171521558028,0,1.76339717852776,2,46,129,-83,15,0.66703328290598,0.583824035898286,0.723095696211214,1394.09695758001,1441.2226463013,1364.08606503342,12
"721",NA,11095,110950505,5,"Melbourne Storm","away",2020-06-13,20.8338527483215,75.3990568170154,49.4280255174525,1429.44394577905,1482.30760808828,879.484044393555,1041.99699097846,0,1.6207528765427,6,58,44,14,5,0.301666277260943,0.353010982438086,0.314487082113966,1627.1166091454,1580.48069042795,1645.6584628481,26
"722",10,11095,110950505,5,"Newcastle Knights","home",2020-06-13,19.0232971390724,76.413085981105,47.9628684520499,1513.00012047312,1464.66180717199,985.866717080376,946.055026750647,0,1.92568067912326,7,110,56,54,2,0.301666277260943,0.353010982438086,0.314487082113966,1481.30210879444,1475.23721367199,1510.29333002745,12
"723",9,11095,110950504,5,"South Sydney Rabbitohs","home",2020-06-13,21.4003710784501,76.4209643584156,50.7565036425667,1434.57548082974,1444.90928442756,944.20711478303,1016.75027378416,0,1.49303688877749,2,60,90,-30,13,0.66703328290598,0.583824035898286,0.723095696211214,1514.79562967258,1500.02463691737,1530.8324933699,32
"724",6,11095,110950506,5,"Wests Tigers","home",2020-06-13,20.8315614341765,76.3369559309903,49.9699113362559,1400.83196053799,1485.60654084911,978.027386038163,986.235685694232,0,1.52084098138688,4,99,100,-1,9,0.400431164385467,0.451057269767923,0.353840451239109,1487.11936837271,1490.71592815362,1484.66932661086,6
"725",8,11095,110950508,5,"Cronulla-Sutherland Sharks","away",2020-06-14,17.8385452431724,73.5851670263334,50.7613548922408,1447.14041758258,1474.39260328318,981.510932577256,945.351945212219,0,1.67319396359598,2,70,78,-8,11,0.479089298507771,0.494496870123371,0.44300221173148,1508.45341409992,1514.81295031367,1491.36528390176,16
"726",6,11095,110950508,5,"St George-Illawarra Dragons","home",2020-06-14,18.8893106887648,76.6977788964535,48.5105658617522,1437.11330833141,1442.75233879879,1070.10028625729,901.691337767929,0,1.99372472760812,0,44,96,-52,16,0.479089298507771,0.494496870123371,0.44300221173148,1493.91469028949,1510.98882959177,1451.58625342528,30
"727",7,11095,110950507,5,"Canterbury-Bankstown Bulldogs","home",2020-06-15,14.7978136144361,76.1810720291065,50.0065396982041,1424.58198239657,1477.42262723765,1009.52803331695,916.528715573813,0,2.05987014755591,2,46,66,-20,12,0.209034333152172,0.346400751420493,0.129931006530523,1395.96413332328,1447.93948630057,1356.46100217654,6
"728",6,11095,110950507,5,"Sydney Roosters","away",2020-06-15,22.7516912290041,73.5225417339411,50.3608558752137,1415.71520447439,1483.5019433547,918.977108581821,1020.38194982572,0,1.76997023275028,4,109,41,68,6,0.209034333152172,0.346400751420493,0.129931006530523,1627.14013705965,1558.2325738219,1686.79735787522,42
"729",8,11095,110950601,6,"Brisbane Broncos","away",2020-06-18,16.8772741303673,74.5665757288802,48.5542456546768,1465.41321439767,1471.80631021409,1076.59441413173,920.94938895633,0,1.7167019380792,4,74,152,-78,12,0.477570490746325,0.458208213489405,0.529126283025521,1489.65820461995,1500.81492270711,1477.45189286167,6
"730",8,11095,110950601,6,"Newcastle Knights","home",2020-06-18,18.6018993107281,76.2683008222387,47.7850963449269,1490.92011324473,1441.16209874167,1021.63471405555,949.831725145608,0,1.93013983837586,7,122,82,40,4,0.477570490746325,0.458208213489405,0.529126283025521,1474.06211814017,1471.70710384761,1497.71384674289,26
"731",6,11095,110950603,6,"Melbourne Storm","away",2020-06-19,21.1438215834222,76.2751134079945,49.7623439864053,1408.05730903231,1462.06915160298,887.255001729942,1074.39717151975,0,1.58350770395014,8,84,56,28,3,0.27875092287042,0.351829480708753,0.251538122149865,1634.35659979966,1584.01080025233,1658.23794613266,14
"732",NA,11095,110950603,6,"Penrith Panthers","home",2020-06-19,17.9407768114559,73.8299956587833,50.1873432800518,1443.66612684205,1439.42983680338,957.830592795515,1046.2245358416,0,1.36951990937184,7,102,72,30,5,0.27875092287042,0.351829480708753,0.251538122149865,1469.20901717069,1477.86798151712,1468.8115979283,20
"733",7,11095,110950602,6,"South Sydney Rabbitohs","home",2020-06-19,22.0363488137431,76.9357064969107,50.8311134240127,1424.52095197996,1410.05472736191,966.394687896048,1042.08525735711,0,1.58345467545084,4,92,102,-10,10,0.559959444671271,0.518405703829466,0.60357025907316,1522.78683088284,1504.18639655838,1541.90866552145,40
"734",5,11095,110950602,6,"Warriors","away",2020-06-19,17.9572926692962,77.1503632904994,50.0135907305314,1470.60221925056,1388.50280435082,1053.62877391741,922.307226625552,0,1.33613176665679,4,61,92,-31,11,0.559959444671271,0.518405703829466,0.60357025907316,1480.92128285273,1491.39102191024,1468.88402427345,12
"735",8,11095,110950604,6,"Gold Coast Titans","home",2020-06-20,17.5680470906238,72.5342811021548,47.5011917953122,1423.19824393486,1408.70670196873,1082.09957968309,930.641230264546,0,1.77759334781609,2,58,161,-103,16,0.333462811959725,0.388252777144429,0.332765254532068,1386.10575636975,1437.06088666028,1353.00989288187,8
"736",6,11095,110950605,6,"North Queensland Cowboys","away",2020-06-20,19.5874630160654,75.8695909019499,52.5196365220823,1521.69909339847,1381.90861728043,975.600934835838,1063.07184437549,0,1.56622847591885,4,123,113,10,8,0.522228489540052,0.496648516788943,0.557803807118718,1462.05289588463,1488.5342393987,1430.16911859591,20
"737",6,11095,110950606,6,"Parramatta Eels","away",2020-06-20,20.6380373734384,72.1373356556728,50.7640635198856,1386.24625497751,1443.71436461579,896.933207699929,1104.04145149415,0,1.93223311301215,10,123,40,83,1,0.630463394418167,0.565934264165054,0.670824213323052,1539.35599678905,1515.61238778755,1568.32225897847,10
"738",7,11095,110950604,6,"St George-Illawarra Dragons","away",2020-06-20,19.5559520474389,77.0759121626663,48.6599319100471,1433.86650983152,1436.88719847086,1065.11426908185,919.469857501853,0,2.05410124395163,2,74,112,-38,14,0.333462811959725,0.388252777144429,0.332765254532068,1506.4165471253,1516.04386089053,1473.86616495602,20
"739",9,11095,110950606,6,"Sydney Roosters","home",2020-06-20,23.9065897552639,73.2511892299046,50.2192045227008,1399.77229220593,1458.57182675341,924.138482066912,1056.23903283618,0,1.78377201878527,6,151,47,104,6,0.630463394418167,0.565934264165054,0.670824213323052,1632.15696105531,1561.69658133611,1691.99459813644,24
"740",6,11095,110950605,6,"Wests Tigers","home",2020-06-20,19.9416677481259,76.1967385751309,49.7317166560805,1406.48204290571,1453.11014839816,992.365742875873,997.201544552578,0,1.54959052250367,4,105,114,-9,9,0.522228489540052,0.496648516788943,0.557803807118718,1477.50902042746,1486.20535545594,1470.5157085613,36
"741",NA,11095,110950607,6,"Canberra Raiders","home",2020-06-21,20.6923747392453,76.2248664763029,50.7416356326086,1444.18135390339,1410.20135856574,985.639306600021,1008.57784315609,0,1.62777447843427,8,98,58,40,2,0.633672954285803,0.568717946790926,0.676435951437176,1566.8541887243,1529.34464132625,1603.4358592153,6
"742",NA,11095,110950608,6,"Canterbury-Bankstown Bulldogs","away",2020-06-21,14.2699447975699,75.5702077073601,50.1261473163119,1403.18706345278,1457.77726960339,1046.03635131793,921.836992639385,0,1.93627793870256,2,52,108,-56,15,0.646674429548882,0.592858734571976,0.663344812398117,1390.94730932763,1444.47547878636,1351.26376191532,18
"743",7,11095,110950608,6,"Cronulla-Sutherland Sharks","home",2020-06-21,17.728232528582,73.7300570047534,50.6556735987064,1441.01199252763,1468.90904708619,994.500276622621,947.850828499486,0,1.69280232578022,2,86,108,-22,13,0.646674429548882,0.592858734571976,0.663344812398117,1495.9515572641,1509.75791901491,1469.08537237102,20
"744",7,11095,110950607,6,"Manly-Warringah Sea Eagles","away",2020-06-21,18.5428277163016,75.6049678360549,51.6228310946679,1414.18455923082,1411.98584314971,1047.94454022144,970.491714542543,0,2.01912345423542,6,81,69,12,7,0.633672954285803,0.568717946790926,0.676435951437176,1471.65571356643,1481.29042255057,1475.32929092793,14
"745",5,11095,110950701,7,"Penrith Panthers","home",2020-06-25,18.0643302027685,74.3801959192563,50.1761026832487,1422.74615923153,1434.84404659517,971.160757227784,1053.8910636911,0,1.40734871480953,9,123,86,37,3,0.433013081074714,0.464581402141499,0.415876971637522,1486.5189950218,1484.34968671004,1498.75007304231,20
"746",6,11095,110950701,7,"South Sydney Rabbitohs","away",2020-06-25,23.1141678849185,76.0995641070961,50.7212466185719,1408.94969486116,1385.63144372019,983.831006622285,1062.66014191568,0,1.54844739492379,6,132,114,18,8,0.433013081074714,0.464581402141499,0.415876971637522,1533.34780421073,1509.00233952009,1557.76585515853,12
"747",8,11095,110950702,7,"Melbourne Storm","home",2020-06-26,20.7151922884169,76.4986066035148,49.776603347221,1405.35387049037,1440.0450025068,904.459701626146,1080.73334122857,0,1.66849724171313,8,98,77,21,6,0.699389896526629,0.627982967346369,0.732814690471655,1617.04662194855,1577.52909505942,1628.29947101865,50
"748",8,11095,110950703,7,"St George-Illawarra Dragons","away",2020-06-26,19.5825949245926,76.8913574329063,48.8603359954443,1411.67451924163,1431.19396656261,1064.44741293694,946.741666051742,0,2.11085516931454,4,94,120,-26,12,0.674542716678675,0.565971958463112,0.778133402859555,1514.41965461233,1519.92638866198,1487.1767751373,12
"749",7,11095,110950703,7,"Sydney Roosters","home",2020-06-26,23.9121943699481,74.2561178761104,50.3260522513388,1375.66595467357,1445.63751714821,930.550173142897,1089.16469086601,0,1.79674569765815,8,175,57,118,4,0.674542716678675,0.565971958463112,0.778133402859555,1641.02583958927,1566.03723869446,1705.16162960352,26
"750",8,11095,110950702,7,"Warriors","away",2020-06-26,17.5998551091385,76.6613414930694,50.0727752866995,1442.54608609553,1375.09263608977,1073.51104748237,942.388793028019,0,1.25596386065739,4,73,132,-59,13,0.699389896526629,0.627982967346369,0.732814690471655,1470.36030952484,1486.57507894853,1453.02683463638,6
"751",6,11095,110950705,7,"Brisbane Broncos","home",2020-06-27,16.2246376825453,74.5325811851474,48.4009909153962,1467.24842153381,1443.85793160124,1097.55874928382,918.732425618951,0,1.67369982179444,4,80,179,-99,14,0.638760658918001,0.588594783621625,0.664752357514395,1477.11989639786,1495.39700484201,1458.61694418269,12
"752",5,11095,110950706,7,"Canberra Raiders","away",2020-06-27,19.8108322548906,75.7313744877247,50.2171374946521,1425.33047266919,1403.10927705179,999.76094820402,1019.16317256672,0,1.53010800972821,8,104,72,32,5,0.469587456164976,0.48218304657985,0.469495301579775,1551.64603782144,1523.65746185835,1576.37842115782,24
"753",NA,11095,110950705,7,"Gold Coast Titans","away",2020-06-27,16.9939642651863,72.8622242360255,47.5311202875934,1418.32634929877,1388.02429985061,1099.61360490211,938.042756448674,0,1.91093774694713,2,66,181,-115,16,0.638760658918001,0.588594783621625,0.664752357514395,1378.10264888272,1433.17835888884,1339.69928270058,30
"754",7,11095,110950704,7,"Newcastle Knights","away",2020-06-27,19.0457853520844,76.3722027729043,48.1579905642313,1461.82490645005,1444.45237281717,1013.37663121222,978.401821636871,0,1.81433144807331,9,149,88,61,2,0.448356453394745,0.50917434417107,0.354558591209513,1486.60042636226,1477.12502171271,1516.54879542187,20
"755",5,11095,110950704,7,"North Queensland Cowboys","home",2020-06-27,19.6122152351015,76.3574154478329,52.5484583307573,1481.87714779456,1355.51410024361,996.564878745688,1101.76753371296,0,1.53225476736372,4,143,149,-6,10,0.448356453394745,0.50917434417107,0.354558591209513,1450.5863796336,1483.50072456659,1412.48127088066,32
"756",9,11095,110950706,7,"Parramatta Eels","home",2020-06-27,19.9997551310321,72.1290955163324,50.5982197086925,1377.65147967886,1416.97150273884,939.417215237933,1099.6589644045,0,1.93629912623142,10,133,64,69,1,0.469587456164976,0.48218304657985,0.469495301579775,1530.48711825509,1511.2717304292,1555.15522751139,24
"757",6,11095,110950708,7,"Canterbury-Bankstown Bulldogs","home",2020-06-28,14.4937481097157,76.0159952449185,49.9385784773331,1400.11583964561,1440.33063342719,1063.19417023885,924.606773081022,0,1.9401012623804,2,70,128,-58,15,0.351350189937335,0.42736045078528,0.296127621413514,1382.4674956368,1440.40406613208,1337.79755441125,6
"758",6,11095,110950707,7,"Cronulla-Sutherland Sharks","away",2020-06-28,17.8645385768671,74.4062535844682,50.796333182784,1424.57127297597,1461.89450426101,992.910260025264,970.899778789517,0,1.59123418623341,4,106,126,-20,11,0.474739849374643,0.461434009673402,0.528514102361763,1504.43137095493,1513.82933166919,1482.5515798751,40
"759",6,11095,110950707,7,"Manly-Warringah Sea Eagles","home",2020-06-28,18.2702580533235,76.3486697658916,52.0054612289878,1406.85348567697,1395.06669256073,1056.16786780816,985.52221166999,0,1.8979760469813,8,95,75,20,7,0.474739849374643,0.461434009673402,0.528514102361763,1486.86386446929,1486.97760201848,1502.38672898541,22
"760",10,11095,110950708,7,"Wests Tigers","away",2020-06-28,20.9051676832383,76.724934260623,49.5678136567157,1378.61312033137,1417.40353949427,1035.30379830332,1016.86945187942,0,1.63661509115345,6,141,134,7,9,0.351350189937335,0.42736045078528,0.296127621413514,1488.97553667849,1491.23887028805,1488.20355627655,34
"761",NA,11095,110950801,8,"Melbourne Storm","home",2020-07-02,22.4722807511119,76.648690207304,49.7900071463878,1423.45263826095,1405.54230235639,915.952119528577,1085.48934075486,0,1.68838740721034,10,148,83,65,4,0.464691807013484,0.515640596062905,0.393644284637487,1624.26126443191,1581.24926538596,1638.98688339979,26
"762",9,11095,110950801,8,"Sydney Roosters","away",2020-07-02,24.0374627077512,74.0607508035437,50.4264891162585,1376.88599739316,1415.77926611932,941.497162754323,1105.11480941405,0,1.80894095579866,10,201,69,132,3,0.464691807013484,0.515640596062905,0.393644284637487,1648.83681438898,1570.37751910983,1714.03629348914,24
"763",7,11095,110950802,8,"Canberra Raiders","home",2020-07-03,20.0621823195972,75.8674920184612,50.1441092449729,1422.97064430904,1408.80272042868,1012.55529131178,1028.99338221272,0,1.43830152914452,8,128,97,31,7,0.563420124395779,0.511357251138192,0.635885157201982,1550.9161367694,1523.47929232414,1575.15823322101,22
"764",6,11095,110950803,8,"North Queensland Cowboys","away",2020-07-03,20.3554823209954,76.3359705209629,52.4555508309119,1452.06451892689,1334.84325422899,1010.93098602095,1131.30148169019,0,1.50031948132189,6,175,169,6,10,0.59578546981317,0.533110023058865,0.663672385429525,1463.82582475212,1488.40898112488,1438.29892723228,4
"765",8,11095,110950803,8,"Parramatta Eels","home",2020-07-03,20.2397698231702,72.7813497853525,50.6223265261709,1384.87239089812,1415.11321257451,954.032182323657,1106.45942654023,0,1.82012117865753,12,158,88,70,1,0.59578546981317,0.533110023058865,0.663672385429525,1531.21701930713,1511.4498999634,1556.3754154482,42
"766",7,11095,110950802,8,"St George-Illawarra Dragons","away",2020-07-03,19.127639229117,77.377875986932,48.8087158357176,1383.85404808713,1429.08232856886,1081.88056816073,956.717166088637,0,2.10420385915566,4,106,146,-40,12,0.563420124395779,0.511357251138192,0.635885157201982,1506.60867981262,1515.58610824661,1478.30211125169,16
"767",8,11095,110950805,8,"Brisbane Broncos","away",2020-07-04,15.9711594215926,74.1406263140386,48.4369314604724,1452.05351624178,1421.66645570517,1122.36522432679,926.068480081814,0,1.87327783248678,4,92,209,-117,15,0.501951469032973,0.49042220421124,0.514836627772913,1461.78964058383,1489.51105700579,1432.02684988211,16
"768",7,11095,110950804,8,"Cronulla-Sutherland Sharks","away",2020-07-04,19.1926662622551,74.5018783694001,50.6285531918169,1394.53699659741,1442.82083400535,1009.35564442375,1001.68579206215,0,1.6157601350594,6,146,148,-2,11,0.330805033466536,0.387710957259931,0.311963883709953,1515.82512733992,1518.44367176592,1503.69214396957,40
"769",6,11095,110950804,8,"Gold Coast Titans","home",2020-07-04,17.7743264092752,73.710490781864,47.7392530703378,1397.66676834084,1377.58284185957,1096.09678860798,972.420191061753,0,1.7962814821303,4,96,193,-97,13,0.330805033466536,0.387710957259931,0.311963883709953,1393.43290469675,1439.06430672506,1366.28937700116,10
"770",NA,11095,110950806,8,"Penrith Panthers","away",2020-07-04,18.1804703906024,74.777384164101,50.4055365222538,1415.98138967764,1410.19340379946,976.491111794117,1077.41759986963,0,1.44290779192096,11,143,98,45,2,0.496087498717303,0.508358471650135,0.468286624132965,1500.126681076,1489.70387268862,1522.11499417681,18
"771",6,11095,110950805,8,"Warriors","home",2020-07-04,16.9038638025902,76.3816610034852,50.0684087694976,1407.89332092979,1395.00707792439,1078.70038463343,951.605465446338,0,1.18060602901794,4,79,182,-103,14,0.501951469032973,0.49042220421124,0.514836627772913,1463.14566704148,1482.854908622,1442.33942225524,26
"772",13,11095,110950806,8,"Wests Tigers","home",2020-07-04,21.690857622244,76.9814382049856,50.0137448373128,1357.81633311149,1418.21932712461,1016.68557040512,1053.17728476666,0,1.53841818568424,8,175,140,35,6,0.496087498717303,0.508358471650135,0.468286624132965,1497.40794123699,1495.5124747959,1500.04866113309,12
"773",6,11095,110950808,8,"Canterbury-Bankstown Bulldogs","home",2020-07-05,13.9841232231328,76.0150355302234,49.5222637686932,1401.96888926687,1415.83079542156,1096.72252002452,912.63036669616,0,2.00369518663758,2,76,162,-86,16,0.301799049673677,0.404039179009713,0.231488392961191,1374.0350910783,1436.13046162423,1325.95244955471,10
"774",14,11095,110950807,8,"Manly-Warringah Sea Eagles","home",2020-07-05,18.4940425701241,76.4477495799381,52.0051335552485,1391.08227653635,1366.80269100708,1081.83779573967,1002.41087896979,0,1.96409748416242,8,117,115,2,8,0.503035240229518,0.514597832836916,0.486353414944885,1475.4701080843,1482.36326192174,1481.24616489094,12
"775",7,11095,110950807,8,"Newcastle Knights","away",2020-07-05,19.1030382309593,76.2898706065301,48.2085111303775,1434.77541206305,1416.88523044814,1048.21403333949,993.857712338659,0,1.88547156118891,9,169,120,49,5,0.503035240229518,0.514597832836916,0.486353414944885,1473.36098124374,1472.21676515442,1490.73113907025,14
"776",8,11095,110950808,8,"South Sydney Rabbitohs","away",2020-07-05,22.4473178118234,76.3935902606703,50.4379718214576,1385.85271316949,1381.09355709698,1011.56114622495,1062.50053340074,0,1.57554055122836,6,144,134,10,9,0.301799049673677,0.404039179009713,0.231488392961191,1519.74011815652,1503.6481535415,1534.40093402403,26
"777",6,11095,110950901,9,"North Queensland Cowboys","home",2020-07-09,19.3741533817356,76.0158122897052,51.9482177810572,1444.86064779127,1318.47265897525,1048.31512685969,1110.82339278878,0,1.53030031244258,6,179,211,-32,11,0.259821290075178,0.384416685805877,0.17871239089497,1454.12467602764,1483.74008135546,1424.84582264946,16
"778",8,11095,110950901,9,"Sydney Roosters","away",2020-07-09,24.0352149452861,73.5171057553311,50.160899769283,1364.83283754957,1414.95251015216,976.087332989064,1102.04792084921,0,1.70040449845074,10,226,96,130,5,0.259821290075178,0.384416685805877,0.17871239089497,1635.98941775731,1565.53392507046,1689.78206487464,42
"779",NA,11095,110950902,9,"Gold Coast Titans","home",2020-07-10,17.3078668247186,73.1278613349521,47.2748978861176,1383.28676224039,1358.527871348,1144.7509812915,956.314979598048,0,1.74850459320248,4,106,233,-127,15,0.373832687485802,0.424645648751001,0.349480255226898,1385.49358389356,1435.18719715246,1353.81082165276,16
"780",NA,11095,110950903,9,"South Sydney Rabbitohs","home",2020-07-10,22.660478743114,76.1299748450301,50.3516935121701,1379.62155037932,1358.04794367116,1021.36747745145,1080.2305013967,0,1.66100811815466,8,170,144,26,9,0.559414565956081,0.524818228175387,0.588768495127806,1526.98329534869,1507.6885453316,1543.66046974247,18
"781",7,11095,110950902,9,"Warriors","away",2020-07-10,17.4496319744348,76.7787613432761,50.3043042433277,1387.79972167401,1377.00665324892,1077.09836155542,993.749137519558,0,1.16976966727687,6,105,198,-93,12,0.373832687485802,0.424645648751001,0.349480255226898,1475.09883178469,1487.95068657988,1461.74595714433,12
"782",6,11095,110950903,9,"Wests Tigers","away",2020-07-10,21.1094061649094,77.1625519126865,49.892920147074,1345.4673531248,1400.02616749714,1053.54443618081,1047.28664768066,0,1.62611309454319,8,187,159,28,8,0.559414565956081,0.524818228175387,0.588768495127806,1485.50184126777,1490.4288900794,1481.31719616777,10
"783",6,11095,110950905,9,"Brisbane Broncos","home",2020-07-11,15.972889856297,73.8321887351963,48.290715572844,1430.63030526727,1400.74646836286,1154.26331086719,933.624371276905,0,1.82088116253757,4,108,235,-127,14,0.617285633877503,0.57473782441252,0.634646438985896,1449.83647584062,1484.4152790479,1412.62031499303,26
"784",6,11095,110950906,9,"Canberra Raiders","home",2020-07-11,20.1784513804213,75.9954424973536,50.1954626902746,1404.85240565049,1412.65455720296,1014.08197383307,1038.59377927996,0,1.47200343739585,10,150,113,37,6,0.392730676064811,0.417680099204754,0.39575001257724,1561.3940537839,1528.36571981276,1589.72282693293,14
"785",8,11095,110950905,9,"Canterbury-Bankstown Bulldogs","away",2020-07-11,13.7450758297448,75.8941333984099,49.6109279425716,1377.67075591086,1407.80094769626,1112.39916882305,928.372544694391,0,2.00347347543933,2,86,188,-102,16,0.617285633877503,0.57473782441252,0.634646438985896,1366.79191388613,1432.09006983413,1316.69291383626,8
"786",6,11095,110950904,9,"Cronulla-Sutherland Sharks","home",2020-07-11,20.4411062865198,74.7117656672361,51.1908400003079,1374.46477680157,1425.73158396503,991.034305758323,1056.00464453842,0,1.51881452695584,8,186,158,28,7,0.516876812433627,0.539540898909478,0.464548315494887,1523.76444814312,1522.32078133852,1516.17069931797,24
"787",9,11095,110950906,9,"Melbourne Storm","away",2020-07-11,22.6839439060452,76.7897687948657,50.0426067176045,1422.16547996529,1391.76976421501,924.234992356862,1111.43998030956,0,1.58708416277772,12,175,108,67,3,0.392730676064811,0.417680099204754,0.39575001257724,1637.10866106359,1586.09285942533,1663.24111201429,20
"788",7,11095,110950904,9,"Penrith Panthers","away",2020-07-11,18.1696421671663,75.3907411142549,50.5012043309185,1397.92250629698,1394.70179957149,975.20164508647,1110.63254387746,0,1.4163333244057,13,162,110,52,2,0.516876812433627,0.539540898909478,0.464548315494887,1512.03278104522,1494.78745740512,1540.84645914212,56
"789",5,11095,110950908,9,"Manly-Warringah Sea Eagles","away",2020-07-12,18.1044000159166,76.9008846051419,52.1248255419336,1371.15733994417,1356.43452954666,1094.20752799529,1019.1262262316,0,2.02625163511267,8,129,129,0,10,0.546968406129665,0.548036426995667,0.502799754823953,1463.39726231879,1477.21728359337,1461.79202829315,4
"790",6,11095,110950907,9,"Newcastle Knights","home",2020-07-12,18.7968559371017,76.6924783701383,48.0760004625548,1420.32888733926,1395.41211662125,1062.18119133912,1011.50624959834,0,1.83234326751758,11,183,132,51,4,0.420823553581945,0.444455742708444,0.414999809077181,1485.43382700924,1477.36274348279,1510.18527566804,4
"791",7,11095,110950907,9,"Parramatta Eels","away",2020-07-12,21.54538363378,73.5744687982314,50.9449869346007,1365.50004744424,1410.12641982004,944.190251384238,1138.11186094782,0,1.77091390793808,14,200,92,108,1,0.420823553581945,0.444455742708444,0.414999809077181,1540.91816803161,1516.11879973281,1569.82852003102,10
"792",NA,11095,110950908,9,"St George-Illawarra Dragons","home",2020-07-12,18.93998087537,77.295203427716,48.8201928855746,1389.20280520191,1410.59738885472,1088.30773407108,961.594136123319,0,2.03795162760632,4,122,168,-46,13,0.546968406129665,0.548036426995667,0.502799754823953,1496.13076279812,1510.69968075799,1463.73751753976,34
"793",8,11096,110960101,1,"Penrith Panthers","home",2020-10-02,20.4394636371363,75.6672966473996,50.6511320710634,1363.30715591916,1357.75969159721,1002.66954638128,1158.29459124481,0,1.39135332494136,15,218,134,84,2,0.336699290586857,0.401716107974294,0.311841077967183,1524.43782454363,1500.18286639422,1559.42839176192,28
"794",7,11096,110960101,1,"Sydney Roosters","away",2020-10-02,25.1131020485689,73.4860794100112,49.911245783126,1341.74286729659,1394.37535954303,993.06209300972,1128.20504559825,0,1.6583802285437,12,268,112,156,4,0.336699290586857,0.401716107974294,0.311841077967183,1642.22512871911,1569.37809192852,1696.93056051044,28
"795",8,11096,110960102,1,"Canberra Raiders","home",2020-10-03,19.807744297596,76.2357159475123,50.4837349288581,1373.42126131146,1408.11528377079,1037.53705540309,1048.33815252316,0,1.44368323115209,10,164,133,31,7,0.558176526027118,0.510451561005911,0.608078274870299,1551.96851755834,1524.18891882071,1573.89282642984,32
"796",5,11096,110960102,1,"Cronulla-Sutherland Sharks","away",2020-10-03,20.6546399093286,74.4890597272019,50.9393896002894,1338.73689019347,1389.44768892713,1045.87224741282,1078.62436586611,0,1.54768565533849,8,210,214,-4,9,0.558176526027118,0.510451561005911,0.608078274870299,1511.35940464471,1516.92537234943,1497.58876669817,20
"797",8,11096,110960103,1,"Melbourne Storm","home",2020-10-03,22.5229072716825,76.2023826671738,49.7400503145482,1417.05555116738,1361.12357836211,940.840892815451,1129.05358149099,0,1.67185911301106,14,195,122,73,3,0.634097497741493,0.598990768183441,0.630250981210079,1646.53419728914,1590.26966041738,1679.07111251738,36
"798",7,11096,110960103,1,"Parramatta Eels","away",2020-10-03,20.8526606157532,73.6000006703375,50.7082877185246,1360.49004459758,1394.63883463084,963.258836301184,1136.96514929095,0,1.7846590734618,16,210,96,114,1,0.634097497741493,0.598990768183441,0.630250981210079,1551.01793331758,1520.56335715989,1586.42851239411,24
"799",NA,11096,110960104,1,"Newcastle Knights","away",2020-10-04,17.9090445808756,76.35092966793,48.3714404348015,1404.22915409891,1388.60738962397,1065.59031985877,1026.53587462244,0,1.84240267146652,11,187,142,45,5,0.588601248792071,0.556632919203925,0.594583324305333,1475.33406172328,1472.91818605571,1493.58528330496,20
"800",6,11096,110960104,1,"South Sydney Rabbitohs","home",2020-10-04,22.3808500185271,76.4821763543283,50.5105919014399,1358.10425735656,1361.34506705089,1027.52542880436,1098.99667131289,0,1.56134763106538,10,188,154,34,6,0.588601248792071,0.556632919203925,0.594583324305333,1537.55734576574,1512.44036304985,1560.10972993736,46
"801",NA,11096,110960201,2,"Canberra Raiders","away",2020-10-09,20.5392796397403,75.6815729906616,50.1547108331266,1356.47598563278,1375.88836674454,1064.2648320789,1067.27786337177,0,1.59706223728297,NA,NA,NA,NA,NA,0.607295440540502,0.556332675929339,0.639845497908936,1562.57228093369,1529.08440321066,1589.56969543503,22
"802",13,11096,110960201,2,"Sydney Roosters","home",2020-10-09,25.2863159256548,73.6969146454106,49.9165710361384,1329.9382952588,1379.35283797045,1016.21836742914,1130.59274286236,0,1.61887741483107,NA,NA,NA,NA,NA,0.607295440540502,0.556332675929339,0.639845497908936,1638.30591169319,1568.39525300826,1689.40420362912,18
"803",7,11096,110960202,2,"Parramatta Eels","home",2020-10-10,21.041500978808,73.8640006301172,50.4257904554132,1325.48064192173,1384.40050455299,998.823306123113,1145.24724033349,0,1.73757952905409,NA,NA,NA,NA,NA,0.492524865463417,0.499538376409461,0.493254057644297,1542.23627326338,1516.55326484173,1571.63855164251,24
"804",7,11096,110960202,2,"South Sydney Rabbitohs","away",2020-10-10,23.7979990174155,77.0532457730686,50.5999563873535,1360.91800191517,1338.04436302784,1018.6739030761,1127.07687103412,0,1.58766677320146,NA,NA,NA,NA,NA,0.492524865463417,0.499538376409461,0.493254057644297,1547.43091579473,1516.87403385781,1576.32639696515,38
"805",6,11096,110960301,3,"Canberra Raiders","away",2020-10-16,20.6269228613559,76.4206786112219,50.505428183139,1350.68742649481,1369.95506473987,1063.94894215417,1078.12119156946,0,1.56123850304599,NA,NA,NA,NA,NA,0.610633046390865,0.584984508373235,0.611356920914044,1577.14737150667,1534.64772996995,1615.16351535138,10
"806",9,11096,110960301,3,"Melbourne Storm","home",2020-10-16,23.3315328353815,75.8302397071433,49.9956472956753,1405.47221809733,1326.07616366038,960.890439246524,1154.67036660153,0,1.57154756623039,NA,NA,NA,NA,NA,0.610633046390865,0.584984508373235,0.611356920914044,1655.31585734335,1594.27975273554,1693.86107326898,30
"807",6,11096,110960302,3,"Penrith Panthers","home",2020-10-17,20.8930958189081,76.4672588485556,50.6120641467996,1350.14872656401,1344.99411010137,1012.58937359841,1171.53691577012,0,1.36787212544488,NA,NA,NA,NA,NA,0.45565609677253,0.470240180061476,0.45821679963587,1528.35704156954,1501.16570531447,1566.95474864323,20
"808",6,11096,110960302,3,"South Sydney Rabbitohs","away",2020-10-17,24.6501190763706,77.0500510266845,50.4439590041123,1336.38292180026,1322.62170124617,1019.05346889154,1165.17225877207,0,1.49240676680937,NA,NA,NA,NA,NA,0.45565609677253,0.470240180061476,0.45821679963587,1559.25151256585,1521.8694176219,1596.05655927092,16
"809",6,11096,110960401,4,"Melbourne Storm","away",2020-10-25,23.7316408652586,76.3204253247147,49.9959084579348,1391.88388501149,1303.87159384076,986.397012891732,1163.15014460544,0,1.71725471225657,NA,NA,NA,NA,NA,0.329726385158842,0.370656296006543,0.332861826613813,1664.66066422997,1598.42990765181,1709.40679643241,26
"810",8,11096,110960401,4,"Penrith Panthers","home",2020-10-25,20.8395100697736,75.9592233176423,50.3953402979916,1347.07980297017,1347.69446349529,1011.5340111825,1173.18470082391,0,1.34579979791818,NA,NA,NA,NA,NA,0.329726385158842,0.370656296006543,0.332861826613813,1541.421295247,1506.46330351386,1588.6260766578,20
"811",6,11355,113550101,1,"Melbourne Storm","home",2021-03-11,23.8677424133431,76.4211998052319,50.0561539504587,1377.4908519108,1307.95929821031,985.833192118228,1175.26113592911,0,1.67421942952117,NA,NA,NA,NA,NA,0.674265457897287,0.62070689836955,0.701382705034387,1672.57409747378,1602.13647061188,1722.72126949697,26
"812",NA,11355,113550101,1,"South Sydney Rabbitohs","away",2021-03-11,24.1311119317883,76.8670479650834,50.5973214638656,1339.59994649224,1321.2043991714,1029.85026075804,1154.96192324575,0,1.46286236080081,NA,NA,NA,NA,NA,0.674265457897287,0.62070689836955,0.701382705034387,1546.18725888839,1516.57181942252,1574.38523125636,18
"813",8,11355,113550103,1,"Brisbane Broncos","home",2021-03-12,16.5745164649192,73.6022574110845,48.3932726384734,1406.41248695124,1396.68168026109,1157.24751221516,953.026909000291,0,1.83162829278532,6,134,243,-109,14,0.398677824834181,0.467106248683212,0.32790388146323,1459.02162062756,1488.66790080378,1427.23445743359,16
"814",6,11355,113550102,1,"Canterbury-Bankstown Bulldogs","away",2021-03-12,13.4003712799601,75.5404853945054,49.6342722660173,1374.99051055621,1384.95289083449,1121.07521869367,944.910192012727,0,2.00326506691297,2,94,214,-120,16,0.650413192514628,0.558230406451904,0.732834085723346,1357.60676909919,1427.83744807826,1302.0787713957,16
"815",8,11355,113550102,1,"Newcastle Knights","home",2021-03-12,18.0345019060231,76.3298738878542,48.3491540087134,1378.35540485297,1389.59094624654,1095.67490066724,1017.74372214509,0,1.73185851117853,NA,NA,NA,NA,NA,0.650413192514628,0.558230406451904,0.732834085723346,1465.46049169429,1468.48451524775,1477.36861627717,32
"816",7,11355,113550103,1,"Parramatta Eels","away",2021-03-12,21.2190109200795,73.9921605923102,50.5202430280884,1310.81180340642,1358.45647427981,1044.61390775573,1138.03240591348,0,1.81332475731084,NA,NA,NA,NA,NA,0.398677824834181,0.467106248683212,0.32790388146323,1530.41567649226,1511.55788107763,1551.90838933674,24
"817",8,11355,113550104,1,"Gold Coast Titans","away",2021-03-13,17.2293948152355,72.640189654855,47.4384040129505,1368.20955650597,1353.87619906712,1145.48592241401,974.956080822165,0,1.70359431761033,6,122,245,-123,15,0.584868779131541,0.559095239259722,0.579750479418376,1400.5215993939,1440.94074066495,1379.83161144369,6
"818",NA,11355,113550105,1,"Manly-Warringah Sea Eagles","away",2021-03-13,17.2581360149616,76.0668315288333,52.0573360094176,1362.74789954752,1335.88845777386,1134.51507631557,1008.25865265771,0,2.20467653700591,8,133,163,-30,10,0.728206640258538,0.626879897881478,0.782006144535665,1452.52450406591,1472.69764786333,1441.90401848611,4
"819",6,11355,113550106,1,"North Queensland Cowboys","away",2021-03-13,19.1717041788315,76.0148635523229,52.0713247141937,1422.4890089238,1298.16429943674,1077.69621924811,1119.71398922145,0,1.49848229369602,6,195,253,-58,12,0.620780411775201,0.532851976381325,0.712447486946475,1447.88896506583,1479.89591449741,1417.69732701366,0
"820",6,11355,113550106,1,"Penrith Panthers","home",2021-03-13,20.7891394655872,75.5416699185838,50.3116198801121,1348.57501479196,1335.95279568557,1032.74197051155,1161.41361877448,0,1.32505181004309,NA,NA,NA,NA,NA,0.620780411775201,0.532851976381325,0.712447486946475,1533.50786200319,1502.75674055379,1575.31160359324,24
"821",7,11355,113550105,1,"Sydney Roosters","home",2021-03-13,24.8491369701155,73.8950997666859,49.5615767739701,1326.76199754327,1372.19166769222,1030.12526538339,1126.29717829062,0,1.58174476994121,NA,NA,NA,NA,NA,0.728206640258538,0.626879897881478,0.782006144535665,1623.73082112022,1562.83192624897,1663.81038371276,46
"822",6,11355,113550104,1,"Warriors","home",2021-03-13,17.1226540559687,76.6120356626795,50.2860459887281,1381.39173837357,1362.30625405399,1088.4924598621,1003.54418926838,0,1.15958348724025,6,117,214,-97,13,0.584868779131541,0.559095239259722,0.579750479418376,1460.07081628434,1482.19714306739,1435.7251673534,19
"823",8,11355,113550107,1,"Canberra Raiders","home",2021-03-14,19.9893074896745,76.0954378945486,50.4751024921507,1327.00618090512,1358.49776085547,1077.87200562492,1096.5939200753,0,1.58756419286323,NA,NA,NA,NA,NA,0.630562377561321,0.564146441373657,0.684748854220193,1567.80256462005,1530.49757505368,1599.61779218795,30
"824",8,11355,113550108,1,"Cronulla-Sutherland Sharks","away",2021-03-14,20.6153615147689,74.3997161435698,51.1830262242721,1310.67267678187,1371.5408275915,1064.95991256805,1102.88690391415,0,1.45482451601818,NA,NA,NA,NA,NA,0.508990452682074,0.50458982768686,0.502466091312524,1500.75564126936,1512.02988795949,1481.91189769298,32
"825",6,11355,113550108,1,"St George-Illawarra Dragons","home",2021-03-14,19.8435820228478,78.0574912220531,48.8309813124401,1366.69063688979,1399.82154552344,1073.28927002682,1009.85848795592,0,1.97567452994994,6,156,172,-16,11,0.508990452682074,0.50458982768686,0.502466091312524,1507.00352105101,1515.21931648804,1483.62552734681,18
"826",7,11355,113550107,1,"Wests Tigers","away",2021-03-14,20.4428417950148,77.2727987979253,49.7193449382495,1349.51931193731,1377.28459744731,1073.91177000997,1051.88944881982,0,1.5285463088706,8,197,177,20,8,0.630562377561321,0.564146441373657,0.684748854220193,1474.92779085072,1485.67707236116,1464.86793597288,12
"827",6,11355,113550201,2,"Melbourne Storm","away",2021-03-18,23.9956778685425,76.5159278169179,50.1727847134312,1371.40140079616,1295.3017403177,992.023200591134,1186.40546777337,0.3,1.5737662637499,2,26,18,8,8,0.308263073629937,0.373704402250706,0.273579956907524,1680.39172648424,1605.92940162818,1734.66596129559,12
"828",71,11355,113550201,2,"Parramatta Eels","home",2021-03-18,21.3858702648747,73.7526309567716,50.4290284464031,1291.56309520204,1359.50908582302,1044.51707329038,1154.41046155867,0.24,1.76452527187219,2,24,16,8,7,0.308263073629937,0.373704402250706,0.273579956907524,1539.98394428828,1516.22894356447,1565.02454459527,16
"829",6,11355,113550203,2,"Brisbane Broncos","away",2021-03-19,16.540045477024,73.6861219664194,48.549676280165,1404.58773773416,1372.28077944542,1172.47266148225,958.425294460273,0.24,1.8417305952182,0,16,24,-8,10,0.4160460167112,0.432113978467837,0.42699158772512,1449.45335283154,1483.99683831694,1414.11830217507,16
"830",7,11355,113550203,2,"Gold Coast Titans","home",2021-03-19,16.5556311263214,72.6617782755637,47.5920997721735,1356.31698311561,1343.14362712309,1155.83676706917,987.018715972835,0.3,1.72137865855371,0,6,19,-13,11,0.4160460167112,0.432113978467837,0.42699158772512,1390.55845009305,1436.53169305754,1363.02163062042,28
"831",9,11355,113550202,2,"Newcastle Knights","away",2021-03-19,18.8724317916617,76.9100814545829,48.5682047681906,1308.0140805618,1443.25548947174,1127.85440662721,998.739098816387,0.18,1.74794700050782,2,32,16,16,4,0.494507678349938,0.519711390751287,0.449059812566331,1473.85057507394,1472.90221118323,1488.05525284824,20
"832",NA,11355,113550202,2,"Warriors","home",2021-03-19,17.2352948126105,77.2953135229188,50.2688832294044,1369.00823407115,1350.76787881075,1093.74291227037,1022.41153791228,0.42,1.39000847800584,2,19,6,13,6,0.494507678349938,0.519711390751287,0.449059812566331,1470.03396558519,1486.6061906748,1452.53514817667,16
"833",6,11355,113550204,2,"Canterbury-Bankstown Bulldogs","home",2021-03-20,13.5563490031625,75.148056270835,49.5362159300562,1429.53107992284,1314.21571738442,1095.87070557205,986.135580491964,0.3,1.94306916289819,0,16,32,-16,13,0.247264291566727,0.381404376138709,0.154389104111135,1349.21668571955,1423.41975214278,1291.39213482463,0
"834",8,11355,113550205,2,"Manly-Warringah Sea Eagles","home",2021-03-20,16.4626478540639,75.7628216371033,51.9338958488525,1350.76302557467,1330.19515030743,1169.28417173664,993.603133498245,0.12,2.13239594478556,0,4,46,-42,16,0.370117235035302,0.437280925077042,0.322117205697434,1446.00146343211,1468.96644684214,1433.18426426753,12
"835",NA,11355,113550206,2,"North Queensland Cowboys","home",2021-03-20,18.0214019281016,74.9939717391835,51.6470452313421,1398.93966838837,1281.65444147053,1134.77444609322,1096.15114986816,0.12,1.64857335607426,0,0,24,-24,15,0.420100162177914,0.449873325769011,0.418233920301171,1438.78769494844,1475.22443426122,1406.19522649152,18
"836",8,11355,113550204,2,"Penrith Panthers","away",2021-03-20,20.981791097652,75.0891697234687,50.5929226873054,1329.04051390444,1317.59562794444,1014.39745228086,1213.46880164801,0.12,1.42554870144051,2,24,0,24,2,0.247264291566727,0.381404376138709,0.154389104111135,1542.60913212058,1507.42822078998,1586.81370411539,28
"837",7,11355,113550205,2,"South Sydney Rabbitohs","away",2021-03-20,23.763245215881,76.2150250871784,50.4414821760336,1325.04394970271,1318.49213522112,1049.71924511256,1151.004207851,0.12,1.37509061915276,0,18,26,-8,9,0.370117235035302,0.437280925077042,0.322117205697434,1538.36962987793,1512.77888840621,1562.44053945773,26
"838",6,11355,113550206,2,"St George-Illawarra Dragons","away",2021-03-20,19.7329671014769,77.5740417487299,48.3611224336937,1348.9491986764,1380.63225279203,1112.15191382521,1007.94697867856,0.0600000000000001,2.03713405815295,0,18,32,-14,12,0.420100162177914,0.449873325769011,0.418233920301171,1494.78775018664,1510.17341821117,1463.52688369431,25
"839",7,11355,113550208,2,"Canberra Raiders","away",2021-03-21,20.589949040294,75.9097116208757,50.5665963426216,1269.10581005081,1337.16789520415,1123.71968528742,1130.81828487078,0.42,1.67231034129144,2,30,12,18,3,0.409345142590163,0.474434370954873,0.346499536630881,1576.66906755858,1534.85611063994,1612.22783801914,12
"840",7,11355,113550208,2,"Cronulla-Sutherland Sharks","home",2021-03-21,21.2984398238828,74.8557331749556,51.6520446508157,1296.83231617495,1353.50837793601,1059.74231781397,1139.9736896793,0.18,1.42753504505709,2,32,18,14,5,0.409345142590163,0.474434370954873,0.346499536630881,1512.97141213373,1517.07578623636,1502.01054134548,10
"841",7,11355,113550207,2,"Sydney Roosters","away",2021-03-21,26.1181887519086,73.9013937806848,49.5878821675319,1321.61627769067,1359.64016763069,1014.15774946039,1161.55934759318,0.12,1.54684008374474,2,46,4,42,1,0.279857526557144,0.379726958050055,0.219601698975399,1630.25386175402,1566.56312727015,1672.53013793134,40
"842",6,11355,113550207,2,"Wests Tigers","home",2021-03-21,19.936271287314,77.0764308700498,49.6161842419546,1328.72815322107,1316.36752160047,1109.49706380937,1099.29608189063,0.18,1.49683353033836,0,12,30,-18,14,0.279857526557144,0.379726958050055,0.219601698975399,1466.06128791219,1481.31853677489,1452.25789014169,6
"843",7,11355,113550301,3,"Melbourne Storm","away",2021-03-25,23.27593719643,76.7849721479029,50.3424176306253,1363.15731674839,1298.28363589863,993.941808555666,1188.96113970696,0.582000000000001,1.53934028792491,2,38,34,4,9,0.339973445045923,0.375425515323044,0.34337448766773,1663.79004025136,1599.66644565069,1705.60915957189,10
"844",9,11355,113550301,3,"Penrith Panthers","home",2021-03-25,21.4028836317929,75.8038195400606,50.9773473260671,1318.05808307018,1328.77989026777,981.673605144006,1244.40067354913,0.2328,1.40001577935408,4,52,0,52,2,0.339973445045923,0.375425515323044,0.34337448766773,1548.54347511818,1511.24226455137,1592.98926827983,12
"845",7,11355,113550302,3,"Manly-Warringah Sea Eagles","away",2021-03-26,16.1948889828201,75.1170523388771,51.8778620979214,1340.21724404019,1316.44344128898,1191.58712143244,1003.16694548835,0.2328,2.12445218809842,0,16,72,-56,16,0.596284868149009,0.571573796223474,0.585438136089345,1437.11864979126,1464.59363759137,1420.29957603964,12
"846",8,11355,113550303,3,"South Sydney Rabbitohs","home",2021-03-26,23.8974505029282,76.2021235819477,50.3549932454716,1311.60131272055,1309.88260710785,1055.91609040581,1174.40395537994,0.2928,1.29258518200359,2,44,38,6,8,0.373680769876833,0.42401961411831,0.352031459109688,1547.25244351878,1517.15169765698,1575.32522768563,26
"847",6,11355,113550302,3,"St George-Illawarra Dragons","home",2021-03-26,20.0489890753883,77.0595992438061,48.4594550876721,1346.73224675582,1362.95431762451,1122.1627989957,1016.71015995785,0.4164,2.15490601466377,2,43,50,-7,11,0.596284868149009,0.571573796223474,0.585438136089345,1504.87015407891,1514.67215146886,1480.25624050635,38
"848",NA,11355,113550303,3,"Sydney Roosters","away",2021-03-26,26.9510974267941,74.2673101538437,49.85260923748,1327.63930102923,1377.42175757285,982.408284492762,1168.30578673759,0.5328,1.45402967872005,4,86,10,76,1,0.373680769876833,0.42401961411831,0.352031459109688,1636.97044239139,1570.36039685065,1681.31420589035,16
"849",6,11355,113550305,3,"Brisbane Broncos","home",2021-03-27,16.5076427484026,72.7449546484342,48.8166957033551,1386.79247347011,1357.2639326787,1178.86430179331,979.999776792657,0.4656,1.85122675950511,0,32,52,-20,12,0.629598144726309,0.58369854071524,0.647958583505012,1435.43845723261,1478.31797810162,1391.19796568407,24
"850",6,11355,113550304,3,"Canberra Raiders","home",2021-03-27,20.0745520978764,75.9151289236231,50.5326005620643,1252.47946144777,1328.8178214919,1136.03650417018,1141.92918777853,0.5148,1.75197172081395,4,42,22,20,3,0.676714332772106,0.582969740111567,0.750718754433309,1586.49335098074,1539.60045434949,1626.08781948437,31
"851",NA,11355,113550305,3,"Canterbury-Bankstown Bulldogs","away",2021-03-27,12.7429680629728,75.3791728945849,49.1440429742529,1433.99921512747,1304.12277434135,1133.85846323773,955.107445662446,0.522,2.1264850131243,0,16,60,-44,14,0.629598144726309,0.58369854071524,0.647958583505012,1343.28234272194,1419.60570838139,1285.21657066018,0
"852",7,11355,113550306,3,"Cronulla-Sutherland Sharks","away",2021-03-27,20.6205334344498,74.2643891844583,51.5529219717668,1290.90237720446,1331.81787525985,1075.11777874513,1151.31526829854,0.3492,1.52188294235366,2,42,30,12,6,0.576303429074531,0.51461790610015,0.647892126675563,1503.14712871157,1512.33144252681,1488.15055988025,4
"853",7,11355,113550306,3,"Parramatta Eels","home",2021-03-27,21.0627180489822,74.6074730993653,50.2232867396189,1294.76930948992,1351.97854067364,1055.58604889296,1146.58583386515,0.525600000000001,1.77865375555986,4,40,28,12,5,0.576303429074531,0.51461790610015,0.647892126675563,1556.58563052116,1522.49189954196,1594.08134631897,28
"854",7,11355,113550304,3,"Warriors","away",2021-03-27,17.1611771238539,77.8775947115436,50.6727502356401,1369.00774002688,1328.4618060821,1097.23833753415,1040.38684563754,0.3948,1.30660796932549,2,35,26,9,7,0.676714332772106,0.582969740111567,0.750718754433309,1458.16578130479,1481.40907676728,1434.57275567401,34
"855",8,11355,113550308,3,"Gold Coast Titans","away",2021-03-28,17.2422932587421,72.6820715790299,47.5565737858431,1342.25796412867,1329.0350094957,1165.56656104502,1004.53759301447,0.342,1.85809593904049,2,34,35,-1,10,0.534672921211456,0.540944702935667,0.505071129559458,1404.57334569198,1442.21055327287,1385.94196711142,44
"856",6,11355,113550307,3,"Newcastle Knights","home",2021-03-28,18.940085884162,77.635476567308,48.2341124820992,1288.27323572809,1438.80016010344,1139.50314222958,1007.9347528874,0.5292,1.82307018047735,4,52,32,20,4,0.537882574775422,0.500831891416777,0.589047983583,1485.71875935433,1478.09932509074,1506.01764535089,20
"857",7,11355,113550308,3,"North Queensland Cowboys","home",2021-03-28,18.0201178124155,74.7543334348325,51.5482225174616,1380.16328828507,1283.4751749823,1135.92797932763,1107.12208087607,0.2928,1.54965895470981,0,18,49,-31,13,0.534672921211456,0.540944702935667,0.505071129559458,1428.70529105617,1470.72570100353,1389.46586967947,8
"858",8,11355,113550307,3,"Wests Tigers","away",2021-03-28,19.1000950100751,77.1918450178468,49.3992131874373,1348.36446402781,1322.70547030444,1119.36723998081,1062.43831697719,0.3492,1.52702351851806,0,18,70,-52,15,0.537882574775422,0.500831891416777,0.589047983583,1459.34470727482,1477.52126719439,1443.47382218267,24
"859",NA,11355,113550401,4,"Manly-Warringah Sea Eagles","home",2021-04-01,15.9431956438509,74.5700291985445,51.7051903720461,1337.56420939778,1315.87683481164,1190.17189414649,1005.61692875905,0.338832,1.99698505681252,0,28,110,-82,16,0.312517866866625,0.418448264793231,0.224308633455254,1427.42948662684,1460.30937555361,1403.71710148321,6
"860",6,11355,113550401,4,"Penrith Panthers","away",2021-04-01,20.8387106138853,76.295590367657,50.7987064865031,1323.87459808597,1330.65309685171,990.513188835366,1227.21663313618,0.398832,1.49601483259283,6,64,10,54,1,0.312517866866625,0.418448264793231,0.224308633455254,1564.38411243708,1517.48800939814,1619.25428877312,46
"861",7,11355,113550403,4,"Brisbane Broncos","away",2021-04-02,16.9571841834984,73.0002573695282,49.0676939611538,1383.20492506191,1351.06809671797,1169.63244368571,993.619790185097,0.617664,1.7401531539348,2,56,52,4,10,0.763531329783777,0.6544415099138,0.828870333486316,1444.32810175918,1482.48099269447,1405.27962234387,6
"862",6,11355,113550402,4,"Canterbury-Bankstown Bulldogs","home",2021-04-02,11.9783899791944,75.2964225209098,49.0154003957977,1423.19926221982,1305.49540788087,1138.24695544346,959.300998922699,0.790680000000001,2.05889591233684,0,16,84,-68,15,0.212177705872092,0.350090782896421,0.130078996619334,1334.39269819538,1415.44269378854,1271.13491400038,0
"863",NA,11355,113550403,4,"Melbourne Storm","home",2021-04-02,22.4793809646442,76.6178738190287,50.4418725727878,1362.96787774348,1305.28661774472,991.785300042326,1185.36347132455,0.847080000000001,1.62697987064942,2,48,46,2,11,0.763531329783777,0.6544415099138,0.828870333486316,1647.94940293247,1593.42070080392,1679.3441390786,40
"864",7,11355,113550402,4,"South Sydney Rabbitohs","away",2021-04-02,24.0236034727525,76.3699961670308,50.6336936507433,1317.68523395731,1318.52965068138,1043.32112498146,1174.13971805715,0.395232,1.39503007108338,4,70,54,16,7,0.212177705872092,0.350090782896421,0.130078996619334,1562.28410504173,1522.9115015158,1601.24396932124,38
"865",8,11355,113550405,4,"Canberra Raiders","away",2021-04-03,20.7300789720038,76.5802211882058,50.4406445283405,1258.0906937609,1330.20875220238,1136.87431391997,1131.55343651182,0.783912000000001,1.76685341756511,4,73,56,17,6,0.293207537908428,0.378499110346358,0.251009719959391,1570.25220699421,1533.77075694838,1596.05906930704,20
"866",6,11355,113550404,4,"Cronulla-Sutherland Sharks","home",2021-04-03,19.6233014283828,74.7285258333908,51.1597466534608,1300.32823457219,1333.56880274426,1095.69071202042,1117.81635220063,0.388248,1.67056996581244,2,46,58,-12,12,0.609176885670404,0.56037899827067,0.64640997833263,1492.97841100936,1507.47762158781,1474.06624494727,48
"867",7,11355,113550405,4,"Gold Coast Titans","home",2021-04-03,18.8477556632176,72.5211472842881,47.8831793586925,1331.50248628095,1318.41290892596,1168.11256738232,1022.7453374336,0.38148,1.74661018269806,4,78,43,35,4,0.293207537908428,0.378499110346358,0.251009719959391,1417.40549580106,1447.62000030222,1406.14481229379,4
"868",8,11355,113550404,4,"North Queensland Cowboys","away",2021-04-03,17.4189107436706,74.4090734287425,51.2753291664139,1366.47349098796,1276.24666448336,1146.25230056797,1113.17475602351,0.395232,1.51667941742722,0,26,93,-67,14,0.609176885670404,0.56037899827067,0.64640997833263,1415.87314094709,1465.31625397417,1369.26302449709,10
"869",5,11355,113550406,4,"Newcastle Knights","home",2021-04-04,19.0036807311123,77.1773479732695,48.3400657331732,1268.5168415844,1417.93215049723,1160.5329536958,1024.67866771416,0.677448,1.77368596964871,4,72,56,16,8,0.44020482681263,0.434375144990893,0.47931303102241,1472.80957755972,1473.09100617657,1482.45572600757,13
"870",8,11355,113550406,4,"St George-Illawarra Dragons","away",2021-04-04,21.126049730865,77.3560232891777,48.6118877824117,1344.34831195047,1358.93705856704,1117.47303105595,1025.78755036038,0.451416,2.20561165378394,4,81,62,19,5,0.44020482681263,0.434375144990893,0.47931303102241,1514.55931724333,1518.95641350662,1496.83871506278,22
"871",NA,11355,113550407,4,"Sydney Roosters","home",2021-04-04,26.2940315811864,74.0112715446131,49.5614526832312,1335.22094296748,1379.55645211847,993.663787423196,1148.96743953333,0.800832000000001,1.54678789799685,4,102,36,66,3,0.700412229263321,0.609528429257941,0.749941124591162,1621.93878086843,1564.60059299183,1655.39546425474,32
"872",7,11355,113550407,4,"Warriors","away",2021-04-04,18.1715064964227,77.944939028851,50.6923852215017,1367.98727562527,1329.51409771718,1089.5440372821,1046.96363489929,0.491112,1.40821149116596,4,69,57,12,9,0.700412229263321,0.609528429257941,0.749941124591162,1474.40692529132,1487.2387741684,1464.60150585135,12
"873",7,11355,113550408,4,"Parramatta Eels","away",2021-04-05,21.4789549660433,74.5110247134034,50.5098895352418,1298.74315092052,1357.73982823322,1027.83088595938,1162.87068383324,0.554064000000001,1.73193453022627,6,68,32,36,2,0.367260274175302,0.43585974168412,0.307377363851024,1566.75434822337,1527.34572048096,1608.16566125195,36
"874",6,11355,113550408,4,"Wests Tigers","home",2021-04-05,19.3940893094706,77.300334316776,49.4352603961911,1332.92259618614,1300.88314208618,1129.42520558196,1088.09201795856,0.568248000000001,1.49540210740698,2,42,90,-48,13,0.367260274175302,0.43585974168412,0.307377363851024,1472.25388906943,1482.52958610856,1467.03574152599,22
"875",7,11355,113550501,5,"Brisbane Broncos","away",2021-04-08,16.2997531324885,73.2402419273565,48.8236323234846,1380.85262955819,1330.6640109149,1208.59449706457,973.242602773991,0.70060416,1.69574396469871,2,62,92,-30,12,0.677212768426065,0.567775633380114,0.768065020138148,1438.65285367399,1479.02540779361,1398.43443568332,6
"876",7,11355,113550501,5,"South Sydney Rabbitohs","home",2021-04-08,24.8621872643873,76.467796397009,50.5956720316987,1300.00411991988,1310.0378716405,1044.98185748257,1195.79133497372,0.731518080000001,1.55132826681838,6,108,54,54,4,0.677212768426065,0.567775633380114,0.768065020138148,1567.37636998266,1526.41240934476,1606.44712918601,35
"877",6,11355,113550503,5,"Canberra Raiders","away",2021-04-09,20.6862742336836,76.2454079169134,50.29420585664,1249.08525213525,1338.65622707024,1143.60185508477,1123.18023032111,1.03687728,1.78084221251121,6,93,60,33,5,0.492222715541896,0.477158067600006,0.531800582708622,1577.28918790401,1537.55574805184,1606.09945810542,10
"878",8,11355,113550502,5,"Manly-Warringah Sea Eagles","away",2021-04-09,15.3466039052198,75.0758274466318,51.6028789497233,1328.89035683391,1292.66422472294,1215.0015804977,1010.13991303351,0.55850208,1.87716595340377,0,34,156,-122,16,0.567635433452317,0.539077280898373,0.585295248274323,1419.92905782204,1456.12489290568,1394.744756145,13
"879",7,11355,113550503,5,"Penrith Panthers","home",2021-04-09,22.3483879770522,76.9378549455975,50.7507840973129,1300.18212220081,1322.3939110406,995.942397505244,1249.82363514801,0.61490208,1.58625394263726,8,110,16,94,1,0.492222715541896,0.477158067600006,0.531800582708622,1571.88454124188,1521.67249204607,1628.22663411133,30
"880",7,11355,113550502,5,"Warriors","home",2021-04-09,17.8012161066373,77.52824268712,50.6508421082116,1354.54803908775,1304.28325185415,1127.67139504517,1046.90581680533,0.821645280000001,1.323718801696,4,81,89,-8,11,0.567635433452317,0.539077280898373,0.585295248274323,1467.21681879364,1483.33405846098,1454.59915083499,12
"881",5,11355,113550505,5,"Canterbury-Bankstown Bulldogs","home",2021-04-10,11.2596865804427,75.5786371696553,49.0744763720498,1408.42730648663,1288.54568340802,1162.05213811685,966.002938987337,1.2232392,1.99536215759663,0,16,122,-106,15,0.133893836254308,0.256437366201815,0.081720490480633,1329.30043325445,1411.94178595958,1265.93175413561,18
"882",7,11355,113550506,5,"Cronulla-Sutherland Sharks","away",2021-04-10,21.3259033426798,75.5848142833873,51.7501618542531,1329.22854049786,1300.65467457961,1066.6092692992,1149.20737106859,0.60495312,1.5703357678637,4,94,68,26,8,0.674750614500909,0.580785064631743,0.734967917879116,1502.35816575327,1511.8738316051,1488.20984581397,18
"883",NA,11355,113550504,5,"Gold Coast Titans","home",2021-04-10,17.9568903234245,71.9498784472308,48.1301885971709,1339.8723371041,1305.7881343904,1157.54581333938,1036.32061718758,0.6585912,1.64181357173618,4,82,63,19,9,0.425894110845683,0.46420971254171,0.404509033383107,1410.36851489126,1443.83500919876,1396.10442349542,42
"884",8,11355,113550505,5,"Melbourne Storm","away",2021-04-10,23.5306181067655,76.580801389887,50.7153602184205,1341.84980507887,1307.60942068003,971.518182039787,1223.38166304507,0.916255200000001,1.52936107841045,4,88,52,36,7,0.133893836254308,0.256437366201815,0.081720490480633,1653.62465101765,1596.87628570478,1686.18932573915,52
"885",14,11355,113550504,5,"Newcastle Knights","away",2021-04-10,18.6434598872456,77.8867070948733,48.6196617891828,1256.84583108934,1403.8362214674,1178.26097647405,1029.97794765131,0.63680112,1.66726481146979,4,85,78,7,10,0.425894110845683,0.46420971254171,0.404509033383107,1462.24466171622,1468.74725472666,1463.28320476667,16
"886",7,11355,113550506,5,"Sydney Roosters","home",2021-04-10,26.6363896863152,74.0705952519363,49.5877655222373,1309.64768638943,1365.42306499137,996.803960177805,1183.52939316133,0.932782080000001,1.63398062411704,6,134,48,86,3,0.674750614500909,0.580785064631743,0.734967917879116,1629.12888736611,1568.50530869925,1665.3978192711,26
"887",9,11355,113550507,5,"North Queensland Cowboys","away",2021-04-11,16.9737760990503,74.084529023018,50.5388094164291,1331.58508152869,1306.59186461436,1175.93716253389,1083.0442706621,0.611518080000001,1.60567865238159,0,36,141,-105,14,0.581226177992422,0.524805723602238,0.639562518916403,1406.49338620318,1460.92004395688,1355.1194236304,34
"888",NA,11355,113550508,5,"Parramatta Eels","home",2021-04-11,22.3502176680807,74.9003632305992,50.4192961631272,1275.05856186529,1364.11543853923,1032.10103280182,1185.85844280325,0.820820160000001,1.74801845841269,8,104,54,50,2,0.572089427092821,0.512092189963045,0.645944468020399,1575.56859480358,1531.7043178978,1620.46075580599,12
"889",6,11355,113550508,5,"St George-Illawarra Dragons","away",2021-04-11,21.1784867470131,76.9146618918271,48.515174515467,1334.66741323344,1341.84083505302,1117.2046491926,1051.60029733876,0.904331040000001,2.13327495455691,6,103,75,28,6,0.572089427092821,0.512092189963045,0.645944468020399,1525.12423308684,1523.30016495653,1516.01123630368,26
"890",15,11355,113550507,5,"Wests Tigers","home",2021-04-11,19.5504439509024,77.4023142577694,49.5291447724196,1340.78724041497,1277.07015356101,1154.41969324704,1088.74649688105,0.654153120000001,1.40567798096256,2,64,126,-62,13,0.581226177992422,0.524805723602238,0.639562518916403,1463.43964248922,1478.17098869172,1454.74064697195,30
"891",7,11355,113550601,6,"Brisbane Broncos","home",2021-04-15,15.6817679445392,73.0458274117151,48.6542143840755,1401.1414717847,1334.16417026,1206.2188272407,947.668046607552,0.838567910400001,1.59399932681679,2,68,127,-59,12,0.292827697492863,0.425441519508558,0.184823682231206,1430.90596011622,1474.70316412741,1389.15703648885,12
"892",NA,11355,113550601,6,"Penrith Panthers","away",2021-04-15,22.8074846984291,76.7615836488617,50.8257370514741,1305.03119486876,1331.55027637817,978.905853654929,1249.71421703913,0.758007955200001,1.55107870607903,10,140,26,114,1,0.292827697492863,0.425441519508558,0.184823682231206,1584.07119606888,1526.90091137007,1646.95461080299,20
"893",10,11355,113550602,6,"Cronulla-Sutherland Sharks","away",2021-04-16,21.126349142119,75.7897254263841,51.765152142998,1350.51482806799,1314.71539410483,1056.01271314125,1123.27492880447,0.748655932800001,1.53611562179187,4,112,94,18,9,0.434063096329214,0.436601294361246,0.445324445114496,1494.55218050129,1507.68168225142,1477.60856252913,22
"894",5,11355,113550603,6,"Melbourne Storm","home",2021-04-16,25.2387810203596,76.8459533064938,50.5524386053153,1354.09881677414,1316.57285543923,958.1670911174,1215.13876326237,1.221279888,1.49759941370582,6,140,70,70,6,0.52861175957895,0.538410730956296,0.519359436625045,1656.83810308776,1599.4406593668,1689.45814535837,20
"895",7,11355,113550602,6,"Newcastle Knights","home",2021-04-16,18.4848522940108,77.5935046691809,48.3424820818319,1272.99508122398,1404.98604817935,1186.70531788561,1001.71927079223,0.6585930528,1.6872289227816,4,101,120,-19,11,0.434063096329214,0.436601294361246,0.445324445114496,1448.46612037652,1463.38935185208,1439.463566102,26
"896",6,11355,113550603,6,"Sydney Roosters","away",2021-04-16,26.5982063051363,74.5463595368201,49.4924995909031,1323.16882520606,1384.53768109188,980.015722567136,1165.91762957165,0.876815155200001,1.59594178667002,8,160,66,94,2,0.52861175957895,0.538410730956296,0.519359436625045,1636.93487261809,1572.69745805294,1675.99910255593,4
"897",NA,11355,113550606,6,"Canberra Raiders","home",2021-04-17,20.0450977796626,75.8106834418986,50.1565535052416,1262.64013700713,1341.19685344603,1149.86574377968,1098.50941650184,1.3346646432,1.85399167976054,6,103,90,13,8,0.504697257033287,0.508265430654238,0.489565773924111,1565.10253307702,1532.32732872784,1587.37148141376,10
"898",8,11355,113550604,6,"Gold Coast Titans","away",2021-04-17,19.3994769040191,72.372885740397,48.6023772813407,1344.85999687785,1319.00084632698,1121.63306453902,1053.28138015633,0.799075728000001,1.60330475743201,6,124,79,45,7,0.513531940355821,0.517726435597003,0.497456390608522,1424.14705623096,1449.19291207334,1419.92406216009,0
"899",7,11355,113550604,6,"Manly-Warringah Sea Eagles","home",2021-04-17,15.2058076709066,74.5312777998339,51.4467062127399,1347.55693542388,1309.18437123957,1202.64148566784,986.251518251496,0.764991955200001,1.94453599619954,2,47,168,-121,15,0.513531940355821,0.517726435597003,0.497456390608522,1433.5523082249,1461.51566571466,1418.15656607597,36
"900",6,11355,113550606,6,"Parramatta Eels","away",2021-04-17,21.7292046079959,74.4263414367632,50.2141383933396,1285.73504815337,1379.94851222687,1018.89497083371,1169.90693623505,1.0715709504,1.70313735090793,8,116,80,36,5,0.504697257033287,0.508265430654238,0.489565773924111,1561.83844855335,1526.58339599817,1594.62297708517,35
"901",NA,11355,113550605,6,"South Sydney Rabbitohs","home",2021-04-17,25.4704560285241,76.8597286131885,50.7999317097968,1305.34387272468,1334.57559934207,1015.10294603362,1194.1838548753,0.867626995200001,1.51824857080927,8,143,60,83,3,0.673311721818558,0.582438319785571,0.745349729090257,1575.12326354044,1530.73465301096,1615.72452838049,18
"902",9,11355,113550605,6,"Wests Tigers","away",2021-04-17,20.1774173138482,77.1381754023033,49.8573960860744,1352.68000599007,1279.58594434735,1144.67451165222,1081.62170706818,0.674903932800001,1.3813373021048,2,94,160,-66,13,0.673311721818558,0.582438319785571,0.745349729090257,1449.49021421741,1472.9229314557,1429.1581462153,14
"903",8,11355,113550608,6,"Canterbury-Bankstown Bulldogs","away",2021-04-18,11.6641053856162,76.2039189394759,49.2500077897268,1411.34166809743,1303.99294240354,1157.48900982984,952.982762648097,1.509844848,1.87564042814083,0,34,174,-140,16,0.632546240206545,0.581008191030182,0.66362420181036,1326.08698118434,1409.37741229756,1262.66293451639,18
"904",6,11355,113550608,6,"North Queensland Cowboys","home",2021-04-18,17.9953495331073,74.3794572816369,50.2064808514433,1330.82997663696,1320.5363527375,1163.58093278186,1077.58161442237,0.814826995200001,1.56933793323869,2,70,171,-101,14,0.632546240206545,0.581008191030182,0.66362420181036,1420.442814475,1466.1681011929,1380.70192438705,30
"905",7,11355,113550607,6,"St George-Illawarra Dragons","home",2021-04-18,21.4677775421923,77.0997821783175,48.784264044539,1352.26736843944,1348.51038494984,1105.37237024104,1037.22427949843,1.4500711776,2.00527845728349,8,129,87,42,4,0.620295034119871,0.572136549364638,0.654079472658159,1538.85437933706,1528.42108685616,1541.84901502449,14
"906",6,11355,113550607,6,"Warriors","away",2021-04-18,17.4531431402391,77.0765481258928,50.6717915817189,1367.35515674249,1324.4262567429,1096.73111134246,1044.63146779701,0.952346563200001,1.36429567359424,4,93,102,-9,10,0.620295034119871,0.572136549364638,0.654079472658159,1453.59356839078,1477.94328565199,1431.18734090402,20
"907",9,11355,113550701,7,"Newcastle Knights","away",2021-04-22,18.9357611563702,77.79789438903,48.201933156922,1301.37537635054,1402.40688528859,1176.22299881247,983.196114544698,0.859077469632001,1.7059951874147,6,127,142,-15,10,0.677624030076566,0.588473982425977,0.751989807387326,1462.04860606462,1469.02333890847,1461.65058829742,6
"908",6,11355,113550701,7,"Penrith Panthers","home",2021-04-22,22.6390356165233,76.71588862993,50.7761928283857,1310.72932317663,1340.27725979548,978.191502435633,1233.53136401678,0.952527477888001,1.51801398371429,12,160,38,122,1,0.677624030076566,0.588473982425977,0.751989807387326,1591.0990608087,1531.15532656516,1654.34755809224,24
"909",6,11355,113550703,7,"Brisbane Broncos","away",2021-04-23,15.4608618678669,73.4030777670122,48.734961521031,1405.69298347762,1338.1143200444,1192.64569760625,948.827963811099,0.968253835776001,1.55835936720778,2,80,147,-67,14,0.703472773639924,0.587198267060414,0.792167590249279,1423.87809537639,1470.44874893232,1381.7640891996,6
"910",9,11355,113550702,7,"Gold Coast Titans","home",2021-04-23,18.2355082897779,71.9905125959732,48.5062346444602,1349.36839706518,1311.14079554736,1127.47508066668,1049.06449734695,0.931131184320001,1.50710647198608,6,124,115,9,7,0.272608011497545,0.372573856609451,0.213917987848503,1412.4718227995,1444.37017642931,1399.82231778443,30
"911",NA,11355,113550703,7,"Parramatta Eels","home",2021-04-23,22.5254523315161,75.0607609505574,50.4412900897392,1293.61094526417,1385.35160149326,1003.96127258369,1171.23252006095,1.307276693376,1.60094910985346,10,151,90,61,3,0.703472773639924,0.587198267060414,0.792167590249279,1573.95118272215,1531.66605030471,1614.20560804214,46
"912",5,11355,113550702,7,"South Sydney Rabbitohs","away",2021-04-23,25.0222286668126,77.1081448963971,50.751935807209,1330.3432403612,1361.54106338154,998.596769271601,1168.97282358278,0.935569375488001,1.60715365656072,10,161,74,87,2,0.272608011497545,0.372573856609451,0.213917987848503,1582.96378221679,1534.91026981311,1625.91053921688,40
"913",6,11355,113550705,7,"Canberra Raiders","away",2021-04-24,19.4423919128828,75.4620424353847,49.9071602949271,1275.0817287867,1345.74504223926,1152.3937991529,1078.79885151173,1.434584764608,1.8027521789749,6,113,125,-12,9,0.329104918276751,0.418857333666022,0.269038651611919,1552.98979890822,1527.2446744213,1567.7888504568,24
"914",7,11355,113550704,7,"Canterbury-Bankstown Bulldogs","away",2021-04-24,12.0442590624792,76.4316838031074,49.4150073223432,1406.94116801158,1316.41336585933,1149.11966924005,952.983796889211,1.77925415712,1.88310200245238,0,52,204,-152,16,0.719572524366089,0.635890593797064,0.766215036001504,1317.2680909493,1405.18749420786,1249.2079025888,18
"915",7,11355,113550704,7,"Cronulla-Sutherland Sharks","home",2021-04-24,21.1787681935919,76.1623419008011,51.8992430144181,1351.20393838391,1340.59247045854,1034.23195035277,1116.59843307621,0.823736576832001,1.50394868448436,4,134,120,14,11,0.719572524366089,0.635890593797064,0.766215036001504,1480.96969481319,1502.04769519503,1455.42154033371,12
"916",10,11355,113550705,7,"North Queensland Cowboys","home",2021-04-24,18.7156285611209,74.3566898447387,50.0740920003567,1341.64017803875,1321.58417157325,1150.94607681495,1074.00671755703,1.245937375488,1.47517765724437,4,100,189,-89,13,0.329104918276751,0.418857333666022,0.269038651611919,1429.26170471004,1470.3580192826,1394.15695631464,26
"917",6,11355,113550706,7,"Manly-Warringah Sea Eagles","away",2021-04-25,16.4534592106522,74.8594011318439,51.5399038399755,1337.98351929844,1315.83330896519,1189.46299652777,1000.21642715641,1.079092437888,1.94786383642757,4,83,168,-85,12,0.494851247544096,0.503466649352307,0.472273435722518,1445.22754165636,1466.33840135869,1438.25831045163,40
"918",7,11355,113550708,7,"Melbourne Storm","home",2021-04-25,24.924454159138,76.4351961081041,50.5792922889964,1355.65288776769,1339.03848411288,934.037065650356,1216.03043746663,1.38800309472,1.40774344888347,8,160,74,86,4,0.759400824303019,0.666640957355575,0.809503993610895,1668.15142085786,1604.05655205723,1708.68376789337,42
"919",NA,11355,113550707,7,"St George-Illawarra Dragons","away",2021-04-25,21.0197108896608,77.2137952476184,48.7972082018667,1373.25132633307,1353.21976185285,1086.09002802658,1029.11082272853,1.603066906944,2.00496174984648,8,143,107,36,6,0.642255909672163,0.564940814895587,0.692570823393493,1523.96729851819,1522.69972136252,1515.68583611816,10
"920",8,11355,113550707,7,"Sydney Roosters","home",2021-04-25,25.2423139268281,74.0335779646109,49.4629496154489,1345.2386956937,1384.26542022637,995.014779213108,1129.32257179735,0.944206245888001,1.62018527946982,8,164,86,78,5,0.642255909672163,0.564940814895587,0.692570823393493,1625.62155484799,1568.0815653625,1656.77348002093,34
"921",NA,11355,113550708,7,"Warriors","away",2021-04-25,17.6059545518247,78.1519552383392,50.6914840868158,1370.93384733794,1347.08068133832,1085.04724466192,1028.99357972919,1.255205769408,1.34243793317859,6,113,116,-3,8,0.759400824303019,0.666640957355575,0.809503993610895,1468.48064920966,1483.66465114564,1457.35051981035,20
"922",6,11355,113550706,7,"Wests Tigers","home",2021-04-25,19.8067722750173,77.5498848781651,49.86595232091,1378.55920563067,1306.1307876865,1122.43404095308,1061.12440464409,1.114409696832,1.29845706397852,2,108,178,-70,15,0.494851247544096,0.503466649352307,0.472273435722518,1441.64969554105,1468.74731465355,1418.97213537891,6
"923",6,11355,113550801,8,"Canberra Raiders","home",2021-04-29,19.7158483981099,75.0143198892616,49.9127306772315,1348.8768250595,1314.02033970491,1117.39017120373,1073.47092042103,1.46850967873152,1.81458704823641,6,137,151,-14,8,0.424850201242334,0.475263448714377,0.365367628019914,1536.88831694686,1521.43324775796,1538.55039652127,20
"924",9,11355,113550801,8,"South Sydney Rabbitohs","away",2021-04-29,25.9208949468039,77.8216562026133,50.9468196587765,1335.36264593953,1379.44859957865,987.280963115305,1156.97445416781,1.05943521295872,1.57072443716707,12,201,104,97,3,0.424850201242334,0.475263448714377,0.365367628019914,1589.50637449273,1538.6360083792,1634.46725873082,34
"925",9,11355,113550803,8,"Brisbane Broncos","home",2021-04-30,14.8932101557949,73.5588931009915,48.5708638297691,1410.81140446896,1330.78746084174,1208.14695574988,931.978285982433,1.21015860562944,1.76485780517531,2,86,193,-107,15,0.515583756302333,0.536884033419004,0.474384878708438,1416.76144194375,1466.32073160293,1373.45079280957,36
"926",6,11355,113550802,8,"Cronulla-Sutherland Sharks","away",2021-04-30,20.6280421019764,75.552601386753,51.965288433553,1358.63170208087,1357.35692223103,1008.53803333161,1116.26252709163,1.01431238222208,1.4137117634153,4,146,138,8,13,0.770326771930653,0.655432355765476,0.842664102993722,1463.6999542284,1495.68878925706,1424.77293889365,14
"927",7,11355,113550803,8,"Gold Coast Titans","away",2021-04-30,18.9413777923912,72.9510818402148,48.3558605657926,1368.00629324127,1317.31234781452,1117.96657582668,1034.72062750613,1.1752633132608,1.41668008366692,6,154,155,-1,7,0.515583756302333,0.536884033419004,0.474384878708438,1405.92923052356,1440.64443786322,1391.26559827049,28
"928",6,11355,113550802,8,"Melbourne Storm","home",2021-04-30,25.9489869095897,76.1090843416179,50.4245347516566,1379.73371450163,1336.6361750661,918.494841711334,1208.04861121863,1.6647229090368,1.32327884195047,10,202,94,108,4,0.770326771930653,0.655432355765476,0.842664102993722,1673.92580107459,1607.39014248368,1716.30360814894,40
"929",7,11355,113550805,8,"Canterbury-Bankstown Bulldogs","home",2021-05-01,12.4016035187305,76.7657827749209,49.2701068830026,1419.72469793089,1325.92856390777,1146.83248908565,932.164769075858,2.1524989076928,1.77011588230524,2,70,216,-146,16,0.194796316886555,0.328444879809711,0.122118113648643,1334.53783153409,1411.54640014583,1279.85650402886,10
"930",NA,11355,113550804,8,"Manly-Warringah Sea Eagles","away",2021-05-01,17.8662516580131,74.8078370639332,51.567509609577,1341.88450814054,1307.14331042728,1176.5352167361,1016.76344152702,1.43434689161472,1.89099200624191,6,123,174,-51,11,0.69336014878327,0.590932999802588,0.767147017015725,1457.10397159741,1471.37306785221,1457.14924788053,16
"931",9,11355,113550806,8,"Newcastle Knights","home",2021-05-01,18.159615486988,78.2300207256882,48.1298171675066,1329.55285376951,1413.18247217128,1170.74961888373,946.644347672016,1.22753282145408,1.60363547616982,6,133,166,-33,10,0.2620068986902,0.350018395369552,0.222507654517879,1454.31158278645,1464.90807873273,1451.73018059291,4
"932",NA,11355,113550805,8,"Parramatta Eels","away",2021-05-01,23.9339251916251,75.357115293524,50.6548126843549,1288.95428854832,1391.69050540367,983.803596228666,1188.01856885729,1.52884009177344,1.50489216326225,12,197,96,101,2,0.194796316886555,0.328444879809711,0.122118113648643,1581.06783615479,1535.79406763411,1622.51890443216,32
"933",7,11355,113550804,8,"Penrith Panthers","home",2021-05-01,22.7206934795319,76.7329353121342,50.9096212586825,1327.00556378604,1366.12062420775,941.940012289495,1224.61948217577,1.13537582921472,1.48693314469143,14,184,44,140,1,0.69336014878327,0.590932999802588,0.767147017015725,1598.83608408687,1535.2705867409,1664.26796579674,28
"934",8,11355,113550806,8,"Sydney Roosters","away",2021-05-01,25.7677750912185,74.0315632867343,49.555172638522,1338.62437395208,1384.06949501279,986.613892460321,1142.20321748951,1.12755387113472,1.76297416270163,10,198,96,102,5,0.2620068986902,0.350018395369552,0.222507654517879,1634.20741301585,1572.43215721354,1669.07064708519,38
"935",6,11355,113550807,8,"North Queensland Cowboys","away",2021-05-02,19.1526908474536,74.6952884540543,50.0696464803353,1310.16176735642,1392.58912127885,1141.28931220605,1043.70631450361,1.41118113295872,1.44666699780971,6,126,213,-87,12,0.524937992145385,0.50598875867837,0.53782708179276,1445.3631866714,1476.16944594594,1423.39541025016,20
"936",70,11355,113550808,8,"St George-Illawarra Dragons","home",2021-05-02,20.3585282362811,77.5009675327613,48.8093757097547,1373.71624675309,1346.12657614168,1101.56462634498,1018.66417336481,1.68688289252736,2.1246640448557,8,153,141,12,6,0.62076588159233,0.577986417258369,0.644439517929237,1515.38144035032,1518.34912951147,1503.3886690539,8
"937",5,11355,113550807,8,"Warriors","home",2021-05-02,17.7495972787152,78.1428379240388,50.7699950416068,1366.61781649766,1371.67584045802,1084.9244099822,1007.75396494544,1.29989342324352,1.38189165718787,6,133,158,-25,9,0.524937992145385,0.50598875867837,0.53782708179276,1462.70626899293,1480.3310607192,1449.73067955478,24
"938",7,11355,113550808,8,"Wests Tigers","away",2021-05-02,18.9783659385163,77.8168917854752,49.7539951816554,1366.10565329283,1311.94294042531,1131.6479984959,1055.89694036545,1.40754511502208,1.2205496401398,2,114,218,-104,14,0.62076588159233,0.577986417258369,0.644439517929237,1429.77326559999,1463.71264816003,1400.08119795,16
"939",NA,11355,113550901,9,"Melbourne Storm","away",2021-05-06,26.7920476950144,76.1625392811208,50.5790626665572,1397.38969163153,1348.65800456214,906.525151208654,1188.54569454551,1.92483953449459,1.42388211143344,12,242,108,134,5,0.387224837256712,0.404136925369004,0.39575442430918,1679.43795854825,1610.83581892602,1722.59704402919,50
"940",8,11355,113550901,9,"South Sydney Rabbitohs","home",2021-05-06,26.4056412499957,78.0123568304565,51.1300104792499,1348.84088718316,1379.24168360393,972.264105328386,1156.13598691774,1.4158691001812,1.53648097093705,14,235,124,111,3,0.387224837256712,0.404136925369004,0.39575442430918,1599.70277932255,1543.38864286635,1649.08196385161,0
"941",7,11355,113550902,9,"Cronulla-Sutherland Sharks","away",2021-05-07,20.2303595758578,74.7394453035478,51.6673711275398,1369.33379995602,1376.35550689717,1001.00575133171,1092.42677546613,1.19345363928876,1.44888905761038,4,160,178,-18,13,0.700986621499611,0.5673957856638,0.812827537801155,1458.18779675474,1492.24311281472,1418.4795030134,0
"942",8,11355,113550903,9,"Parramatta Eels","home",2021-05-07,24.4178896801276,75.0356883759125,50.7955239232936,1296.69703123542,1408.20907507945,957.235380454946,1189.21745472586,1.73710968626703,1.41459863346651,14,229,106,123,2,0.421850505130251,0.44716110939455,0.427737302900063,1585.74294776007,1539.0785164322,1627.40362897811,31
"943",6,11355,113550902,9,"Penrith Panthers","home",2021-05-07,23.03745187076,76.6889591934061,50.6750439831616,1329.34522995887,1371.93338675528,938.403611552126,1217.56231324523,1.24725327946184,1.57771715600994,16,212,60,152,1,0.700986621499611,0.5673957856638,0.812827537801155,1606.19544051607,1539.36125674287,1673.58208511611,48
"944",7,11355,113550903,9,"Sydney Roosters","away",2021-05-07,26.5017085857453,74.5696694895302,49.8218622802106,1346.08691151495,1380.58532531202,978.537058912702,1144.35102444014,1.29990063886664,1.77719571293953,12,236,100,136,4,0.421850505130251,0.44716110939455,0.427737302900063,1640.49557858442,1575.93234116724,1677.97095326591,18
"945",7,11355,113550906,9,"Brisbane Broncos","away",2021-05-08,16.1596175464472,73.885359514932,48.776611999983,1414.84272020082,1324.08021319123,1203.63813840489,934.559588823487,1.31754908929167,1.8389663368648,4,122,221,-99,15,0.508021326368992,0.500399271428393,0.51500992050258,1428.38743179249,1470.95189126874,1394.47539766123,18
"946",9,11355,113550904,9,"Canberra Raiders","home",2021-05-08,19.7328974942233,75.1334606959059,49.6779668365976,1350.50421555593,1328.77911932261,1118.9267609315,1053.28266519577,1.38039909800763,1.70571182534222,6,157,185,-28,9,0.611317169711073,0.578879505279654,0.614645647771247,1526.69191211704,1516.68061327082,1523.93569140048,16
"947",8,11355,113550905,9,"Gold Coast Titans","away",2021-05-08,19.4848951248478,73.9740169298019,48.3345089318451,1359.06591564679,1326.95360694565,1109.38858127707,1040.61738985576,1.46474751446515,1.3916792786469,6,182,191,-9,8,0.571982387041692,0.5480319170411,0.579363661132996,1394.30324067482,1436.01327819741,1370.24099341883,36
"948",6,11355,113550904,9,"Newcastle Knights","away",2021-05-08,17.3100385577687,78.636219482147,48.0020281374562,1329.33968254334,1416.171523841,1171.1846417507,940.965686811695,1.33388085216684,1.50741734759963,6,137,204,-67,11,0.611317169711073,0.578879505279654,0.614645647771247,1448.02341721789,1461.40789477903,1442.82987441219,24
"949",NA,11355,113550906,9,"North Queensland Cowboys","home",2021-05-08,19.2035293966064,75.1935711468111,50.1854676915152,1304.33206131504,1403.83377400212,1131.55195347369,1045.46393563339,1.4465102649812,1.35986697794112,6,146,237,-91,12,0.508021326368992,0.500399271428393,0.51500992050258,1433.96169848289,1471.22933353272,1404.90849352187,19
"950",6,11355,113550905,9,"Wests Tigers","home",2021-05-08,18.7996639822053,77.7078782783467,50.068755470756,1374.85931409526,1328.1463639998,1108.98911858615,1050.74312394352,1.50309240812076,1.20731666173142,4,130,226,-96,14,0.571982387041692,0.5480319170411,0.579363661132996,1444.67164675821,1469.49251233261,1425.85877866717,28
"951",6,11355,113550908,9,"Canterbury-Bankstown Bulldogs","away",2021-05-09,12.2575073076066,76.6598358084257,49.1339004700225,1434.56121605504,1331.4528500733,1150.50253974051,908.694882931307,2.26334897323123,1.78390892936692,2,80,248,-168,16,0.727538505051515,0.645757231502025,0.762509189397842,1329.86271992881,1408.26195134773,1274.97177948292,12
"952",8,11355,113550907,9,"Manly-Warringah Sea Eagles","home",2021-05-09,17.7542765585323,75.0593668400973,51.6534590330024,1349.1514376521,1310.67471180164,1172.36310373194,1008.7376350354,1.58828607811784,1.8375324858674,6,139,202,-63,10,0.464995975385818,0.474135179522865,0.470700875637723,1449.74461516821,1467.28239785024,1447.83512856116,38
"953",6,11355,113550908,9,"St George-Illawarra Dragons","home",2021-05-09,19.6170165421043,76.9909094807956,48.5808131671694,1386.2132719479,1356.07898157318,1093.67074876428,1002.78432296293,1.64566991897572,2.17718420216435,8,161,157,4,6,0.727538505051515,0.645757231502025,0.762509189397842,1500.4830591921,1512.56926533889,1477.61108833674,32
"954",6,11355,113550907,9,"Warriors","away",2021-05-09,18.1246214419923,77.7742676485965,50.6037953391104,1379.4207475078,1362.15529003054,1084.20894538327,1006.02872704872,1.34189981784891,1.3589781577566,8,157,178,-21,7,0.464995975385818,0.474135179522865,0.470700875637723,1474.10775718144,1485.27117313241,1468.21759628307,32
"955",7,11356,113560101,1,"Manly-Warringah Sea Eagles","away",2021-09-10,18.9690199650204,74.8158048296914,51.7342514910222,1361.62235139298,1349.51422909355,1144.38131750802,984.933376933276,1.61298891343077,1.78728053671536,8,177,234,-57,9,0.786138558089763,0.694098918507385,0.825044681116436,1462.58471175895,1472.54104605501,1469.00709353565,12
"956",7,11356,113560101,1,"Melbourne Storm","home",2021-09-10,28.1845248333135,77.1727869242536,50.9643189065638,1388.78631013364,1352.93852428841,895.213642136135,1203.63295287278,2.04934916242492,1.51844918474743,14,292,108,184,3,0.786138558089763,0.694098918507385,0.825044681116436,1688.73135464242,1614.87718817971,1738.42722100155,40
"957",NA,11356,113560102,1,"Gold Coast Titans","away",2021-09-11,20.4758014173569,73.9755759140138,48.4344383959344,1362.60196070798,1323.89639052891,1104.14526640045,1046.58034646442,1.91686266359724,1.36817852192809,8,218,219,-1,7,0.778733396947325,0.677447829622184,0.818506912869907,1408.03081796382,1441.49359736782,1393.41553986415,24
"958",8,11356,113560103,1,"Penrith Panthers","home",2021-09-11,24.5352047585144,76.9476216418017,51.0545413441719,1309.70451616134,1395.39738354997,903.399394858998,1216.56857445051,1.41241808269413,1.60305412664935,18,260,60,200,1,0.532997488200653,0.506245473591841,0.568383256262388,1613.37176160008,1543.68729888623,1681.06898360407,10
"959",7,11356,113560103,1,"South Sydney Rabbitohs","away",2021-09-11,24.8213027749959,77.7116154206291,50.6422098504949,1353.11043395217,1371.72718258769,1000.32825900868,1129.84782770268,1.45091695417033,1.50429211268083,14,235,174,61,4,0.532997488200653,0.506245473591841,0.568383256262388,1590.40938322839,1539.34727361266,1633.25178687925,16
"960",9,11356,113560102,1,"Sydney Roosters","home",2021-09-11,25.9916060706006,74.1154893201584,49.412550543398,1359.52169682406,1377.1902057933,1009.28483537794,1103.82996297373,1.58190660053464,1.91056397016316,12,254,131,123,5,0.778733396947325,0.677447829622184,0.818506912869907,1626.61999070754,1570.40395226119,1655.08044538191,25
"961",6,11356,113560104,1,"Newcastle Knights","away",2021-09-12,17.7114362443026,78.5980463132181,48.0019064492089,1329.19930159074,1416.64123241054,1161.15356324566,947.747745602993,1.61384800103683,1.65697230674365,8,161,220,-59,10,0.687443643953155,0.609594733516928,0.741299346440586,1462.69502929095,1467.19668983183,1467.41570032304,20
"962",7,11356,113560104,1,"Parramatta Eels","home",2021-09-12,24.81281629932,75.6335470733578,51.167792487896,1298.3352093613,1417.91653057468,927.941257627649,1207.3244074423,1.69288310509101,1.32972271545852,16,260,124,136,2,0.687443643953155,0.609594733516928,0.741299346440586,1599.61853563694,1544.60690533826,1650.29413686211,28
"963",6,11356,113560201,2,"Manly-Warringah Sea Eagles","home",2021-09-17,18.5508787671192,74.5868565399099,51.1501964015609,1372.5650103094,1353.50337534793,1143.39843845754,973.11737431728,1.57620957862492,1.80004370451243,NA,NA,NA,NA,NA,0.268081499830063,0.354453323459941,0.23990514949107,1457.45203715311,1469.48203524008,1462.00888078031,42
"964",8,11356,113560201,2,"Sydney Roosters","away",2021-09-17,25.9321097063646,73.6885599609489,49.4477975107941,1370.05039501461,1399.6787934457,989.707745255264,1095.14016519531,1.66699220450256,1.85593013195337,NA,NA,NA,NA,NA,0.268081499830063,0.354453323459941,0.23990514949107,1631.93038918081,1573.62947396496,1662.34016886711,6
"965",6,11356,113560202,2,"Parramatta Eels","away",2021-09-18,25.0040473213608,76.0755342489563,51.2177249386222,1302.33509679962,1438.4415387402,916.00478216999,1192.90494299577,1.83131011878555,1.24993935253101,NA,NA,NA,NA,NA,0.490589199524042,0.485776577013801,0.496677836445974,1607.11988818206,1548.51095800309,1660.64216300448,6
"966",7,11356,113560202,2,"Penrith Panthers","home",2021-09-18,23.6630924730035,76.9507643432936,50.8112688635216,1337.86224519166,1405.69354053697,895.635431167458,1192.11445998348,1.50767299773248,1.62687087905039,NA,NA,NA,NA,NA,0.490589199524042,0.485776577013801,0.496677836445974,1600.57982188326,1538.62484415031,1658.33365335357,8
"967",5,11356,113560301,3,"Manly-Warringah Sea Eagles","away",2021-09-24,19.957826041092,74.8516451475153,51.5011846174673,1384.29110969084,1355.75317282706,1116.49453215009,989.070331858243,1.72163700390743,1.87204108224169,NA,NA,NA,NA,NA,0.676532546316932,0.597283207641624,0.719424791752071,1475.01808115719,1475.93750200549,1492.41267480067,16
"968",NA,11356,113560301,3,"South Sydney Rabbitohs","home",2021-09-24,24.2920246084962,78.2089184953914,50.7836772594652,1365.94380791504,1396.16355163243,988.848563468162,1108.49695804052,1.48386193692011,1.53403458591998,NA,NA,NA,NA,NA,0.676532546316932,0.597283207641624,0.719424791752071,1603.2013229452,1544.40972834857,1655.98711712974,36
"969",6,11356,113560302,3,"Melbourne Storm","home",2021-09-25,28.8934533433147,78.3624197087983,51.3864597721699,1390.41913152562,1364.40221283111,888.780823607967,1199.09497570041,1.98638821267942,1.54734223366259,NA,NA,NA,NA,NA,0.614580924128847,0.60514554691574,0.595186028367939,1693.86402924826,1617.93619899464,1745.4254337569,6
"970",9,11356,113560302,3,"Penrith Panthers","away",2021-09-25,22.7233069246233,77.493718482696,50.6425927317103,1346.39051048016,1426.95192810475,884.797305297411,1172.36759238447,1.71721261786853,1.76925862630736,NA,NA,NA,NA,NA,0.614580924128847,0.60514554691574,0.595186028367939,1612.80568109468,1543.76707838018,1678.46653989573,10
"971",5,11356,113560401,4,"Penrith Panthers","home",2021-10-03,21.9599085091459,77.4040953737343,50.5440371678076,1355.66707985135,1441.59481241847,879.049466979566,1154.16553684141,1.97417986079642,1.84310310872892,NA,NA,NA,NA,NA,0.523858353154895,0.501988325824634,0.55029032082931,1627.55562327378,1549.81853384933,1702.27398103045,14
"972",8,11356,113560401,4,"South Sydney Rabbitohs","away",2021-10-03,24.9945031319864,78.3163833856679,50.9166566238973,1360.24717944014,1408.45373853449,962.997649660072,1128.14714055809,1.6348302207049,1.44199251076478,NA,NA,NA,NA,NA,0.523858353154895,0.501988325824634,0.55029032082931,1610.9645418336,1548.43689627216,1667.21012545966,12
"973",7,11688,116880101,1,"Manly-Warringah Sea Eagles","away",2022-03-10,19.7203564786265,74.3805464386644,51.2311135404192,1397.29364310939,1350.66798245743,1135.66486022108,963.206111946748,1.85833878367298,1.93971861730719,NA,NA,NA,NA,NA,0.728800783945732,0.617073128568453,0.798382118491249,1467.25486226879,1471.9103340819,1481.18966647075,6
"974",9,11688,116880101,1,"Penrith Panthers","home",2022-03-10,21.4823139985972,77.7398496513102,50.6913949377392,1364.02705506027,1452.23912367336,854.446498960792,1159.01560463092,2.15572906914863,1.73251692220519,NA,NA,NA,NA,NA,0.728800783945732,0.617073128568453,0.798382118491249,1638.98302279806,1554.79865059109,1720.26236819728,28
"975",6,11688,116880103,1,"Brisbane Broncos","home",2022-03-11,16.2700404936603,73.3522379440361,48.790015279984,1419.65215698877,1344.59540039976,1188.47985010059,924.506013494078,1.35849614393417,1.78862835665291,4,140,240,-100,14,0.258613714115672,0.390281044223528,0.171063189807764,1416.57994362535,1465.95588398302,1375.07579448134,11
"976",NA,11688,116880102,1,"Canberra Raiders","home",2022-03-11,19.5089236445699,75.3054530541516,49.8172888264018,1354.91396262257,1328.67237216326,1115.03115527561,1050.32570528402,1.59757515212717,1.72336911582169,6,173,209,-36,12,0.586907339062145,0.53301521130477,0.62448415273079,1512.02030004398,1510.89181821802,1499.34986548963,24
"977",6,11688,116880102,1,"Cronulla-Sutherland Sharks","away",2022-03-11,19.0165380013063,74.515078585335,51.1473288598874,1392.95377195866,1353.89417648334,1013.00540625181,1048.18116893817,1.24184642093143,1.72195571415376,4,160,226,-66,13,0.586907339062145,0.53301521130477,0.62448415273079,1451.01147567073,1487.91707067135,1410.99260452545,19
"978",9,11688,116880103,1,"South Sydney Rabbitohs","away",2022-03-11,24.2148329440672,78.2974003825278,50.6816572264634,1375.77234867373,1413.64651422242,979.317790680468,1088.5983121246,1.59674040746261,1.65547296011889,NA,NA,NA,NA,NA,0.258613714115672,0.390281044223528,0.171063189807764,1599.53714230931,1543.4567795304,1649.22173829283,4
"979",6,11688,116880106,1,"Melbourne Storm","away",2022-03-12,27.5198461427158,77.9806745262704,51.3632721858397,1407.25398363409,1372.59808006124,887.593974191489,1174.48927715839,2.10720491991866,1.45450169964283,NA,NA,NA,NA,NA,0.19331980579263,0.299176404936989,0.13753331945158,1679.11408706917,1611.88474352548,1721.61799262218,26
"980",6,11688,116880104,1,"Newcastle Knights","away",2022-03-12,17.8487500696444,79.522163534425,48.0017920622563,1355.04734349529,1413.54275846591,1149.50434945092,934.622880866813,1.81701712097462,1.67755396833903,NA,NA,NA,NA,NA,0.714279446704278,0.645196140307836,0.732359168144103,1455.19367674583,1463.292637167,1457.06767418067,20
"981",6,11688,116880105,1,"St George-Illawarra Dragons","away",2022-03-12,20.359995549578,76.2714549119479,48.6659643771392,1386.92047563103,1371.19424267879,1079.89050383843,999.61726358515,1.78692972383718,2.04655315003449,10,193,169,24,6,0.434532046638916,0.448235263820881,0.442595927671395,1507.02213507087,1516.11169302387,1487.11072076082,28
"982",8,11688,116880104,1,"Sydney Roosters","home",2022-03-12,24.7361831239827,73.287246363292,49.0609296601465,1371.30737131374,1409.77806583896,1004.66528053995,1071.13175528359,1.68697267223241,1.74457432403617,NA,NA,NA,NA,NA,0.714279446704278,0.645196140307836,0.732359168144103,1614.36434517673,1567.17400719956,1631.93637484676,6
"983",8,11688,116880105,1,"Warriors","home",2022-03-12,18.9571441554728,77.6678115896807,50.3875676187638,1414.13550265734,1373.84597262871,1055.87640866027,988.027003425792,1.32138582877798,1.2774394682912,8,189,216,-27,8,0.434532046638916,0.448235263820881,0.442595927671395,1461.2676605907,1480.01252492764,1447.04563130858,16
"984",8,11688,116880106,1,"Wests Tigers","home",2022-03-12,19.351684143273,78.1454055816459,50.0646301425107,1368.92775524954,1333.53758215981,1110.84977147098,1049.01853650691,1.59290686363351,1.13487766202753,4,158,262,-104,15,0.19331980579263,0.299176404936989,0.13753331945158,1430.94406946921,1464.0121931622,1402.68423222185,16
"985",14,11688,116880108,1,"Canterbury-Bankstown Bulldogs","away",2022-03-13,12.2420568691502,76.8002456599201,49.1858664418211,1444.96754309173,1335.4456790689,1138.47238735608,906.013189955429,2.42754803483736,1.67687439360491,2,92,280,-188,16,0.669262910000547,0.601476397788101,0.713886055509793,1323.32364405004,1404.71952366276,1265.47214705883,6
"986",NA,11688,116880107,1,"Gold Coast Titans","away",2022-03-13,20.6872533323155,73.6770413591729,48.5283720921783,1385.96584306551,1336.56260709718,1095.43655041642,1024.76552567655,1.92185090378141,1.3460878106124,NA,NA,NA,NA,NA,0.751427508182675,0.646801211931297,0.812170584939499,1402.72041949055,1438.26807566404,1386.15581637895,28
"987",9,11688,116880108,1,"North Queensland Cowboys","home",2022-03-13,19.19131763281,75.4219568780024,50.2343396300243,1326.03213763613,1409.303747562,1109.67883626527,1039.79609949539,1.65971964908233,1.27827495926466,8,165,255,-90,11,0.669262910000547,0.601476397788101,0.713886055509793,1445.76918665004,1476.22534081844,1424.30809670177,4
"988",9,11688,116880107,1,"Parramatta Eels","home",2022-03-13,23.8638044820791,76.3710021940189,51.2646614423049,1329.79499099164,1440.93504641579,912.824495239791,1164.23064641602,1.84143151165842,1.29494299137915,NA,NA,NA,NA,NA,0.751427508182675,0.646801211931297,0.812170584939499,1594.89402897064,1543.36872377323,1640.50927646232,32
"989",9,11688,116880201,2,"Melbourne Storm","home",2022-03-17,27.4286553741529,77.8618340546942,51.1614758546894,1420.61874461604,1377.96219525756,899.798335739999,1143.31992052889,2.10077262472354,1.42723159766426,2,26,16,10,4,0.64272614332632,0.609740902852666,0.654591660296298,1683.75376240819,1614.87650757485,1727.11932540024,15
"990",NA,11688,116880201,2,"South Sydney Rabbitohs","away",2022-03-17,23.0019429674232,78.0395563595762,50.6407577928756,1393.9660077533,1425.60772336907,969.57872323964,1065.22241339712,1.56093598301485,1.55614458251176,0,4,11,-7,12,0.64272614332632,0.609740902852666,0.654591660296298,1581.74387144809,1537.35958997264,1616.06426588514,14
"991",8,11688,116880203,2,"Manly-Warringah Sea Eagles","away",2022-03-18,18.8971350899089,74.8377136523446,50.9772467279941,1423.43602452282,1356.74790350999,1130.22496860782,940.153745229943,2.1668384566526,1.88333550026876,0,6,28,-22,16,0.686889325416208,0.630248808459579,0.678210501017111,1460.74608108349,1468.08106536759,1473.1249512104,12
"992",5,11688,116880202,2,"Penrith Panthers","away",2022-03-18,21.8733751586813,78.1154586722316,50.8299112414748,1369.30543175665,1475.08477625296,837.919709023145,1152.17466835307,2.14638532499972,1.74856590687287,2,28,6,22,1,0.323646791066756,0.445482456924058,0.216421810224987,1645.49180398336,1558.6279193054,1728.32708345763,20
"993",7,11688,116880202,2,"St George-Illawarra Dragons","home",2022-03-18,20.8183958166033,76.615167617231,49.1660065145109,1360.64524709317,1352.88258811806,1092.55707360812,1030.48022777004,1.85971394040695,1.98375996103242,2,28,16,12,3,0.323646791066756,0.445482456924058,0.216421810224987,1517.4509041902,1520.59404566208,1504.81455786768,16
"994",7,11688,116880203,2,"Sydney Roosters","home",2022-03-18,23.6120121365437,72.9700115814944,48.9372738805377,1374.94892903491,1425.03138188862,1008.52536370755,1047.42384996658,1.64575431189846,1.759899864594,0,6,20,-14,15,0.686889325416208,0.630248808459579,0.678210501017111,1597.22163845583,1560.72204579648,1602.64200812099,26
"995",NA,11688,116880206,2,"Canberra Raiders","away",2022-03-19,19.7783882258957,74.9271258709025,49.8882514968177,1341.89912486522,1307.75202983346,1126.48928595908,1070.46616296698,1.56172064299954,1.61996696887239,2,24,19,5,6,0.370305832768367,0.435102698600774,0.335632376305847,1521.93452390649,1515.56166610497,1514.3704993804,6
"996",9,11688,116880205,2,"Cronulla-Sutherland Sharks","home",2022-03-19,19.0155457212279,74.1241738702149,51.0184891282942,1368.17654564114,1340.94052589433,1035.3850818767,1063.65029880188,1.22733563567554,1.67863837130453,0,19,24,-5,11,0.285025755304963,0.409406615342004,0.189860139196417,1441.09725180822,1483.2472227844,1395.97197063468,18
"997",11,11688,116880204,2,"Gold Coast Titans","home",2022-03-19,21.1260181323766,74.1164188776226,48.3766697666476,1365.20789248157,1306.34885067134,1141.13035739144,1028.73959413596,1.80653984955452,1.44532254197566,0,28,32,-4,10,0.422789219160207,0.441560898507045,0.427551557045551,1396.75467968694,1434.73608778335,1378.64263977653,20
"998",13,11688,116880206,2,"North Queensland Cowboys","home",2022-03-19,18.2798385748414,75.0366394653223,50.1602792522228,1337.37020937797,1424.04552270828,1097.27810608935,1022.16833352566,1.80013647013739,1.26157846170878,0,4,6,-2,9,0.370305832768367,0.435102698600774,0.335632376305847,1429.70687681002,1470.21057684056,1395.75265448138,26
"999",NA,11688,116880205,2,"Parramatta Eels","away",2022-03-19,24.3519762131544,76.7687420623778,51.4287817557666,1299.98729153214,1416.87894363084,923.515025525403,1205.79680763106,1.79094562095891,1.2172464118964,2,32,28,4,7,0.285025755304963,0.409406615342004,0.189860139196417,1600.85976877426,1546.90071165391,1648.02245306474,16
"1000",9,11688,116880204,2,"Warriors","away",2022-03-19,18.7797155061444,77.1477428942999,49.944313561638,1393.2473724979,1348.35521427099,1083.36382414066,1006.20538322024,1.3621026790513,1.26079310019373,0,16,28,-12,14,0.422789219160207,0.441560898507045,0.427551557045551,1450.83889147137,1475.53017228943,1429.34179420172,18
"1001",8,11688,116880208,2,"Brisbane Broncos","away",2022-03-20,15.9538380640407,73.2711036673939,48.8626143631849,1431.25302756945,1364.65967637577,1159.11105909456,918.055652684433,1.63698637529812,1.74131065525373,2,11,4,7,5,0.36660932840227,0.41266013410643,0.341319247229426,1434.37321448657,1472.05307354079,1408.23326688903,16
"1002",6,11688,116880208,2,"Canterbury-Bankstown Bulldogs","home",2022-03-20,11.8675334570012,76.6322309203249,49.2947144553119,1457.56949050623,1346.21893832477,1114.92404411472,905.832398558103,2.28189515274712,1.69626192998861,2,6,4,2,8,0.36660932840227,0.41266013410643,0.341319247229426,1339.38595389006,1410.73428764064,1294.02758927922,10
"1003",7,11688,116880207,2,"Newcastle Knights","home",2022-03-20,17.9778250654657,79.5508337223596,48.301684538521,1373.58450288557,1414.65019295795,1121.09408848387,942.685508014805,1.82799609371614,1.69690073023869,2,20,6,14,2,0.565860441224898,0.512552451004161,0.625592963798992,1472.33638346673,1469.74459857008,1486.36204090643,26
"1004",9,11688,116880207,2,"Wests Tigers","away",2022-03-20,19.1505830946766,77.7166812467471,50.18075233396,1374.51208993457,1351.32532723022,1083.49878518272,1051.5374243165,1.4973324518155,1.06678500230588,0,16,26,-10,13,0.565860441224898,0.512552451004161,0.625592963798992,1426.30439413018,1461.02042911283,1397.18289944379,4
"1005",8,11688,116880301,3,"Cronulla-Sutherland Sharks","away",2022-03-24,18.9546129779543,74.296723438002,50.5973797805965,1359.28595290267,1337.34409434067,1065.1819769641,1056.89128087376,1.21369549753501,1.69792006902626,2,37,40,-3,10,0.573473237350779,0.538758157772838,0.596324522252261,1458.2566336809,1489.15315663098,1428.37756506682,36
"1006",11,11688,116880301,3,"St George-Illawarra Dragons","home",2022-03-24,20.5292920676071,75.9182575601971,49.5160461236402,1367.14653226758,1354.02963283097,1085.68364919163,1029.49141410384,1.92813110398253,1.86473436337048,2,44,36,8,6,0.573473237350779,0.538758157772838,0.596324522252261,1509.6833812046,1516.13922109284,1496.15768545868,12
"1007",7,11688,116880303,3,"South Sydney Rabbitohs","home",2022-03-25,22.4618263893778,76.8371829780016,50.8423123253031,1406.56804728811,1433.37125996693,961.323999845261,1063.8890685933,1.58727982403396,1.64277590756105,0,18,26,-8,13,0.454696034434112,0.455558883078045,0.48091845840423,1573.16929888792,1533.45699900117,1602.24793229699,28
"1008",7,11688,116880303,3,"Sydney Roosters","away",2022-03-25,23.7552914083511,72.8518108866048,49.1210374477054,1354.97199329282,1400.84949897531,1022.6538418851,1077.39841896858,1.66700905318456,1.77430587271836,2,32,32,0,8,0.454696034434112,0.455558883078045,0.48091845840423,1604.73629464584,1564.41955771189,1615.51358808031,16
"1009",NA,11688,116880302,3,"Warriors","away",2022-03-25,18.7329325757758,77.1388783206419,49.8876547479397,1379.91253014802,1348.87390141473,1077.94199469222,1031.27306022703,1.40037651830822,1.30514551418211,0,34,48,-14,14,0.469670805535632,0.480150888534613,0.465176281656308,1436.98583273121,1469.9457812745,1406.44385648355,16
"1010",8,11688,116880302,3,"Wests Tigers","home",2022-03-25,18.241548108996,77.3736803719423,49.8099071939224,1362.9013645385,1332.76580759641,1130.98885807175,1031.16517885751,1.52749250470657,1.18277790216753,0,20,52,-32,15,0.469670805535632,0.480150888534613,0.465176281656308,1415.88504471958,1456.14595362288,1382.20661799575,12
"1011",6,11688,116880306,3,"Canberra Raiders","home",2022-03-26,18.9516849323419,73.9714983186483,49.5349564070086,1359.42517737331,1293.96690804345,1149.67992880153,1041.81819318896,1.58801740441957,1.64276895074005,2,30,45,-15,12,0.635029059984292,0.598833006309489,0.621642332767138,1506.82186389293,1509.91269309098,1487.79579443263,24
"1012",7,11688,116880306,3,"Gold Coast Titans","away",2022-03-26,21.058457044434,73.9294337449652,48.5340695806487,1364.71541893268,1298.22791963106,1158.10253594795,1026.5952184878,1.93814745858125,1.65860318945712,2,48,50,-2,9,0.635029059984292,0.598833006309489,0.621642332767138,1410.60773842709,1440.32047879828,1401.54057749471,22
"1013",6,11688,116880305,3,"Melbourne Storm","home",2022-03-26,26.6829360517037,77.3901240114126,50.851787303408,1428.68161993908,1391.52446354211,908.390435595599,1124.64072529715,2.09472626724013,1.3415977018044,4,41,30,11,4,0.651425880772206,0.610107127118975,0.672913692242438,1692.32833496836,1618.77909854633,1740.93565898839,24
"1014",11,11688,116880304,3,"Newcastle Knights","away",2022-03-26,18.4591555615378,80.177783699018,48.7635834662097,1353.68943271244,1400.63118138048,1096.54844317483,998.624377533917,1.71831632809317,1.59508668642437,4,46,10,36,1,0.727405268880655,0.624627784335418,0.795187874252501,1482.75573287734,1474.61907406003,1501.33832235447,20
"1015",8,11688,116880305,3,"Parramatta Eels","away",2022-03-26,23.8508576403651,76.9026175386351,51.7030548504206,1298.84805404021,1405.06620701299,925.164123993879,1225.3689991732,1.74348888370138,1.20421162718262,2,48,46,2,7,0.651425880772206,0.610107127118975,0.672913692242438,1583.70038690158,1540.99477780733,1615.6168586326,28
"1016",NA,11688,116880304,3,"Penrith Panthers","home",2022-03-26,21.7609726491605,77.5685311518977,50.4801165669863,1369.46710585125,1474.71968967778,848.484526481756,1141.72418825188,2.07760220549973,1.7636519524605,4,48,22,26,2,0.727405268880655,0.624627784335418,0.795187874252501,1653.25932696896,1563.08274387464,1736.98395586663,38
"1017",9,11688,116880307,3,"Brisbane Broncos","home",2022-03-27,15.9566077801983,73.6148374473503,48.5708575013938,1430.75784591528,1374.34009579323,1157.12439554888,907.972313523367,1.59876719278024,1.81683201593851,4,27,14,13,3,0.497628789088703,0.500460696816977,0.499364885993294,1443.17183836822,1476.17967488185,1421.8860367782,12
"1018",NA,11688,116880308,3,"Canterbury-Bankstown Bulldogs","away",2022-03-27,11.7554814495811,76.7142970651054,49.6970315879932,1461.67532107586,1350.82580202528,1093.02860146783,919.042454644617,2.20498144358229,1.5944862141893,2,16,20,-4,11,0.669515855051963,0.582388122971537,0.737973868898656,1330.5873300084,1406.60768629957,1280.37481939004,12
"1019",NA,11688,116880308,3,"Manly-Warringah Sea Eagles","home",2022-03-27,18.4833069845144,75.2674508332039,50.7986119243144,1399.34986305145,1337.86302929939,1155.23147049135,958.384520516147,2.15682814925345,2.07033537025263,0,18,54,-36,16,0.669515855051963,0.582388122971537,0.737973868898656,1453.23142489348,1464.38355345218,1460.25337125108,13
"1020",7,11688,116880307,3,"North Queensland Cowboys","away",2022-03-27,18.7430482603509,74.914441097403,50.5106624970895,1321.80799681529,1436.64279134578,1067.02141972399,1051.61823351412,1.75212828192914,1.24588375400625,2,30,12,18,5,0.497628789088703,0.500460696816977,0.499364885993294,1444.81953682358,1475.85954985455,1422.32735942915,38
"1021",6,11688,116880401,4,"Gold Coast Titans","home",2022-03-31,21.1149496217679,74.4736677202673,48.6820254058098,1349.85249379672,1289.8742444532,1185.03638379107,1026.43950537853,1.82185861106638,1.67908699808969,2,70,74,-4,10,0.496021634952972,0.47837547849967,0.532774424039592,1401.84843586671,1436.30880886138,1386.40627080539,8
"1022",7,11688,116880401,4,"Wests Tigers","away",2022-03-31,17.8670552224563,76.7512595496258,49.7613127622871,1350.72728266619,1325.57985914062,1143.58952658745,1035.53526812606,1.49584295442418,1.17181122803748,0,32,68,-36,16,0.496021634952972,0.47837547849967,0.532774424039592,1404.61294538673,1451.34444473753,1363.5995667295,6
"1023",7,11688,116880402,4,"Cronulla-Sutherland Sharks","home",2022-04-01,19.977336199277,74.2189200317219,50.4415369937607,1335.44879572851,1328.62344868023,1042.43105834625,1111.97780402134,1.20087376768291,1.59604486488469,4,73,52,21,3,0.493965407537656,0.534018980305202,0.44138885764648,1472.01999137732,1494.54073820871,1452.23054595691,18
"1024",9,11688,116880402,4,"Newcastle Knights","away",2022-04-01,18.5516062278455,80.4671166770769,48.7177684582371,1330.06806674969,1383.25331049765,1125.61553658434,1008.00691488188,1.61521734840758,1.49938148523891,4,66,48,18,4,0.493965407537656,0.534018980305202,0.44138885764648,1476.21345933047,1470.86535190339,1493.14583732457,0
"1025",8,11688,116880403,4,"Penrith Panthers","home",2022-04-01,22.7353142902108,77.6544192827838,50.5713095729672,1353.95907950018,1443.83650829711,866.875454892851,1168.08073695677,1.95294607316975,1.65783283531287,6,86,42,44,1,0.604286770248395,0.54011536920139,0.668905661621588,1659.80160051583,1566.83646603129,1745.17644089653,26
"1026",6,11688,116880403,4,"South Sydney Rabbitohs","away",2022-04-01,22.7941168060151,76.9669519993215,51.0317735857849,1367.05396445082,1407.24898436891,1030.78455985455,1057.8357244777,1.61204303459192,1.66420935310739,2,46,42,4,9,0.604286770248395,0.54011536920139,0.668905661621588,1586.2565940615,1538.90141017039,1623.01119396083,12
"1027",5,11688,116880404,4,"Brisbane Broncos","away",2022-04-02,15.7192113133864,73.0979472005093,48.2366060513102,1414.69237516036,1354.75969004563,1192.81693181595,908.153974711965,1.56284116121342,1.9478220949822,4,39,52,-13,8,0.524487360619257,0.505140659914493,0.533251219860501,1431.22874743009,1471.17506791368,1401.91144133847,6
"1028",15,11688,116880405,4,"Canberra Raiders","away",2022-04-02,19.2545838364014,73.9732084195294,49.5028590225881,1347.39966673091,1283.34889356085,1142.13913307344,1075.72910159762,1.6127363601544,1.60420281369564,4,54,67,-13,7,0.422320212224915,0.435083454266924,0.453798854363844,1515.5811664533,1513.92436302788,1502.93010112194,6
"1029",NA,11688,116880405,4,"Manly-Warringah Sea Eagles","home",2022-04-02,18.1543085654435,75.0114037832116,50.8706952088556,1408.50887126837,1354.49124754143,1132.05758226187,954.281449285178,2.14741846029824,2.00611524803747,2,31,66,-35,15,0.422320212224915,0.435083454266924,0.453798854363844,1461.16304437223,1468.55967222247,1470.73441649514,25
"1030",6,11688,116880406,4,"North Queensland Cowboys","home",2022-04-02,19.8984653647299,75.6395746315588,50.9000227472641,1305.37951700637,1420.22422386503,1057.66013454055,1093.64113950328,1.76700058501339,1.23113072876588,4,68,24,44,2,0.315081531440696,0.389445649037336,0.293682962960555,1456.76262776171,1480.86415682272,1442.30195486888,4
"1031",NA,11688,116880406,4,"Sydney Roosters","away",2022-04-02,23.2899739238501,72.9207022334085,48.9337752008431,1333.55367369525,1361.67852903679,1019.07461137199,1139.89451383047,1.74698850999348,1.78784752035525,2,48,60,-12,13,0.315081531440696,0.389445649037336,0.293682962960555,1591.64899947226,1558.97514654267,1594.75032641648,28
"1032",9,11688,116880404,4,"Warriors","home",2022-04-02,18.5689566212292,76.8905456214034,49.9543954630633,1369.89777833914,1337.54146732984,1079.50547501068,1049.85667661341,1.55635392720973,1.34683678333118,2,50,60,-10,12,0.524487360619257,0.505140659914493,0.533251219860501,1448.25793206407,1474.74729015985,1425.0509077498,20
"1033",9,11688,116880407,4,"Canterbury-Bankstown Bulldogs","away",2022-04-03,11.7701525626063,76.8514392411991,49.5952096927136,1470.8748018113,1362.89625390377,1080.84688537976,910.03990736594,2.37268255696735,1.61881704133794,2,28,33,-5,11,0.884730363401496,0.770347764530227,0.928015054738595,1322.65571052965,1402.43156752929,1269.89377414599,0
"1034",5,11688,116880407,4,"Melbourne Storm","home",2022-04-03,26.5219598886015,76.7067165707278,50.9206800652035,1450.24072274273,1394.91299572958,903.627009459863,1112.60228177932,2.20904269120572,1.26110183969614,4,65,58,7,5,0.884730363401496,0.770347764530227,0.928015054738595,1676.69411382983,1612.67802727514,1714.01911129869,44
"1035",8,11688,116880408,4,"Parramatta Eels","home",2022-04-03,24.0998061819432,77.088460486317,51.4808715593954,1307.7971707978,1428.04223459221,925.094276554246,1201.5868592228,1.8188795506793,1.13195892955166,4,76,70,6,6,0.644580790086122,0.552113573916453,0.727091385407538,1599.33460804011,1547.09584907852,1642.5334063223,48
"1036",6,11688,116880408,4,"St George-Illawarra Dragons","away",2022-04-03,20.0175345435507,75.9231621065853,49.6650833562218,1356.63774033152,1330.50785486112,1139.04263024014,1008.88192925761,1.81244323774358,1.81285030156825,2,56,72,-16,14,0.644580790086122,0.552113573916453,0.727091385407538,1495.92002350818,1510.75163951511,1472.30470456859,14
"1037",7,11688,116880501,5,"Manly-Warringah Sea Eagles","away",2022-04-07,18.5650500515169,75.0107195562189,51.2384534963242,1396.17833899226,1336.52177268894,1127.73412732615,986.904562328067,2.13857335268034,1.94574833315522,4,56,72,-16,10,0.484234347527042,0.488484368010249,0.468695519336943,1475.02735927883,1474.2088376798,1492.58246232058,30
"1038",8,11688,116880501,5,"Newcastle Knights","home",2022-04-07,17.4385098541748,80.1990896764523,48.6747023507429,1252.60398274471,1300.61811186779,1200.45860438928,1092.48649998897,1.63830430750313,1.40941859612457,4,66,66,0,8,0.484234347527042,0.488484368010249,0.468695519336943,1464.06862911137,1466.20554170644,1470.80139163043,6
"1039",13,11688,116880503,5,"Brisbane Broncos","home",2022-04-08,15.1360586345832,72.1920703684787,48.1024096882316,1425.21083265074,1370.3741086429,1170.74791590699,902.024736229247,1.52907069154062,2.01095276928327,4,45,72,-27,11,0.262565281676049,0.364398772824321,0.2166721842737,1419.81644408496,1466.22647451283,1383.24149013289,20
"1040",NA,11688,116880502,5,"North Queensland Cowboys","away",2022-04-08,18.9445574428461,75.7812001536653,50.6660213824282,1333.73674598599,1486.33077043313,1043.22052646812,1061.26267113308,1.78098054991259,1.27726288503992,4,72,52,20,5,0.515062355490376,0.503923212523346,0.518938652600383,1449.20067100713,1476.96970033235,1430.55463635045,24
"1041",9,11688,116880503,5,"Sydney Roosters","away",2022-04-08,23.572575488419,73.165460099404,49.1777486887925,1404.86045327353,1386.65781729458,991.170134689673,1120.52084300064,1.76216919939387,1.74057666913394,4,76,64,12,6,0.262565281676049,0.364398772824321,0.2166721842737,1599.21095622683,1562.86960303304,1606.4976449349,24
"1042",7,11688,116880502,5,"Warriors","home",2022-04-08,18.6548192239555,77.3171128841192,50.1971317352795,1384.60391163879,1352.68897929005,1063.09514651004,1036.3652760166,1.58297269157714,1.26602657633131,4,70,66,4,7,0.515062355490376,0.503923212523346,0.518938652600383,1459.67023540921,1479.6958835607,1443.72085895538,25
"1043",9,11688,116880504,5,"Canberra Raiders","home",2022-04-09,18.4593088062173,73.4948159143577,49.1126874812328,1329.85568672705,1278.5279599472,1163.49078508903,1074.78535550177,1.57597217854513,1.5679506448739,4,60,92,-32,12,0.264409375930163,0.351099246967708,0.204652024573683,1501.7168515467,1508.27519757055,1481.0820552965,16
"1044",8,11688,116880506,5,"Gold Coast Titans","home",2022-04-09,20.3280526444619,74.1452476570513,48.8211038814612,1349.08134416892,1296.66178978601,1180.23420076361,1022.45313505582,1.8325470944024,1.63834177820431,4,78,80,-2,9,0.246698689234737,0.346718080939822,0.193154287551985,1413.94391662784,1441.52505407638,1405.09529384381,20
"1045",NA,11688,116880504,5,"Melbourne Storm","away",2022-04-09,27.5706422952854,76.7843135764841,50.8654392612913,1430.72627937817,1385.31821598581,926.029388892272,1116.88614487256,2.31650012973338,1.36543572931437,6,109,58,51,2,0.264409375930163,0.351099246967708,0.204652024573683,1679.46058510819,1614.97454962983,1716.89850910915,30
"1046",6,11688,116880506,5,"Parramatta Eels","away",2022-04-09,25.5338178110266,77.623152857138,51.5120192658316,1318.96934054993,1434.51970051668,908.168619960991,1200.05164766944,1.76974677763854,1.06404139377856,6,124,84,40,3,0.246698689234737,0.346718080939822,0.193154287551985,1607.86466907804,1551.57471333936,1653.449750906,26
"1047",7,11688,116880505,5,"South Sydney Rabbitohs","home",2022-04-09,22.1464697976542,76.4889348793622,50.7298671706378,1375.33072658377,1421.33404530678,1031.93748626327,1033.18558100904,1.69532045251641,1.68435679192095,2,58,68,-10,13,0.625849610813245,0.540250820055951,0.701434572695234,1576.75947654747,1534.3025638624,1609.76742042569,24
"1048",6,11688,116880505,5,"St George-Illawarra Dragons","away",2022-04-09,19.6564824709377,75.8677723801902,49.5651783548485,1367.39947591163,1340.31738356945,1141.26007242573,986.929013502152,2.00369664347896,1.70407928347415,2,70,120,-50,15,0.625849610813245,0.540250820055951,0.701434572695234,1487.38996247025,1506.27277525427,1461.38835998489,12
"1049",NA,11688,116880508,5,"Canterbury-Bankstown Bulldogs","home",2022-04-10,11.0639434088499,76.4403528867272,49.6194971111507,1456.72231370263,1348.62247866954,1087.03607225698,932.057512923983,2.35032160354931,1.52168801885766,2,28,77,-49,14,0.118015069849226,0.271686332862369,0.0557897136274514,1319.88923925129,1400.13504517459,1267.01437633553,12
"1050",70,11688,116880507,5,"Cronulla-Sutherland Sharks","home",2022-04-10,19.8586960273204,73.9657848298185,50.5350447741351,1255.6818679848,1251.24604175942,1124.84519484548,1187.63913578006,1.12882134162194,1.5602821729916,6,91,52,39,4,0.62891491350373,0.575788681805205,0.678395639839951,1484.16482159642,1499.20054840566,1474.57499165105,30
"1051",6,11688,116880508,5,"Penrith Panthers","away",2022-04-10,22.9311954327982,78.2751541258168,50.7770309985891,1371.24153473017,1447.50631779929,853.68292759928,1160.99589273936,2.01576930877956,1.6783628651941,8,112,54,58,1,0.118015069849226,0.271686332862369,0.0557897136274514,1669.29871802987,1571.43531233927,1758.42021443166,32
"1052",6,11688,116880507,5,"Wests Tigers","away",2022-04-10,17.1550319091089,76.4061839766482,49.7156339965499,1353.86364570621,1326.26506759218,1132.5741549922,1039.70315203849,1.46609237715873,1.10150255435523,0,38,76,-38,16,0.62891491350373,0.575788681805205,0.678395639839951,1392.5174646256,1446.12819952253,1344.91054369108,4
"1053",7,11688,116880601,6,"Canberra Raiders","home",2022-04-14,18.3117502778443,73.3451269594962,48.8659262323588,1339.58434552343,1285.93628235036,1146.12133798369,1074.43823417166,1.60141384783242,1.47387360618147,4,76,122,-46,13,0.582434312198676,0.546999462126112,0.587709553922236,1495.37102652438,1504.76420510088,1472.89597431355,12
"1054",7,11688,116880601,6,"North Queensland Cowboys","away",2022-04-14,19.2478839962753,76.7543281444453,50.9260600994825,1317.55254122683,1468.43092420714,1041.52729488003,1103.7269108651,1.73412171691784,1.20062711193753,4,96,77,19,8,0.582434312198676,0.546999462126112,0.587709553922236,1437.5621675389,1472.00893245758,1411.31218245447,18
"1055",6,11688,116880603,6,"Brisbane Broncos","away",2022-04-15,15.4278951165082,72.84054614637,48.3962651069377,1448.2981826917,1380.79166212432,1151.56304095257,892.363252055492,1.67732645004818,1.89029560312627,4,65,96,-31,12,0.815885252325419,0.655261166160556,0.902246522439747,1413.51487732473,1462.58248678458,1374.57460276194,12
"1056",8,11688,116880602,6,"Canterbury-Bankstown Bulldogs","away",2022-04-15,11.1201068043189,75.9939317135235,49.3423272844817,1466.27897488047,1348.40512994937,1091.17390792156,919.094062148544,2.44930230733635,1.5503867377262,2,40,109,-69,15,0.824430680932497,0.693053798344847,0.886415465997112,1317.0568775749,1397.41818184597,1264.78278779044,16
"1057",8,11688,116880603,6,"Penrith Panthers","home",2022-04-15,23.4753237068303,78.3786448782678,51.0304091386738,1369.66704264636,1457.61593873133,845.421951943323,1160.696139175,2.07482315025279,1.63766109328245,10,144,66,78,1,0.815885252325419,0.655261166160556,0.902246522439747,1672.13107970625,1574.1521756679,1760.65180297676,40
"1058",NA,11688,116880602,6,"South Sydney Rabbitohs","home",2022-04-15,22.257681609795,76.3995987866005,50.6860751403995,1358.03088298874,1425.57400258837,1029.12123708748,1046.2544461485,1.83360122536542,1.70329538440569,4,82,80,2,9,0.824430680932497,0.693053798344847,0.886415465997112,1585.73908588795,1538.90005566184,1621.71003751788,36
"1059",8,11688,116880605,6,"Cronulla-Sutherland Sharks","away",2022-04-16,20.4671742656812,73.6078377400294,50.682942087687,1254.50095590571,1241.39127925385,1101.51448315475,1225.46078763325,1.24109206112462,1.46666524261211,8,121,56,65,2,0.752031220468057,0.659763405915581,0.79705635038433,1493.07086367233,1503.4426615876,1487.43916605745,18
"1060",5,11688,116880604,6,"Gold Coast Titans","away",2022-04-16,20.3083694857941,74.7965327976282,48.9518376485736,1356.39646351878,1300.28208239885,1173.92014871779,1017.02594695247,1.90259426873825,1.66004127151205,4,98,106,-8,10,0.61125881930095,0.558782189685095,0.65836423565839,1408.02314808621,1438.05787326698,1397.36912234173,18
"1061",7,11688,116880604,6,"Manly-Warringah Sea Eagles","home",2022-04-16,19.2511470484259,75.2500763828458,51.4041462865448,1396.22763865273,1341.4704663276,1120.67007968659,986.550288588383,2.37025895151952,1.82900343316591,6,86,78,8,6,0.61125881930095,0.558782189685095,0.65836423565839,1486.64898361948,1479.0936813599,1511.33028309406,26
"1062",8,11688,116880605,6,"Melbourne Storm","home",2022-04-16,27.7164037575683,76.8572547618951,51.1135129056138,1429.00270261548,1391.71912302666,934.607625558735,1102.31297618021,2.29751012194937,1.34350958555551,8,139,74,65,3,0.752031220468057,0.659763405915581,0.79705635038433,1685.80641013052,1618.48554209951,1725.0845900921,34
"1063",14,11688,116880607,6,"Newcastle Knights","away",2022-04-17,16.7521992629243,79.4071442958652,48.5142202096983,1262.58774378003,1306.40102515572,1187.29108812593,1087.53730998963,1.66000604905294,1.4448534803571,4,72,96,-24,11,0.537294865086936,0.55781515970049,0.496247104355645,1452.44700477073,1461.32069802634,1452.05357085695,16
"1064",9,11688,116880607,6,"St George-Illawarra Dragons","home",2022-04-17,19.1970935226814,74.9757060373788,49.5912676535576,1374.87550735693,1325.11834055528,1147.84446808018,986.813272692022,2.06347484487023,1.6618345264657,2,82,144,-62,14,0.537294865086936,0.55781515970049,0.496247104355645,1478.41035312976,1501.67528345483,1449.4457428927,21
"1065",NA,11688,116880606,6,"Sydney Roosters","home",2022-04-17,23.5982209591139,73.3355324934397,49.047083767465,1413.20882607712,1412.05834825691,976.159926608292,1104.3495924206,1.83643904743024,1.6961420689859,6,100,84,16,5,0.68406989200108,0.61566926019623,0.706021830584194,1605.51252298706,1566.51359076129,1615.16453230585,22
"1066",8,11688,116880606,6,"Warriors","away",2022-04-17,19.0355300705181,77.598086111072,49.8853038311627,1372.80767694046,1335.36764053265,1105.44943771944,1035.08335945561,1.90799433008251,1.25006498175143,6,95,90,5,7,0.68406989200108,0.61566926019623,0.706021830584194,1471.30873887744,1484.65665143547,1462.96331285136,14
"1067",11,11688,116880608,6,"Parramatta Eels","home",2022-04-18,25.561788742365,77.9457636857097,51.3612981098817,1321.25118011694,1436.70851848568,909.598502763332,1192.54854880927,1.84356197098023,1.06019891015185,8,150,104,46,4,0.790010405887092,0.657320742288667,0.869281631185344,1613.78543761968,1555.04189414876,1661.17592240807,20
"1068",NA,11688,116880608,6,"Wests Tigers","away",2022-04-18,16.3657299945624,76.0818129380493,49.5526959567569,1337.85182696384,1320.84916353665,1173.69970569267,1021.48096291618,1.6181268345292,1.21541240109391,0,42,106,-64,16,0.790010405887092,0.657320742288667,0.869281631185344,1383.61142254969,1441.88608634058,1332.04636928468,21
"1069",7,11688,116880701,7,"Cronulla-Sutherland Sharks","home",2022-04-21,20.3191438097403,74.2913674756277,50.3419655624258,1272.17089855137,1265.78780249862,1089.06361416546,1203.11314037526,1.28662653745714,1.43866532805538,8,139,90,49,3,0.48725340777879,0.523777019055395,0.434645461370254,1487.11961296356,1500.04029564676,1479.32142007283,34
"1070",5,11688,116880701,7,"Manly-Warringah Sea Eagles","away",2022-04-21,19.6560782255203,75.5950717998751,51.3798975093521,1379.23398033356,1325.96223834795,1107.72987490539,1031.21727127308,2.58804341442835,1.89926322717596,8,112,96,16,6,0.48725340777879,0.523777019055395,0.434645461370254,1495.97877195626,1483.50585946305,1524.99571366773,22
"1071",8,11688,116880702,7,"Brisbane Broncos","home",2022-04-22,15.2222214095177,73.4501133775878,48.3124892005214,1444.8002917302,1385.00416239686,1175.34925849542,878.661456932163,1.99668686304529,2.0168778669387,4,77,136,-59,14,0.635080802442614,0.592169284944249,0.653771225286307,1409.09612338054,1459.13509844619,1370.66446365953,34
"1072",6,11688,116880702,7,"Canterbury-Bankstown Bulldogs","away",2022-04-22,11.4129003960598,75.9942958107121,48.9617876474128,1467.16223638764,1351.02082215241,1093.26347344626,918.188418419632,2.84234416889617,1.51736353346263,2,56,145,-89,16,0.635080802442614,0.592169284944249,0.653771225286307,1312.84321391728,1394.34871982941,1260.23940643032,14
"1073",5,11688,116880703,7,"Gold Coast Titans","away",2022-04-23,20.1698673166465,74.6887408297705,48.9547273896591,1339.99267570765,1289.04515745492,1207.34493979473,1010.30439013532,2.08843861261396,1.80043879522133,4,116,132,-16,10,0.575472123932191,0.562748523643271,0.573036864183208,1398.69335974943,1433.64569516383,1383.70369176806,4
"1074",8,11688,116880703,7,"North Queensland Cowboys","home",2022-04-23,19.1730109564988,76.7090684557786,50.9904964935136,1326.99938875322,1478.12506875471,1032.25565718723,1086.40329621319,1.69007441390277,1.24858948522128,6,114,89,25,7,0.575472123932191,0.562748523643271,0.573036864183208,1451.54059103167,1477.47892707884,1434.82056461136,30
"1075",NA,11688,116880704,7,"South Sydney Rabbitohs","away",2022-04-23,23.0822207132073,76.1956228594045,51.0649106319756,1360.06903000942,1428.89956243307,1021.61396286223,1051.03917937959,1.8435851518435,1.60109766134135,6,118,96,22,8,0.253761162300367,0.368585899179322,0.183407098192575,1589.95274954557,1541.96951767839,1626.253418878,22
"1076",7,11688,116880704,7,"Wests Tigers","home",2022-04-23,16.6437861948886,76.2569041617664,49.5195341993515,1285.00071734601,1296.31821372445,1143.35772335111,1132.63210514121,1.76103922445745,1.44248765702828,2,63,126,-63,15,0.253761162300367,0.368585899179322,0.183407098192575,1402.57167229098,1448.45929376346,1366.81763453209,23
"1077",5,11688,116880706,7,"Canberra Raiders","away",2022-04-24,17.9330452611736,73.3844193419264,48.8139706584173,1357.00928479202,1297.28010540934,1126.25405770467,1063.19194012136,1.74532901696248,1.50544118981058,4,88,140,-52,12,0.754621674496333,0.610820355178078,0.859879488325529,1481.39260303161,1499.29421047962,1449.38759215666,6
"1078",13,11688,116880705,7,"Newcastle Knights","home",2022-04-24,16.7070673071489,78.8427156381132,48.1233669971164,1278.15247915323,1312.19696364638,1181.99362283837,1069.56507139025,1.86040568610976,1.35816227153567,4,88,117,-29,11,0.292448924987561,0.371189236453252,0.246078266050801,1441.34208153281,1456.89884962334,1431.90345503118,2
"1079",9,11688,116880705,7,"Parramatta Eels","away",2022-04-24,25.2280814178231,77.3490178645671,51.3396202232888,1296.69610930992,1377.92600737654,1027.46259259753,1161.07563588071,1.73294825272141,1.11658697554274,8,170,125,45,4,0.292448924987561,0.371189236453252,0.246078266050801,1594.82518787839,1548.46868672587,1626.40465716066,39
"1080",NA,11688,116880706,7,"Penrith Panthers","home",2022-04-24,24.4668042844205,78.8959261855717,51.1485845903534,1374.54702008758,1453.55898240745,834.536634826723,1183.9343708245,2.19033376123762,1.77940142768551,12,184,78,106,1,0.754621674496333,0.610820355178078,0.859879488325529,1676.54983365044,1577.59956400629,1764.56194207917,36
"1081",6,11688,116880708,7,"Melbourne Storm","home",2022-04-25,28.0934195321142,76.9258194761814,51.346702131277,1442.14254045855,1401.15597564506,929.711168025211,1089.8141976094,2.21965951463241,1.26289901042218,10,173,92,81,2,0.78795682048313,0.692554791837126,0.835251366886174,1691.75766083928,1621.88790804036,1733.20233607672,70
"1082",6,11688,116880707,7,"St George-Illawarra Dragons","home",2022-04-25,19.3052679113205,75.5771636751361,50.0957915943441,1376.56297691552,1336.93124012197,1126.25379999537,993.544476330501,1.93966635417801,1.62212445487776,4,103,160,-57,13,0.329293720730498,0.408563022661484,0.2878904738895,1489.51527636768,1506.09713185783,1469.59585871847,14
"1083",10,11688,116880707,7,"Sydney Roosters","away",2022-04-25,23.5023277015671,73.6154005438333,49.1642587414171,1398.07629651249,1403.47484736149,971.770331011795,1127.48861687536,1.96625270458443,1.65437354484675,8,122,98,24,5,0.329293720730498,0.408563022661484,0.2878904738895,1613.09484557903,1570.35689815932,1626.92365908248,12
"1084",8,11688,116880708,7,"Warriors","away",2022-04-25,18.733398266287,77.5622009444077,49.832185601293,1366.57921632404,1324.90558210069,1128.52247145627,1027.15835788827,1.85351467027756,1.17506108284635,6,109,112,-3,9,0.78795682048313,0.692554791837126,0.835251366886174,1463.72641628546,1480.81334403743,1451.20418607473,10
"1085",6,11688,116880801,8,"Brisbane Broncos","home",2022-04-28,16.3488881249467,73.9631065749325,48.6537398484902,1452.37227422638,1390.94391265305,1150.72830298569,884.861769516233,2.11688565126257,2.07586519492237,6,111,150,-39,9,0.384719818305506,0.44043268402172,0.337169106252947,1417.85418412192,1463.21340559675,1384.51361464808,16
"1086",10,11688,116880801,8,"Cronulla-Sutherland Sharks","away",2022-04-28,21.1399951811559,74.93388542709,50.2014476286802,1280.08064463829,1299.22053434871,1068.77979731553,1182.64635195274,1.20942894520971,1.41234540837206,10,173,112,61,4,0.384719818305506,0.44043268402172,0.337169106252947,1499.42553117687,1504.80252545621,1501.93560161802,7
"1087",NA,11688,116880802,8,"Gold Coast Titans","home",2022-04-29,19.1996752776477,74.1674163799843,48.8374437462796,1325.9531151652,1277.34244800762,1222.92424340704,1017.8461267272,2.08313229585712,1.75241246750805,4,120,162,-42,12,0.155510191424543,0.29395790559304,0.0892382027252157,1388.5046907238,1429.27318040027,1366.62516633539,4
"1088",14,11688,116880803,8,"Manly-Warringah Sea Eagles","away",2022-04-29,19.7967135319891,75.5593674918826,51.417103658791,1405.85994151355,1330.64450404707,1092.98608241107,1014.4042349967,2.61276080956265,1.8453074335454,8,134,130,4,7,0.624501570121946,0.581177825021729,0.628324697203465,1483.67285374295,1478.7436296536,1502.38153212254,22
"1089",7,11688,116880802,8,"Penrith Panthers","away",2022-04-29,25.1587960273552,79.0821706144374,51.6196695149322,1338.93419888232,1448.845443463,813.02443673712,1243.75830857503,2.17891373556337,1.73263734202438,14,220,84,136,1,0.155510191424543,0.29395790559304,0.0892382027252157,1682.43891346253,1581.49136045451,1770.16676254615,18
"1090",8,11688,116880803,8,"South Sydney Rabbitohs","home",2022-04-29,23.0172874704148,75.7038854878402,50.761015994057,1351.48488820885,1373.82558868708,985.817125090494,1147.75682861681,1.97297004273289,1.68503180166087,6,140,119,21,8,0.624501570121946,0.581177825021729,0.628324697203465,1572.04301744078,1535.65537667018,1593.5897028057,40
"1091",6,11688,116880804,8,"Canberra Raiders","away",2022-04-30,17.2170625455032,73.3013541814108,48.3451324189123,1358.0887277045,1266.30329908478,1189.53881424239,1027.96042371408,1.82060927594473,1.65511471842195,4,94,176,-82,15,0.475746717388224,0.474602026431699,0.501196577880636,1475.50352321952,1495.4024140314,1443.78277168968,20
"1092",6,11688,116880805,8,"Canterbury-Bankstown Bulldogs","home",2022-04-30,11.5681263722962,75.9946380620694,48.784080388568,1468.17250220438,1364.21957282326,1086.58766503949,908.997113314454,2.9118035187624,1.48632172145487,2,70,179,-109,16,0.156283973451921,0.268427534364032,0.116442675333041,1304.08515317591,1390.27041267886,1246.39025544177,16
"1093",5,11688,116880806,8,"North Queensland Cowboys","away",2022-04-30,19.8226302991089,76.0665243484319,51.1110667039028,1313.01942542803,1455.79756462943,1038.48031775599,1109.2390984404,1.8886699490686,1.293674116108,8,144,93,51,5,0.691377056895776,0.599851658708741,0.742919114114216,1461.7292600573,1481.85144184241,1451.89909004403,35
"1094",9,11688,116880806,8,"Parramatta Eels","home",2022-04-30,26.0543965327537,77.8080767926931,51.6792430098915,1315.97434275133,1405.05044693394,995.39483704168,1143.13109772787,1.62897135755813,1.04959175701017,10,209,127,82,3,0.691377056895776,0.599851658708741,0.742919114114216,1601.84396207809,1552.1805790904,1636.24778780269,4
"1095",8,11688,116880805,8,"Sydney Roosters","away",2022-04-30,22.812188039473,73.2184765112033,48.9744032169321,1396.75171872175,1407.8263565198,962.724111151087,1128.47929986284,1.90827754230936,1.55511113215594,8,134,112,22,6,0.156283973451921,0.268427534364032,0.116442675333041,1596.99789487656,1564.44252838594,1598.43927803806,12
"1096",NA,11688,116880804,8,"Warriors","home",2022-04-30,18.2093943703098,77.7084688877433,48.9422544652154,1357.06446334459,1316.99124717465,1182.0711231689,993.068856414975,1.86230379006091,1.16455741787556,6,119,182,-63,11,0.475746717388224,0.474602026431699,0.501196577880636,1458.63737997706,1477.7388919558,1444.61424075018,21
"1097",7,11688,116880807,8,"Melbourne Storm","away",2022-05-01,30.6078143601873,77.5902703076105,52.1659000034004,1427.19398803104,1389.56661710636,901.468497943699,1145.68534575283,2.08647994375447,1.24712506979685,12,243,102,141,2,0.180760116514226,0.271145468676759,0.138355993955609,1696.84669714769,1624.96236012198,1739.79228140128,50
"1098",8,11688,116880807,8,"Newcastle Knights","home",2022-05-01,15.8246432687199,78.4321526998265,47.8159649772894,1311.26333040403,1330.5451458276,1162.79400546807,1034.97116710684,1.74878134494318,1.33667253524353,4,90,156,-66,14,0.180760116514226,0.271145468676759,0.138355993955609,1434.32330733311,1453.18695725881,1422.06032438915,2
"1099",NA,11688,116880808,8,"St George-Illawarra Dragons","home",2022-05-01,18.9869518366413,75.3025338546279,50.3300440986835,1382.52919830058,1339.27536571465,1127.31857199565,983.191807750671,2.12328637292733,1.7047969875851,6,117,172,-55,10,0.620118778276996,0.581634988508416,0.638204777328235,1505.61222707015,1512.01150163121,1498.08023976289,12
"1100",6,11688,116880808,8,"Wests Tigers","away",2022-05-01,17.0251590231953,77.2614899120604,49.7883621473904,1238.56067430525,1291.55912090099,1234.53625995004,1090.17417883274,1.83537687099,1.41593839760658,4,86,148,-62,13,0.620118778276996,0.581634988508416,0.638204777328235,1420.48140439577,1454.77343477167,1399.48135060439,6
"1101",7,11688,116880901,9,"Brisbane Broncos","away",2022-05-05,16.3279548374499,74.1453201804366,48.9745154575807,1435.9699377728,1395.02727789387,1128.96460480655,914.690063345259,2.22987251218682,2.01131328322703,8,127,157,-30,9,0.701500886341648,0.600825904563343,0.757036024491468,1432.62090848259,1468.80907875653,1411.02685039796,32
"1102",6,11688,116880901,9,"South Sydney Rabbitohs","home",2022-05-05,24.0362502221899,76.1416523585698,50.7153550344136,1354.45579491632,1375.51605336586,982.828097585065,1143.0314188998,1.97459184016891,1.70392989356122,8,180,141,39,6,0.701500886341648,0.600825904563343,0.757036024491468,1581.05497975785,1539.84359841997,1608.45671491756,12
"1103",6,11688,116880902,9,"Canberra Raiders","home",2022-05-06,17.384038792773,72.3832729305262,48.5644244737775,1353.58340404223,1264.72510113969,1176.60648538785,1052.20279829123,1.83137271938805,1.55580783531663,4,114,197,-83,14,0.689497584767634,0.630143251609293,0.693807878821175,1462.92144443684,1490.14843429571,1423.83063480491,14
"1104",10,11688,116880902,9,"Canterbury-Bankstown Bulldogs","away",2022-05-06,11.8340387899584,76.4749597783452,49.037035565254,1474.22215207212,1358.26639845387,1084.45240513712,910.437286515586,2.85709530763666,1.51714241816758,4,86,191,-105,15,0.689497584767634,0.630143251609293,0.693807878821175,1324.33433781306,1397.58613733522,1281.73254842845,4
"1105",7,11688,116880903,9,"Parramatta Eels","away",2022-05-06,24.7311327407885,78.2995921851315,51.638488429298,1298.75588218625,1391.48742011791,1008.81114681918,1157.3432318642,1.59123307610464,0.986616251589561,10,213,162,51,5,0.641284506963607,0.554823258598572,0.723624245498038,1585.25091271259,1546.18206250332,1606.53102323812,22
"1106",8,11688,116880903,9,"Penrith Panthers","home",2022-05-06,24.7292682657139,79.0772403775712,51.3424893440362,1334.73814694938,1431.03471685522,834.442970532893,1242.63281006053,2.22817891142956,1.68867910150291,16,238,88,150,1,0.641284506963607,0.554823258598572,0.723624245498038,1686.17115805672,1584.43093951044,1773.73629065516,20
"1107",9,11688,116880905,9,"Gold Coast Titans","away",2022-05-07,18.2876947609888,73.9773713971852,49.0871971215028,1315.51592825528,1276.84190112716,1223.04878880262,1026.97535912357,2.01814435810569,1.76726771945757,4,124,180,-56,12,0.751215258616424,0.679811614536462,0.759790368558471,1384.77244612962,1426.33360134434,1363.05563822638,16
"1108",8,11688,116880904,9,"Manly-Warringah Sea Eagles","home",2022-05-07,19.9289107200698,76.0058054423696,51.3320774392635,1405.62834502274,1334.86583380425,1091.5469174664,1009.69998089689,2.63599516098889,1.73458898753268,8,156,170,-14,8,0.590096599545149,0.534434707584325,0.643380309104361,1474.66089142588,1474.55540790382,1487.51452001067,36
"1109",6,11688,116880906,9,"Newcastle Knights","away",2022-05-07,14.9951646725967,77.2062235378369,47.1070070786521,1308.78753057979,1317.73243707794,1207.62636513998,1003.77289708043,1.64385446424659,1.43647218312892,4,92,206,-114,16,0.569117515806949,0.553579653707233,0.592590995723845,1429.98506453677,1450.47550257204,1416.52608463092,16
"1110",5,11688,116880906,9,"North Queensland Cowboys","home",2022-05-07,20.7332724811623,76.722532887526,50.9844027016686,1304.97825990234,1430.18971075167,1058.97149869063,1115.82475253397,1.89534975212448,1.45605366914152,10,179,97,82,3,0.569117515806949,0.553579653707233,0.592590995723845,1478.3223094228,1487.8499584295,1481.6158546086,36
"1111",NA,11688,116880905,9,"Sydney Roosters","home",2022-05-07,22.1634567571047,72.5453679205311,48.8559390239161,1388.84661559844,1417.49677512861,960.940664482022,1123.83054187107,2.0337808897708,1.46180446422659,8,146,128,18,7,0.751215258616424,0.679811614536462,0.759790368558471,1576.74871023941,1557.12680372958,1563.09698505138,44
"1112",11,11688,116880904,9,"Wests Tigers","away",2022-05-07,16.3636494818036,77.1858005173367,49.9810604185469,1220.94703384694,1363.22557364693,1202.04408435304,1066.70372810277,1.8452542587306,1.39098209375019,4,92,160,-68,13,0.590096599545149,0.534434707584325,0.643380309104361,1411.36425507442,1450.58978465676,1385.00954169752,22
"1113",6,11688,116880908,9,"Cronulla-Sutherland Sharks","home",2022-05-08,20.2915954702865,74.9378523014646,49.9493607709594,1290.81580595999,1292.00730228778,1087.5730094766,1158.96757083558,1.19686320849713,1.32760468386974,10,180,128,52,4,0.51933113603561,0.523316869243601,0.515617940574411,1484.6588068162,1499.20685229642,1475.42236586814,29
"1114",7,11688,116880907,9,"Melbourne Storm","home",2022-05-08,31.7713454985761,77.9748540891539,52.8759460031964,1408.58234874918,1382.39262007998,878.280388067077,1191.54422500766,2.0812911471292,1.17229756560904,14,293,104,189,2,0.745228630075261,0.655142791086795,0.79248296473611,1701.18493994403,1627.67381480875,1745.3265211595,42
"1115",7,11688,116880907,9,"St George-Illawarra Dragons","away",2022-05-08,18.5677347264428,75.4043818233502,50.1302414527625,1448.73744640255,1315.61884377177,1101.61945767591,965.780299285631,2.11588919055169,1.84250916832999,8,129,178,-49,10,0.745228630075261,0.655142791086795,0.79248296473611,1514.7293763915,1516.19515174613,1512.55204866976,6
"1116",9,11688,116880908,9,"Warriors","away",2022-05-08,18.3768307080912,76.5259607544787,48.8857191973025,1350.04059554392,1314.95177234417,1197.06685577876,991.924725030076,1.87056556265725,1.09468397280303,8,140,202,-62,11,0.51933113603561,0.523316869243601,0.515617940574411,1471.21945875974,1482.99287169149,1464.56637763495,10
"1117",6,11689,116890101,1,"Parramatta Eels","away",2022-09-09,24.5672647763412,78.7016166540236,51.7201791235401,1296.55052925507,1378.37817491083,1019.86247801003,1159.00263795235,1.67575909153836,0.927419276494188,12,235,182,53,5,0.599588345257506,0.538996103577001,0.652323830137074,1600.64174087972,1551.7302950893,1635.47599305805,8
"1118",NA,11689,116890101,1,"Penrith Panthers","home",2022-09-09,24.4455121697711,78.8926059549169,51.0819399833941,1325.03385813242,1420.89263384391,855.476392300919,1239.6548414569,2.21448817674379,1.70735835541274,16,258,110,148,2,0.599588345257506,0.538996103577001,0.652323830137074,1670.78032988959,1578.88270692446,1744.79132083524,27
"1119",7,11689,116890102,1,"Canberra Raiders","away",2022-09-10,17.1809964652066,72.7202765546946,49.0705590053509,1369.9883997997,1274.64159507131,1130.85009626458,1070.55063039376,1.78149035622476,1.46245936519763,6,128,201,-73,12,0.796385587413591,0.687878703988239,0.861518323793038,1470.37350240242,1493.84700177962,1436.07831965206,28
"1120",7,11689,116890103,1,"Cronulla-Sutherland Sharks","home",2022-09-10,20.8140997420693,75.6015811633767,50.4323991247018,1288.06685760239,1307.42686415052,1077.63862890801,1154.88951658544,1.2450514159873,1.30794840283755,12,209,138,71,4,0.510836816083393,0.516773104440495,0.495517898515863,1496.19485955135,1503.97368360399,1494.79764824516,30
"1121",NA,11689,116890102,1,"Melbourne Storm","home",2022-09-10,32.3850647686615,78.2163628438046,53.0033892430046,1390.12740782422,1373.60906287518,866.803564783052,1226.6115715072,2.01641367830145,1.1019597116725,16,335,110,225,1,0.796385587413591,0.687878703988239,0.861518323793038,1707.29945282222,1631.12238689788,1753.62720257006,20
"1122",6,11689,116890103,1,"North Queensland Cowboys","away",2022-09-10,21.6492761322926,76.7991809142744,51.1053385395685,1305.2795643082,1425.49832810657,1053.6332087692,1118.95526738194,2.08162876699701,1.42869044899303,12,215,113,102,3,0.510836816083393,0.516773104440495,0.495517898515863,1488.66348904343,1492.31416189242,1497.91221477965,32
"1123",7,11689,116890104,1,"South Sydney Rabbitohs","away",2022-09-11,23.3140752088585,76.0731532170556,50.7324337323488,1364.14844722134,1380.58509016391,969.878411729961,1138.04953376581,1.85611632975878,1.66169409994754,8,192,173,19,9,0.526599347164864,0.538053265750366,0.492128826214631,1564.21895848565,1533.83533937433,1578.1752739379,30
"1124",7,11689,116890104,1,"Sydney Roosters","home",2022-09-11,23.4736493516784,72.5726458452993,48.7445826824812,1365.69581866253,1395.2069686209,967.6042246131,1158.34070935881,2.03175403638455,1.61409619637299,10,190,144,46,6,0.526599347164864,0.538053265750366,0.492128826214631,1582.71954403262,1560.32868758421,1572.70537030904,14
"1125",7,11689,116890201,2,"Canberra Raiders","away",2022-09-16,17.8301366772942,73.2770599614129,49.0663254650298,1373.88909581172,1281.98309936703,1118.8590904887,1068.65759257013,1.91460093485128,1.49471180328577,NA,NA,NA,NA,NA,0.642111530202352,0.56637296754362,0.704620409379964,1489.48675650034,1500.7257888195,1470.53905260378,4
"1126",6,11689,116890201,2,"Parramatta Eels","home",2022-09-16,23.5732288897607,78.1795196547822,51.6169683761277,1302.57749749977,1383.09548441618,1035.59072932943,1129.7824796752,1.75521354604606,0.931774119904537,NA,NA,NA,NA,NA,0.642111530202352,0.56637296754362,0.704620409379964,1591.0318611659,1547.12025612507,1621.56894626353,40
"1127",NA,11689,116890202,2,"Cronulla-Sutherland Sharks","home",2022-09-17,21.3652537575452,75.6254862935741,50.2264551772197,1329.94284614625,1343.88125230149,1075.92031117353,1133.59614559032,1.29034833102807,1.2894714986673,NA,NA,NA,NA,NA,0.369373534793154,0.442106274367408,0.33017929266061,1483.93477596535,1498.80595255958,1474.97693230452,12
"1128",14,11689,116890202,2,"South Sydney Rabbitohs","away",2022-09-17,23.715230696327,76.7287640240322,50.8084877084079,1360.05954038806,1377.66998475407,984.885707026163,1127.18656173987,1.92474934997325,1.68199245395069,NA,NA,NA,NA,NA,0.369373534793154,0.442106274367408,0.33017929266061,1576.85734281761,1539.21587203184,1597.86042698649,38
"1129",9,11689,116890301,3,"North Queensland Cowboys","home",2022-09-23,22.270319564355,76.931230059418,51.2190182271944,1341.86279044971,1459.12842842017,1038.41521624304,1114.75795133902,2.25673104097719,1.34296902205345,NA,NA,NA,NA,NA,0.361664014382181,0.422943162044633,0.339450973714197,1500.92357262943,1497.48189293683,1517.73293072028,20
"1130",6,11689,116890301,3,"Parramatta Eels","away",2022-09-23,24.5588351563751,78.2887484754953,52.1199502735601,1302.18284764978,1387.76975535121,1020.55528556966,1137.59553089469,1.7099007332833,0.875867672710264,NA,NA,NA,NA,NA,0.361664014382181,0.422943162044633,0.339450973714197,1599.62118444104,1551.45652644964,1633.38412988833,24
"1131",7,11689,116890302,3,"Penrith Panthers","home",2022-09-24,24.5987814395848,78.9590495976219,51.0170235843904,1332.95182664448,1419.45907581327,844.467808762864,1242.19555096948,2.14161888613916,1.78491685408797,NA,NA,NA,NA,NA,0.632963683333062,0.557106845840352,0.700531693767525,1680.39020960341,1583.49274588869,1758.69836762976,32
"1132",6,11689,116890302,3,"South Sydney Rabbitohs","away",2022-09-24,24.5723168545474,76.2650381825903,50.9999784459034,1366.17596796478,1382.36978566883,972.412564604593,1126.15536803547,1.86926438897486,1.64107290671365,NA,NA,NA,NA,NA,0.632963683333062,0.557106845840352,0.700531693767525,1585.72230765264,1543.63693477551,1611.06759869291,12
"1133",9,11689,116890401,4,"Parramatta Eels","away",2022-10-02,24.5253050469926,78.5114235669656,51.6327532571464,1330.91187679079,1404.34357003014,1015.60196843548,1096.21979904101,1.7873066892863,0.883315612347648,NA,NA,NA,NA,NA,0.614362205863772,0.546258267716265,0.670878351168921,1608.30112078621,1555.68595807008,1646.9621688369,12
"1134",7,11689,116890401,4,"Penrith Panthers","home",2022-10-02,25.0428545532097,79.0215066217646,50.896002169327,1330.61471704581,1427.35153126448,834.779740237092,1244.34381791131,2.07312175297081,1.8578218428427,NA,NA,NA,NA,NA,0.614362205863772,0.546258267716265,0.670878351168921,1689.19908120342,1587.92167743028,1770.67709987905,28
"1135",NA,12067,120670101,1,"Melbourne Storm","away",2023-03-02,31.6419608825418,77.9633810731764,52.8831858884243,1390.53976335477,1377.29251910267,877.135350896069,1208.87487721677,2.01542885760336,1.15584212897215,NA,NA,NA,NA,NA,0.374459293611215,0.396332753740816,0.379558066556681,1688.1861987243,1624.243599858,1719.16646961833,16
"1136",12,12067,120670101,1,"Parramatta Eels","home",2023-03-02,23.773786744173,78.0607381529476,51.1747880617177,1344.41716418335,1408.34295582833,1034.58585032935,1057.56661109855,1.74006828792912,1.01031667560679,NA,NA,NA,NA,NA,0.374459293611215,0.396332753740816,0.379558066556681,1599.04581372694,1551.14854074724,1633.79730288365,12
"1137",9,12067,120670103,1,"Brisbane Broncos","away",2023-03-03,17.2682775472029,73.7766009696104,48.9760445301259,1437.41174150643,1402.28564122024,1124.82672851816,905.828659544543,2.21608016145561,2.01063448623341,10,159,169,-10,8,0.807421906836187,0.663113567231832,0.877802424335419,1449.45692975479,1474.81733780216,1441.30829137762,13
"1138",8,12067,120670102,1,"Newcastle Knights","away",2023-03-03,15.0554547922409,76.8938501255667,47.100586653933,1311.380278745,1317.26849085326,1205.24878323159,1001.7465232556,1.60522319639179,1.41028385214119,4,108,242,-134,16,0.557367761219544,0.54622833606203,0.564345819819754,1419.64388491614,1446.01129910912,1400.22972445988,12
"1139",5,12067,120670103,1,"Penrith Panthers","home",2023-03-03,25.2202832800171,79.3802162244587,51.2022420391674,1339.03783402306,1435.07043938861,811.812955822866,1249.60318883664,2.06873444779256,1.74635253227213,NA,NA,NA,NA,NA,0.807421906836187,0.663113567231832,0.877802424335419,1698.45438826268,1592.45909475312,1783.8419658323,12
"1140",8,12067,120670102,1,"Warriors","home",2023-03-03,17.8742208656058,76.61440310921,48.4725760454643,1361.97815981128,1310.75466600352,1190.70284443204,987.729241528272,1.93833162889782,1.32900293443485,8,150,231,-81,10,0.557367761219544,0.54622833606203,0.564345819819754,1459.6834060246,1478.22604038392,1445.19109525793,20
"1141",8,12067,120670105,1,"Canberra Raiders","away",2023-03-04,17.0003284766566,73.1404363637282,48.522345937128,1379.11575006301,1282.82411340501,1127.32754505938,1051.63813701593,1.9197248787602,1.58502909508863,NA,NA,NA,NA,NA,0.516322696571662,0.495485534496967,0.565010393684912,1480.8974332252,1496.38951849494,1458.72386897898,18
"1142",6,12067,120670104,1,"Canterbury-Bankstown Bulldogs","away",2023-03-04,11.3639964625609,75.0664621916445,48.6748134313387,1471.56882294779,1374.39041454663,1100.86526082889,880.651049324651,2.86566958917846,1.54611387307753,4,90,205,-115,15,0.724097187485712,0.620380012925443,0.792028168138365,1316.88227984748,1393.88756985131,1269.4848635813,6
"1143",7,12067,120670106,1,"Cronulla-Sutherland Sharks","home",2023-03-04,20.8033385320925,74.6279571159597,49.9728678665865,1337.50627537747,1350.9683771634,1077.96509250311,1112.2003768549,1.27292743116638,1.33210320874726,NA,NA,NA,NA,NA,0.357493665812892,0.435849863332859,0.312067263170714,1475.06981113031,1494.38488981591,1461.7697605981,18
"1144",5,12067,120670104,1,"Manly-Warringah Sea Eagles","home",2023-03-04,20.8931760768656,76.5454571158274,51.3721527929077,1383.03064432137,1293.83388377599,1163.27410241842,999.63798204308,2.89783545132956,1.81051364828071,10,192,192,0,7,0.724097187485712,0.620380012925443,0.792028168138365,1484.49857303679,1479.21106082798,1501.7793076465,31
"1145",9,12067,120670105,1,"North Queensland Cowboys","home",2023-03-04,22.1341003904937,77.1753562558529,51.5058771335627,1361.19102302273,1478.44072271496,1002.99030326846,1104.15247425868,2.18132717851856,1.32239088073024,NA,NA,NA,NA,NA,0.516322696571662,0.495485534496967,0.565010393684912,1492.24363628426,1493.25246131638,1504.15489177171,19
"1146",NA,12067,120670106,1,"South Sydney Rabbitohs","away",2023-03-04,23.8179778432746,76.3691358916349,50.9999797391492,1377.26540988689,1377.0675985287,990.747810728318,1099.56604595334,1.87710852563637,1.72260853231083,NA,NA,NA,NA,NA,0.357493665812892,0.435849863332859,0.312067263170714,1576.91343605264,1539.20800323392,1599.08886644361,27
"1147",NA,12067,120670107,1,"Dolphins","home",2023-03-05,NA,NA,NA,NA,NA,NA,NA,NA,NA,NA,NA,NA,NA,NA,0.40049102603942,0.421576021481844,0.424284619581426,1500,1500,1500,28
"1148",6,12067,120670108,1,"Gold Coast Titans","away",2023-03-05,18.1504330753295,73.9187291133541,49.3219652942126,1299.34497255997,1260.41138705953,1251.60586147446,1029.67683757616,1.95705569661935,1.72123165629011,4,140,224,-84,14,0.532657290123302,0.532768276994339,0.524872558235885,1378.80161233641,1423.1317174897,1353.44725296872,22
"1149",7,12067,120670107,1,"Sydney Roosters","away",2023-03-05,22.9052303905777,72.7182870945813,48.6999077215323,1363.67406954278,1389.25455050364,966.967971136314,1162.04026679728,2.02984879420148,1.51725042459061,NA,NA,NA,NA,NA,0.40049102603942,0.421576021481844,0.424284619581426,1570.08115970066,1554.94815492671,1553.02021726046,18
"1150",8,12067,120670108,1,"Wests Tigers","home",2023-03-05,16.7018305128954,77.6546524862965,49.8621967934341,1186.75021181612,1343.17203922811,1180.44143929186,1139.92150441661,1.97453900320677,1.30752316812518,4,114,196,-82,13,0.532657290123302,0.532768276994339,0.524872558235885,1401.5265734635,1445.9341317326,1370.74475406169,10
"1151",8,12067,120670201,2,"Penrith Panthers","home",2023-03-09,24.4270662832161,79.2974032509912,51.0701075168173,1334.11556398167,1436.14621302529,820.944178473495,1242.66699750644,2.00461038092501,1.76157138033581,0,12,13,-1,11,0.63151156498206,0.560520933372179,0.687733992323668,1679.07626249862,1585.8279590808,1748.72986885888,16
"1152",8,12067,120670201,2,"South Sydney Rabbitohs","away",2023-03-09,24.0088991726781,76.2869877381368,51.1199809548002,1388.16948529368,1396.62354261698,973.422942084619,1084.29208319614,1.82448201409818,1.61925202037218,2,27,18,9,4,0.63151156498206,0.560520933372179,0.687733992323668,1585.49328403215,1543.56650186724,1611.57155697044,10
"1153",7,12067,120670203,2,"Brisbane Broncos","home",2023-03-10,17.0121808943707,74.2700049114337,49.0974818583183,1438.34703701605,1393.56850274702,1125.37712480707,909.318939971871,2.38311535176827,2.0699964170594,2,13,12,1,7,0.449776662069013,0.475771140277199,0.435409752802454,1468.83505551886,1481.44847347448,1476.42038835104,28
"1154",6,12067,120670202,2,"Cronulla-Sutherland Sharks","away",2023-03-10,20.6351382201669,74.1102796890021,49.7944957945913,1359.43589885482,1363.45027453359,1063.98718695293,1087.5883542436,1.2565517852964,1.25217701622242,0,18,27,-9,14,0.670692622487104,0.581523981935728,0.72606124362431,1466.4899631508,1490.02639118258,1449.28707007127,30
"1155",6,12067,120670203,2,"North Queensland Cowboys","away",2023-03-10,21.9460543670641,77.5848348805017,51.655524505549,1374.13956164137,1483.75427935206,993.270885072354,1087.88332580316,2.11044754780745,1.36304742788643,2,19,18,1,8,0.449776662069013,0.475771140277199,0.435409752802454,1503.85189156654,1498.29760597141,1521.55447602432,16
"1156",8,12067,120670202,2,"Parramatta Eels","home",2023-03-10,23.0673595395226,78.1770938637708,51.3443007780146,1360.23213433235,1433.94237847863,1018.53069930959,1042.35261443264,1.75566419065337,1.06969767507038,0,12,16,-4,12,0.670692622487104,0.581523981935728,0.72606124362431,1590.05879068027,1547.18521320984,1618.61498022139,26
"1157",7,12067,120670205,2,"Canberra Raiders","away",2023-03-11,17.0603087680572,73.2520101819045,48.3710051809004,1390.38880505923,1300.47466660071,1109.66789235582,1038.99984879497,1.92454138603459,1.66992734938331,0,18,19,-1,10,0.564540646944702,0.52076868073271,0.615461370927085,1469.28917794292,1491.34437383991,1441.32428472638,14
"1158",5,12067,120670206,2,"Canterbury-Bankstown Bulldogs","away",2023-03-11,11.0421566748073,74.2224744601458,48.3943246254584,1494.75469357092,1366.38698967384,1086.41334517916,878.571986365172,2.87372941382775,1.63334704069287,0,6,31,-25,17,0.902669845828284,0.797493763713334,0.938419924744279,1310.26061234714,1390.09136998056,1261.16599030683,26
"1159",7,12067,120670205,2,"Dolphins","home",2023-03-11,28,77,54,1295,1583,605,1328,1,1,2,28,18,10,3,0.564540646944702,0.52076868073271,0.615461370927085,1514.38821537505,1505.78423978518,1523.02861521674,20
"1160",10,12067,120670206,2,"Melbourne Storm","home",2023-03-11,30.7034432295893,77.8455782087858,52.4701947351189,1417.20737755349,1391.13496795651,872.747229842305,1182.36238458377,2.07450312614716,1.14649160123382,2,16,12,4,6,0.902669845828284,0.797493763713334,0.938419924744279,1697.17322177097,1628.20692739541,1734.3487922806,12
"1161",7,12067,120670204,2,"Sydney Roosters","home",2023-03-11,22.610916567143,72.1951898689064,48.5379132582404,1376.83362537022,1383.59927747342,988.629892868135,1128.61785078944,2.02805786654939,1.60621539911518,0,18,28,-10,15,0.620465246739437,0.594410847619655,0.595762103525937,1555.69294432561,1549.16391514153,1529.99160204371,20
"1162",NA,12067,120670204,2,"Warriors","away",2023-03-11,18.0017676136694,77.3575389226574,48.4442214827365,1370.37947022261,1308.48938604331,1172.54067376612,997.465487036575,2.18203173116395,1.42926275836876,2,20,12,8,5,0.620465246739437,0.594410847619655,0.595762103525937,1470.30657975533,1482.7637570233,1462.61726246514,12
"1163",NA,12067,120670208,2,"Gold Coast Titans","away",2023-03-12,18.3814070908097,73.8636053665529,49.3026473765599,1312.40427420637,1271.84670383596,1248.80950978599,1006.59622732159,2.13963235482219,1.67795775691271,2,22,10,12,2,0.662325747183046,0.618974083188231,0.678577424263701,1391.58538729937,1428.45940025964,1374.44215529816,18
"1164",71,12067,120670207,2,"Newcastle Knights","away",2023-03-12,14.8721275047065,77.0202191180327,47.394551454697,1309.0774620203,1328.35238140207,1201.93385623769,994.921731860265,1.74890980460828,1.38566682101271,0,12,20,-8,13,0.470850828404985,0.498752097161692,0.45257488770569,1409.02071118541,1441.47358246974,1382.80355725267,14
"1165",6,12067,120670208,2,"St George-Illawarra Dragons","home",2023-03-12,17.8136706428562,75.0801189139492,49.8224269655967,1435.9731996184,1302.74171314546,1142.08229021536,949.053481328493,2.10893583911859,1.79195861823019,8,135,220,-85,11,0.662325747183046,0.618974083188231,0.678577424263701,1508.6148635133,1512.74657965699,1504.25136725921,32
"1166",6,12067,120670207,2,"Wests Tigers","home",2023-03-12,16.2997206821216,77.0153733371187,49.9304649858281,1202.60519910715,1353.60171687443,1148.31495293435,1143.82621415161,1.97606666301436,1.22907177803766,0,10,22,-12,16,0.470850828404985,0.498752097161692,0.45257488770569,1388.74279850054,1440.60644896266,1349.74985173226,12
"1167",NA,12067,120670301,3,"Manly-Warringah Sea Eagles","home",2023-03-16,21.4995855122536,76.5727296888778,51.6498236253332,1374.50880566209,1327.68385074943,1144.23765627331,991.259703120495,2.96396532424979,1.82188282938387,2,31,6,25,1,0.382989972922902,0.416790498043107,0.387581165717615,1491.12024053714,1483.00726069872,1510.09818092097,34
"1168",6,12067,120670301,3,"Parramatta Eels","away",2023-03-16,23.2433179671513,77.8664682319445,51.2636427313337,1373.4182062724,1422.06583576991,1021.73885735102,1035.19145756668,1.77032433921417,1.00551581456616,0,38,46,-8,16,0.382989972922902,0.416790498043107,0.387581165717615,1573.96216774058,1541.36997339048,1589.57253047642,30
"1169",6,12067,120670302,3,"Dolphins","away",2023-03-17,27.52,77,53.7,1328.3,1581.74,608.84,1292.24,1.12,1,4,48,32,16,2,0.353965239106614,0.408763780716761,0.311839300511745,1524.83923984838,1510.57655297785,1538.41016037966,36
"1170",6,12067,120670302,3,"Newcastle Knights","home",2023-03-17,14.8197998544241,76.8390059709507,47.6708783674152,1323.17281429909,1326.59123851794,1191.55782486343,991.32642794865,1.82397521633179,1.42252681175195,2,26,32,-6,11,0.353965239106614,0.408763780716761,0.311839300511745,1420.32113106712,1446.46110344135,1400.90655276089,20
"1171",7,12067,120670303,3,"South Sydney Rabbitohs","away",2023-03-17,23.1683652223174,75.9097684738486,51.0527820975122,1402.91931617606,1401.44613005996,987.077565559542,1050.31455820438,1.77501309325229,1.70209689914985,2,37,34,3,6,0.482956275352711,0.520205824323995,0.424425825709017,1576.64956159171,1539.17171120097,1599.08091666339,18
"1172",8,12067,120670303,3,"Sydney Roosters","home",2023-03-17,22.4542615731144,72.723478476772,48.9256384627459,1386.503607848,1390.88332082502,981.572099296047,1118.86077974208,2.02637439455643,1.50984247516827,2,38,40,-2,9,0.482956275352711,0.520205824323995,0.424425825709017,1564.80177840386,1553.21980666533,1546.16111790268,20
"1173",9,12067,120670306,3,"Brisbane Broncos","home",2023-03-18,17.6714500407085,74.6138046167477,49.3316329468192,1437.54621479508,1387.7743925822,1104.59449731865,932.939803573559,2.36012843066218,1.94579663203584,4,41,28,13,4,0.450258515973449,0.457124815513825,0.473969413949195,1482.0404156292,1486.69076207171,1499.00399823894,40
"1174",7,12067,120670304,3,"Gold Coast Titans","home",2023-03-18,18.3585226653612,73.8717890445597,48.9844885339663,1326.42001775399,1298.5559016058,1232.32093919883,982.140453682293,2.19125441353286,1.75728029149794,2,40,42,-2,8,0.156956752253032,0.244924937374796,0.126781547100442,1383.48120523176,1424.64914109153,1361.58525226871,38
"1175",7,12067,120670304,3,"Melbourne Storm","away",2023-03-18,29.581236635814,77.9148435162586,52.2619830510117,1407.05493490028,1403.48686987912,884.282396051766,1165.60064150874,2.07003293857833,1.13770210515979,2,28,38,-10,12,0.156956752253032,0.244924937374796,0.126781547100442,1675.50914547109,1620.23198975828,1696.81199529083,34
"1176",7,12067,120670305,3,"North Queensland Cowboys","home",2023-03-18,21.5892911050403,77.6097447876716,51.376193035216,1369.51118794288,1480.22902259094,1011.85463196801,1069.35032625497,2.043820694939,1.40126458221324,2,35,46,-11,13,0.542279009158955,0.520635914193091,0.575016252883941,1490.6465314562,1493.05531737418,1498.97086613641,12
"1177",NA,12067,120670306,3,"St George-Illawarra Dragons","away",2023-03-18,18.6648504042849,75.2553117791123,50.1930813476609,1452.83480764129,1317.33721035673,1109.49735280244,950.550272448783,2.10239968877147,1.74444110113638,4,32,18,14,3,0.450258515973449,0.457124815513825,0.473969413949195,1516.71904558091,1516.55683882511,1517.10827028866,18
"1178",7,12067,120670305,3,"Warriors","away",2023-03-18,17.6416615568493,77.3360865872979,48.2375681937723,1378.45670200925,1322.26002288071,1160.14823334015,989.877557814381,2.41110982729411,1.46350699286663,2,32,32,0,7,0.542279009158955,0.520635914193091,0.575016252883941,1461.19774567707,1478.7078654995,1446.44774660618,26
"1179",8,12067,120670308,3,"Canberra Raiders","home",2023-03-19,16.8766902419738,73.4168895709902,48.5287448700463,1400.68547675568,1333.44618660467,1087.00781881447,1016.79985786727,1.86906890287251,1.68973170842031,0,32,39,-7,15,0.465876385722182,0.486634418460044,0.425175549797634,1458.83815346959,1486.55206064724,1425.94273956346,24
"1180",7,12067,120670307,3,"Canterbury-Bankstown Bulldogs","home",2023-03-19,11.9396272743188,74.4491259925371,48.5506651479309,1500.88941195667,1359.28377029341,1075.40854446841,889.757667183262,3.00130564899809,1.6553462182513,2,32,43,-11,14,0.434866994709121,0.446166905156638,0.452731252645335,1331.92468864702,1398.0663076177,1298.7027872966,26
"1181",7,12067,120670308,3,"Cronulla-Sutherland Sharks","away",2023-03-19,21.1970299269569,74.103662907662,49.8068260469159,1352.02974492353,1376.44325806158,1055.52795573575,1086.65305298899,1.36115867817861,1.23704639524908,2,48,53,-5,10,0.465876385722182,0.486634418460044,0.425175549797634,1482.58658609049,1495.84163100194,1478.32951981624,20
"1182",5,12067,120670307,3,"Wests Tigers","away",2023-03-19,16.0417374411943,76.5344509368916,49.8146370866784,1208.38888716072,1365.02561386196,1135.51605575829,1136.93664130251,2.0375026632335,1.2153274713554,0,22,36,-14,17,0.434866994709121,0.446166905156638,0.452731252645335,1377.44237861882,1435.61892799104,1331.64685622403,22
"1183",6,12067,120670401,4,"Parramatta Eels","home",2023-03-23,23.6487188891222,77.0344801380279,51.1278241674537,1359.05311389606,1427.28188562372,1022.35452590996,1042.01997011268,1.72410487886132,0.94518486569219,0,68,80,-12,16,0.322733702277292,0.421945639515257,0.244327260447289,1559.15392709073,1535.53787837091,1565.07577710512,17
"1184",7,12067,120670401,4,"Penrith Panthers","away",2023-03-23,23.9214423062232,79.0395590559317,51.0059010658083,1342.68863014277,1448.01744024377,802.767527765085,1240.16697765605,1.94433375806951,1.65587709751566,2,28,23,5,5,0.322733702277292,0.421945639515257,0.244327260447289,1687.91998493905,1590.22274974708,1761.22050916593,16
"1185",7,12067,120670403,4,"Brisbane Broncos","away",2023-03-24,19.0111630382659,74.8169763397428,49.6717349700101,1415.97344190738,1398.40792902727,1095.49882747953,949.743415359145,2.45852072482245,1.88904883411369,6,81,46,35,1,0.554611849577974,0.53239893829831,0.544264002211261,1495.23421124584,1492.11951391657,1520.04522168097,18
"1186",NA,12067,120670403,4,"Dolphins","home",2023-03-24,28.0288,77.48,53.838,1339.022,1563.8756,625.1096,1283.5856,1.1128,1.06,6,84,52,32,2,0.554611849577974,0.53239893829831,0.544264002211261,1533.33440558694,1514.66419078502,1550.88373240013,12
"1187",NA,12067,120670402,4,"Melbourne Storm","home",2023-03-24,29.8463624376651,76.8999529052831,52.186264067951,1398.83163880626,1382.09765768637,909.465452288661,1166.64460301821,2.12583096226363,1.0694399788502,2,62,76,-14,13,0.842561999500848,0.740992558754696,0.883603587878305,1655.27610752516,1612.68123913202,1661.88325717485,24
"1188",9,12067,120670402,4,"Wests Tigers","away",2023-03-24,16.3992331947227,75.9623838806781,49.7657588614777,1224.02555393108,1367.54407703024,1139.86509241279,1112.40044282436,2.03525250343949,1.26240782307408,0,44,62,-18,17,0.842561999500848,0.740992558754696,0.883603587878305,1363.87918649184,1430.08059704261,1309.75610632985,12
"1189",7,12067,120670404,4,"Gold Coast Titans","away",2023-03-25,19.5370113054395,74.1194817018861,48.9854192219283,1309.65481668875,1296.84254750946,1229.3616828469,1001.45202646136,2.17977914872089,1.65184347400807,4,78,76,2,6,0.604799523153725,0.579407543682714,0.612394070093477,1403.71424317769,1432.19989171778,1396.51399038469,12
"1190",6,12067,120670405,4,"Manly-Warringah Sea Eagles","away",2023-03-25,22.2496103815184,76.0583659075451,51.6108342078132,1382.57827732237,1316.06281970447,1144.52339689691,993.704120933266,2.7861274047948,1.71256985962084,6,65,36,29,3,0.58313858344271,0.565156664153719,0.559388405084916,1505.92848118699,1488.83935571829,1534.59493429226,12
"1191",6,12067,120670404,4,"North Queensland Cowboys","home",2023-03-25,21.0139336387379,77.3931601004113,50.9936214531031,1375.42051666631,1482.97528123548,1013.30335404993,1052.64930667967,2.10119145324266,1.31718870728045,2,47,72,-25,15,0.604799523153725,0.579407543682714,0.612394070093477,1477.63183523638,1487.84895823225,1475.97021602106,24
"1192",8,12067,120670405,4,"South Sydney Rabbitohs","home",2023-03-25,22.8582633089784,75.3151823654177,50.9896151716615,1423.98415720549,1402.49936225636,992.112911625969,1024.67568471211,1.90851230765716,1.71997108520086,2,55,54,1,10,0.58313858344271,0.565156664153719,0.559388405084916,1564.24051220018,1534.37376944421,1576.05794969175,13
"1193",NA,12067,120670407,4,"Canberra Raiders","away",2023-03-26,17.3040888274553,73.8718761967308,48.4970201778436,1400.76434815034,1332.39941540839,1078.3673496856,1024.73186639524,1.87692476870016,1.58834780591509,2,56,59,-3,11,0.414737223585699,0.429506687788436,0.413799154204732,1471.65712021226,1491.68571646263,1448.93571757156,14
"1194",7,12067,120670406,4,"Canterbury-Bankstown Bulldogs","away",2023-03-26,12.7832496378597,74.3021784329849,48.697625239055,1495.25604723927,1365.8667440758,1054.5640318003,908.852207152266,2.8812273100582,1.55602544515622,4,58,65,-7,8,0.677214083153702,0.613559453966403,0.702007851885898,1345.487880774,1403.60463856613,1320.59353719079,14
"1195",11,12067,120670408,4,"Cronulla-Sutherland Sharks","away",2023-03-26,21.1252081313395,74.7574431332023,49.9384164841009,1349.86796022812,1377.97666257788,1061.13627839161,1078.03386980965,1.4594891574879,1.28282361153413,2,68,77,-9,12,0.548428833891844,0.529353112172577,0.558348851267308,1469.76761934782,1490.70797518654,1455.33654180815,40
"1196",6,12067,120670407,4,"Newcastle Knights","home",2023-03-26,15.1306118631586,76.3686656126937,47.4506256653702,1320.82244544114,1337.41576420687,1188.94435537162,984.646842271731,1.83453670335188,1.39717520304683,2,46,68,-22,14,0.414737223585699,0.429506687788436,0.413799154204732,1411.82596532857,1442.37346563419,1388.43298074042,24
"1197",5,12067,120670408,4,"St George-Illawarra Dragons","home",2023-03-26,18.6249593800278,75.5999930723655,49.8814964668013,1459.56471918282,1302.97697773533,1115.70751163429,950.697256101856,2.15625570744519,1.8797746350682,4,50,58,-8,9,0.548428833891844,0.529353112172577,0.558348851267308,1503.52524996427,1511.12808698025,1496.06704684663,8
"1198",7,12067,120670406,4,"Warriors","home",2023-03-26,18.1431618634383,77.79592139206,48.6433141021459,1387.3092998887,1331.00442150787,1137.99933933974,992.644904345518,2.32644323765647,1.37569657329464,4,58,44,14,4,0.677214083153702,0.613559453966403,0.702007851885898,1474.21244189689,1483.91422464143,1469.44839672153,16
"1199",9,12067,120670501,5,"Parramatta Eels","away",2023-03-30,23.2497957557749,77.9924113297462,51.4201547174065,1375.1899270623,1442.9849724863,1009.79325435536,1027.61877190592,1.68065858612964,0.948473773750658,2,85,96,-11,15,0.502593996502708,0.524013773238952,0.462482957721337,1575.40831823608,1541.31842197576,1595.30268668723,20
"1200",5,12067,120670501,5,"Sydney Roosters","home",2023-03-30,22.3070058787276,72.9800697681657,48.9901001549812,1388.45339137712,1412.67032157552,960.057773338284,1115.98913295755,1.96479193088304,1.59925192665817,4,58,58,0,7,0.502593996502708,0.524013773238952,0.462482957721337,1577.21082779539,1558.01774842209,1569.18408487432,28
"1201",5,12067,120670502,5,"Canberra Raiders","home",2023-03-31,17.105843497808,73.5195636249269,48.6471989671729,1394.77848726132,1342.57545048389,1082.06530870446,1015.02795441152,2.06430928257815,1.49304693756019,2,70,83,-13,16,0.225796892061939,0.361977957982137,0.146961577032001,1457.61081357832,1485.98078334052,1425.48768373974,12
"1202",10,12067,120670503,5,"Melbourne Storm","away",2023-03-31,29.4955806914052,77.2659557309661,52.235088223874,1410.60174047788,1388.15179822519,897.137525151341,1158.92592683712,2.23828110452781,1.00527358011919,4,86,88,-2,9,0.380317141192088,0.391585597091085,0.39666108061372,1659.05461953714,1615.27131354448,1666.53911365972,18
"1203",5,12067,120670502,5,"Penrith Panthers","away",2023-03-31,23.4461557678498,79.3971855125758,50.5855470018598,1363.46731233421,1458.81639382915,802.72147609918,1214.53695899669,2.00767373258534,1.67652447166472,4,44,40,4,7,0.225796892061939,0.361977957982137,0.146961577032001,1671.6655937937,1584.44220614223,1730.99359958383,53
"1204",7,12067,120670503,5,"South Sydney Rabbitohs","home",2023-03-31,22.2667675104397,75.4762714234926,50.7502382613618,1433.46510777317,1406.42940052098,985.206136928411,1024.69514362939,1.97400156919773,1.61677282008881,4,68,66,2,8,0.380317141192088,0.391585597091085,0.39666108061372,1574.24518619755,1538.72220280267,1593.68241348835,10
"1205",6,12067,120670506,5,"Brisbane Broncos","home",2023-04-01,18.95049325597,74.5879577593583,49.5714308718095,1407.69503539294,1410.92345328563,1082.32889783076,956.118810437596,2.3110094813331,1.77570590406687,8,99,58,41,1,0.701513120744786,0.599331802800551,0.796189103317596,1508.54489563571,1497.44350329955,1541.81578176942,46
"1206",6,12067,120670505,5,"Dolphins","away",2023-04-01,27.067072,77.1512,53.72772,1355.10068,1546.723064,650.963024,1259.130464,1.166032,1.0564,6,96,70,26,3,0.457418127603699,0.494955141722183,0.420969842440131,1520.02372119707,1509.34020140204,1529.11317231168,12
"1207",6,12067,120670504,5,"Manly-Warringah Sea Eagles","home",2023-04-01,21.6346337586273,76.0548639530924,51.6941841553444,1387.70358068302,1332.0190505222,1137.3519930831,986.70187367727,2.73895976050711,1.66981566804359,6,77,49,28,2,0.599468028837111,0.55221081573839,0.646786493390894,1495.92380718961,1484.49092235983,1516.97047049566,32
"1208",NA,12067,120670504,5,"Newcastle Knights","away",2023-04-01,15.6627751513691,76.706545675932,47.543588125448,1331.69309871467,1335.23081835446,1169.38769404933,993.968031735427,1.84446450115077,1.37334469086402,4,70,82,-12,12,0.599468028837111,0.55221081573839,0.646786493390894,1425.87227196251,1448.0783987563,1411.88101457224,32
"1209",14,12067,120670505,5,"St George-Illawarra Dragons","home",2023-04-01,17.9874618172261,75.4439934880236,49.9486066787932,1457.85083603185,1307.95835907121,1119.86506093623,942.075420735745,2.08688036499847,1.8869881569641,4,58,98,-40,14,0.457418127603699,0.494955141722183,0.420969842440131,1490.36295795087,1505.83455585853,1473.73309279593,38
"1210",8,12067,120670506,5,"Wests Tigers","away",2023-04-01,16.1352792030393,76.0246408478374,49.599813329789,1239.56402069521,1381.19143240843,1133.75318686802,1087.8964162549,2.03313735323312,1.36666335368964,0,56,86,-30,17,0.701513120744786,0.599331802800551,0.796189103317596,1360.10067447986,1427.49052263015,1305.10024984498,12
"1211",NA,12067,120670508,5,"Canterbury-Bankstown Bulldogs","home",2023-04-02,12.8562546595881,74.7640477270058,48.6557677247117,1498.12068440491,1365.51473943125,1055.49018989229,904.60107472313,2.82835367145471,1.58266391844685,4,72,81,-9,10,0.297365413254378,0.370189057761795,0.258786587834964,1337.74101876969,1399.74023310579,1308.67385126623,15
"1212",7,12067,120670507,5,"Cronulla-Sutherland Sharks","home",2023-04-02,22.2576956434591,74.8319965452101,49.8821114950549,1352.03588261444,1381.15806282321,1045.88810168811,1084.45183762107,1.43191980803862,1.26585419484209,4,108,85,23,6,0.501396812784129,0.511831461088283,0.494678945756142,1482.92991136123,1496.00150630826,1477.67049585884,30
"1213",8,12067,120670508,5,"North Queensland Cowboys","away",2023-04-02,21.1930976204136,77.6695704943866,50.9340041659169,1363.45528566633,1474.27676436135,1021.98515280694,1058.49034827889,2.0951199660481,1.35815738484362,4,71,84,-13,13,0.297365413254378,0.370189057761795,0.258786587834964,1487.11664668069,1492.05488279543,1491.47445321732,14
"1214",7,12067,120670507,5,"Warriors","away",2023-04-02,18.014572151632,78.2281661085364,48.8447152560172,1385.67074189537,1343.7241562174,1119.99937897936,997.286210084787,2.36685664339708,1.41315477889696,6,74,58,16,4,0.501396812784129,0.511831461088283,0.494678945756142,1481.9593039012,1487.77863010177,1481.3680826461,32
"1215",6,12067,120670601,6,"Melbourne Storm","home",2023-04-06,28.8058458499209,77.7299983871082,51.8609829304415,1417.88563604921,1389.34269033168,914.349273642261,1131.03037122689,2.52398423825614,0.944957165312037,6,104,98,6,6,0.611816518507961,0.580474003533209,0.629013562063288,1668.18223092575,1619.18716951539,1682.40555688427,28
"1216",8,12067,120670601,6,"Sydney Roosters","away",2023-04-06,22.6485855260039,73.3412655820758,48.9906941456823,1382.48618789449,1416.05010228099,951.474306937987,1123.1297849801,1.96690441503006,1.56329681105868,8,86,78,8,3,0.611816518507961,0.580474003533209,0.629013562063288,1589.14857187933,1562.7776106897,1590.68476656546,8
"1217",6,12067,120670602,6,"Canterbury-Bankstown Bulldogs","home",2023-04-07,12.9848793800128,75.0182048633854,48.736421661229,1502.43344334062,1380.18385506538,1049.76077849875,908.645010239743,2.83865245116743,1.54770408334004,6,87,95,-8,8,0.229380575044041,0.32273125319687,0.201228172372854,1354.60424885158,1406.03834252818,1338.32238775283,16
"1218",6,12067,120670603,6,"Dolphins","away",2023-04-07,26.16304768,77.802128,53.2640568,1378.6746392,1547.69968016,663.80524256,1223.00263616,1.27607008,1.113016,6,108,108,0,7,0.447311224101683,0.473354166432659,0.436836759071215,1507.00175625956,1504.28975281926,1505.95196600928,32
"1219",8,12067,120670603,6,"North Queensland Cowboys","home",2023-04-07,20.7615117631888,77.9293962647234,50.8779639159618,1378.24796852635,1480.02015849967,1018.98604363852,1052.58092738216,2.14941276808522,1.456667941753,4,85,99,-14,14,0.447311224101683,0.473354166432659,0.436836759071215,1470.2534165988,1485.75677337304,1461.82591673072,22
"1220",9,12067,120670602,6,"South Sydney Rabbitohs","away",2023-04-07,21.5307614598133,75.7476951380831,50.9452239656801,1431.93720130678,1413.96363648972,967.733768712706,1034.25343501162,1.97556147504586,1.63976645088348,4,78,84,-6,13,0.229380575044041,0.32273125319687,0.201228172372854,1565.11757480894,1534.80634683176,1577.8159702638,50
"1221",5,12067,120670605,6,"Brisbane Broncos","home",2023-04-08,20.5734636606118,74.7326802937968,49.8371450195009,1467.11333326936,1412.90804608849,1062.20916396091,966.671681811341,2.35234891245311,1.78916354982286,10,145,70,75,1,0.590403246630517,0.527443930662801,0.67926731234274,1515.70858073783,1501.45018527155,1549.96821763672,14
"1222",9,12067,120670605,6,"Canberra Raiders","away",2023-04-08,16.7994928879395,73.3683898074313,48.3683670291426,1383.57177802564,1341.34092345485,1102.9413901822,1005.42627714683,2.18045072562346,1.46346412130658,2,82,136,-54,16,0.590403246630517,0.527443930662801,0.67926731234274,1452.19168816883,1482.3610037607,1419.60922065846,20
"1223",NA,12067,120670604,6,"Manly-Warringah Sea Eagles","away",2023-04-08,22.2565557331097,76.7715721159069,51.7725331060238,1385.56136584204,1362.37790749087,1138.77087349811,991.279761256634,2.69462217487668,1.68962672796097,7,109,81,28,4,0.742037978383792,0.645475194062116,0.785776772863873,1493.53657449752,1483.96881420244,1511.09901076002,12
"1224",6,12067,120670604,6,"Penrith Panthers","home",2023-04-08,25.2193864217788,79.6133543818213,50.9104141817482,1360.97927359416,1443.7674101994,805.858187533229,1227.46474145689,2.06721330863022,1.63593300336483,6,97,52,45,5,0.742037978383792,0.645475194062116,0.785776772863873,1677.08471920319,1588.06198572205,1736.87206266511,44
"1225",7,12067,120670606,6,"Gold Coast Titans","home",2023-04-09,19.0847906271131,74.232312799773,49.0462940686126,1311.35552768742,1289.59199465889,1224.59998187609,1010.84490487367,2.16899239979763,1.67273286556758,4,90,100,-10,11,0.347884873972174,0.382923170590698,0.33914984938882,1394.22943173338,1427.9939671546,1381.00975318843,20
"1226",7,12067,120670607,6,"Newcastle Knights","home",2023-04-09,16.643008642287,77.3241529353761,47.5109728379211,1362.07151279179,1336.23696925319,1163.00443240637,1003.9899498313,1.85379663108172,1.35094400941218,5,102,114,-12,11,0.406514924857545,0.436595478381714,0.382227351331857,1428.2595046546,1448.60050691368,1417.75247430787,34
"1227",6,12067,120670606,6,"St George-Illawarra Dragons","away",2023-04-09,19.1882141081925,76.1973538787422,50.1916902780656,1464.15978586994,1334.36085752694,1092.09315728006,937.4508954916,2.08166754309857,1.77376886754626,6,96,110,-14,10,0.347884873972174,0.382923170590698,0.33914984938882,1503.38492288838,1510.8850044413,1496.89429909833,18
"1228",8,12067,120670607,6,"Warriors","away",2023-04-09,18.8536978225341,78.8744761420242,48.7940323406562,1349.15049738165,1375.54070684435,1123.71941624059,995.7690374797,2.34484524479325,1.44836549216314,8,106,88,18,2,0.406514924857545,0.436595478381714,0.382227351331857,1493.99282740802,1492.89694471265,1501.15524047634,24
"1229",NA,12067,120670608,6,"Parramatta Eels","away",2023-04-10,23.0548080104284,78.0528666499614,51.3949454343621,1380.81853143856,1433.74587413712,1023.30565909404,1014.98164559156,1.81981907096186,0.951565347325619,2,105,124,-19,15,0.229359961500136,0.342784408706459,0.168863852571197,1563.47057415214,1536.55855970815,1573.80200499608,28
"1230",14,12067,120670608,6,"Wests Tigers","home",2023-04-10,15.887162450857,75.7831623969672,49.3838245300017,1251.8301794535,1442.19994646392,1133.64799565594,1067.44263127961,2.21114911203913,1.28466355246826,0,68,132,-64,17,0.229359961500136,0.342784408706459,0.168863852571197,1352.93698937774,1423.48384065816,1296.94781397768,22
"1231",8,12067,120670701,7,"Dolphins","home",2023-04-13,26.5132648192,77.87400032,53.068213392,1379.114160848,1537.8776993504,675.3969280064,1220.0024779904,1.3195058752,1.16623504,8,140,130,10,4,0.42447408259194,0.458347484501667,0.411097171271346,1517.737225638,1509.02329448359,1523.42543637213,14
"1232",6,12067,120670701,7,"South Sydney Rabbitohs","away",2023-04-13,23.2389157722245,75.6428334297981,51.5485105277393,1435.42096922837,1406.34581830034,953.889742589944,1049.95822891093,2.03702778654311,1.54138046383047,6,128,100,28,10,0.42447408259194,0.458347484501667,0.411097171271346,1570.62270861,1538.03365936373,1585.86509715872,36
"1233",15,12067,120670702,7,"Cronulla-Sutherland Sharks","home",2023-04-14,22.7222339048516,75.2020767524975,50.0091848053516,1383.35372965757,1344.90857905382,1041.45481558682,1090.30472736381,1.46600461955631,1.30990294315156,4,138,117,21,12,0.348171853026829,0.403787671336636,0.336474774484229,1470.89638785441,1490.88319169738,1457.8833380286,22
"1234",6,12067,120670703,7,"Manly-Warringah Sea Eagles","home",2023-04-14,21.6411623891231,76.5452777889525,51.4861811196623,1400.40768389152,1365.53523304141,1134.28462108823,974.102975581236,2.83294484438408,1.82824912428332,7,121,125,-4,9,0.250751271260821,0.305140493957368,0.245850081515297,1487.34548597873,1480.42356614307,1502.53008167458,18
"1235",7,12067,120670703,7,"Melbourne Storm","away",2023-04-14,28.7574950989256,78.6461984838817,52.289323954615,1417.29249788626,1392.68212891177,889.068317223725,1151.12854895328,2.49254518396077,0.948259735393315,8,132,106,26,3,0.250751271260821,0.305140493957368,0.245850081515297,1677.49863448156,1623.38242948006,1697.24501440173,8
"1236",6,12067,120670702,7,"Sydney Roosters","away",2023-04-14,21.7696703944437,72.9007896471512,48.5112524969414,1386.23701662083,1415.56709614413,982.345848521708,1085.32199788129,2.02889015012825,1.58949900239516,8,94,106,-12,7,0.348171853026829,0.403787671336636,0.336474774484229,1579.83216832352,1558.58235072503,1575.84530904799,12
"1237",7,12067,120670706,7,"Brisbane Broncos","away",2023-04-15,20.1790558409751,74.508719476169,50.1469163183309,1471.3665332732,1406.85356332318,1052.41661412326,972.33138090266,2.27120797770593,1.68181373683348,10,159,90,69,1,0.371069837017703,0.411694676883501,0.339834987312671,1501.5389028187,1496.17574596492,1522.79752514301,43
"1238",7,12067,120670706,7,"Gold Coast Titans","home",2023-04-15,19.1397031894863,74.4583740317866,48.9835164244959,1328.97419602618,1293.57647497936,1203.08398296352,1009.23421058125,2.33885285580978,1.63236889363353,8,110,118,-8,6,0.371069837017703,0.411694676883501,0.339834987312671,1409.88019475805,1434.1647354487,1407.44375921287,26
"1239",6,12067,120670705,7,"Newcastle Knights","home",2023-04-15,17.6844281237498,77.7247037592535,47.7203144676459,1357.26722202428,1328.782751098,1166.00416646198,1009.63055284142,2.10256883321682,1.32988736884745,7,136,138,-2,8,0.200047285720095,0.312001057768883,0.148795524807681,1442.50314645802,1454.23455212987,1442.4633802546,15
"1240",NA,12067,120670704,7,"North Queensland Cowboys","away",2023-04-15,20.8358210573974,77.33363248884,50.8252860810041,1378.59309041477,1474.37894898969,1028.22688102021,1040.84607173923,2.1404480020001,1.36926786524782,4,107,131,-24,15,0.52908222964263,0.508978638488765,0.54605304182359,1459.51794722036,1481.02323170872,1444.35244636787,14
"1241",8,12067,120670705,7,"Penrith Panthers","away",2023-04-15,26.3462232364721,79.816553118912,51.0357893308433,1364.22051717851,1455.12136558744,799.806696281235,1217.65685696947,2.00318051011241,1.59777702316294,8,141,64,77,2,0.200047285720095,0.312001057768883,0.148795524807681,1683.27580772198,1591.60723378143,1745.44099175055,16
"1242",7,12067,120670704,7,"Warriors","home",2023-04-15,19.162475953182,78.9420075735028,48.8063904002168,1340.92146753875,1369.92826443369,1122.17625126616,1008.80289523092,2.32415453010566,1.36146356263335,8,130,122,8,5,0.52908222964263,0.508978638488765,0.54605304182359,1479.7491856046,1487.26289949647,1476.44433452962,22
"1243",5,12067,120670707,7,"Canberra Raiders","home",2023-04-16,16.9915233146632,73.9462864189854,48.166265007394,1379.2774713441,1353.14046804756,1100.42490677126,999.040700518021,2.28962368208606,1.37565627402818,4,102,150,-48,16,0.469280816683127,0.475441418822814,0.46597386657712,1466.36136608796,1487.63544306733,1446.77991315217,20
"1244",6,12067,120670708,7,"Canterbury-Bankstown Bulldogs","away",2023-04-16,13.1657866172121,75.0171125715823,48.1522363615553,1489.50743674018,1386.77282376146,1064.53513178882,898.346309625358,2.78833330409738,1.45484183833964,6,103,145,-42,13,0.780007239991727,0.687755084459128,0.80857022135425,1349.09911505053,1402.81102999621,1330.27326085791,4
"1245",7,12067,120670708,7,"Parramatta Eels","home",2023-04-16,23.3515195298027,78.4096946509637,51.0712487083004,1401.46941955225,1428.42112168889,1026.76731954839,993.622746856069,1.95062992670415,1.13447142648608,4,133,146,-13,14,0.780007239991727,0.687755084459128,0.80857022135425,1568.97521322814,1539.98640379521,1580.55655909893,30
"1246",9,12067,120670707,7,"St George-Illawarra Dragons","away",2023-04-16,19.116921261701,76.2455126460176,50.3001888613817,1457.67019871774,1350.59920607532,1085.60756784326,933.163841762104,2.07676749051265,1.72734273549348,6,114,130,-16,12,0.469280816683127,0.475441418822814,0.46597386657712,1487.73415986371,1504.71423614721,1470.46029307388,14
"1247",NA,12067,120670801,8,"Penrith Panthers","away",2023-04-20,25.7254498422837,79.1075599317773,51.1536419709927,1361.3272861478,1459.55408365219,805.398294504361,1213.35744555131,2.06298967950566,1.62191040177317,10,157,79,78,2,0.350355335666975,0.425564839672576,0.297716494381175,1688.07694257926,1594.72724435912,1751.39281274286,18
"1248",NA,12067,120670801,8,"South Sydney Rabbitohs","home",2023-04-20,24.004580825891,76.6242634240102,51.6355998960749,1442.77571107467,1409.68506920232,941.536358034547,1049.24073517627,2.09480611935052,1.44889763600064,8,164,114,50,5,0.350355335666975,0.425564839672576,0.297716494381175,1580.81008659221,1542.61713420874,1602.30898400957,20
"1249",7,12067,120670802,8,"Brisbane Broncos","away",2023-04-21,21.5483124905166,74.7181963075988,50.318101339231,1466.42454127681,1399.30234952379,1046.39161727586,984.911498048501,2.19493549904357,1.64090491262348,12,202,116,86,1,0.59081185117784,0.56130736678333,0.574030837675843,1510.44457890712,1500.29269273375,1536.39092463552,26
"1250",8,12067,120670802,8,"Parramatta Eels","home",2023-04-21,23.7504283580145,78.1451129719059,51.1869737858023,1406.72125437911,1436.07585438756,1001.04128037549,1004.7453820447,1.9535921311019,1.06640314089692,6,163,150,13,12,0.59081185117784,0.56130736678333,0.574030837675843,1574.25503946834,1543.10885295062,1588.21375024476,16
"1251",7,12067,120670803,8,"Canterbury-Bankstown Bulldogs","home",2023-04-22,12.6158394201793,74.7160858172874,48.083102179862,1493.49699053577,1392.90645433577,1071.40302388149,880.325531047836,2.68103330585154,1.72755132803926,6,107,175,-68,15,0.305430924517914,0.363714274002866,0.282631988279206,1343.81928881033,1399.6885808408,1322.61606971208,20
"1252",6,12067,120670803,8,"Cronulla-Sutherland Sharks","away",2023-04-22,22.6788998705605,75.0699521473477,50.0086337170305,1394.73250587812,1356.37406431059,1028.58752665161,1077.50644372198,1.43804434238293,1.23130876656247,8,160,129,31,6,0.305430924517914,0.363714274002866,0.282631988279206,1486.54026338177,1496.84531498401,1484.42434704923,33
"1253",6,12067,120670804,8,"Newcastle Knights","away",2023-04-22,17.5233624363248,77.8612215336983,47.6770955995871,1367.57118870283,1328.01578603212,1164.80391647426,1002.63271967094,2.09641470322381,1.4300941267166,7,151,154,-3,11,0.515126114525814,0.535913745823838,0.485157018594841,1437.70201160074,1451.11454155218,1436.51155926229,16
"1254",7,12067,120670804,8,"North Queensland Cowboys","home",2023-04-22,20.4256717939536,77.6736145395096,51.1357689161439,1371.71750498989,1467.21621205031,1015.433268159,1060.65530743487,2.0720211218801,1.34711179333295,4,121,153,-32,16,0.515126114525814,0.535913745823838,0.485157018594841,1448.21592073178,1476.1130180936,1426.19456804081,18
"1255",6,12067,120670805,8,"Dolphins","home",2023-04-23,25.762468930048,78.3015603008,52.70412058848,1384.08731119712,1539.08503738938,697.153112326016,1191.68232931098,1.300335522688,1.1562609376,8,154,166,-12,8,0.648738081141868,0.605452113031461,0.657288820778497,1507.54984765579,1504.43981963857,1506.98154952128,28
"1256",9,12067,120670805,8,"Gold Coast Titans","away",2023-04-23,19.5513209981172,74.8508715898794,48.8645054390261,1326.09574426461,1299.30188648059,1201.81894398571,1005.80015794638,2.43852168446119,1.59442676001552,8,136,161,-25,10,0.648738081141868,0.605452113031461,0.657288820778497,1400.97451866962,1430.04778867986,1393.85035972037,26
"1257",6,12067,120670806,8,"Manly-Warringah Sea Eagles","away",2023-04-23,21.4226926457757,76.7525611216153,51.5770102524826,1388.14322285803,1379.72311905893,1102.70754382293,999.416797046361,2.84296815372104,1.77855417682632,9,139,133,6,4,0.287221444587548,0.404318548542625,0.198458229723342,1505.32745546847,1487.37216120349,1532.69607841397,22
"1258",NA,12067,120670806,8,"Wests Tigers","home",2023-04-23,16.2539327038055,76.0361726531492,49.6607950582016,1257.42036868629,1459.16794967609,1105.16911591658,1068.25607340283,2.13848016531678,1.20758373932016,0,90,160,-70,17,0.287221444587548,0.404318548542625,0.198458229723342,1347.43235030173,1420.05599657109,1290.19325987483,16
"1259",6,12067,120670808,8,"Melbourne Storm","home",2023-04-25,27.5120453929901,78.3674265748488,51.9719645173381,1428.37494801308,1380.88120117707,919.484218190301,1118.54083601608,2.40299247292313,1.19136415126972,8,140,124,16,7,0.725072675024959,0.671571694363442,0.729651725594492,1659.51666499182,1616.43383441963,1667.07901766235,30
"1260",7,12067,120670807,8,"St George-Illawarra Dragons","away",2023-04-25,18.8099059859989,75.7507818872566,50.2821775296988,1449.16998679468,1354.9432537108,1084.25111377266,937.414011256378,2.19216144108189,1.86370217136387,6,128,150,-22,13,0.625609483039146,0.575900076870359,0.640336891931765,1474.99689946411,1499.46865033544,1449.09924773697,26
"1261",7,12067,120670807,8,"Sydney Roosters","home",2023-04-25,21.1834901707771,73.2667422683222,48.6005773471249,1395.22279562358,1425.01307037548,976.025097610406,1069.82267800841,2.02715674112056,1.49412906225145,8,106,128,-22,9,0.625609483039146,0.575900076870359,0.640336891931765,1564.18829279616,1552.6202274384,1549.30430002736,27
"1262",7,12067,120670808,8,"Warriors","away",2023-04-25,19.3327273959911,78.7654871190926,48.5180069762038,1341.76617948643,1363.57256856767,1137.10567619019,997.174721517063,2.48470525829932,1.51977574887535,10,152,136,16,3,0.725072675024959,0.671571694363442,0.729651725594492,1491.05121209318,1492.17311311158,1494.60221285667,22
"1263",68,12067,120670901,9,"Cronulla-Sutherland Sharks","home",2023-04-27,23.2981658783268,75.0657550185068,50.0681156940086,1396.66855552543,1360.43162045195,1016.79227505252,1080.35605709866,1.35176168183995,1.27743024056872,10,193,149,44,5,0.548799582209851,0.528361229015314,0.569970059191179,1493.8706055702,1500.48245772404,1495.7296265804,44
"1264",9,12067,120670901,9,"North Queensland Cowboys","away",2023-04-27,20.2801314863164,77.7531976671391,51.0076227811753,1394.41445469049,1465.22323932729,998.487272069456,1050.77598898878,1.94769985456729,1.26628508573297,6,139,169,-30,15,0.548799582209851,0.528361229015314,0.569970059191179,1459.85289398316,1480.75388063537,1446.78828729702,6
"1265",6,12067,120670903,9,"Brisbane Broncos","home",2023-04-28,21.8154137410856,75.3951045291429,50.4790152588771,1458.6590688002,1392.38420855237,1044.98812023931,995.596808165591,2.12323936910096,1.66245061786607,14,228,132,96,1,0.398148789878669,0.439203615479922,0.399155255377813,1524.62406333539,1505.90576640159,1559.35215814255,6
"1266",NA,12067,120670902,9,"Newcastle Knights","away",2023-04-28,17.4319606901453,77.0895482416764,47.8764698636119,1371.55691738066,1353.33483887019,1148.67568148581,986.454756490682,2.03062982103038,1.40428847911361,7,167,172,-5,12,0.683829403266426,0.628074524164314,0.702585330326874,1426.06503834936,1446.47367901042,1415.91784000608,12
"1267",9,12067,120670902,9,"Parramatta Eels","home",2023-04-28,23.2854026565337,77.8964061935915,50.9357553586542,1399.35797911636,1430.1313031243,1010.75880355296,1005.84065912202,1.95637660323579,1.0024189524431,6,179,176,3,13,0.683829403266426,0.628074524164314,0.702585330326874,1560.07555504008,1537.49577928279,1565.25251673773,43
"1268",6,12067,120670903,9,"South Sydney Rabbitohs","away",2023-04-28,23.7643059763376,77.2468076185696,51.8374639023104,1449.92916841019,1416.78396505018,936.044176552474,1038.00629106569,2.02911775218949,1.3619637778406,10,184,132,52,4,0.398148789878669,0.439203615479922,0.399155255377813,1596.4015585362,1548.36148581202,1630.40032423432,32
"1269",9,12067,120670904,9,"Canberra Raiders","home",2023-04-29,17.1720319157834,74.0095092338463,48.2762891069504,1381.90082306345,1350.91203996471,1094.63941236499,1002.87825848694,2.21224626116089,1.29311689758649,6,122,164,-42,14,0.447121716332787,0.477702361476704,0.424947287171558,1479.09862648757,1492.8810288791,1468.14095848909,31
"1270",6,12067,120670904,9,"Dolphins","away",2023-04-29,25.8967207942451,78.703466682752,52.6618733531712,1383.18207252529,1534.39993514601,703.083925586455,1191.70138955232,1.28231539132672,1.086885281344,10,182,192,-10,8,0.447121716332787,0.477702361476704,0.424947287171558,1515.98013370839,1508.38529850826,1520.68999669014,30
"1271",5,12067,120670905,9,"Gold Coast Titans","away",2023-04-29,19.9382417382301,75.3998192944866,48.8126351126845,1334.18999960873,1303.48377329176,1201.22980734657,993.212148469595,2.41221038339352,1.55876115441459,8,162,189,-27,10,0.665725192123736,0.592901247284846,0.715829798338218,1392.54423261703,1426.10230981018,1380.14191255151,26
"1272",7,12067,120670905,9,"Manly-Warringah Sea Eagles","home",2023-04-29,21.4573310870292,76.4074074543184,51.0623896373336,1397.67462948655,1392.69973191539,1087.78509119356,989.31178922358,2.91239006449778,1.85184092621674,11,161,149,12,2,0.665725192123736,0.592901247284846,0.715829798338218,1512.22077013857,1491.41534668892,1540.6344076029,10
"1273",6,12067,120670906,9,"Penrith Panthers","home",2023-04-29,25.2619228517467,79.2211063358706,50.7844234527331,1371.32764897893,1465.70083863306,808.7943968341,1191.55599881823,2.11921029873532,1.58459577766678,10,175,99,76,3,0.87111318293998,0.730211486103652,0.926822086869414,1672.48547063527,1588.98289275585,1723.3014725181,8
"1274",8,12067,120670906,9,"Wests Tigers","away",2023-04-29,16.2386967415772,76.0340022939602,50.1011473547095,1277.73514656511,1464.43787269552,1088.71896896159,1055.40070899866,2.01017135539778,1.13512871496095,2,106,182,-76,17,0.87111318293998,0.730211486103652,0.926822086869414,1340.53903563163,1416.01281108567,1282.2549306859,12
"1275",6,12067,120670908,9,"Canterbury-Bankstown Bulldogs","away",2023-04-30,13.0588890549686,74.7331206682501,48.1381160490702,1489.32717110362,1394.95206707562,1074.6188424486,877.425999184966,2.64017130750045,1.7438982483569,6,127,208,-81,16,0.678217440161158,0.63897178241706,0.670480399035937,1336.4889466219,1396.05143810077,1311.31079018091,18
"1276",7,12067,120670908,9,"St George-Illawarra Dragons","home",2023-04-30,19.241311626839,75.4657349740212,50.2652468779168,1450.83978758699,1364.06665848815,1075.4760469463,934.269170580995,2.18063175461698,1.81188004108204,6,154,177,-23,14,0.678217440161158,0.63897178241706,0.670480399035937,1466.01152705705,1495.22765110414,1434.71272341424,16
"1277",7,12067,120670907,9,"Sydney Roosters","away",2023-04-30,21.5324807605304,72.4707377322228,48.6845427062974,1401.92942788616,1428.13228615295,970.563591753781,1061.91331732791,2.08552733665333,1.40448131851636,10,133,154,-21,9,0.375025352529276,0.40340906808567,0.386996260047881,1573.17366520323,1556.8612266697,1563.69082435009,14
"1278",NA,12067,120670907,9,"Warriors","home",2023-04-30,19.4927637522316,79.5595578919471,48.5469265576316,1344.24020871724,1355.73821445361,1145.61933561878,991.764238226039,2.57562294280136,1.48858920394283,10,174,166,8,7,0.375025352529276,0.40340906808567,0.386996260047881,1484.45295629378,1488.88883005521,1483.78828188045,0
"1279",7,12068,120680101,1,"Brisbane Broncos","home",2023-09-08,20.8664889166204,75.1913982573943,50.3302743433445,1456.51952467219,1391.22115603922,1053.56883302495,985.060999675655,2.0558450069549,1.5627035807941,14,234,164,70,1,0.295359780794192,0.336163295936577,0.315553004514824,1515.0684923783,1501.51373024679,1543.38594792744,26
"1280",7,12068,120680101,1,"Melbourne Storm","away",2023-09-08,27.6613226694107,78.5253809803578,51.9136466462978,1416.6524511323,1381.00832910644,918.735165098883,1128.16838585512,2.43881292454774,1.23988230219353,10,170,146,24,6,0.295359780794192,0.336163295936577,0.315553004514824,1666.11492079122,1619.718117476,1677.89294863857,0
"1281",NA,12068,120680103,1,"Cronulla-Sutherland Sharks","home",2023-09-09,24.5402759256272,75.3618097173964,50.3040287523681,1389.4284421939,1361.54572322484,994.604738549367,1106.07469367274,1.39065598092956,1.2007844261346,12,237,155,82,2,0.390316711418327,0.420525956608468,0.405811647565886,1504.69941559716,1505.19884543389,1512.93082421275,12
"1282",8,12068,120680102,1,"Penrith Panthers","home",2023-09-09,24.2262074806419,78.9078399557184,50.2573580455691,1394.58799004019,1518.63878831507,823.986733024054,1176.58263888913,2.2320576808112,1.72952003100677,10,183,111,72,7,0.733775872918069,0.63584506031923,0.778069100021258,1651.57875424471,1581.68077789481,1686.22858904333,32
"1283",6,12068,120680103,1,"Sydney Roosters","away",2023-09-09,21.0805319148986,72.8624934682895,48.5234701439196,1405.17366221299,1435.74434898377,963.329776248554,1055.55851828824,2.14039569645413,1.56021243940538,12,147,154,-7,5,0.390316711418327,0.420525956608468,0.405811647565886,1582.17427366393,1560.89531735055,1579.17067475201,13
"1284",7,12068,120680102,1,"Warriors","away",2023-09-09,18.3231979270977,79.3459844184302,48.8741109641737,1356.88579619421,1361.75392158639,1134.24217548165,983.258383932477,2.48108556623328,1.51927385170626,10,174,180,-6,8,0.733775872918069,0.63584506031923,0.778069100021258,1475.45234783307,1484.85473937436,1468.30843147854,6
"1285",8,12068,120680104,1,"Canberra Raiders","away",2023-09-10,18.0017100008364,74.9689386798155,48.6197117605333,1380.28677367965,1360.57731756683,1074.62104762309,1026.34556297772,2.13951148549124,1.2155298837313,10,153,194,-41,11,0.395237393735663,0.421012637379958,0.37718506271164,1492.36770529558,1498.10400526433,1491.14306700223,28
"1286",7,12068,120680104,1,"Newcastle Knights","home",2023-09-10,17.1060430487366,76.9041753471759,47.8838816717952,1368.28350233782,1369.39474853798,1159.97514059666,962.247471101241,2.08879203176856,1.38003117036679,7,179,215,-36,14,0.395237393735663,0.421012637379958,0.37718506271164,1418.47694402775,1442.75442425206,1404.02125321916,30
"1287",6,12068,120680201,2,"Melbourne Storm","home",2023-09-15,26.0016433092461,78.0738581215364,51.55882784752,1419.13330406436,1379.44782936006,931.95105519295,1112.07828270381,2.47248414907488,1.28548936406192,NA,NA,NA,NA,NA,0.582228248624931,0.568611984789697,0.578653851898056,1649.20355553028,1613.07975043536,1650.51506881916,18
"1288",6,12068,120680201,2,"Sydney Roosters","away",2023-09-15,20.5957000000047,72.8707438601921,48.4320619352844,1417.52324248021,1447.93968804475,954.009989673641,1037.10500719094,2.13197195466688,1.52659969304106,NA,NA,NA,NA,NA,0.582228248624931,0.568611984789697,0.578653851898056,1591.54187473797,1565.10057691664,1595.40314065464,13
"1289",8,12068,120680202,2,"Newcastle Knights","away",2023-09-16,17.8796804658124,76.7299248263453,47.7708487714875,1387.94649219755,1365.2910636257,1180.55663216086,958.992622835166,2.02346450986244,1.53722930014478,NA,NA,NA,NA,NA,0.551725661398593,0.546876246045571,0.543776830638705,1432.99124657809,1448.54429787826,1428.93385071069,10
"1290",8,12068,120680202,2,"Warriors","home",2023-09-16,17.5838060514719,79.2052253533244,48.6416643063232,1358.03264842255,1377.30868629121,1141.36764495275,958.042880896528,2.39222043225928,1.48811742060388,NA,NA,NA,NA,NA,0.551725661398593,0.546876246045571,0.543776830638705,1469.06296878311,1481.21318997755,1459.43119547939,40
"1291",7,12068,120680301,3,"Melbourne Storm","away",2023-09-22,25.5215447106913,78.1894266342442,51.6452981766688,1424.2853058205,1377.50095959845,934.533991881373,1104.15358574158,2.56413510013038,1.26836000221821,NA,NA,NA,NA,NA,0.498183924198094,0.453976331023882,0.539832037413188,1659.23007756328,1617.39363058746,1667.36891474324,4
"1292",6,12068,120680301,3,"Penrith Panthers","home",2023-09-22,24.6926350318034,79.4533695583753,50.541916562835,1408.17271063778,1510.08046101617,808.32752904261,1181.16768055578,2.21813421996253,1.62574882914636,NA,NA,NA,NA,NA,0.498183924198094,0.453976331023882,0.539832037413188,1657.96813329467,1585.32232729162,1695.10582504248,38
"1293",NA,12068,120680302,3,"Brisbane Broncos","home",2023-09-23,21.1744995816232,75.2399143619507,50.5504578827438,1450.42835319185,1395.22788667687,1041.95470304345,994.297339695116,1.9324943065376,1.58894136594646,NA,NA,NA,NA,NA,0.574502979373033,0.532202592094315,0.630842508461404,1531.97985763924,1508.15209728742,1570.76382774684,42
"1294",NA,12068,120680302,3,"Warriors","away",2023-09-23,18.9287776883836,79.612911832125,49.0831644479439,1361.5706895172,1397.03016511374,1109.36558625559,965.060308042736,2.36868720632372,1.39883037536765,NA,NA,NA,NA,NA,0.574502979373033,0.532202592094315,0.630842508461404,1479.82155290954,1485.74442751709,1477.68012225384,12
"1295",7,12068,120680401,4,"Brisbane Broncos","away",2023-10-01,22.4240296067258,75.6455195002336,50.7574304097792,1442.72265200034,1393.89421347626,1031.81742086085,1010.05949931341,1.93654464814535,1.49360488398967,NA,NA,NA,NA,NA,0.676074709071801,0.610337384805628,0.676279510059737,1542.19178613429,1512.83007136648,1585.53012740839,24
"1296",8,12068,120680401,4,"Penrith Panthers","home",2023-10-01,25.4910769298952,80.2661673848728,50.8694015690649,1409.90234799951,1524.2956333552,799.907877300054,1167.41761972244,2.14504616676478,1.52820389939758,NA,NA,NA,NA,NA,0.676074709071801,0.610337384805628,0.676279510059737,1670.01171911392,1590.78256398138,1713.51254354595,26
"1297",7,12445,124450102,1,"Brisbane Broncos","away",2024-03-03,22.5185878303223,75.3067883302196,50.4719845851925,1453.77929288032,1381.78056066768,1047.48837560919,991.515929354604,1.88035196925663,1.52398859095029,NA,NA,NA,NA,NA,0.567367002733294,0.574073663671065,0.508587778959098,1534.41757915201,1508.93344521454,1572.58130781078,10
"1298",9,12445,124450101,1,"Manly-Warringah Sea Eagles","home",2024-03-03,20.7698912218074,76.5629630070593,50.9986462590936,1403.93415171735,1385.27774800047,1088.51798572194,986.173081870165,2.79764666062791,1.80073047064373,11,171,175,-4,6,0.347156172967338,0.404386452687261,0.315729180869145,1496.2433655276,1485.48633421607,1512.00121566937,36
"1299",6,12445,124450101,1,"South Sydney Rabbitohs","away",2024-03-03,24.2584476177573,76.9919991614554,51.8472160681718,1445.31341830558,1417.15692714717,929.081525959326,1047.00591360175,2.14737068705812,1.34024595117017,12,216,138,78,3,0.347156172967338,0.404386452687261,0.315729180869145,1605.95712949329,1552.75352196682,1646.36653444944,24
"1300",6,12445,124450102,1,"Sydney Roosters","home",2024-03-03,20.1399580000044,73.4184992285806,48.3461382191673,1413.2918479314,1451.36330676206,955.569390293222,1033.37870675948,2.12405363738687,1.43500371145859,NA,NA,NA,NA,NA,0.567367002733294,0.574073663671065,0.508587778959098,1581.51535270497,1560.78669676454,1578.54929473057,20
"1301",7,12445,124450103,1,"Canberra Raiders","away",2024-03-07,18.6016074007862,75.4508023590266,48.9425290549013,1375.52956725887,1380.70267851282,1064.6237847657,1054.94482919906,2.01114079636177,1.14259809070742,NA,NA,NA,NA,NA,0.420632193363516,0.430933548131713,0.420737684220488,1477.85340274524,1492.31413163813,1466.23046951069,28
"1302",6,12445,124450103,1,"Newcastle Knights","home",2024-03-07,17.4068996378636,77.0461293367646,47.5445978451982,1407.0297026657,1368.39359980816,1174.22323423121,937.933065465056,2.1420566392707,1.6249955421361,NA,NA,NA,NA,NA,0.420632193363516,0.430933548131713,0.420737684220488,1422.23266245166,1444.01306033872,1410.68492393624,12
"1303",6,12445,124450104,1,"Cronulla-Sutherland Sharks","away",2024-03-08,23.7878593700896,75.2801011343526,50.465787027226,1404.40273566227,1376.51297983135,979.808454236404,1088.19021205238,1.36721662207378,1.12873736056652,NA,NA,NA,NA,NA,0.463050276464328,0.471353955506727,0.451532810086511,1495.33181452312,1500.99358586781,1496.69835831011,16
"1304",8,12445,124450105,1,"Melbourne Storm","home",2024-03-08,24.2302520280498,77.4580610361895,51.1865802860686,1443.64818747127,1381.07090202255,935.581952368491,1077.98437059709,2.65028699412256,1.37225840208511,NA,NA,NA,NA,NA,0.456077380622034,0.524810402176807,0.390283412153126,1647.18649174404,1611.9333938977,1648.96219623976,8
"1305",6,12445,124450105,1,"Penrith Panthers","away",2024-03-08,25.5216123141015,81.2701973417804,51.057237474921,1396.82820711954,1530.45789535389,793.973404662051,1174.95256253909,2.01634339675889,1.43651166543373,NA,NA,NA,NA,NA,0.456077380622034,0.524810402176807,0.390283412153126,1677.7859260962,1594.67919013332,1726.46136314356,0
"1306",NA,12445,124450104,1,"Warriors","home",2024-03-08,18.5130510270806,79.3361371221975,48.8981745810672,1362.25644814617,1392.52835520691,1118.22365108025,959.536689560172,2.3465659739443,1.37490055284559,NA,NA,NA,NA,NA,0.463050276464328,0.471353955506727,0.451532810086511,1469.60962441449,1481.06645343804,1462.9138225923,12
"1307",6,12445,124450106,1,"Canterbury-Bankstown Bulldogs","away",2024-03-09,13.3553557116705,74.6891334281551,48.069829086126,1498.18754083741,1403.59494305108,1070.56171190169,862.760439233868,2.54176102905042,1.63926435345549,8,145,224,-79,13,0.775049994917655,0.68972771596849,0.798332443760916,1352.76616518577,1402.44115592494,1338.13000614235,8
"1308",6,12445,124450107,1,"Gold Coast Titans","home",2024-03-09,20.3019472339363,75.4958301368174,48.8838770059235,1330.27859963221,1315.39474689425,1185.37601890578,999.61941956142,2.50747776038991,1.52523548514971,10,188,199,-11,10,0.440966816701919,0.41896949685935,0.501268717392363,1408.521637228,1432.03132228303,1408.77510448504,4
"1309",15,12445,124450106,1,"Parramatta Eels","home",2024-03-09,24.4682784971416,77.1826218219761,50.9996100371349,1412.65650036938,1423.34342493685,985.093275339783,1025.7102195747,2.01899400704164,1.00227381529652,8,222,188,34,12,0.775049994917655,0.68972771596849,0.798332443760916,1567.66364936168,1541.21503404114,1577.14910352465,26
"1310",6,12445,124450107,1,"St George-Illawarra Dragons","away",2024-03-09,19.0468329292287,75.3777908755799,50.4293320652418,1456.12940033178,1380.44265897887,1048.92748412952,938.633020346135,2.16979384933996,1.76316723861712,6,170,195,-25,15,0.440966816701919,0.41896949685935,0.501268717392363,1449.73430849318,1488.83793327997,1407.8935074528,28
"1311",NA,12445,124450108,1,"Dolphins","home",2024-03-10,26.1429175465904,78.7212586817869,52.2621609519809,1390.91114817378,1523.63593903725,744.538890051268,1165.85930617918,1.32537646784712,1.14167216446336,10,212,223,-11,9,0.576652639200634,0.538956650180106,0.596768808350529,1502.71105490037,1503.16232212302,1497.687888177,18
"1312",7,12445,124450108,1,"North Queensland Cowboys","away",2024-03-10,19.4233235971374,77.8880058071107,50.7071654143047,1393.48958740906,1453.86984496766,1029.11803574529,1026.54942964945,2.01083786329325,1.310307980589,6,145,213,-68,16,0.576652639200634,0.538956650180106,0.596768808350529,1449.0240839562,1476.03749292552,1429.58708966467,43
"1313",9,12445,124450201,2,"Brisbane Broncos","home",2024-03-14,21.7674725605029,75.4683810304064,50.3836655100809,1437.8925353075,1359.71372702762,1084.05907307264,989.624973593328,1.82753085110123,1.43254927549327,0,10,20,-10,12,0.405791326867238,0.439675122493223,0.406046204407949,1524.03438721761,1504.67418185125,1552.92481896914,28
"1314",5,12445,124450201,2,"South Sydney Rabbitohs","away",2024-03-14,24.2429407606919,76.9324792117681,51.7963831040815,1419.79461320724,1397.94751151834,972.636634401766,1046.16555878565,2.07852844583464,1.31983119409996,0,24,36,-12,13,0.405791326867238,0.439675122493223,0.406046204407949,1590.2888776445,1546.79738649369,1618.9957016842,18
"1315",5,12445,124450202,2,"Canterbury-Bankstown Bulldogs","away",2024-03-15,13.0340343689702,74.8277854224658,47.5856393409585,1462.41628838716,1385.07924646802,1119.96800918759,866.254812879836,2.56925536730739,1.78090849224816,0,8,26,-18,15,0.714170162924811,0.648466974411555,0.74330116554561,1347.36736506379,1399.33843308463,1330.06330389279,6
"1316",8,12445,124450202,2,"Cronulla-Sutherland Sharks","home",2024-03-15,23.3205878078842,74.9032950662914,50.2578398055925,1398.43857152253,1357.58220104146,1019.95994698222,1070.59879932923,1.34518362474936,1.36101311893253,2,16,12,4,8,0.714170162924811,0.648466974411555,0.74330116554561,1506.44502115826,1505.70712542287,1514.75967071357,25
"1317",6,12445,124450203,2,"Parramatta Eels","away",2024-03-15,24.5601817873131,77.8916645126575,51.5396334349068,1393.59711034722,1392.06281944063,981.247678819396,1077.80760640022,1.89785436661914,1.06213738637872,2,26,8,18,3,0.628944437694485,0.565262936731448,0.662103522810318,1573.06244948366,1544.31775688146,1585.21580577421,18
"1318",8,12445,124450203,2,"Penrith Panthers","home",2024-03-15,23.9903155752554,81.0139855012736,50.9338032264257,1380.99851469237,1518.79042163265,797.215000382328,1193.55540878675,1.95536279295336,1.3503209655077,0,0,8,-8,11,0.628944437694485,0.565262936731448,0.662103522810318,1664.73178323112,1589.92729415509,1702.07269962969,26
"1319",6,12445,124450204,2,"Canberra Raiders","home",2024-03-16,19.165510956739,76.023754217485,49.3059773116073,1357.85779322334,1379.04051780205,1049.52635767976,1088.54813944712,2.01047234858006,1.07404220526498,2,28,12,16,4,0.674412080484225,0.603961227274033,0.719608019689178,1487.94857538596,1496.62346711945,1483.05997687951,32
"1320",7,12445,124450206,2,"Melbourne Storm","home",2024-03-16,23.2564369063668,76.5905773740182,51.1753854689045,1437.18929622299,1366.18664790119,968.547035226381,1064.18530836126,2.73126977447521,1.52992289796001,2,8,0,8,7,0.761574855432915,0.691644358264773,0.788405731800023,1660.24063460911,1616.68528987594,1673.35085975364,30
"1321",6,12445,124450205,2,"Newcastle Knights","away",2024-03-16,17.0824856595918,76.2033615765587,47.3919219744863,1403.78792050575,1351.14998381967,1200.66984017734,930.437081537153,2.13353324091446,1.64749580960793,0,12,28,-16,14,0.572486628060317,0.559757716304303,0.584943144303997,1412.13748981094,1439.7037248574,1393.85541656742,20
"1322",NA,12445,124450205,2,"North Queensland Cowboys","home",2024-03-16,20.8379241813091,78.2547254586841,50.9647354894465,1376.30021216452,1432.3976542696,1028.93095360057,1059.69646387049,2.19018759149566,1.23168950175366,2,43,18,25,1,0.572486628060317,0.559757716304303,0.584943144303997,1462.86374729701,1481.42705942732,1453.45784199869,21
"1323",9,12445,124450206,2,"Warriors","away",2024-03-16,18.1222679654557,79.4959688948656,49.1442841062032,1344.1810612574,1387.2766538945,1098.83023201544,1000.90448818656,2.20577201550764,1.29240651967486,0,12,16,-4,10,0.761574855432915,0.691644358264773,0.788405731800023,1458.49641777935,1476.35291388297,1444.85251018884,26
"1324",9,12445,124450204,2,"Wests Tigers","away",2024-03-16,15.9843749370826,76.5719621563226,50.5750785134269,1341.95103777121,1482.11160033379,1079.91583082389,1055.79666645874,1.94956107407391,1.1870209920633,4,118,190,-72,17,0.674412080484225,0.603961227274033,0.719608019689178,1361.44575202219,1423.3149259467,1319.32781416068,12
"1325",7,12445,124450208,2,"Dolphins","home",2024-03-17,25.654342493795,78.3779831608797,51.8264312948621,1373.21647928335,1498.63778269502,794.606556648192,1157.46774780843,1.42585387977629,1.13317183459556,0,18,43,-25,17,0.541000068095346,0.506828362662352,0.565635423329433,1488.87139155956,1497.77275562122,1473.81713584298,38
"1326",7,12445,124450207,2,"Manly-Warringah Sea Eagles","home",2024-03-17,21.683697748499,76.3491852266358,50.878727483548,1385.51810261431,1363.36108312044,1085.18690657863,1026.30269695796,2.80978786099023,1.69268664240511,2,36,24,12,5,0.38688102994934,0.395632728792614,0.416131564733071,1511.91161737639,1491.4424696892,1539.3720484346,21
"1327",13,12445,124450208,2,"St George-Illawarra Dragons","away",2024-03-17,19.5840229534749,75.2351234230451,50.5235721413273,1425.04163631187,1351.13609944013,1064.47183508175,982.155039125367,2.33960621837956,1.71737720430009,2,28,4,24,2,0.541000068095346,0.506828362662352,0.565635423329433,1460.31751209403,1493.02762824856,1427.94425614849,0
"1328",6,12445,124450207,2,"Sydney Roosters","away",2024-03-17,20.1315605200042,73.7533892748657,48.5053699260173,1389.33433705552,1435.62150835634,955.835226875629,1070.79598435392,2.05661041914365,1.46890348877108,2,20,10,10,6,0.38688102994934,0.395632728792614,0.416131564733071,1591.89854463937,1565.04596012783,1598.2057835722,14
"1329",6,12445,124450301,3,"Brisbane Broncos","away",2024-03-21,22.1414242068728,75.0802781685821,50.6006455794761,1408.13898318905,1335.31090340597,1101.39552868828,1022.28747517773,1.89787900003516,1.34659631896368,2,38,38,0,9,0.685483863370588,0.618580365610791,0.68988994627426,1538.2953953728,1510.27743062631,1576.68297079282,12
"1330",NA,12445,124450301,3,"Penrith Panthers","home",2024-03-21,24.1108966407401,80.4731463711972,50.8177750328402,1354.83860381083,1512.0829963347,811.062100359388,1207.38208425954,2.13804102537616,1.26930170757724,2,26,26,0,10,0.685483863370588,0.618580365610791,0.68988994627426,1673.63711672646,1594.27466478778,1715.58855871727,34
"1331",6,12445,124450302,3,"Canberra Raiders","away",2024-03-22,19.9355802993347,76.7423289644359,49.5276186729108,1337.70632562994,1352.09808673392,1053.39477621898,1127.63525108029,1.94984400766526,1.00959967294908,4,60,24,36,1,0.438448400884205,0.460772063893237,0.4174564112933,1495.76268545434,1500.58385484671,1494.27565609195,10
"1332",8,12445,124450303,3,"South Sydney Rabbitohs","away",2024-03-22,23.8683643150503,75.856530459062,51.4486001178366,1391.78693641481,1370.59066082724,1006.31843633766,1065.77562525851,2.25381673908456,1.30064132245396,0,42,64,-22,16,0.501663352363972,0.525605568007038,0.470695087347808,1576.02786948932,1541.19413771862,1595.23754986052,6
"1333",6,12445,124450303,3,"Sydney Roosters","home",2024-03-22,19.7636668888039,72.6881859183738,48.0550477304562,1381.87427683218,1401.02421785496,1008.46511326309,1057.90822529268,2.17321379399503,1.38076927944481,2,34,31,3,8,0.501663352363972,0.525605568007038,0.470695087347808,1577.18368935815,1559.00228741575,1574.85104616152,48
"1334",10,12445,124450302,3,"Warriors","home",2024-03-22,18.5949318875284,79.4062107611737,49.075627059831,1331.87019758196,1365.90005466083,1096.62041809451,1035.17021889537,2.13342569457718,1.33486212849437,0,38,46,-8,14,0.438448400884205,0.460772063893237,0.4174564112933,1452.77421430974,1473.26935746562,1436.38873946084,18
"1335",6,12445,124450304,3,"Canterbury-Bankstown Bulldogs","home",2024-03-23,12.611992306832,74.9581182971179,47.250500980501,1441.99131108393,1367.85449167994,1145.52992863633,876.799524107046,2.59510004526895,1.73405398271327,0,14,51,-37,17,0.418094805827069,0.454051643346525,0.40208448173631,1340.50744897399,1395.82310282874,1319.79535051461,32
"1336",9,12445,124450306,3,"Cronulla-Sutherland Sharks","away",2024-03-23,23.4213525394112,75.209097362314,50.7223694172569,1380.41225723118,1343.44726897898,1021.28235016329,1099.12287136948,1.32447260726439,1.33935233179658,4,41,18,23,3,0.28513043163811,0.373478812229103,0.222931158268944,1513.30493724807,1509.22245567876,1525.02762409175,6
"1337",7,12445,124450304,3,"Gold Coast Titans","away",2024-03-23,19.3238303999001,76.0060803286084,48.8308443855681,1303.98188365427,1292.7510620806,1214.09345777143,1018.12225438773,2.65702909476651,1.61372135604073,0,4,28,-24,16,0.418094805827069,0.454051643346525,0.40208448173631,1397.93843362715,1427.84162731443,1388.72435578934,0
"1338",NA,12445,124450305,3,"North Queensland Cowboys","away",2024-03-23,20.8476487304306,78.119441931163,50.8468513600797,1366.74219943465,1415.81379501342,1050.11509638454,1067.09467603826,2.35877633600592,1.21778813164844,4,64,38,26,2,0.465770214152745,0.503261608133541,0.415213368560801,1473.12406822356,1485.82948226428,1470.06011622653,46
"1339",6,12445,124450305,3,"St George-Illawarra Dragons","home",2024-03-23,18.4089815762664,74.8010160176624,50.3721578128477,1402.17913813316,1334.74793347373,1105.90352497685,979.265736777845,2.25922984527679,1.67433457204209,2,28,42,-14,11,0.465770214152745,0.503261608133541,0.415213368560801,1449.30151372831,1488.09591187519,1410.56967308167,24
"1340",6,12445,124450306,3,"Wests Tigers","home",2024-03-23,15.7453124408576,77.0176444269432,50.3605738026213,1317.23397550494,1454.50490431376,1119.52088097446,1059.28886647122,2.01258740962948,1.1157997325395,2,12,32,-20,12,0.28513043163811,0.373478812229103,0.222931158268944,1353.63164195381,1419.35453821944,1308.11213494824,32
"1341",6,12445,124450307,3,"Manly-Warringah Sea Eagles","away",2024-03-24,21.642675883589,76.1482341130376,51.3660038345351,1353.92701645745,1357.45941813321,1071.43569218391,1074.70453514048,2.76120058933082,1.5911254438608,4,57,38,19,4,0.55380183375012,0.560836827165422,0.51291054606796,1526.6264726576,1497.48614240127,1562.72678584528,24
"1342",8,12445,124450308,3,"Melbourne Storm","away",2024-03-24,23.6610506919848,76.9751427315771,51.2248623407703,1412.81793844961,1352.55544902712,1004.7542131128,1064.05418985959,2.7473935880067,1.43812752408241,4,38,26,12,5,0.179432171444782,0.256950244349335,0.147644434540454,1665.96283807872,1619.76884629329,1681.81463048164,12
"1343",7,12445,124450308,3,"Newcastle Knights","home",2024-03-24,17.2575365200163,76.4911598819652,47.6084066560171,1388.92064527541,1343.10098479049,1199.6096497667,957.530856644924,2.24552124645959,1.72864606103146,0,32,49,-17,15,0.179432171444782,0.256950244349335,0.147644434540454,1401.87716888438,1435.30130202044,1377.25314233958,14
"1344",13,12445,124450307,3,"Parramatta Eels","home",2024-03-24,24.1665708800743,77.778164641898,51.5072554288124,1394.40128372639,1365.2390502742,1007.81281809023,1074.81915001621,1.84398310462199,1.058409143196,2,44,34,10,7,0.55380183375012,0.560836827165422,0.51291054606796,1564.15711598833,1539.97038624877,1571.69994668663,28
"1345",7,12445,124450401,4,"Penrith Panthers","away",2024-03-28,24.7042428422957,80.9847575889253,50.8287085308698,1337.50828758218,1498.33801655461,822.278374337825,1222.71915920397,2.12975856385359,1.25314360512261,4,60,38,22,4,0.370555414944827,0.450737319994132,0.318716013949901,1681.18550400556,1598.08886113167,1727.9929608663,22
"1346",7,12445,124450401,4,"Sydney Roosters","home",2024-03-28,21.4578468754757,73.6068947632714,48.1717448666289,1363.34182022225,1390.34276478366,1007.17720646731,1085.69373177512,2.34282096635533,1.35792312267812,4,82,37,45,2,0.370555414944827,0.450737319994132,0.318716013949901,1589.14376890142,1563.74623173568,1596.02324266761,16
"1347",NA,12445,124450403,4,"Brisbane Broncos","home",2024-03-29,21.5329387544604,75.3154614784671,50.5046068447075,1400.63064419771,1319.15224920161,1123.09179696699,1020.83022666706,1.90400626003305,1.38580053982585,2,50,72,-22,14,0.566443636231814,0.522436761378636,0.609868285956173,1530.74700809369,1506.46323428242,1564.27856864379,38
"1348",6,12445,124450402,4,"Canterbury-Bankstown Bulldogs","away",2024-03-29,13.7752727684221,75.0206311992908,47.5954709216709,1411.6318324189,1374.94322217914,1117.53813291815,926.371552660623,2.61939404255281,1.63001074375047,2,46,51,-5,12,0.769683261797902,0.685267735317349,0.790181643378905,1354.47317363414,1401.28258639528,1343.71197124516,16
"1349",7,12445,124450403,4,"North Queensland Cowboys","away",2024-03-29,22.3567898066048,78.4122754152933,51.2160402784749,1338.37766746857,1391.22496731262,1060.66819060147,1104.52899547596,2.27724975584556,1.20472084374953,6,110,62,48,1,0.566443636231814,0.522436761378636,0.609868285956173,1484.30255336323,1490.86209834561,1486.66865096896,12
"1350",NA,12445,124450402,4,"South Sydney Rabbitohs","home",2024-03-29,22.7962624561473,75.5051386315183,51.3616841107664,1381.65972022992,1352.7352211776,1037.1993301574,1061.049087743,2.17858773473948,1.34260284310672,0,48,112,-64,17,0.769683261797902,0.685267735317349,0.790181643378905,1564.06778994605,1536.45019339869,1574.06535335443,20
"1351",9,12445,124450405,4,"Dolphins","away",2024-03-30,26.3950819441673,79.0753041712269,51.8368454171704,1355.50349052635,1471.35951573332,802.9701632493,1193.31968293992,1.46030264698971,1.12518152451982,2,56,43,13,6,0.339110970835792,0.386423154620869,0.3257381513561,1499.88738992527,1502.7044719946,1491.1917189098,30
"1352",8,12445,124450405,4,"Gold Coast Titans","home",2024-03-30,18.1644005759061,75.7657155088919,48.720993722434,1314.90297063502,1271.34599835576,1243.42785030514,997.774919124471,2.79760734908052,1.63689807467828,2,4,60,-56,16,0.339110970835792,0.386423154620869,0.3257381513561,1383.972708967,1422.3821437479,1364.80773505879,14
"1353",7,12445,124450404,4,"Manly-Warringah Sea Eagles","away",2024-03-30,21.7841153305737,75.4193400662554,51.164043604463,1346.19139547001,1320.17185304522,1100.38955065287,1088.16226303205,2.77552855397097,1.55565791722915,4,81,66,15,5,0.389878676698371,0.485567931321801,0.297477953174374,1515.91771666761,1493.09451067293,1543.243207688,12
"1354",5,12445,124450404,4,"St George-Illawarra Dragons","home",2024-03-30,18.7444426816905,74.7529550566026,49.9298283440768,1378.40838984517,1308.3030574653,1141.00931347824,994.069792571175,2.18367605456018,1.69387449771956,2,52,88,-36,15,0.389878676698371,0.485567931321801,0.297477953174374,1438.12302858865,1483.06329579385,1393.96113833924,20
"1355",13,12445,124450407,4,"Canberra Raiders","away",2024-03-31,19.3394454813746,76.8777892265697,49.6159615525362,1328.48394609214,1355.21220152989,1056.91108964584,1128.31713601547,1.89285336720534,1.00902369257213,4,70,42,28,3,0.519939334623208,0.511173834365919,0.533009781308972,1482.28544707556,1495.19157548564,1470.97391254368,22
"1356",7,12445,124450407,4,"Cronulla-Sutherland Sharks","home",2024-03-31,22.3760713870465,74.7765515205751,50.4390272522215,1384.34752179731,1322.00043284024,1039.62540915349,1095.87549908731,1.42500425082853,1.25899119188878,4,47,50,-3,10,0.519939334623208,0.511173834365919,0.533009781308972,1496.14806760738,1502.95724380105,1493.94487042251,36
"1357",7,12445,124450406,4,"Newcastle Knights","away",2024-03-31,17.0620843288153,76.3416902890473,47.7519022566561,1392.52540655888,1348.07492570306,1182.11307078069,961.279005246228,2.17078997167201,1.62492729736957,2,46,61,-15,13,0.563948487957034,0.551523649276236,0.569125806439839,1421.57079676971,1442.73179957695,1411.34736495796,12
"1358",5,12445,124450406,4,"Warriors","home",2024-03-31,18.5592359742767,79.3218381155033,49.0710894362411,1336.19798572704,1354.98605138118,1099.16319300884,1039.78000576165,2.06542015290255,1.2547704007847,2,56,56,0,11,0.563948487957034,0.551523649276236,0.569125806439839,1466.25145268852,1478.66163682668,1459.6904830091,20
"1359",8,12445,124450408,4,"Parramatta Eels","home",2024-04-01,24.3965766272699,77.6714747633842,51.5368201030837,1354.8972067028,1356.82470725774,1025.28404900482,1103.57000101523,1.85334411834467,1.11490459460424,4,72,58,14,6,0.764005000776412,0.664527313599658,0.810085094870688,1574.86587197832,1544.36201797712,1591.18352484391,16
"1360",NA,12445,124450408,4,"Wests Tigers","away",2024-04-01,16.7205936944062,77.4365857613267,50.578939374464,1297.35993697464,1453.99461005494,1115.04962811599,1075.35153448294,2.01183216505171,1.16885174858713,4,44,38,6,9,0.764005000776412,0.664527313599658,0.810085094870688,1370.7885115945,1425.61975009715,1339.19488861749,17
"1361",NA,12445,124450501,5,"Brisbane Broncos","away",2024-04-04,22.5209624291928,75.4765337897591,50.714330434025,1379.23280554585,1300.96311424951,1115.76628914897,1064.16041306704,1.96976588443106,1.4226525074363,4,88,84,4,12,0.646822517276462,0.641521819256095,0.596402743209848,1541.15236082413,1511.23886666864,1579.88383720555,32
"1362",6,12445,124450501,5,"Melbourne Storm","home",2024-04-04,22.9613876504657,76.4366341676825,51.151370600324,1413.60886214264,1358.3421220855,1005.66896032603,1054.69093846801,2.64254997272629,1.41183987263746,4,50,40,10,8,0.646822517276462,0.641521819256095,0.596402743209848,1646.26921019339,1612.33834873678,1647.72040786326,34
"1363",7,12445,124450502,5,"Canterbury-Bankstown Bulldogs","home",2024-04-05,13.9087564023168,75.0193933273333,47.8597426663706,1384.35392247376,1359.04662884839,1123.56584494306,963.729259500986,2.58223039999964,1.59221009912545,2,62,71,-9,14,0.20891171171031,0.283455168727566,0.193512573322969,1348.94557191729,1398.13526374845,1335.31923698032,30
"1364",13,12445,124450503,5,"Newcastle Knights","home",2024-04-05,16.7583592690864,76.9211888717044,47.7667881212568,1382.65388216535,1344.47043016088,1193.38628653385,960.662264931455,2.16054257337169,1.58743165952739,2,58,81,-23,15,0.440331590616763,0.428592453979447,0.45986380201843,1411.10556048068,1438.24703606971,1394.11239721556,30
"1365",8,12445,124450503,5,"St George-Illawarra Dragons","away",2024-04-05,18.819776120789,74.5277777532065,49.8140386434322,1378.08388645446,1296.58487401738,1148.08875466954,997.965605016904,2.29265549128657,1.77224202785639,4,72,100,-28,13,0.440331590616763,0.428592453979447,0.45986380201843,1452.76594034789,1488.20761648064,1422.06202021226,10
"1366",7,12445,124450502,5,"Sydney Roosters","away",2024-04-05,21.1303760629471,73.9304810774751,48.1014401746311,1353.18131100892,1368.78219889664,1048.50657407927,1073.65210786861,2.44225170837401,1.45644773531744,4,98,59,39,7,0.20891171171031,0.283455168727566,0.193512573322969,1580.25043894274,1559.23885853574,1583.27460210962,26
"1367",5,12445,124450506,5,"Dolphins","home",2024-04-06,26.6113770275173,79.0707859209533,51.9066346921401,1346.53328109477,1451.41794478932,814.491953454342,1209.62050196353,1.55268448817033,1.11767063304864,6,86,57,29,1,0.664731523615575,0.605330615275764,0.682099929980819,1508.02605322533,1506.56870354081,1504.22124496405,26
"1368",NA,12445,124450505,5,"Manly-Warringah Sea Eagles","home",2024-04-06,21.1970684107393,74.73417966228,51.2142009881952,1332.19991174181,1323.34154186251,1097.9061776137,1098.41252725013,2.84899684073271,1.52231844219541,4,93,86,7,11,0.252213160776731,0.340749567109881,0.214391663598712,1501.27480490837,1487.95018998614,1515.14232581498,32
"1369",7,12445,124450505,5,"Penrith Panthers","away",2024-04-06,24.5419882717579,81.1056721335898,50.9589860190176,1319.11779032725,1480.07773556134,826.041671877555,1251.11600965173,2.18197305002237,1.29795498881525,6,82,54,28,2,0.252213160776731,0.340749567109881,0.214391663598712,1690.07883396424,1602.59623433161,1740.7416014243,18
"1370",8,12445,124450504,5,"South Sydney Rabbitohs","home",2024-04-06,22.6284867087785,76.7948303136272,51.1599830641204,1365.36013701612,1328.99110790695,1067.90737034796,1070.46614247842,2.22787247065512,1.38204667252032,2,68,128,-60,16,0.630567646174785,0.580532258369087,0.647369095674916,1569.5953916629,1539.59751604552,1582.45808761928,4
"1371",8,12445,124450504,5,"Warriors","away",2024-04-06,18.6456818158201,79.6025278285731,49.2468240700667,1333.30610658342,1347.36688829831,1090.27340142831,1059.59320541595,2.1214949437284,1.23948417673762,4,76,68,8,10,0.630567646174785,0.580532258369087,0.647369095674916,1476.71668897755,1483.14640033392,1476.92545075151,34
"1372",NA,12445,124450506,5,"Wests Tigers","away",2024-04-06,16.7373580727418,77.9503906156471,50.4842030119962,1282.87834075616,1421.47493345164,1147.14665042903,1082.17044241397,2.0111222351486,1.1587206436719,6,61,54,7,6,0.664731523615575,0.605330615275764,0.682099929980819,1389.12463161313,1432.26502323315,1371.59829241231,16
"1373",7,12445,124450508,5,"Canberra Raiders","home",2024-04-07,19.4990787524921,76.8851218729756,49.639003859384,1312.79490932661,1325.4994694381,1088.59642426709,1138.43810785454,2.07928216517302,0.948482271017806,4,92,78,14,8,0.379020587252378,0.432187030815182,0.351379346246177,1470.76399110652,1490.3033138293,1452.29430379604,41
"1374",12,12445,124450507,5,"Gold Coast Titans","away",2024-04-07,17.9145365413518,75.6597725783584,48.6177340990879,1304.34879239692,1267.42523845442,1256.72217928684,997.608423977002,2.68975090813569,1.71868419019759,2,18,90,-72,17,0.637492395653122,0.596031318983303,0.665223661638192,1375.83404566694,1418.51791220169,1351.77820900455,22
"1375",8,12445,124450507,5,"North Queensland Cowboys","home",2024-04-07,21.7353824182085,77.2475388903757,50.9030778617664,1319.03500742045,1370.39146927386,1101.60809916538,1098.3172557474,2.26061477049483,1.25243759312456,6,122,100,22,3,0.637492395653122,0.596031318983303,0.665223661638192,1473.89720063279,1486.0864659594,1471.06338240721,35
"1376",7,12445,124450508,5,"Parramatta Eels","away",2024-04-07,23.8927820296337,77.6311862775811,51.5046108968987,1328.32337430063,1338.77522482228,1035.10700606453,1136.35580095432,1.86214347124399,1.04801031892799,4,88,75,13,9,0.379020587252378,0.432187030815182,0.351379346246177,1556.52975195969,1537.71674484112,1558.78012104908,8
"1377",6,12445,124450601,6,"Newcastle Knights","home",2024-04-11,17.5528577129412,77.1059175394022,47.9607808339813,1370.55464923543,1330.40220435122,1191.86310934182,983.722529035567,2.21091001896939,1.61218575995575,4,88,91,-3,12,0.31279980802714,0.349248438032475,0.314571318963114,1424.53760230588,1443.96111152992,1415.71784513482,20
"1378",9,12445,124450601,6,"Sydney Roosters","away",2024-04-11,21.4225534991703,73.5746522128266,48.2753537641533,1333.25043234838,1354.45526696284,1071.09617963451,1086.6929813965,2.35571660587157,1.42906087119839,4,124,89,35,10,0.31279980802714,0.349248438032475,0.314571318963114,1561.26432002379,1552.07341022302,1551.01510504254,22
"1379",10,12445,124450603,6,"Brisbane Broncos","home",2024-04-12,23.0897046834412,76.1079417623736,50.5514706079835,1364.3988372131,1280.80532739454,1136.54031180003,1075.13078828302,2.0315799313652,1.63729335699013,4,120,118,2,11,0.523876334336614,0.495882333359781,0.566950017654195,1532.67610123877,1507.6540848612,1563.73994693394,28
"1380",7,12445,124450602,6,"Canterbury-Bankstown Bulldogs","away",2024-04-12,14.8742310181778,75.5582297276933,47.9281581063884,1369.09268712534,1338.76383111749,1133.61189424648,991.405503930927,2.84729657599967,1.61667749317792,4,92,97,-5,13,0.839030591445655,0.770730412302558,0.846259093272783,1367.93169083624,1405.30071206117,1367.5787340474,14
"1381",NA,12445,124450603,6,"Dolphins","away",2024-04-12,26.5746944058662,79.4865387656961,51.7322366106117,1325.80128422908,1433.93286810196,844.102436247082,1217.32327184571,1.69952341888011,1.17061039506572,8,112,73,39,1,0.523876334336614,0.495882333359781,0.566950017654195,1516.07249665856,1510.51539738805,1516.93724776481,14
"1382",NA,12445,124450602,6,"Melbourne Storm","home",2024-04-12,23.6237043914378,77.0104361176215,51.2022883643046,1386.69233041408,1344.76159476037,1020.14882270647,1079.12948215993,2.60399697436272,1.32712948027921,8,84,72,12,3,0.839030591445655,0.770730412302558,0.846259093272783,1654.74546977876,1615.92313054422,1663.86429813486,16
"1383",5,12445,124450606,6,"Cronulla-Sutherland Sharks","away",2024-04-13,23.1935071038237,74.6099584293406,50.4126856170882,1352.88667048947,1306.70040686982,1055.06788460428,1125.22296914207,1.63950399577882,1.24345172037546,6,83,72,11,4,0.566935241980685,0.537271022218613,0.562898113084657,1507.66952357643,1507.84550545739,1512.62447917015,34
"1384",5,12445,124450604,6,"Manly-Warringah Sea Eagles","away",2024-04-13,21.8452443060949,75.2901288825432,51.3213489289035,1318.1479170373,1307.36104935076,1099.83180695688,1125.86777561512,2.91805703028875,1.55097933566368,6,125,104,21,7,0.460690713063195,0.491954639830794,0.437374409996825,1519.22168904973,1494.54269431504,1546.56665927103,22
"1385",9,12445,124450605,6,"North Queensland Cowboys","away",2024-04-13,22.531259473116,76.2726865569531,51.1488931900604,1303.25290697523,1367.30798111743,1092.27161321545,1122.35822040256,2.24497788426514,1.23729133753709,8,157,122,35,2,0.584141320163405,0.56002598786493,0.569179081047323,1482.59738313712,1490.12615276957,1484.45443594168,20
"1386",6,12445,124450605,6,"Parramatta Eels","home",2024-04-13,22.9392151078557,77.5933151009262,50.9943342430848,1310.1839718426,1322.28871133294,1060.00058570066,1144.31445289706,1.81041486296935,1.22512969979231,4,96,116,-20,14,0.584141320163405,0.56002598786493,0.569179081047323,1541.62624605375,1532.03861514927,1532.83529489893,27
"1387",8,12445,124450606,6,"South Sydney Rabbitohs","home",2024-04-13,21.5107775062518,75.8471404948096,50.8503840802732,1352.13852879516,1326.05164143253,1111.77292812708,1042.35817392971,2.15420012241581,1.2991238721691,2,72,162,-90,17,0.566935241980685,0.537271022218613,0.562898113084657,1554.46176815471,1533.79219346183,1556.56332379228,22
"1388",7,12445,124450604,6,"Warriors","home",2024-04-13,19.5669409068709,79.7463761588587,49.5320146258627,1330.10774018841,1335.22487500041,1060.97699734261,1103.95761309099,2.2342052471047,1.16511512613336,6,110,72,38,6,0.460690713063195,0.491954639830794,0.437374409996825,1491.85031248575,1488.95172291761,1502.82021457851,22
"1389",6,12445,124450608,6,"Canberra Raiders","home",2024-04-14,20.7891340273426,76.952014560597,50.080663627821,1297.86721476701,1307.52950127181,1099.42063881106,1157.13182138327,2.19452523526264,0.891573334756737,6,133,86,47,5,0.664259522204114,0.6151873439991,0.691054259433356,1485.66749701246,1495.98144352115,1478.23912994619,21
"1390",7,12445,124450608,6,"Gold Coast Titans","away",2024-04-14,18.1596643488707,76.2201862236569,48.4006700531427,1305.2278648531,1254.73972414715,1271.25884852963,994.511918538382,2.64836585364755,1.67556313878573,2,40,125,-85,16,0.664259522204114,0.6151873439991,0.691054259433356,1367.13386316262,1414.47822539152,1338.38715547008,20
"1391",NA,12445,124450607,6,"St George-Illawarra Dragons","away",2024-04-14,18.2905895535417,73.7761110880141,49.7651963248263,1361.99885326719,1289.64978157634,1159.90342938937,1008.16766871589,2.21509616180938,1.785907506185,4,82,130,-48,15,0.416940229708621,0.422661387880146,0.440453733488232,1439.33389852269,1482.49354102043,1400.456572293,24
"1392",8,12445,124450607,6,"Wests Tigers","home",2024-04-14,16.6931165883773,78.0133671787083,50.5151508312764,1275.50564031079,1396.24643744454,1158.59785140329,1095.72021586913,2.01045490103969,1.20919740505159,6,77,80,-3,9,0.416940229708621,0.422661387880146,0.440453733488232,1381.07818817991,1428.31832938591,1358.88228961155,12
"1393",6,12445,124450701,7,"Melbourne Storm","away",2024-04-18,23.1662821279515,77.3698099505642,51.1901510624463,1366.25079058923,1350.23589907474,1031.53989334408,1081.22171323033,2.50775715590095,1.42750171146246,10,100,86,14,2,0.373520161437388,0.410804165289879,0.351470980304126,1658.60873558406,1618.21582642119,1670.01393440395,18
"1394",8,12445,124450701,7,"Sydney Roosters","home",2024-04-18,21.4572002892201,73.960173080057,48.3788325383041,1328.73540640748,1350.64795094507,1065.27040885644,1098.59140251271,2.39437360951928,1.34331721892649,6,146,109,37,9,0.373520161437388,0.410804165289879,0.351470980304126,1568.77151541644,1555.56589460334,1563.59795780106,12
"1395",7,12445,124450703,7,"Dolphins","away",2024-04-19,25.8202127415142,78.7973464397543,51.808302413975,1301.93320717534,1422.89689601584,871.516290072257,1225.16387553497,1.8975520137473,1.16037377136177,8,126,101,25,5,0.56717419292735,0.544443366818751,0.572101435504957,1504.64552868263,1505.47422072165,1499.61524847098,44
"1396",6,12445,124450703,7,"Parramatta Eels","home",2024-04-19,23.1828622013843,77.1977161948707,50.9946741884997,1300.09293353204,1317.41138865297,1063.54055055862,1154.61558572324,1.82178997119119,1.21162191780477,6,123,136,-13,11,0.56717419292735,0.544443366818751,0.572101435504957,1551.60685436982,1536.43835527063,1550.06813165704,16
"1397",7,12445,124450702,7,"St George-Illawarra Dragons","home",2024-04-19,18.6331541803292,73.9095444227333,49.9592845453367,1353.89892207116,1285.71079468176,1167.04922362601,1013.91760859294,2.20219039210081,1.6787530558139,6,106,142,-36,13,0.437789745299237,0.496672782539539,0.377011035348933,1449.3404640357,1486.72015489923,1418.07472163253,30
"1398",7,12445,124450702,7,"Warriors","away",2024-04-19,19.7129244524586,79.3415935893272,49.3200937483109,1335.08127577711,1349.61138250038,1074.89837750205,1111.16015630553,2.16015293227841,1.21520821856536,7,132,94,38,7,0.437789745299237,0.496672782539539,0.377011035348933,1492.79373537223,1489.03217651931,1505.32523817863,12
"1399",7,12445,124450706,7,"Brisbane Broncos","home",2024-04-20,23.3843224024347,75.2614652566312,50.3383823715045,1357.53490698031,1259.63700775087,1149.22789309203,1088.68294098604,1.96968513548329,1.65905575557072,6,148,132,16,10,0.571995626767413,0.518506759956469,0.627325070792286,1544.10306921469,1512.6952615276,1581.06194622777,34
"1400",7,12445,124450706,7,"Canberra Raiders","away",2024-04-20,20.801785985702,77.2548936869612,50.4958238101517,1297.21518188099,1306.8377311955,1078.9954004824,1211.36391210028,2.12285372114688,0.838078934671333,8,154,106,48,3,0.571995626767413,0.518506759956469,0.627325070792286,1493.72526847956,1499.82957008116,1490.59695956885,10
"1401",6,12445,124450705,7,"Gold Coast Titans","home",2024-04-20,18.2700844879384,76.2669750502374,48.0766298499541,1304.67419296191,1256.67534069832,1318.64331761785,980.381203426079,2.9694639024287,1.93502935045859,2,60,146,-86,16,0.285683541323197,0.381643883407264,0.221819439298005,1359.07609169551,1410.63009883151,1326.02932584741,30
"1402",7,12445,124450705,7,"Manly-Warringah Sea Eagles","away",2024-04-20,21.8545296477292,75.8127211495906,51.4820679931693,1333.55904201506,1313.69938638971,1107.28189853947,1135.89570907821,2.92297360847143,1.57792057552386,7,147,126,21,8,0.285683541323197,0.381643883407264,0.221819439298005,1518.27826616324,1494.46224071335,1544.0616356709,34
"1403",NA,12445,124450704,7,"Penrith Panthers","home",2024-04-20,24.1494689754524,80.3193318055744,50.7214468578765,1303.39072290761,1457.15307142766,869.839171564902,1243.84904907263,2.23105466702103,1.40007768948634,6,100,86,14,8,0.849801182599863,0.729009916079772,0.892705956313681,1672.13194982288,1596.00373000271,1709.31726796825,22
"1404",NA,12445,124450704,7,"Wests Tigers","away",2024-04-20,16.4115295930746,77.7725651479857,50.3042417813998,1272.41530189214,1386.09165119787,1155.32198031909,1106.71700291698,1.88982760697731,1.13664556074849,6,89,104,-15,12,0.849801182599863,0.729009916079772,0.892705956313681,1371.0716226669,1424.09171550711,1341.26414027202,6
"1405",7,12445,124450707,7,"Canterbury-Bankstown Bulldogs","home",2024-04-21,14.8217771570871,75.2247359440317,47.9924686200051,1373.10712589782,1321.19800125044,1132.43518059169,1004.52117369507,2.91645878143969,1.57967684358724,4,106,113,-7,15,0.424366507293551,0.446297786144188,0.44026702348097,1364.06842503093,1403.0080161842,1361.42909777831,36
"1406",7,12445,124450708,7,"Cronulla-Sutherland Sharks","home",2024-04-21,23.8418966775943,74.8133609235802,50.0879244800629,1342.9934702601,1289.79838245763,1073.42381152802,1133.06959099355,1.78113375603209,1.40884461715293,10,117,94,23,1,0.569571926697651,0.539481518660775,0.596516682718998,1521.27596938396,1513.21821567957,1535.14040369353,42
"1407",8,12445,124450707,7,"Newcastle Knights","away",2024-04-21,17.6996862501647,77.759562487038,48.0831339839425,1365.7813702813,1326.05807209015,1197.45132278131,983.139177293433,2.25825541783123,1.57545461435841,4,108,113,-5,14,0.424366507293551,0.446297786144188,0.44026702348097,1417.03040691322,1440.46862714959,1403.1349923763,12
"1408",70,12445,124450708,7,"North Queensland Cowboys","away",2024-04-21,22.379383904729,75.4763253635359,51.0199595986568,1299.51773255671,1353.78950225038,1105.69531642253,1122.15672717841,2.23027921120923,1.28305385728486,8,177,149,28,4,0.569571926697651,0.539481518660775,0.596516682718998,1472.61677482104,1485.72641264822,1467.22159918357,6
"1409",NA,12445,124450801,8,"Gold Coast Titans","away",2024-04-25,18.9738794186621,76.3109565472232,48.0720320589569,1297.7337413842,1243.07482025642,1321.12471856078,995.058331220515,2.91129606828298,1.81892758943107,2,90,180,-90,17,0.675142478101384,0.6092864849969,0.719046638779458,1352.21968670376,1406.81365999744,1317.15654827549,27
"1410",5,12445,124450803,8,"Melbourne Storm","home",2024-04-25,22.8563052002744,77.1676213535304,51.2987419986995,1366.35574315388,1338.76174513026,1041.94749974344,1080.72841043651,2.4172917265469,1.46185160877471,12,118,98,20,2,0.674683876383306,0.631942001948757,0.703415477080256,1667.57321945856,1622.32386807409,1684.07277361612,54
"1411",9,12445,124450803,8,"South Sydney Rabbitohs","away",2024-04-25,21.5401308558767,76.516312065121,51.0993610354568,1332.51021706745,1317.76854294658,1120.42655243945,1061.47668349393,2.14494811507086,1.22117643983895,2,94,196,-102,17,0.674683876383306,0.631942001948757,0.703415477080256,1540.85532234717,1528.41948323964,1534.04739926889,20
"1412",6,12445,124450802,8,"St George-Illawarra Dragons","home",2024-04-25,19.3151649295094,74.2149717573693,50.0217274726165,1342.08498674689,1274.20814700085,1178.80627020845,1024.42255207736,2.25005896857476,1.63802787246507,8,136,154,-18,9,0.363958384414903,0.414914308939532,0.351301916435937,1462.83351014851,1491.75342707384,1442.99428021857,18
"1413",6,12445,124450802,8,"Sydney Roosters","away",2024-04-25,20.8897682718669,74.2625626952535,48.2961025860058,1318.55128202303,1351.68907388837,1065.73418432505,1104.97591836194,2.25071119294812,1.2627181857909,6,158,127,31,11,0.363958384414903,0.414914308939532,0.351301916435937,1559.80703154194,1551.45785295044,1549.53911858889,60
"1414",NA,12445,124450801,8,"Warriors","home",2024-04-25,19.2501489853111,79.0810979739675,49.3008881234123,1320.61639923048,1338.05469955036,1081.74447485193,1126.2705469272,2.21054375634171,1.20229572545144,7,144,124,20,10,0.675142478101384,0.6092864849969,0.719046638779458,1479.30068925941,1483.9989043447,1480.40567959259,24
"1415",7,12445,124450804,8,"Manly-Warringah Sea Eagles","home",2024-04-26,22.5832578688655,75.7039578806152,51.5131439135791,1315.34549949416,1306.21742320633,1114.3449846271,1149.34196653352,2.86759519196314,1.48324534099243,9,181,156,25,5,0.481501415762733,0.453057638121094,0.536990011586335,1525.134671155,1498.27867954742,1552.93441324282,32
"1416",7,12445,124450804,8,"Parramatta Eels","away",2024-04-26,22.7518904693013,77.3658532231784,50.8149937371897,1286.94735752012,1304.30670533379,1086.4881175251,1156.01865057984,1.95248257291972,1.13892460273648,6,139,180,-41,14,0.481501415762733,0.453057638121094,0.536990011586335,1537.99467373957,1530.99392160244,1527.18407423684,18
"1417",8,12445,124450805,8,"Brisbane Broncos","away",2024-04-27,24.0212630582887,75.0057773412333,50.4380794292143,1351.62281256149,1256.89878728582,1135.05421950651,1108.44196452688,2.09150402735429,1.61951241023648,8,182,142,40,6,0.254276847762969,0.365085346708776,0.183786069707242,1554.37517417227,1517.51019392803,1595.96894339608,34
"1418",7,12445,124450806,8,"North Queensland Cowboys","home",2024-04-27,21.3966208704453,75.3277458417238,50.5987620227374,1283.22666860331,1351.76213211536,1135.71359743718,1106.0073235477,2.09646245853668,1.26607062584777,8,183,191,-8,8,0.226405842642875,0.336949902858784,0.180757240866536,1462.28650106178,1481.12122783482,1451.08226649233,20
"1419",NA,12445,124450806,8,"Penrith Panthers","away",2024-04-27,24.0205008369253,80.48017189724,50.5581600464039,1296.28727953316,1456.063887142,873.088821271008,1246.61810612827,2.15719138699977,1.37607302811716,10,122,92,30,4,0.226405842642875,0.336949902858784,0.180757240866536,1675.73672144048,1598.71363084191,1713.6090297157,26
"1420",7,12445,124450805,8,"Wests Tigers","home",2024-04-27,15.7868378174902,77.4262112391066,50.4059872745158,1282.41038377862,1374.026152126,1163.40266149995,1095.75398274196,1.95643795055867,1.06844682710358,6,95,126,-31,13,0.254276847762969,0.365085346708776,0.183786069707242,1367.4668510493,1421.3818146679,1336.97237852456,10
"1421",6,12445,124450808,8,"Canberra Raiders","home",2024-04-28,20.1536788265599,76.9996000657436,50.3460743815426,1292.22227096813,1303.96746732377,1099.33567645345,1193.46207737426,2.05548249787807,0.967794198591053,8,164,140,24,7,0.431142473804124,0.467222625931726,0.392902070122664,1483.45316352198,1495.01463768072,1475.68996240055,0
"1422",7,12445,124450808,8,"Cronulla-Sutherland Sharks","away",2024-04-28,24.9313828769386,75.3645592681654,50.4426490112591,1341.6138620445,1274.09047951018,1060.19838283634,1161.44541553393,1.79426573067016,1.38431394012375,12,159,100,59,1,0.431142473804124,0.467222625931726,0.392902070122664,1531.60624314322,1517.82340049297,1551.27973638477,40
"1423",NA,12445,124450807,8,"Dolphins","home",2024-04-28,26.9109999770234,78.7495056533691,51.8198042691365,1289.75721474482,1402.38308225489,889.905312667922,1238.41404300287,1.84369889292247,1.15075134508007,10,170,117,53,3,0.659762922266723,0.607643290641363,0.69338648641816,1518.25770931289,1510.91865438983,1522.49930589118,14
"1424",6,12445,124450807,8,"Newcastle Knights","away",2024-04-28,17.3577050751549,77.3539887378157,48.0781459449059,1341.79448806443,1323.23458776474,1222.38424341443,981.330826655827,2.18276009276135,1.7209273374969,4,120,149,-29,15,0.659762922266723,0.607643290641363,0.69338648641816,1403.21520308827,1434.93160501103,1380.74567331553,18
"1425",7,12445,124450901,9,"Penrith Panthers","away",2024-05-02,24.1392707867098,80.0313615834056,50.2246704436197,1280.61004276117,1422.22005391348,923.843491994747,1243.22101976057,2.38775990377978,1.47350864643013,12,148,112,36,3,0.298874540745803,0.390495673367496,0.241668836467036,1681.17046166391,1602.0831298705,1720.83931935036,42
"1426",9,12445,124450901,9,"South Sydney Rabbitohs","home",2024-05-02,21.4477230045241,77.3853333412137,50.9733993733294,1306.4396040434,1303.86243036978,1150.58095929309,1069.66808248429,2.19625122816661,1.26790585344862,4,114,250,-136,17,0.298874540745803,0.390495673367496,0.241668836467036,1533.04773538037,1524.73890325913,1522.1840183521,12
"1427",6,12445,124450903,9,"Brisbane Broncos","home",2024-05-03,24.6199872747913,74.8254307007593,50.4717946634614,1354.7654438078,1248.86486004867,1139.91096633612,1110.39544665526,2.08601378571303,1.58234166562229,10,216,152,64,5,0.488396746421432,0.450590079315775,0.556926994313885,1560.47781851858,1521.16104739512,1603.32038618437,18
"1428",6,12445,124450902,9,"Canberra Raiders","away",2024-05-03,18.9444580969663,76.3996240617989,50.32530991865,1277.98893471005,1293.70941928434,1126.37553586625,1186.2943527318,2.05215354800538,0.96972654667559,8,164,180,-16,10,0.591733400659408,0.519282772928434,0.655145743513454,1473.10574415068,1490.3424114214,1459.97387959564,26
"1429",7,12445,124450902,9,"Manly-Warringah Sea Eagles","home",2024-05-03,23.1482623967335,75.6617204077783,51.7223552787644,1295.76476952451,1307.94437781395,1109.16428554947,1167.50144854151,2.81553948044535,1.39425062053288,11,213,174,39,4,0.591733400659408,0.519282772928434,0.655145743513454,1537.57863717669,1503.74810316621,1571.45481277937,24
"1430",9,12445,124450903,9,"Sydney Roosters","away",2024-05-03,23.2363821755549,74.9068089335383,48.4583364308455,1294.57820510165,1329.56772945507,1068.51013326555,1146.79736326023,2.35566852137123,1.24695509464344,8,218,145,73,7,0.488396746421432,0.450590079315775,0.556926994313885,1568.5420327679,1555.60699603984,1563.59119524633,40
"1431",NA,12445,124450904,9,"Canterbury-Bankstown Bulldogs","home",2024-05-04,16.0924705276619,74.9112517873898,48.2329205028048,1367.46069834395,1299.88612117541,1121.66906975619,1041.02990327337,3.0414712545533,1.60489623297201,6,142,125,17,12,0.52375546094552,0.486783473769874,0.577369893392767,1377.88362885589,1408.54503832276,1383.81841683907,22
"1432",8,12445,124450906,9,"Dolphins","away",2024-05-04,26.136339978402,78.4045353141669,51.5306160129883,1294.09178186013,1391.6200973196,924.290993907846,1209.5892004227,1.79307695934712,1.20170626437526,10,184,135,49,6,0.43479209040515,0.461092464454632,0.427251889014741,1502.42339917849,1504.84222148342,1494.76384643445,28
"1433",6,12445,124450905,9,"Gold Coast Titans","home",2024-05-04,19.4554466535424,77.2522991543898,48.1877101354194,1287.66971690115,1234.19033104104,1338.87723544713,992.954831347284,2.916618304186,1.82979193406521,4,117,204,-87,16,0.145916981298141,0.22676123374393,0.11765110114581,1368.42310617819,1412.90652484741,1345.91841382667,20
"1434",7,12445,124450905,9,"Melbourne Storm","away",2024-05-04,24.724926888258,77.7575640723185,51.2808174787776,1349.53439856465,1312.31604042244,1051.31064975883,1113.26470581032,2.57225422295408,1.49414051224823,14,172,118,54,2,0.145916981298141,0.22676123374393,0.11765110114581,1675.38080642536,1626.00444805461,1695.93615453291,22
"1435",7,12445,124450906,9,"North Queensland Cowboys","home",2024-05-04,21.3128236182186,75.7280810912203,50.8628363013731,1259.75306848711,1332.75640418844,1138.97078159095,1142.78688413484,2.21067471102448,1.2501063882969,8,203,217,-14,9,0.43479209040515,0.461092464454632,0.427251889014741,1456.85276083835,1477.75172880623,1443.85197685767,26
"1436",NA,12445,124450904,9,"Wests Tigers","away",2024-05-04,15.4396275484408,77.2206385647602,50.3216280380449,1272.8457607519,1375.82458299844,1162.05850180995,1102.96874377745,1.95905167352515,1.00434001747737,6,105,160,-55,15,0.52375546094552,0.486783473769874,0.577369893392767,1361.36420670298,1417.73096120082,1329.62093573627,14
"1437",9,12445,124450908,9,"Cronulla-Sutherland Sharks","home",2024-05-05,25.8354999043223,75.5826857120755,50.4160900705836,1329.09703032183,1260.94505073957,1061.02647986616,1184.7586906019,1.74660978682995,1.36125510371633,14,199,100,99,1,0.623806108580509,0.550044554268508,0.688839725506628,1541.95366251452,1522.49562675228,1566.99581918968,20
"1438",6,12445,124450907,9,"Newcastle Knights","home",2024-05-05,17.3962427706456,77.6327494135468,48.3734571882116,1334.66681878056,1325.56051249886,1194.52118880957,1010.23097705648,2.17179448719567,1.67767169724709,6,138,163,-25,13,0.436947636434534,0.447098244652116,0.438201506958861,1419.04951322267,1441.00803791745,1408.48113277226,14
"1439",8,12445,124450908,9,"St George-Illawarra Dragons","away",2024-05-05,19.2362550337389,74.9820734519271,49.9604238242595,1320.53988754208,1252.8956581808,1216.19789399594,1029.67719895272,2.11505543046028,1.77974620011717,8,154,214,-60,11,0.623806108580509,0.550044554268508,0.688839725506628,1454.09850892256,1487.60428398444,1428.94220356114,10
"1440",7,12445,124450907,9,"Warriors","away",2024-05-05,19.5351400461924,79.3162320955295,49.3428348360075,1307.07941527665,1325.57141757734,1074.43980636082,1155.71431411157,2.07791113096121,1.19015798192435,7,168,151,17,12,0.436947636434534,0.447098244652116,0.438201506958861,1463.09726978498,1477.90603949473,1451.64381404141,8
"1441",9,12446,124460101,1,"Penrith Panthers","home",2024-09-13,25.2109145395072,80.0294798884012,50.4511902170025,1275.2934401955,1397.00685067867,926.972882475062,1267.62775857494,2.54449430955299,1.38509812764432,14,190,124,66,3,0.650709168470185,0.565638690506838,0.696904847357941,1688.34345064181,1605.98808660417,1730.50607280904,30
"1442",NA,12446,124460101,1,"Sydney Roosters","away",2024-09-13,24.2421992450216,75.092400397526,48.3708362449947,1291.90351279555,1388.57366568776,1074.77952526962,1160.60952146461,2.39432841008896,1.23213778896484,10,258,163,95,6,0.650709168470185,0.565638690506838,0.696904847357941,1580.26355468201,1560.11289683299,1585.86827501889,10
"1443",NA,12446,124460102,1,"Cronulla-Sutherland Sharks","away",2024-09-14,25.485369910063,75.9677245693509,50.3311246663486,1317.63120850252,1261.66834769519,1054.36489107419,1200.67316916578,1.94181319962016,1.33957979749335,16,219,110,109,1,0.67617626532325,0.641756627645775,0.66767388588791,1550.98231590858,1526.9951812096,1579.44223016942,10
"1444",13,12446,124460102,1,"Melbourne Storm","home",2024-09-14,24.5614312749625,77.7721102279794,51.1439684300509,1328.26233465077,1295.1370779971,1085.4920107733,1116.3688234617,2.65791896957684,1.46449208151334,16,194,138,56,2,0.67617626532325,0.641756627645775,0.66767388588791,1678.88281397651,1628.27206039204,1700.64219857874,37
"1445",7,12446,124460103,1,"Newcastle Knights","away",2024-09-14,17.1924682044068,77.774784448734,48.3510497569189,1328.86680965373,1309.80688174892,1195.08991748099,1027.91711843309,2.22148681796393,1.69701139541226,8,152,171,-19,11,0.519928357525894,0.538211220728643,0.493968712354498,1432.56276994824,1446.53705547093,1430.95307249391,16
"1446",7,12446,124460103,1,"North Queensland Cowboys","home",2024-09-14,21.5940542011254,75.8643962257471,50.7510661232908,1238.04788437789,1304.51101993713,1161.59253469549,1167.27967108675,2.37803422836301,1.17510000499909,8,229,245,-16,10,0.519928357525894,0.538211220728643,0.493968712354498,1446.41775066863,1473.14080416169,1426.76190129708,28
"1447",8,12446,124460104,1,"Canterbury-Bankstown Bulldogs","home",2024-09-15,16.4469222960022,75.9365766801464,48.5189452726365,1340.79305644331,1300.67295390489,1107.76892557082,1081.04810907696,3.03898297928011,1.50860245899369,10,164,139,25,8,0.316104611140883,0.380224026459605,0.303231884065583,1389.3134977932,1413.67720358506,1400.72362110336,22
"1448",7,12446,124460104,1,"Manly-Warringah Sea Eagles","away",2024-09-15,23.1993666529295,75.7420171833116,51.5590139620385,1279.99888335304,1299.84771514511,1119.2944284165,1180.37136162902,3.06660711161863,1.37059558330091,11,237,200,37,5,0.316104611140883,0.380224026459605,0.303231884065583,1523.37703556087,1498.55527543693,1545.24898303883,24
"1449",7,12446,124460201,2,"Cronulla-Sutherland Sharks","home",2024-09-20,24.5562477154592,76.5696610951899,49.5312571863677,1312.79333599237,1248.66824683348,1107.14299760974,1163.91277901584,1.88530440764295,1.37920500964375,NA,NA,NA,NA,NA,0.620308951785101,0.56532591109277,0.665045263848876,1543.21054627634,1523.41274748606,1566.14918560493,26
"1450",5,12446,124460201,2,"North Queensland Cowboys","away",2024-09-20,21.9784109490579,76.1125324522023,51.0660021558933,1229.52501131521,1305.6203587409,1143.85698261376,1188.74289082154,2.23535217466123,1.16459400469914,NA,NA,NA,NA,NA,0.620308951785101,0.56532591109277,0.665045263848876,1457.93947008801,1477.7586919544,1447.0031528029,18
"1451",8,12446,124460202,2,"Manly-Warringah Sea Eagles","away",2024-09-21,23.2474046537538,75.8774961523129,51.6454731243162,1270.93895035185,1300.39685223641,1130.25676271151,1174.46907993128,2.94261068492151,1.46835984830285,NA,NA,NA,NA,NA,0.558613607930518,0.576265851633147,0.523535464782688,1530.96354622825,1502.35751570153,1557.37825840145,16
"1452",8,12446,124460202,2,"Sydney Roosters","home",2024-09-21,23.3876672903203,75.2668563736745,48.288586070295,1281.10930202782,1360.9992457465,1125.25275375344,1141.79295017674,2.37066870548362,1.39820952162695,NA,NA,NA,NA,NA,0.558613607930518,0.576265851633147,0.523535464782688,1571.8805747253,1555.76928373806,1573.74446891321,40
"1453",6,12446,124460301,3,"Melbourne Storm","home",2024-09-27,25.3077453984647,78.5657836143007,51.8553303242479,1311.26659457172,1291.64885331727,1055.6424901269,1165.426694054,2.55844383140223,1.37662255662254,NA,NA,NA,NA,NA,0.645590532852698,0.601948279590183,0.667587312132436,1686.65458360876,1631.85449411559,1713.93524314322,48
"1454",NA,12446,124460301,3,"Sydney Roosters","away",2024-09-27,24.3844072529011,75.850844991254,48.6312709060773,1266.04274390615,1359.73929100171,1101.71758852823,1175.22537316613,2.22842858315461,1.31431695032933,NA,NA,NA,NA,NA,0.645590532852698,0.601948279590183,0.667587312132436,1582.47384813497,1560.00662522173,1592.8030503219,18
"1455",5,12446,124460302,3,"Cronulla-Sutherland Sharks","away",2024-09-28,24.6428728525316,76.0554814294785,49.7993817551856,1307.40573583282,1234.46815202347,1099.09441775316,1189.83801227489,1.77218614318437,1.29645270906512,NA,NA,NA,NA,NA,0.696619637942559,0.616643065445739,0.718852824946198,1552.3231314335,1527.75948837513,1579.54737505098,6
"1456",7,12446,124460302,3,"Penrith Panthers","home",2024-09-28,25.4982596671368,80.3277110950972,50.6041188039824,1254.51583378377,1379.90643963795,922.174509526559,1306.53009306044,2.69182465097981,1.30199223998566,NA,NA,NA,NA,NA,0.696619637942559,0.616643065445739,0.718852824946198,1696.72643059853,1610.33169969911,1742.62987891473,26
"1457",6,12446,124460401,4,"Melbourne Storm","home",2024-10-06,26.6692806745568,79.2518365974426,51.984010504793,1295.47059889742,1272.82992211823,1057.70394071929,1196.66109241076,2.52493720151809,1.29402520322518,NA,NA,NA,NA,NA,0.487270681095756,0.531144891020521,0.461731169972429,1695.16041082029,1635.83501131968,1727.23175065792,6
"1458",10,12446,124460401,4,"Penrith Panthers","away",2024-10-06,25.5283640871086,80.2480484293913,50.8078716757434,1249.38488375674,1372.83205325967,920.244038954965,1317.05828747682,2.59031517192103,1.22387270558652,NA,NA,NA,NA,NA,0.487270681095756,0.531144891020521,0.461731169972429,1704.00755928791,1614.16526904465,1753.87576591688,14
"1459",9,12755,127550101,1,"Canberra Raiders","home",2025-03-02,19.3677906111483,77.155646618091,50.365791323531,1271.68959862744,1278.06685412728,1141.71300371427,1191.79669156789,2.22902433512506,0.911542953875055,10,190,204,-14,9,0.554075908911041,0.533278084990422,0.581312455702706,1487.30734576651,1495.53523915069,1486.17970933618,30
"1460",NA,12755,127550102,1,"Cronulla-Sutherland Sharks","away",2025-03-02,23.5243004813797,75.2121525437098,49.5714188498745,1304.68139168285,1230.54006290206,1122.06875268797,1171.84773153839,1.84585497459331,1.21866554652121,NA,NA,NA,NA,NA,0.727583819194826,0.634143621470886,0.763969880945816,1545.04200274412,1523.92591902959,1568.30148804882,22
"1461",18,12755,127550102,1,"Penrith Panthers","home",2025-03-02,24.836662241882,80.4131655236279,50.8793993751988,1249.18179073134,1368.34213006409,919.809396617667,1318.73479022821,2.55489626160576,1.15044034325133,NA,NA,NA,NA,NA,0.727583819194826,0.634143621470886,0.763969880945816,1715.7020556342,1619.47671795485,1772.34501271577,28
"1462",6,12755,127550101,1,"Warriors","away",2025-03-02,18.8430316434209,79.3572581697977,49.5022647458471,1292.43465036005,1320.3171325227,1088.27341797917,1158.61145526487,2.13323646310353,1.29874850300889,7,176,165,11,14,0.554075908911041,0.533278084990422,0.581312455702706,1449.58401305941,1472.37702194125,1429.17187431977,8
"1463",NA,12755,127550103,1,"Brisbane Broncos","away",2025-03-06,24.2227880383039,74.9559048587137,50.6234869836537,1412.25951717933,1248.93296844575,1154.13630835595,1114.15171985595,2.14085295857025,1.54740116568495,10,234,192,42,7,0.536219037253264,0.556418083753674,0.497788433817943,1548.75629660447,1516.65514660196,1581.04330641182,50
"1464",9,12755,127550103,1,"Sydney Roosters","home",2025-03-06,24.001342817727,75.7397942917788,48.4733946517127,1248.76017927178,1341.0349335416,1136.77453321654,1170.11185077616,2.27472286816533,1.29545793330957,NA,NA,NA,NA,NA,0.536219037253264,0.556418083753674,0.497788433817943,1573.96802092343,1556.02610801763,1579.5065428072,14
"1465",8,12755,127550105,1,"Dolphins","away",2025-03-07,26.2481595796979,78.6802631953169,51.498779052209,1268.16627494852,1362.00289148042,961.893534273376,1227.97384839734,1.86549234178629,1.12960388851275,12,212,161,51,4,0.518723255913914,0.51637243292031,0.500954626008392,1512.85840934821,1509.45314612797,1511.85392199504,14
"1466",6,12755,127550104,1,"Newcastle Knights","away",2025-03-07,17.1209201121424,78.2682973818099,48.0899867715037,1328.5148010745,1296.97846884399,1214.88452243213,1018.2020913271,2.2681976088861,1.65519071168753,NA,NA,NA,NA,NA,0.399074430089826,0.457904477875485,0.362596825887134,1421.04105052886,1441.91916767821,1410.71182098809,10
"1467",12,12755,127550105,1,"South Sydney Rabbitohs","home",2025-03-07,20.8808596242526,77.4822133407409,50.6749954109296,1288.1732278008,1297.1506845476,1180.5461017355,1064.04799753524,2.30447615447661,1.3118315022417,4,126,292,-166,17,0.518723255913914,0.51637243292031,0.500954626008392,1525.87474640247,1520.83394652545,1512.51726489342,16
"1468",10,12755,127550104,1,"Wests Tigers","home",2025-03-07,15.3532498955343,77.2074002508746,50.1223303557622,1275.25501510678,1348.65510801853,1194.81499170135,1090.1906191508,1.96150857311364,1.00407961642872,6,119,182,-63,15,0.399074430089826,0.457904477875485,0.362596825887134,1349.93433776568,1412.59879593851,1312.71573147198,8
"1469",7,12755,127550106,1,"Canterbury-Bankstown Bulldogs","away",2025-03-08,16.780106958242,76.6603820793377,48.4278085562783,1338.88547305671,1290.3725766706,1106.22279003657,1094.30522253235,2.8566440005233,1.41808631145407,NA,NA,NA,NA,NA,0.590160970963325,0.603852756895912,0.540067312899174,1381.72698712582,1409.87496332046,1388.59434574074,28
"1470",NA,12755,127550107,1,"Manly-Warringah Sea Eagles","home",2025-03-08,22.8125603745285,75.1048463831741,51.3067447368573,1275.08261333074,1284.17304110222,1164.38135694882,1147.9809351354,2.88605404382622,1.38025825740468,NA,NA,NA,NA,NA,0.601528238201828,0.535498167814744,0.646293519389008,1520.37027281858,1498.12017421786,1538.31967699276,42
"1471",8,12755,127550107,1,"North Queensland Cowboys","away",2025-03-08,21.7397062921144,75.8657805050701,50.7620420265397,1216.4735106363,1300.66313721645,1170.98556365693,1175.79831737225,2.16123104418155,1.33471836441719,NA,NA,NA,NA,NA,0.601528238201828,0.535498167814744,0.646293519389008,1448.82688493085,1473.41195106533,1433.60496335685,12
"1472",6,12755,127550106,1,"St George-Illawarra Dragons","home",2025-03-08,18.6820797317145,74.8631490448115,50.0227983948039,1317.68749428955,1246.00191868996,1230.22602035618,1024.89656701556,2.34815210463266,1.67296142811014,8,164,234,-70,13,0.590160970963325,0.603852756895912,0.540067312899174,1445.06985552849,1483.10472952713,1416.4957925814,20
"1473",13,12755,127550108,1,"Melbourne Storm","home",2025-03-09,25.4291238340834,79.0567264015961,51.7449698745054,1295.62236296357,1271.22012679114,1074.94170427613,1179.64142686612,2.49344096942701,1.27638369103167,NA,NA,NA,NA,NA,0.712802244421215,0.646667611778814,0.759850754654637,1683.46591447399,1630.52356240948,1708.76250385903,56
"1474",NA,12755,127550108,1,"Parramatta Eels","away",2025-03-09,22.4667770411432,77.2839020297877,50.4660941129583,1289.83051606891,1285.38830301376,1108.4188304736,1148.33753154505,2.01533361854454,1.07058912657229,6,157,212,-55,14,0.712802244421215,0.646667611778814,0.759850754654637,1525.55070771787,1525.52449798365,1508.66367470029,18
"1475",7,12755,127550201,2,"Dolphins","away",2025-03-13,25.513270004916,78.4594474035979,51.2288523090765,1254.65629845161,1364.7627179916,962.799922216973,1237.0354174935,1.81356280127911,1.06182765520198,0,14,16,-2,10,0.3996513099174,0.417132033627501,0.405205821819532,1501.30776749015,1504.61687045717,1491.89210703538,12
"1476",9,12755,127550201,2,"Newcastle Knights","home",2025-03-13,16.6936649054139,77.8321995389013,47.9645875652135,1310.06391301003,1299.13976071335,1214.47145108621,1036.42996584748,2.13210575235293,1.61587926898627,2,10,8,2,7,0.3996513099174,0.417132033627501,0.405205821819532,1430.61883685102,1446.49821245697,1425.21569402357,26
"1477",6,12755,127550202,2,"Manly-Warringah Sea Eagles","away",2025-03-14,23.9638067520568,75.5185556001837,51.6483400526458,1269.9176565309,1270.36265863609,1152.35847553189,1175.22207902728,2.77289080119665,1.2974427619604,2,42,12,30,3,0.371885593203905,0.449721739245888,0.308710328065288,1529.93359510174,1502.76519253971,1552.4679362172,16
"1478",6,12755,127550203,2,"Penrith Panthers","home",2025-03-14,25.0264625073691,80.5683755922102,50.8266354126869,1245.45088328746,1345.10160226025,942.080832820607,1320.85070281451,2.52160248590942,1.08141392265625,2,28,22,6,6,0.716588890144089,0.603086307095544,0.782285540792308,1722.24004397353,1623.13528174014,1781.78621747794,32
"1479",8,12755,127550203,2,"Sydney Roosters","away",2025-03-14,23.4012622486634,75.4554066342721,48.0849909726099,1244.69456851547,1315.47283752911,1177.76806122355,1153.36513972959,2.25823949607541,1.457730457311,0,14,50,-36,16,0.716588890144089,0.603086307095544,0.782285540792308,1561.09876402935,1550.4619271801,1559.59500545448,38
"1480",7,12755,127550202,2,"Warriors","home",2025-03-14,18.1924497448156,79.0958226796099,49.6521288610963,1283.88857133845,1315.61810457134,1090.65701290042,1167.33476794898,2.06524227531732,1.22082359282836,0,8,30,-22,14,0.371885593203905,0.449721739245888,0.308710328065288,1438.88183487327,1467.70980279116,1412.42437254788,36
"1481",7,12755,127550206,2,"Brisbane Broncos","away",2025-03-15,25.7694207560056,75.7985505671909,51.0660777646345,1382.42394614857,1244.856990339,1138.34812985459,1156.50261666459,2.25240178105604,1.51455709574385,2,50,14,36,2,0.409458754923965,0.468357522683124,0.362554860811578,1561.62555349854,1522.2193274395,1600.95484376453,22
"1482",5,12755,127550206,2,"Canberra Raiders","home",2025-03-15,20.0057231744794,76.7263078210055,50.2238438441192,1269.9082227098,1270.38284287965,1151.45022349142,1187.96889007382,2.33528287501756,0.856850376642551,2,30,8,22,4,0.409458754923965,0.468357522683124,0.362554860811578,1498.00952395264,1500.20245830078,1502.92721110807,32
"1483",9,12755,127550205,2,"Cronulla-Sutherland Sharks","away",2025-03-15,23.432842452497,75.6194233910872,49.597133718882,1285.26050818188,1227.92765912794,1135.98462752669,1178.99686764609,1.97510367611771,1.20554561372994,0,22,28,-6,12,0.36094291674286,0.42642302853342,0.309497087688257,1538.5040144048,1520.2673552443,1558.86028328666,36
"1484",6,12755,127550205,2,"North Queensland Cowboys","home",2025-03-15,21.1553239145876,76.1138336747659,50.2963195049473,1206.72509999812,1293.96334898346,1196.84642983752,1163.09041832992,2.33155718153066,1.37463526255216,0,12,42,-30,15,0.36094291674286,0.42642302853342,0.309497087688257,1439.2635626477,1468.76693274348,1419.45670413242,12
"1485",8,12755,127550204,2,"South Sydney Rabbitohs","away",2025-03-15,20.5880080467975,77.9332805402965,50.8144956862738,1295.36283413275,1281.90164347474,1192.45333563137,1058.82511768312,2.28620758520802,1.2331216121072,2,16,14,2,8,0.351335293279093,0.430505939950824,0.311737554321066,1537.42538826054,1525.67022219625,1532.47907985309,25
"1486",NA,12755,127550204,2,"St George-Illawarra Dragons","home",2025-03-15,18.7611549478117,74.3913601021228,49.7214304911157,1314.82624463218,1225.78180356856,1256.07245913481,1021.30277299462,2.3872629783547,1.57258374242353,0,20,28,-8,13,0.351335293279093,0.430505939950824,0.311737554321066,1430.90599222537,1477.06620195817,1394.89310006543,24
"1487",NA,12755,127550208,2,"Canterbury-Bankstown Bulldogs","home",2025-03-16,17.4533005407475,76.2007591545774,48.8221400429016,1313.09234467331,1289.15022207036,1097.74942263437,1128.30690918041,2.7452453604919,1.33300113276682,2,28,20,8,5,0.544451386814491,0.507590145359629,0.597992549591498,1395.89085042893,1415.91349088942,1410.1970382567,40
"1488",7,12755,127550208,2,"Gold Coast Titans","away",2025-03-16,19.4881198543298,77.1171612051264,48.3564475272943,1271.96953388708,1219.83891117858,1328.4446013203,1030.63754146645,2.86162120593484,1.7800044180213,4,137,226,-89,16,0.544451386814491,0.507590145359629,0.597992549591498,1364.92109862704,1410.63891250997,1341.21236978084,24
"1489",8,12755,127550207,2,"Parramatta Eels","home",2025-03-16,22.1987704186746,77.5068679080005,50.4381284661808,1265.00068510478,1277.44500483294,1131.31370064518,1156.53727965235,1.95441360143187,1.00635377897796,0,18,56,-38,17,0.736214534767446,0.658377522483458,0.760634563566772,1518.65796158398,1521.99117410144,1499.05770488648,6
"1490",7,12755,127550207,2,"Wests Tigers","away",2025-03-16,14.9120549018023,77.2549562358221,50.3549905344165,1278.71971420038,1328.99580153742,1202.44609219927,1097.25918200175,1.84381805872682,1.123834839443,0,8,10,-2,11,0.736214534767446,0.658377522483458,0.760634563566772,1340.35655144352,1408.01975115976,1298.2118584365,32
"1491",8,12755,127550301,3,"Melbourne Storm","home",2025-03-20,27.2633764040384,78.5733228175003,51.6402716820351,1287.06502118576,1247.50691918367,1087.54520201956,1198.26294125415,2.64383451126139,1.31980066956977,2,56,18,38,1,0.478881676003086,0.52437721958374,0.45389782449622,1690.35866060788,1634.05688629169,1718.36847367284,30
"1492",6,12755,127550301,3,"Penrith Panthers","away",2025-03-20,25.444874756927,79.9942730566776,50.9570372879257,1230.96383029021,1339.21550612463,956.535982851371,1323.67966064564,2.43030633675485,1.01652908729687,2,60,60,0,10,0.478881676003086,0.52437721958374,0.45389782449622,1705.04191061007,1617.10441866919,1750.49479584625,24
"1493",7,12755,127550303,3,"Brisbane Broncos","home",2025-03-21,25.5432555106453,75.2106375331595,51.0021130987564,1366.37850937966,1227.70557091866,1161.90724206332,1159.59245966471,2.35725767419267,1.48368366999922,2,72,46,26,6,0.662096744971425,0.574843330453819,0.724974856135937,1547.45256361672,1516.90290266633,1575.457038197,26
"1494",7,12755,127550303,3,"North Queensland Cowboys","away",2025-03-21,20.6060044797123,76.22700365428,49.9785403346505,1196.06159399823,1283.28554804445,1227.45564404727,1150.42499323012,2.55166375063882,1.35215714679903,0,24,78,-54,16,0.662096744971425,0.574843330453819,0.724974856135937,1430.60093264587,1464.50270245814,1407.07682062488,16
"1495",5,12755,127550302,3,"Sydney Roosters","away",2025-03-21,24.2771865137436,75.3680822362157,48.0198915142533,1244.83289440454,1296.78446727736,1189.18197755014,1155.14323134582,2.24274512631088,1.43026662987234,2,52,82,-30,13,0.328327254140702,0.382393959243259,0.295642551829355,1578.29689739281,1556.49279025105,1590.88642708617,6
"1496",7,12755,127550302,3,"Warriors","home",2025-03-21,19.2609027601267,79.5700733188333,49.8530011294305,1262.83525705814,1313.72101829706,1076.63759212639,1201.63468187204,2.06132773879828,1.20757417725866,2,44,46,-2,11,0.328327254140702,0.382393959243259,0.295642551829355,1453.95658063638,1473.2125853987,1440.07595942526,14
"1497",7,12755,127550304,3,"Cronulla-Sutherland Sharks","home",2025-03-22,24.1868719053471,76.0022579876219,49.9213056957491,1275.10487769097,1215.99199958026,1124.94554987509,1210.67705558732,1.91659745555065,1.13321287690615,2,58,40,18,8,0.501884094441278,0.492166532627109,0.537764573920266,1547.16664440663,1524.53158552963,1571.24016679419,27
"1498",8,12755,127550305,3,"Dolphins","home",2025-03-22,24.702473804621,78.191880559382,51.2151211705319,1237.87692054451,1358.7169549121,983.811926883955,1238.65329244389,1.76474903320237,1.11811799588986,0,26,42,-16,15,0.6774017195572,0.618834895594546,0.690576129105655,1486.89939892816,1498.78819079345,1468.10033990816,18
"1499",6,12755,127550306,3,"Gold Coast Titans","home",2025-03-22,19.75883266307,76.8101315328188,48.3950606756566,1265.37136185385,1211.14857650786,1350.67792524108,1021.95928897846,2.86992393357875,1.79320415294002,2,24,40,-16,12,0.371902383424,0.433319409354516,0.328917733603357,1353.98793191058,1405.71481396357,1325.1320717645,26
"1500",7,12755,127550306,3,"Newcastle Knights","away",2025-03-22,17.252045011089,78.0222675665673,48.0267123113007,1307.30007822943,1279.69137507055,1217.44316402103,1053.02416789663,2.36417940721175,1.5189265128471,4,36,20,16,4,0.371902383424,0.433319409354516,0.328917733603357,1445.027205413,1452.32689212069,1449.00746115079,6
"1501",7,12755,127550304,3,"South Sydney Rabbitohs","away",2025-03-22,20.8527275639896,77.8172837078787,50.9456259450974,1286.10106408478,1284.54754486626,1191.58613549349,1064.95561062214,2.20903513009553,1.15913431538076,4,41,38,3,5,0.501884094441278,0.492166532627109,0.537764573920266,1545.85743529924,1529.97528159576,1544.94858202593,12
"1502",NA,12755,127550305,3,"Wests Tigers","away",2025-03-22,15.9373316076941,76.6396588616728,50.3336911023515,1269.31653134835,1322.03605344517,1206.85932666732,1103.06363108165,1.97318897520321,1.11640474907642,2,40,16,24,7,0.6774017195572,0.618834895594546,0.690576129105655,1358.02570027794,1414.60352638459,1328.63724097917,30
"1503",7,12755,127550308,3,"Canberra Raiders","away",2025-03-23,20.7253797840107,76.9827293517452,50.210413213472,1251.25372934721,1261.05987230687,1154.84321008193,1208.55075666939,2.3151659025165,0.865439354043998,4,62,30,32,2,0.503851480217999,0.488120216218699,0.494806896986319,1512.18251383447,1505.51888307395,1528.42501667561,12
"1504",8,12755,127550307,3,"Canterbury-Bankstown Bulldogs","away",2025-03-23,18.8061025083027,76.1887136053027,48.9528116403275,1298.80680399291,1281.52120874614,1085.04445727631,1162.54849462958,2.64053063886239,1.25302106480081,4,68,44,24,3,0.632290597747912,0.632832489937675,0.560653555867155,1406.82401714539,1420.83758943583,1426.27733627304,16
"1505",6,12755,127550308,3,"Manly-Warringah Sea Eagles","home",2025-03-23,23.4859783469334,75.4274422641726,51.3694396494871,1270.76259713904,1250.12089911792,1187.55696699998,1156.12875428564,3.26651735312485,1.27959619624278,2,58,48,10,9,0.503851480217999,0.488120216218699,0.494806896986319,1514.85884933863,1497.26240993217,1524.81634933981,40
"1506",8,12755,127550307,3,"Parramatta Eels","home",2025-03-23,21.2268441935541,76.9364558335204,50.41184075821,1261.88064399849,1268.11830454296,1135.07487860647,1163.70504287321,1.89714878534595,0.945972552239279,0,24,88,-64,17,0.632290597747912,0.632832489937675,0.560653555867155,1500.98881274956,1515.4073988766,1468.63232234381,8
"1507",NA,12755,127550401,4,"Penrith Panthers","away",2025-03-27,25.3581822715114,80.1746166732769,50.7796150506501,1236.2460004728,1334.46257575715,949.543823880289,1327.5388810069,2.52448795654956,0.955537342059061,2,84,90,-6,12,0.286353312393885,0.376739682113524,0.237957890802417,1692.53507083414,1612.34819086503,1728.6507088261,18
"1508",8,12755,127550401,4,"South Sydney Rabbitohs","home",2025-03-27,20.3215639101502,77.1682466854059,50.5288883883916,1274.4550002397,1258.23469217428,1233.55096736388,1060.63827398481,2.1964930222898,1.14958625645792,4,53,65,-12,7,0.286353312393885,0.376739682113524,0.237957890802417,1533.90265356583,1524.89694692203,1526.45916498274,28
"1509",6,12755,127550403,4,"Brisbane Broncos","away",2025-03-28,25.5706601800066,75.6779992811699,51.061986312831,1346.19579881688,1211.52323666354,1159.81280753952,1191.83691208483,2.39582221374111,1.45466264979927,4,98,62,36,8,0.380166494606508,0.458998862600447,0.301464709214828,1555.56224173741,1521.15446936179,1586.45804395156,20
"1510",7,12755,127550403,4,"Dolphins","home",2025-03-28,24.3003253763438,77.8803677258191,50.8422139003,1234.04430531184,1350.45393761737,1008.30321127092,1225.59409489726,1.77886409121022,1.05103091613647,0,44,72,-28,15,0.380166494606508,0.458998862600447,0.301464709214828,1470.64175765879,1492.5998418375,1440.47729474393,12
"1511",7,12755,127550402,4,"Gold Coast Titans","away",2025-03-28,20.1333027032858,77.0015236408497,48.7913570351172,1264.32908014262,1204.59966191739,1345.65724972662,1031.80173163975,2.93772849756402,1.68561190376362,4,50,46,4,6,0.752437765888549,0.68992630292272,0.770846706162595,1369.06227470841,1411.38161987002,1351.97536242036,30
"1512",6,12755,127550402,4,"Sydney Roosters","home",2025-03-28,23.180555322919,74.9259973020428,47.8986980233981,1247.06292074027,1301.71739924072,1202.85105889713,1129.57463746507,2.28818041873223,1.46445063208,2,58,96,-38,14,0.752437765888549,0.68992630292272,0.770846706162595,1562.17675149219,1550.31672984348,1562.71212915934,12
"1513",7,12755,127550405,4,"Canberra Raiders","away",2025-03-29,20.20185699697,76.7437655906405,49.2977884206637,1233.89850558638,1241.97627996846,1209.57261747701,1185.95771126923,2.59625594836551,1.05351299280136,4,74,70,4,5,0.389893729949106,0.442476837430642,0.343995688592162,1500.2749493597,1500.40008523614,1508.21729255506,20
"1514",7,12755,127550406,4,"Canterbury-Bankstown Bulldogs","away",2025-03-29,18.6377363578045,76.7773907889846,48.9556429419079,1297.67839575334,1275.78993622137,1085.58178983973,1167.85558495181,2.60209880053064,1.23783980091276,6,84,52,32,2,0.687689637918568,0.643299774182073,0.692495393756811,1421.99899149134,1427.1659143352,1448.70347850773,20
"1515",NA,12755,127550406,4,"Cronulla-Sutherland Sharks","home",2025-03-29,24.3556595910263,76.0621225083646,50.2860273540041,1249.35858502951,1208.55247960545,1117.02881688258,1251.49643225209,1.80160160821761,1.06522010429178,4,85,52,33,10,0.687689637918568,0.643299774182073,0.692495393756811,1559.12142614004,1529.60992020336,1589.72958383738,6
"1516",8,12755,127550404,4,"Melbourne Storm","away",2025-03-29,27.4275738197961,78.2989234484503,51.661855381113,1285.44111991461,1251.79650403265,1105.57248989839,1176.7671647789,2.8452044405857,1.42061262939559,6,86,42,44,1,0.166025208863587,0.277705452860786,0.113086060170926,1702.86550038381,1638.81311409585,1740.21256069299,8
"1517",73,12755,127550405,4,"North Queensland Cowboys","home",2025-03-29,20.3296442109296,76.4533834350232,49.8598279145715,1181.77789835834,1268.08841516179,1255.62830540443,1149.01949363631,2.93856392560049,1.39102771799109,0,40,104,-64,16,0.389893729949106,0.442476837430642,0.343995688592162,1422.49125452518,1460.25113576268,1396.07581487032,30
"1518",7,12755,127550404,4,"St George-Illawarra Dragons","home",2025-03-29,19.075485650943,74.7878784959954,49.5581446616488,1315.49666995425,1220.69489535444,1250.36811158672,1030.70460661495,2.48402719965342,1.53822871787812,0,44,53,-9,14,0.166025208863587,0.277705452860786,0.113086060170926,1422.47394518667,1472.76114255866,1382.42359789259,14
"1519",7,12755,127550407,4,"Manly-Warringah Sea Eagles","home",2025-03-30,24.4768196461174,76.1217957283223,52.1872732705178,1251.0968413107,1232.83364517085,1166.22354897998,1210.7810290285,3.13052631193736,1.26282042446821,4,98,60,38,3,0.558664060446179,0.49036218960527,0.638495819073424,1526.7664138134,1502.38120776998,1545.02407346036,26
"1520",8,12755,127550407,4,"Parramatta Eels","away",2025-03-30,20.4332335419409,76.7002684835092,50.4471303127174,1257.32780535858,1268.83120627038,1142.03038589008,1159.52274030082,1.9633198582252,0.949214199104922,0,32,104,-72,17,0.558664060446179,0.49036218960527,0.638495819073424,1485.81383840361,1509.07907397723,1446.20618010912,12
"1521",7,12755,127550408,4,"Warriors","away",2025-03-30,18.9452485945191,80.0758689197033,50.1018210616647,1269.80514163465,1311.81775719923,1055.77933659881,1214.55660095972,1.99764807447039,1.13511972662314,4,58,52,6,11,0.36553245806247,0.416463027367607,0.344192525100715,1470.076726537,1479.38864580627,1468.25025735209,26
"1522",5,12755,127550408,4,"Wests Tigers","home",2025-03-30,16.7810917112325,76.7812793299724,50.6136696362104,1266.41753946745,1313.15389023846,1195.70776706728,1120.39981321675,2.09479763669102,1.04942046413184,4,70,34,36,9,0.36553245806247,0.416463027367607,0.344192525100715,1374.28334154731,1420.79187534054,1356.2602861434,24
"1523",7,12755,127550501,5,"Canberra Raiders","home",2025-04-03,20.1897455771518,76.5791396552021,49.3999211154239,1216.02459525119,1227.57770317035,1211.69826042839,1212.06024859307,2.80048059146358,0.990302213233277,4,94,100,-6,12,0.41872027200352,0.459288421583477,0.386791294995439,1485.63239887848,1494.82485361045,1481.97712009875,24
"1524",7,12755,127550501,5,"Cronulla-Sutherland Sharks","away",2025-04-03,23.2543200155647,76.0583951578627,50.1488657127639,1241.95706992774,1208.03933082912,1130.64708786963,1244.56664631696,1.75350551172455,1.30130689803427,4,91,72,19,10,0.41872027200352,0.459288421583477,0.386791294995439,1542.61687482999,1523.17692246154,1562.0297680871,20
"1525",NA,12755,127550502,5,"North Queensland Cowboys","away",2025-04-04,20.9098655582738,76.4861804289218,49.8082382396972,1170.99122445684,1248.16311025208,1277.55060708016,1154.77832401814,3.18225009006446,1.54756605491163,2,70,124,-54,14,0.797640783917091,0.691591373717676,0.830325757971491,1437.1338050064,1465.82636738837,1422.31598732664,22
"1526",8,12755,127550502,5,"Penrith Panthers","home",2025-04-04,24.9166913352207,79.3241396728803,50.2528381476111,1232.51124044443,1339.89482121172,964.751194447471,1307.94654814649,2.49301867915659,1.07820510153552,2,102,118,-16,13,0.797640783917091,0.691591373717676,0.830325757971491,1675.4075503316,1606.11558768616,1698.1690244582,18
"1527",8,12755,127550503,5,"South Sydney Rabbitohs","home",2025-04-04,20.7822700755412,77.5781518842816,50.9771550850881,1283.48770022531,1253.18061064382,1219.59790932205,1069.17997754572,2.36470344095241,1.08061108107044,6,81,83,-2,7,0.509945753299727,0.482323635936005,0.536005533032155,1551.03017406837,1531.1295501009,1556.94084935064,20
"1528",6,12755,127550503,5,"Sydney Roosters","away",2025-04-04,22.5097220035438,73.6704374639202,47.8447761419943,1249.93914549586,1294.53435528628,1198.2399953633,1134.58015921717,2.2108895936083,1.4365835941552,2,70,126,-56,15,0.509945753299727,0.482323635936005,0.536005533032155,1544.11824511086,1543.41746681426,1531.87826091284,14
"1529",6,12755,127550506,5,"Brisbane Broncos","home",2025-04-05,25.2364205692062,76.4773193242997,50.9982671340612,1342.70405088787,1201.65184246373,1170.92403908715,1187.94669735974,2.55207288091665,1.42738289081131,6,118,74,44,3,0.758879711514679,0.652065136162548,0.813633201640856,1564.68623760796,1525.7444579878,1598.51663232015,46
"1530",7,12755,127550505,5,"Dolphins","away",2025-04-05,23.5623058537631,78.00754566227,50.791681066282,1222.82164699313,1346.70670136033,1015.42501859466,1232.75844920342,1.73213224573761,1.04796906116828,0,56,92,-36,16,0.394541080587123,0.400977890323559,0.434737150358471,1461.51776178824,1488.0098532115,1428.41870637534,36
"1531",6,12755,127550505,5,"Gold Coast Titans","home",2025-04-05,20.7253045410887,77.3614322223987,49.0438756130102,1259.38933533407,1210.02368220235,1337.69781474302,1037.45362774137,2.82146478771018,1.7044751895378,6,80,58,22,5,0.394541080587123,0.400977890323559,0.434737150358471,1387.12078108973,1418.28088289925,1382.80923066687,10
"1532",9,12755,127550504,5,"Parramatta Eels","home",2025-04-05,19.9272395294244,76.3582523744987,50.1203024939543,1237.62813703707,1269.20133389416,1176.82856273668,1143.89137588277,2.02552066673168,0.952261347158627,0,44,130,-86,17,0.546966887282172,0.534481950781303,0.51991524883603,1475.22177585432,1503.98269587328,1431.74601287206,23
"1533",5,12755,127550504,5,"St George-Illawarra Dragons","away",2025-04-05,18.7709565118864,75.1606057862357,49.4046559819498,1295.06686975699,1207.51320163318,1267.26602489152,1047.82233021805,2.57498556767422,1.56593499480543,4,58,61,-3,11,0.546966887282172,0.534481950781303,0.51991524883603,1442.48934017394,1479.98408803005,1417.90015548576,22
"1534",7,12755,127550506,5,"Wests Tigers","away",2025-04-05,17.2142262085585,77.1544025701741,50.3368494580378,1276.53248709941,1293.94465682416,1207.48530104324,1112.09582442374,2.32910977848956,1.04645523628393,4,94,60,34,9,0.758879711514679,0.652065136162548,0.813633201640856,1365.51056255381,1416.62724506686,1342.49258513937,24
"1535",7,12755,127550508,5,"Canterbury-Bankstown Bulldogs","home",2025-04-06,18.7194721763362,77.3907473416455,49.1383043653934,1291.81769200814,1266.80254004809,1088.60688244935,1178.4242498547,2.62597287249881,1.283569412858,8,104,58,46,1,0.512302934122921,0.481212309129229,0.577428385958545,1438.50354280138,1433.59891207702,1476.403294258,20
"1536",6,12755,127550507,5,"Manly-Warringah Sea Eagles","home",2025-04-06,24.5682104673504,76.4144879846229,52.3560368742868,1252.53103083206,1214.6036264606,1150.19013604118,1241.45416728679,3.06269473322112,1.18705119900012,6,124,72,52,2,0.302057960453925,0.32861641927822,0.302349135279396,1537.35847636269,1507.47758587393,1559.48424069742,24
"1537",NA,12755,127550507,5,"Melbourne Storm","away",2025-04-06,26.2619193906084,77.8609880415433,51.7421440582462,1268.37465271974,1235.18871379069,1118.19814050449,1198.08113489217,2.97449217415056,1.39537587163185,6,94,56,38,4,0.302057960453925,0.32861641927822,0.302349135279396,1682.85010539654,1631.59016862446,1704.73600309983,48
"1538",9,12755,127550508,5,"Newcastle Knights","away",2025-04-06,16.5769223104237,77.1809315125732,47.8451095726227,1294.98207353567,1277.78989256632,1215.55657417977,1065.86271782283,2.46232864277905,1.42779092207627,4,42,46,-4,4,0.512302934122921,0.481212309129229,0.577428385958545,1429.95286261518,1446.66008621424,1422.16417049492,0
"1539",5,12755,127550601,6,"Dolphins","home",2025-04-10,24.3085675025374,78.1270929225338,50.7441802023051,1218.93234817354,1324.94429927871,1008.79951747898,1265.35294225121,1.92820431099335,1.10509091749819,2,92,102,-10,14,0.256061144705017,0.350469088785306,0.220713005225019,1470.98674772233,1492.01963211473,1445.80819238968,30
"1540",8,12755,127550601,6,"Penrith Panthers","away",2025-04-10,24.5016898551074,78.7046912925075,50.1776678587545,1221.44056601776,1336.24113193902,969.986122780623,1316.7097552577,2.52343755840719,1.01351279544339,2,120,140,-20,15,0.256061144705017,0.350469088785306,0.220713005225019,1656.26417151759,1599.19967394899,1664.95599413934,12
"1541",NA,12755,127550603,6,"Brisbane Broncos","home",2025-04-11,26.4822353350538,76.5086801648417,50.9983711060175,1321.9018078346,1180.55273191591,1190.12859674192,1204.62989551816,2.63894850806165,1.52173991736263,8,164,98,66,2,0.554634582135788,0.487026555360664,0.630264693324706,1570.47312453161,1529.22380662617,1605.97130425452,16
"1542",8,12755,127550602,6,"Gold Coast Titans","away",2025-04-11,20.0817862686234,77.2797462890548,49.1012430762296,1242.86597521402,1206.9022612702,1363.99594585844,1029.50641007689,2.71217690044757,1.72220667816553,6,90,94,-4,8,0.577042952639203,0.586975694564835,0.547743578052436,1377.65179515564,1414.27110399601,1365.41974465253,16
"1543",8,12755,127550602,6,"St George-Illawarra Dragons","home",2025-04-11,18.9646991211732,75.0309694390616,49.3203766230328,1284.38285757157,1203.52240953519,1285.91006339803,1056.35299040497,2.72048643361376,1.5319788951171,4,80,84,-4,12,0.577042952639203,0.586975694564835,0.547743578052436,1431.61654546872,1475.32890753786,1398.6967654392,38
"1544",6,12755,127550603,6,"Sydney Roosters","away",2025-04-11,21.9991386833312,73.090211216085,47.4340895734746,1248.9827967661,1283.7622939691,1204.2255956415,1136.88534966414,2.1982362179918,1.41038857850589,2,84,146,-62,16,0.554634582135788,0.487026555360664,0.630264693324706,1532.35694319005,1538.24070317362,1513.31848223413,26
"1545",10,12755,127550606,6,"Canberra Raiders","away",2025-04-12,20.4183608425227,76.6643912758899,49.3159258484985,1232.76311953612,1210.80304098013,1209.49636480269,1210.49663367749,2.87245175597577,0.99088408043928,6,118,120,-2,7,0.480598174700213,0.51209471273783,0.420722925523162,1499.58311235039,1500.23196939461,1506.50546829893,50
"1546",6,12755,127550604,6,"Cronulla-Sutherland Sharks","home",2025-04-12,23.0590608146308,76.354891448391,50.2599337699981,1224.31964573208,1225.25697097937,1133.96826259745,1240.39264753794,1.82829518102108,1.22322848415221,4,111,96,15,10,0.497923477447239,0.519530924085252,0.485772634804765,1528.66616135807,1517.76980667737,1537.50141988692,24
"1547",NA,12755,127550604,6,"Manly-Warringah Sea Eagles","away",2025-04-12,24.5341178393093,76.6896187055456,51.9746746618296,1218.77916898214,1176.64740887296,1217.37872787871,1248.98691724958,3.11893304922785,1.11582812706011,6,148,120,28,6,0.497923477447239,0.519530924085252,0.485772634804765,1530.1090853118,1504.19142168115,1547.39027528624,18
"1548",5,12755,127550605,6,"North Queensland Cowboys","away",2025-04-12,20.9752736247774,76.5170096031865,49.8797439453154,1177.47175098943,1236.15332363695,1288.13757065535,1148.61162457705,3.2313150846606,1.45471209161693,4,92,142,-50,13,0.648658010975378,0.590468867245233,0.666103078527767,1456.27718382041,1472.74228112555,1455.5290176455,24
"1549",7,12755,127550606,6,"Parramatta Eels","home",2025-04-12,20.111605157659,76.7567572320287,50.2330843443171,1231.83044881484,1260.06925386051,1177.61884897248,1169.9378933298,2.02398942672778,0.955125666329109,2,67,152,-85,17,0.480598174700213,0.51209471273783,0.420722925523162,1486.09457055955,1508.63787636547,1450.94940291861,12
"1550",7,12755,127550605,6,"South Sydney Rabbitohs","home",2025-04-12,20.7353338710088,77.9034627712247,51.4585257799828,1273.37843821179,1252.02977400519,1216.80203476272,1082.90917889298,2.28282123449527,1.13577441620622,8,101,97,4,5,0.648658010975378,0.590468867245233,0.666103078527767,1562.79147598918,1536.30631374154,1575.50062802936,16
"1551",8,12755,127550607,6,"Melbourne Storm","home",2025-04-13,27.5662042271719,77.8093287590507,51.8776154147514,1227.19217355655,1202.47739096325,1133.12625207422,1262.39626679864,3.03602264370153,1.31165331933394,8,142,80,62,3,0.77136815204322,0.704971525385532,0.794405227520131,1690.09949644743,1634.87633281724,1716.82996851101,42
"1552",NA,12755,127550608,6,"Newcastle Knights","home",2025-04-13,15.5823069717983,76.6300756218188,47.7344029982653,1294.98314912353,1262.50249901234,1247.80317972899,1046.49095475346,2.55458892421231,1.5821234667517,6,42,66,-24,9,0.583435807146153,0.540671898919281,0.599705540333031,1418.24813303413,1441.47220930553,1405.26130593327,4
"1553",7,12755,127550607,6,"Warriors","away",2025-04-13,19.3685336788479,80.0713167845211,50.3357117979648,1253.19683313657,1319.20869176728,1051.35257640288,1225.20320490214,2.23778919000216,1.18701254302575,6,84,76,8,6,0.77136815204322,0.704971525385532,0.794405227520131,1478.8495055305,1483.55327607994,1482.01795835612,14
"1554",6,12755,127550608,6,"Wests Tigers","away",2025-04-13,17.621372636045,77.3251384159636,50.2566384905555,1250.94053787344,1276.06797741471,1222.99618298065,1134.83007495832,2.48936319178018,1.04366792210689,4,118,106,12,11,0.583435807146153,0.540671898919281,0.599705540333031,1359.72367563017,1413.14789642849,1335.037913205,20
"1555",9,12755,127550701,7,"Manly-Warringah Sea Eagles","home",2025-04-17,24.1420707689508,77.1282415832128,51.6761941821198,1207.87241884321,1185.42856434058,1216.81600420599,1248.08770221461,2.99179706627418,1.16887843943651,6,166,144,22,8,0.608061365604824,0.528646686957403,0.653261707691404,1518.05924877053,1499.386730922,1526.82118067844,18
"1556",8,12755,127550701,7,"St George-Illawarra Dragons","away",2025-04-17,20.1068171739028,75.0891112727179,49.4211540256509,1271.81988611728,1197.01106496308,1278.23545959415,1082.85181098067,2.61725724759694,1.56006016141008,6,118,100,18,10,0.608061365604824,0.528646686957403,0.653261707691404,1441.76751460538,1479.45915059222,1416.7870223171,20
"1557",6,12755,127550702,7,"Canterbury-Bankstown Bulldogs","home",2025-04-18,18.7963038457561,76.9473025011468,49.4300061034698,1275.68863048765,1268.4943876452,1067.87046950239,1212.89879486342,2.64841450014888,1.32655524808652,10,124,58,66,1,0.363902564579666,0.371128777694973,0.420730949379013,1450.20827238243,1438.78678898573,1493.30615881966,32
"1558",7,12755,127550703,7,"Dolphins","home",2025-04-18,24.6500534523851,78.2394673471817,50.5795293901667,1211.31640728313,1304.12764132199,1050.51154643024,1251.77176571614,1.87251205233375,1.2787854624483,4,122,114,8,14,0.233237102885644,0.309610158462824,0.193405937510329,1488.84128024941,1498.51494122688,1476.97967218068,42
"1559",6,12755,127550703,7,"Melbourne Storm","away",2025-04-18,28.4322319735415,77.5807690335076,51.9449584898663,1231.38064314316,1176.88874750546,1143.97867694976,1271.91249079072,2.97386128507944,1.3529541201739,10,184,94,90,2,0.233237102885644,0.309610158462824,0.193405937510329,1695.58666079839,1637.82661756339,1725.0537594102,22
"1560",6,12755,127550702,7,"South Sydney Rabbitohs","away",2025-04-18,20.4512138387482,77.5492550049512,51.1310142331838,1268.73573191909,1246.98798756488,1229.59391267696,1079.1346281594,2.26585196042555,1.12762795123384,8,117,121,-4,5,0.363902564579666,0.371128777694973,0.420730949379013,1547.22368372577,1530.40162506908,1548.85650488825,0
"1561",6,12755,127550704,7,"Brisbane Broncos","away",2025-04-19,25.8533012149506,76.3581593549512,50.6384688396564,1294.00769936452,1179.49956800095,1208.1208809374,1210.17210178707,2.90061159757795,1.43043552232088,8,180,124,56,3,0.381688155157421,0.437368595047152,0.350748901969878,1557.16189456035,1524.35354107257,1580.76071652153,18
"1562",NA,12755,127550705,7,"Penrith Panthers","away",2025-04-19,23.751588463801,78.422409814957,50.2870077872292,1206.8341320567,1321.58666402268,974.126955413786,1339.94716994224,2.55203130490276,1.01270202771678,2,132,170,-38,16,0.369616404682735,0.429110174866562,0.366250923553039,1638.40963899051,1592.70436483684,1633.78451434834,40
"1563",6,12755,127550705,7,"Sydney Roosters","home",2025-04-19,22.2391903623313,73.3247985431199,47.8880441990661,1243.82382896014,1258.15655633095,1209.79205990301,1158.07222868429,2.06634204491229,1.38576526379553,4,110,162,-52,15,0.369616404682735,0.429110174866562,0.366250923553039,1545.66817316131,1543.11096872722,1538.52906996711,12
"1564",10,12755,127550704,7,"Warriors","home",2025-04-19,19.0464216581171,79.4670377774498,50.1355690900869,1224.56502314838,1317.87617026124,1073.53142181871,1230.53101260801,2.34352183860203,1.1757917904442,8,98,118,-20,6,0.381688155157421,0.437368595047152,0.350748901969878,1473.36234117954,1480.6029913338,1473.79416745692,20
"1565",NA,12755,127550706,7,"Canberra Raiders","away",2025-04-20,22.1932591919714,77.6445277993365,49.8369702975885,1216.99733236395,1200.55485852132,1195.42658291453,1246.94683565684,2.88010465061722,0.991431035612924,8,168,132,36,4,0.30433824005783,0.366308898975146,0.26636078836968,1511.1174685432,1505.35291652199,1523.33438531985,30
"1566",7,12755,127550707,7,"Cronulla-Sutherland Sharks","away",2025-04-20,23.115517165753,76.3935979614875,50.4243377437982,1230.24046698815,1213.96155272061,1139.9701668416,1238.44908868567,1.83859747015981,1.26983477510308,6,135,114,21,9,0.313117153535953,0.378014112143714,0.265470230279004,1540.71599789934,1522.57449743652,1558.07051449473,34
"1567",6,12755,127550706,7,"Gold Coast Titans","home",2025-04-20,19.836879092506,76.9629615117115,49.0951684916558,1233.99401670118,1198.98812559399,1372.03618910693,1037.21602547227,2.72944628642071,1.6188742774756,6,106,132,-26,11,0.30433824005783,0.366308898975146,0.26636078836968,1367.50082601898,1410.14086094166,1347.32948777463,20
"1568",7,12755,127550707,7,"Newcastle Knights","home",2025-04-20,14.8873685534904,76.2322710845097,47.3903388183694,1283.16416017611,1244.2923490716,1268.69498894525,1053.12149746825,2.46131358875957,1.48719605874659,6,46,86,-40,12,0.313117153535953,0.378014112143714,0.265470230279004,1404.24567366262,1436.06549031634,1381.27308431994,14
"1569",9,12755,127550708,7,"Parramatta Eels","away",2025-04-21,19.6249088481994,75.751351798107,49.739099283658,1220.32062188595,1242.66509862888,1216.04171803413,1158.24161973001,2.14255006112412,1.01781812634936,2,79,202,-123,17,0.358829602807312,0.38010975618693,0.393582537360979,1474.56021436674,1503.51692923809,1434.12048589769,38
"1570",8,12755,127550708,7,"Wests Tigers","home",2025-04-21,17.7640902778823,77.2456301110058,50.7212401811222,1233.42410560104,1265.38389876982,1219.03641200181,1162.50027046082,2.52000140027337,1.16104784678048,6,138,110,28,7,0.358829602807312,0.38010975618693,0.393582537360979,1373.72613500167,1418.55461541768,1359.02613481832,22
"1571",6,12755,127550801,8,"Brisbane Broncos","home",2025-04-24,25.3821031420535,76.4566697936541,50.4801607092771,1284.88723740265,1166.08959392089,1241.23362808116,1203.56177567984,3.02657490172327,1.40460939098162,8,198,144,54,5,0.608823964899955,0.604433661093445,0.554915496542659,1542.32241028413,1518.72722702304,1554.79067260033,42
"1572",5,12755,127550801,8,"Canterbury-Bankstown Bulldogs","away",2025-04-24,19.5885256150107,77.490464351078,49.9442057372616,1252.12731265839,1263.24472438649,1044.65824133224,1263.66486717161,2.60950963013994,1.30696193320133,14,156,58,98,1,0.608823964899955,0.604433661093445,0.554915496542659,1465.47461083252,1445.07550120878,1516.4769208445,18
"1573",6,12755,127550804,8,"Melbourne Storm","home",2025-04-25,28.046298055129,76.5859228914972,51.6482609804743,1216.83780455457,1167.65542265513,1172.29995633278,1266.15774134328,3.03542960797467,1.33177687296347,10,206,136,70,2,0.697620803786489,0.649045598578703,0.723507938975242,1677.18435126765,1630.92271914802,1692.78999691061,24
"1574",5,12755,127550803,8,"Newcastle Knights","away",2025-04-25,14.834126440281,75.7383348194391,47.1269184892672,1268.81431056555,1242.5348081273,1293.01328960853,1042.67420762016,2.55363477343399,1.3979642952218,6,60,120,-60,14,0.628677906888928,0.577013737715796,0.677698823401022,1396.73086197776,1432.2853491949,1370.65427510878,12
"1575",8,12755,127550804,8,"South Sydney Rabbitohs","away",2025-04-25,19.2241410084233,77.2162997046541,50.5831533791928,1263.47158800394,1225.14870831099,1279.35827791634,1055.24655046983,2.30990084280002,1.23997027415981,8,117,153,-36,8,0.697620803786489,0.649045598578703,0.723507938975242,1531.95734527568,1524.11291284603,1525.68574286341,16
"1576",13,12755,127550802,8,"St George-Illawarra Dragons","away",2025-04-25,20.1004081434686,75.0837645963548,49.2758847841118,1282.75069295024,1210.39040106529,1256.3213320185,1078.66070232183,2.76022181274112,1.52645655172547,8,138,118,20,7,0.613732514803757,0.577196785799121,0.61444891715719,1456.36098737989,1484.74561746179,1442.91749062476,18
"1577",8,12755,127550802,8,"Sydney Roosters","home",2025-04-25,21.6248389405914,73.4853106305327,47.7747615471222,1237.89439922253,1256.7671629511,1229.36453630883,1142.28789496323,2.00236152221755,1.4826193479678,4,122,202,-80,16,0.613732514803757,0.577196785799121,0.61444891715719,1536.79737944893,1538.81986697856,1523.87903302499,46
"1578",NA,12755,127550803,8,"Warriors","home",2025-04-25,19.10363635863,79.6790155108028,50.2474349446817,1208.45112175948,1307.32360004557,1075.11953650958,1262.29915185153,2.38291052828591,1.22524428301755,10,118,136,-18,4,0.628677906888928,0.577013737715796,0.677698823401022,1488.20182545576,1486.22930538333,1499.76421137813,26
"1579",7,12755,127550805,8,"Gold Coast Titans","away",2025-04-26,19.8466663469556,76.3651838210088,49.0294583821564,1225.11437569911,1206.36883805835,1369.93401776052,1039.12306394394,2.74567950923547,1.64174182082706,6,126,162,-36,13,0.655363339128988,0.602391400480517,0.697949873714453,1360.19670825759,1406.47777195191,1336.67505623984,18
"1580",6,12755,127550806,8,"Manly-Warringah Sea Eagles","away",2025-04-26,23.7735465228137,76.7605470882201,51.7556225311926,1220.60007371262,1201.54285048015,1204.58704395363,1227.98244008173,2.93228924229773,1.15874573307031,6,184,164,20,11,0.695903033514848,0.643895541268332,0.700668222790253,1503.46577599602,1494.10026405243,1500.69071237078,26
"1581",7,12755,127550805,8,"North Queensland Cowboys","home",2025-04-26,21.1567572072907,76.1859890269953,50.1269593085964,1176.90344593006,1233.74412421874,1272.04931641603,1165.49492710243,3.15743617958096,1.36742936611991,6,116,158,-42,13,0.655363339128988,0.602391400480517,0.697949873714453,1471.84497608382,1478.646969798,1482.17314078661,50
"1582",9,12755,127550806,8,"Penrith Panthers","home",2025-04-26,24.7264931559729,78.5170652260596,50.5097873199954,1208.5240841333,1310.99146418132,969.379338088959,1351.7103397457,2.5789094266086,1.01193990605378,4,172,182,-10,15,0.695903033514848,0.643895541268332,0.700668222790253,1647.28043270289,1596.9954665855,1648.43455129046,10
"1583",NA,12755,127550807,8,"Canberra Raiders","home",2025-04-27,22.6616636404531,77.2458561313764,49.9667520797332,1223.29749242212,1193.68156701004,1187.84098793966,1252.35002551743,2.70729837158019,0.991945173476148,10,198,152,46,3,0.516080882084553,0.505176552852968,0.535551373996294,1518.42158630459,1509.01600551174,1533.98881685464,40
"1584",13,12755,127550808,8,"Cronulla-Sutherland Sharks","away",2025-04-27,23.7685861358078,76.7899820837983,50.8188774791703,1229.32603896886,1203.76385955737,1124.31195683111,1264.58214336453,1.84828162195023,1.1936446885969,8,169,128,41,6,0.258437838041973,0.344697962615149,0.21457863752876,1548.2308095842,1526.35463855796,1568.68932370589,18
"1585",9,12755,127550807,8,"Dolphins","away",2025-04-27,25.691050245242,78.6450993063508,50.7247576267567,1200.01742284614,1285.21998284267,1058.04085364443,1273.62545977317,1.88016132919373,1.3220583347014,6,164,136,28,10,0.516080882084553,0.505176552852968,0.535551373996294,1507.24358978015,1505.41883964225,1509.24343468027,28
"1586",NA,12755,127550808,8,"Wests Tigers","home",2025-04-27,18.0182448612094,77.0508923043455,50.4979657702548,1226.55865926497,1256.12086484363,1235.1742272817,1157.85025423317,2.66880131625697,1.09138497597365,6,160,148,12,12,0.258437838041973,0.344697962615149,0.21457863752876,1365.1142245343,1414.75351785581,1343.28283332388,20
"1587",8,12755,127550901,9,"Cronulla-Sutherland Sharks","home",2025-05-02,23.4224709676594,76.2025831587704,50.5297448304201,1237.10647663073,1215.41802798393,1130.77323942124,1268.86721476265,1.97738472463321,1.24202600728108,8,187,148,39,7,0.567597898106803,0.517957604976,0.623202786745246,1530.43331769721,1519.80161818411,1537.27246920704,28
"1588",7,12755,127550902,9,"Dolphins","away",2025-05-02,25.8295872305275,78.5463933479698,50.5012721691513,1202.47637747537,1260.54678387211,1101.29840242576,1251.92793218678,2.1873516494421,1.42273483461931,6,192,176,16,12,0.572080840007605,0.560968750259237,0.569538609714583,1495.62953095018,1500.47060517078,1490.66548964012,26
"1589",8,12755,127550901,9,"Parramatta Eels","away",2025-05-02,20.7274143173075,76.0062706902206,49.9347533266385,1213.76138457279,1235.24519271115,1208.17921495208,1178.02712254621,2.13399705745667,0.956749038768401,4,117,224,-107,17,0.567597898106803,0.517957604976,0.623202786745246,1483.17212483412,1507.31802679996,1449.86378739213,18
"1590",5,12755,127550902,9,"Sydney Roosters","home",2025-05-02,23.087348604156,73.6361919927007,48.2082758542948,1220.98073526918,1243.40113317403,1220.8226641303,1177.37062126544,2.0622198308845,1.57366218708973,6,168,220,-52,13,0.572080840007605,0.560968750259237,0.569538609714583,1546.06779909364,1543.04789912057,1539.30107633871,36
"1591",7,12755,127550903,9,"Newcastle Knights","away",2025-05-03,14.6640788538641,75.5740347302728,47.1793033799112,1271.10545193161,1241.60271963966,1297.57249223202,1034.71375516295,2.58041668702795,1.37408643750849,6,72,146,-74,15,0.687391206631447,0.630123912393726,0.711561673614768,1387.81913174309,1428.05548657206,1357.76222804483,30
"1592",6,12755,127550904,9,"North Queensland Cowboys","away",2025-05-03,22.8873517748533,75.6948296853756,50.2993417500806,1167.00923917426,1218.81947676561,1259.62635743107,1200.50523147628,3.2079900088061,1.34538360415272,10,166,176,-10,6,0.524441584429615,0.511275160193686,0.526456597060003,1480.11625594473,1482.6230557932,1494.25514583803,26
"1593",8,12755,127550903,9,"South Sydney Rabbitohs","home",2025-05-03,19.0306925479179,77.3233217223749,50.3081641764412,1259.24329272371,1218.35978581233,1294.87678124136,1049.65175744164,2.59130679223202,1.34557205771022,8,133,177,-44,11,0.687391206631447,0.630123912393726,0.711561673614768,1524.70024456656,1520.60336883182,1514.62606042242,4
"1594",6,12755,127550905,9,"St George-Illawarra Dragons","away",2025-05-03,19.9743836548605,75.2587387205735,49.0193316970651,1267.82565137323,1195.12697700137,1284.56205209739,1079.16106018252,2.71460850397665,1.55486915862194,8,156,164,-8,10,0.408675579189969,0.415603943041051,0.424600263840649,1447.09056773518,1480.51758531978,1427.49544731104,28
"1595",NA,12755,127550904,9,"Warriors","home",2025-05-03,19.5174181771122,79.8182745801546,50.3525888480008,1209.56405445391,1307.30418404283,1065.21236431901,1268.70120274044,2.53993589658876,1.2717296260365,12,144,148,-4,4,0.524441584429615,0.511275160193686,0.526456597060003,1497.11355569042,1490.45916800617,1512.65625844209,30
"1596",NA,12755,127550905,9,"Wests Tigers","home",2025-05-03,18.1371501695368,77.4678387660847,50.7080878240396,1236.84513970907,1262.29361295302,1241.2237736448,1162.29923897918,2.62867323728155,1.08590187741523,8,180,166,14,9,0.408675579189969,0.415603943041051,0.424600263840649,1382.91171642129,1421.30653822966,1374.69968782273,34
"1597",7,12755,127550907,9,"Brisbane Broncos","away",2025-05-04,26.3791769535303,76.8492696060349,50.9913510667204,1260.23400315849,1168.66421828564,1230.83961039629,1230.64806913905,3.02498040761988,1.44033282752273,10,240,162,78,5,0.611590185383231,0.596454079446028,0.568378416537585,1551.71063512653,1522.6828904121,1572.59405273862,8
"1598",7,12755,127550908,9,"Canberra Raiders","away",2025-05-04,23.7019638220259,78.1311047634938,50.1487469549492,1202.33964287679,1196.52067298944,1171.29052866328,1283.94902398638,2.72486046928538,1.05242846306758,12,238,180,58,3,0.70864892942377,0.666738330664316,0.704923465652133,1530.03564513456,1513.96423998321,1552.56676189479,20
"1599",10,12755,127550906,9,"Canterbury-Bankstown Bulldogs","away",2025-05-04,19.4932140781101,77.1610364900133,49.4075533930259,1249.53967389889,1239.8900409233,1081.27874685231,1251.92497514131,2.45293905233155,1.46854421720925,14,174,100,74,1,0.354435516990213,0.444651762575927,0.268531123157379,1456.08638599012,1441.11983781972,1498.67354070621,38
"1600",6,12755,127550906,9,"Gold Coast Titans","home",2025-05-04,19.7358663661383,76.8832727917483,48.9076908792271,1210.70751315716,1194.70670777485,1392.67797669489,1040.6756801073,2.64093873868134,1.60323731157744,6,144,212,-68,14,0.354435516990213,0.444651762575927,0.268531123157379,1351.92542839669,1402.50168595671,1324.59305118842,18
"1601",7,12755,127550908,9,"Melbourne Storm","home",2025-05-04,27.8035201718213,76.3107675180073,51.7893653216459,1210.5475362813,1169.17609729582,1159.68195895281,1282.46827686268,3.15330383149619,1.25187026058566,12,230,152,78,2,0.70864892942377,0.666738330664316,0.704923465652133,1684.44145197677,1634.43226316223,1703.8496793516,18
"1602",5,12755,127550907,9,"Penrith Panthers","home",2025-05-04,23.8429035666146,78.246041312496,50.4192000807957,1193.3726390853,1326.65197633044,992.516577803621,1325.92771936096,2.60417486101208,1.01122351169055,4,182,208,-26,17,0.611590185383231,0.596454079446028,0.568378416537585,1630.57875989854,1590.55651117282,1620.40782237885,32
"1603",NA,12756,127560101,1,"Canterbury-Bankstown Bulldogs","away",2025-09-12,20.6036212334234,77.1513743006125,49.5631001894444,1239.54729346495,1227.9566384679,1081.50202204117,1272.38947663284,2.36576270919165,1.56043156417669,16,212,118,94,1,0.762719415462545,0.740548053299685,0.722509243953689,1464.59283839788,1445.56635544547,1509.4147856325,18
"1604",8,12756,127560101,1,"Melbourne Storm","home",2025-09-12,27.215308961512,76.4121214669269,51.6820034023471,1218.13468410442,1166.64553145807,1167.50104141564,1286.70018025092,3.02410560160642,1.29675804495052,12,248,172,76,4,0.762719415462545,0.740548053299685,0.722509243953689,1667.4338776706,1627.76487985559,1675.65274072552,26
"1605",8,12756,127560103,1,"Cronulla-Sutherland Sharks","home",2025-09-13,23.6971227095998,76.7304281692442,50.7379601405949,1230.56008803289,1217.6729463049,1129.52684505597,1271.69518187689,2.03874164115522,1.16750444684422,10,215,166,49,6,0.477669871844917,0.467212012696116,0.49399173052797,1540.81096814265,1524.62204213435,1552.34435773723,20
"1606",5,12756,127560102,1,"Penrith Panthers","away",2025-09-13,24.3323293526177,78.2912788337463,50.394048075948,1184.11028074018,1311.19285775061,996.745583135404,1345.0120561993,2.74792436935136,1.19055010098912,6,214,216,-2,15,0.319461539311809,0.360936142027893,0.351918919387946,1639.90059544934,1594.59197037836,1637.67268571734,24
"1607",7,12756,127560103,1,"Sydney Roosters","away",2025-09-13,23.8621076879066,73.5980204731387,48.6157793030372,1212.04189115303,1234.49706518359,1205.35330428248,1207.58838398951,1.99848664103143,1.53924245586435,8,204,246,-42,11,0.477669871844917,0.467212012696116,0.49399173052797,1556.33785893346,1547.43821161797,1556.51953195012,10
"1608",9,12756,127560102,1,"Warriors","home",2025-09-13,20.1463730864855,79.8891781053453,50.0314335171207,1192.31021118667,1306.32593300026,1098.37962245987,1251.55913057601,2.56753974279343,1.31542584847431,14,174,174,0,3,0.319461539311809,0.360936142027893,0.351918919387946,1508.52695766411,1495.34641640423,1531.59799455969,8
"1609",7,12756,127560104,1,"Brisbane Broncos","away",2025-09-14,25.2764263363185,77.1583134296728,50.9318700027172,1248.75996296898,1160.8843651885,1255.62923377251,1220.58918499071,2.90348158316268,1.53391285787136,10,248,194,54,5,0.506697847949376,0.50285545090184,0.536537956016245,1542.38879957573,1518.64743120656,1555.32918940012,29
"1610",6,12756,127560104,1,"Canberra Raiders","home",2025-09-14,23.4798459927043,78.1232384776842,50.1398221376523,1197.81926430418,1204.94943261007,1182.19309694348,1284.3120825472,2.80136884112826,1.04928275528352,14,258,198,60,2,0.506697847949376,0.50285545090184,0.536537956016245,1547.04321944073,1520.63162328985,1580.76370052088,28
"1611",7,12756,127560201,2,"Canberra Raiders","home",2025-09-20,23.7510552331421,77.4558441690231,49.8314328093931,1211.87010844593,1207.77246665347,1253.46151112687,1283.63335759437,3.05328671066056,1.16632578996651,NA,NA,NA,NA,NA,0.473452552047284,0.479364945863397,0.480894244016344,1534.88247108994,1515.60306878084,1559.30218228023,12
"1612",6,12756,127560201,2,"Cronulla-Sutherland Sharks","away",2025-09-20,23.4752953470238,76.8066024790895,50.7536825321592,1234.66648275091,1213.6725695266,1127.45523435261,1271.89347096428,2.09641714268591,1.15745418003356,NA,NA,NA,NA,NA,0.473452552047284,0.479364945863397,0.480894244016344,1553.34689121837,1529.94992200739,1572.58468851611,32
"1613",7,12756,127560202,2,"Canterbury-Bankstown Bulldogs","home",2025-09-21,20.447403959418,77.3822918425757,49.3493141780777,1238.91445585705,1221.53924015983,1098.9319007187,1262.64610803487,2.40381694664016,1.64680567032609,NA,NA,NA,NA,NA,0.252359170231907,0.290373075990375,0.292507079028116,1458.89810436899,1442.97183597847,1498.31515539065,26
"1614",NA,12756,127560202,2,"Penrith Panthers","away",2025-09-21,24.3123895914606,78.8738021037215,50.5504051913911,1174.02366389577,1312.80128628558,988.00084814728,1360.19133282735,2.64304890719027,1.23911709492977,NA,NA,NA,NA,NA,0.252359170231907,0.290373075990375,0.292507079028116,1647.56767239282,1598.20133179864,1651.74944249286,46
"1615",NA,12756,127560301,3,"Cronulla-Sutherland Sharks","away",2025-09-26,23.9867776262024,76.9982063303441,50.6484615802296,1225.68649378586,1203.37221535501,1134.56792029145,1281.43986270642,2.21063211412475,1.08800692923155,NA,NA,NA,NA,NA,0.651152526544121,0.634230465259428,0.633316685432228,1564.7097524675,1534.74357146602,1591.82045827677,14
"1616",6,12756,127560301,3,"Melbourne Storm","home",2025-09-26,27.1423904238213,76.9873941789113,51.8210831982063,1212.30660305815,1170.38679957059,1164.0509789307,1291.81816943586,3.08265926551003,1.21895256225349,NA,NA,NA,NA,NA,0.651152526544121,0.634230465259428,0.633316685432228,1673.1286116995,1630.35939932259,1686.75237096737,22
"1617",6,12756,127560302,3,"Brisbane Broncos","home",2025-09-28,25.4998407561394,77.2088146238924,51.1759578025542,1248.95436519084,1177.15130327719,1256.67147974616,1289.55383389127,2.84927268817292,1.44187808639908,NA,NA,NA,NA,NA,0.361162972555277,0.390379427235258,0.377811100351254,1554.54954792651,1523.67598571558,1576.79070764077,16
"1618",8,12756,127560302,3,"Penrith Panthers","away",2025-09-28,25.613646215973,79.0613739774982,50.6373808799076,1179.48224406202,1326.91320910844,965.680797258443,1363.11985285771,2.54446597275886,1.16477006923398,NA,NA,NA,NA,NA,0.361162972555277,0.390379427235258,0.377811100351254,1653.62429247839,1601.10506255854,1663.44972565399,14
"1619",8,12756,127560401,4,"Brisbane Broncos","away",2025-10-05,24.929850310771,77.6162857464589,51.0454003344009,1241.45710327939,1175.46222508056,1266.65119096139,1278.78060385779,2.67831632688255,1.47536540121514,NA,NA,NA,NA,NA,0.655325693950178,0.645675043540546,0.639722030072706,1569.88163658519,1529.77219144323,1601.67826362672,26
"1620",6,12756,127560401,4,"Melbourne Storm","home",2025-10-05,26.833846998392,77.4681505281766,51.9518182063139,1219.24820687466,1161.42359159635,1151.44792019486,1304.36907926971,3.01769970957943,1.14581540851828,NA,NA,NA,NA,NA,0.655325693950178,0.645675043540546,0.639722030072706,1681.50095106244,1634.01709467,1701.41970355008,22
"1621",8,12999,129990102,1,"Canterbury-Bankstown Bulldogs","home",2026-03-01,20.780559721853,77.2993543320212,49.268355327393,1257.45958850563,1224.14688575024,1117.53598667558,1223.84734155277,2.31958792984175,1.54799733010653,NA,NA,NA,NA,NA,0.528668378231201,0.450362691213062,0.616048500032101,1452.84148428342,1440.06810521857,1486.61487222952,15
"1622",8,12999,129990101,1,"Newcastle Knights","home",2026-03-01,15.5842341226323,75.2395926464564,47.2285451771165,1271.45912481572,1237.06655646128,1287.5781426981,1046.37092985317,2.72559168580628,1.29164125125798,8,102,150,-48,12,0.408386981326879,0.437894862751213,0.374528967941248,1404.31652070225,1434.356725696,1386.22469498942,28
"1623",6,12999,129990101,1,"North Queensland Cowboys","away",2026-03-01,23.0741106683621,75.233139904253,50.5813812450758,1174.4486848238,1201.01030815968,1243.02877598521,1225.5549175877,3.19551060827774,1.26466058790355,10,192,206,-14,9,0.408386981326879,0.437894862751213,0.374528967941248,1468.70285397104,1477.73580739514,1475.31340972043,18
"1624",70,12999,129990102,1,"St George-Illawarra Dragons","away",2026-03-01,20.4559206355689,75.4832143973391,48.8381717952412,1252.71611229083,1190.31935838129,1285.06832897154,1132.31139657157,2.61173199373805,1.46157700910463,8,184,198,-14,10,0.528668378231201,0.450362691213062,0.616048500032101,1432.89878163574,1474.67362475019,1404.47945786467,14
"1625",9,12999,129990103,1,"Melbourne Storm","home",2026-03-05,26.5438161784885,77.440061496486,51.6547091139351,1209.75331446218,1156.89817610057,1165.34104498317,1302.60693451353,3.13663772700467,1.19706648400718,NA,NA,NA,NA,NA,0.75229210271865,0.672589182269267,0.8001978815681,1665.77313440764,1627.56034423459,1675.83082234717,52
"1626",NA,12999,129990103,1,"Parramatta Eels","away",2026-03-05,20.563769458269,76.1858944488074,49.6986681270402,1216.11570149843,1228.81048114848,1214.64846205495,1173.94549519344,2.18595723400927,0.899344096442297,6,135,252,-117,17,0.75229210271865,0.672589182269267,0.8001978815681,1472.79447438868,1502.49760284972,1434.79189886194,4
"1627",6,12999,129990105,1,"Brisbane Broncos","home",2026-03-06,24.9940592921248,78.2393086016714,51.1626763143369,1232.12967708263,1168.59449157573,1267.15211950371,1285.03376762632,2.7576173472696,1.38684347714223,NA,NA,NA,NA,NA,0.424759206173644,0.416206840956805,0.483750876669707,1585.60945323999,1536.22894187864,1627.26714482963,0
"1628",8,12999,129990105,1,"Penrith Panthers","away",2026-03-06,24.9168274430146,79.1176915388483,50.6591380271132,1177.6533094183,1314.73841656193,974.339949422936,1366.71266168624,2.57179801439333,1.09488386507994,NA,NA,NA,NA,NA,0.424759206173644,0.416206840956805,0.483750876669707,1638.29220381972,1595.0088568309,1638.56216966804,26
"1629",NA,12999,129990104,1,"Sydney Roosters","away",2026-03-06,23.0303812266322,73.3821392447504,48.6388325448549,1208.37937768385,1238.36724127257,1209.53210602553,1200.83308095014,1.99857744256955,1.50688790851249,NA,NA,NA,NA,NA,0.438514187686581,0.428010748780889,0.473031319231158,1543.80193585773,1542.11033174494,1536.27920117124,18
"1630",13,12999,129990104,1,"Warriors","home",2026-03-06,19.4175907012964,79.9558274190246,49.8495475060935,1201.05159851547,1288.90637702025,1128.35684511228,1227.52558274145,2.65348735822583,1.53650029756585,NA,NA,NA,NA,NA,0.438514187686581,0.428010748780889,0.473031319231158,1500.85988072063,1491.73705498395,1517.52123778417,42
"1631",8,12999,129990107,1,"Canberra Raiders","away",2026-03-07,23.0459919191536,78.2084935188817,49.9015468408296,1201.67790193918,1200.40611865426,1264.11382045926,1281.37535613871,3.05008950802093,1.09634624256852,NA,NA,NA,NA,NA,0.495176002161439,0.485224297707531,0.483673323946371,1523.51960984081,1510.8094193222,1540.06641251957,29
"1632",7,12999,129990106,1,"Cronulla-Sutherland Sharks","home",2026-03-07,23.3875709686302,77.1183139505235,50.3695538854158,1213.40530415871,1210.84988243371,1156.55384507396,1261.79347094404,2.25799418727727,1.14272651347766,NA,NA,NA,NA,NA,0.773057552353449,0.682608684268274,0.819902082540725,1556.33741310456,1531.08587611862,1577.15312569406,50
"1633",7,12999,129990106,1,"Gold Coast Titans","away",2026-03-07,19.63171438417,77.2502764242434,48.8532294264734,1200.52506236773,1188.00430530836,1404.69729809319,1043.33513930086,2.72248241436046,1.56704307288279,6,162,250,-88,16,0.773057552353449,0.682608684268274,0.819902082540725,1343.41897598893,1398.05516833096,1313.85180626212,10
"1634",8,12999,129990107,1,"Manly-Warringah Sea Eagles","home",2026-03-07,23.9071337314449,77.5549142629269,51.710285179321,1241.68406928986,1186.81027945134,1187.63182131641,1235.60349367683,2.93635188775986,1.2692209890861,8,210,174,36,8,0.495176002161439,0.485224297707531,0.483673323946371,1520.16744880037,1500.53921946511,1528.71744128239,28
"1635",5,12999,129990108,1,"Dolphins","home",2026-03-08,25.8398119966958,78.5736097470916,50.1711958390023,1196.02779482685,1249.23397683978,1136.08049828022,1234.59225625558,2.11611055047558,1.45737074454216,6,218,212,6,14,0.467173015763925,0.473800685880334,0.481707567604638,1485.35947111036,1496.08029267337,1473.4470340287,30
"1636",7,12999,129990108,1,"South Sydney Rabbitohs","away",2026-03-08,18.1288509950429,77.2439224190324,50.4096743258548,1253.64869516028,1221.87819866359,1290.92417436688,1054.53265199514,2.6158283846981,1.26483773424761,8,137,207,-70,13,0.467173015763925,0.473800685880334,0.481707567604638,1508.20285560741,1514.30212970788,1486.16359347782,40
"1637",7,12999,129990201,2,"Brisbane Broncos","home",2026-03-12,23.4944157345973,76.9649500855711,50.7329157354767,1226.30189645767,1221.59882208118,1253.34299233349,1242.79174156874,2.89216030643342,1.30363286851369,0,0,26,-26,15,0.651344572606501,0.547125133740335,0.739350395433228,1575.41523229182,1532.06687346907,1607.91710976284,32
"1638",NA,12999,129990201,2,"Parramatta Eels","away",2026-03-12,19.5699432907729,75.2747407818789,49.1767480394178,1269.26875940852,1207.34185227957,1210.16955433166,1144.96876548183,2.59479979996871,0.845383450655759,0,4,52,-48,17,0.651344572606501,0.547125133740335,0.739350395433228,1466.84948485393,1499.22349467241,1426.79981412466,40
"1639",7,12999,129990202,2,"Canberra Raiders","away",2026-03-13,23.4032324040043,78.4959839077488,49.9074540303798,1263.01722782283,1176.081751535,1240.5269912317,1266.41283477038,3.16708413753967,1.03056546801441,2,29,28,1,8,0.469717396845021,0.473825259161096,0.470082945648077,1535.40383389268,1515.66166229928,1559.41334547743,6
"1640",5,12999,129990203,2,"South Sydney Rabbitohs","away",2026-03-13,19.4411199353403,77.4692870738904,50.9850938663035,1317.14977345067,1150.42550674378,1359.32872390487,993.000692875436,2.69887868161621,1.18894747019275,2,40,30,10,6,0.515697417080143,0.524948357197114,0.514054381448439,1519.41500798574,1519.04013656669,1505.43189618201,18
"1641",9,12999,129990203,2,"Sydney Roosters","home",2026-03-13,22.7285583530343,72.6992108900653,48.2405025921636,1212.19661502281,1236.06520679622,1208.900179664,1197.12309609313,2.17866279601537,1.41647463400174,0,18,42,-24,14,0.515697417080143,0.524948357197114,0.514054381448439,1530.32627636221,1536.39043923274,1515.20045394049,26
"1642",7,12999,129990202,2,"Warriors","home",2026-03-13,20.7725352592186,80.0784777738831,50.3385746557279,1200.98850260454,1287.89199439903,1128.99543440554,1225.81404777696,2.67427811673228,1.6243102797119,2,42,18,24,4,0.469717396845021,0.473825259161096,0.470082945648077,1514.33554021615,1497.45694749614,1538.59998501492,40
"1643",6,12999,129990206,2,"Cronulla-Sutherland Sharks","away",2026-03-14,24.9843167105124,77.5312151134921,50.5273806522909,1201.74098590919,1184.51888948768,1162.70061436953,1291.0858626874,2.24251453604063,1.254162922669,2,50,10,40,2,0.622247591521908,0.592342712807864,0.604300749844105,1561.78403184808,1534.25978927593,1584.35704239243,6
"1644",NA,12999,129990205,2,"Melbourne Storm","away",2026-03-14,28.0711872077792,78.0136578066969,52.095426567099,1189.42811559445,1213.60428553454,1136.88058228418,1292.85051844272,3.24843946338439,1.12524249496675,2,52,4,48,1,0.191565246181294,0.28280834753734,0.15493102216464,1671.71812394239,1630.8344524119,1683.82290708445,46
"1645",6,12999,129990204,2,"North Queensland Cowboys","away",2026-03-14,22.7696640282604,75.3991515099978,50.6664983703713,1158.88176373438,1199.3896896701,1250.3470494261,1233.74162253244,3.06377997178107,1.24878095262934,0,18,28,-10,13,0.418137305479162,0.435650095079603,0.424905293840388,1454.50414152288,1472.11475602265,1450.29456843808,16
"1646",8,12999,129990206,2,"Penrith Panthers","home",2026-03-14,24.9818177964337,78.6906300465174,50.9795897454864,1230.1141108532,1303.95411156822,950.73955245756,1346.92990198507,2.71749013352973,1.08919083317515,2,26,0,26,3,0.622247591521908,0.592342712807864,0.604300749844105,1648.48642476788,1599.17092524046,1657.91220473482,26
"1647",7,12999,129990205,2,"St George-Illawarra Dragons","home",2026-03-14,20.0685653974348,76.1142215334988,48.9078814875267,1315.19314555338,1290.92019687841,1214.32422923325,1072.83271277727,2.57502807411377,1.43388238855835,0,14,15,-1,11,0.191565246181294,0.28280834753734,0.15493102216464,1421.58682271329,1469.17725166232,1389.12139786595,20
"1648",7,12999,129990204,2,"Wests Tigers","home",2026-03-14,19.0889211593646,77.4997684401196,50.9056025545972,1229.53443132653,1247.51599617584,1284.65034722611,1170.14128464043,2.77095284304466,1.02074776477032,10,214,194,20,8,0.418137305479162,0.435650095079603,0.424905293840388,1397.10350252073,1427.15049879925,1397.71567726911,44
"1649",5,12999,129990208,2,"Dolphins","home",2026-03-15,26.0894232768941,77.8191931622661,49.5609240886621,1126.12612713724,1312.9999382294,1069.6556683834,1306.37672088024,2.16914391744704,1.72992849986963,0,30,40,-10,12,0.686517050537928,0.635358407477732,0.700411004666023,1474.14731873203,1491.34228581457,1454.17873132452,18
"1650",8,12999,129990208,2,"Gold Coast Titans","away",2026-03-15,19.0538115211198,77.6552598387888,48.742035660885,1174.81355862567,1177.86404698986,1425.4154602076,1056.27503094281,2.67913346949884,1.59302048850983,0,10,50,-40,16,0.686517050537928,0.635358407477732,0.700411004666023,1337.97235724541,1394.88125517364,1306.64788956375,14
"1651",7,12999,129990207,2,"Manly-Warringah Sea Eagles","home",2026-03-15,24.1527057075582,77.8816194071512,51.6076680685618,1214.88302513247,1249.04166268426,1178.29391203743,1213.72728405622,3.06017077449427,1.31306772974093,0,28,29,-1,10,0.626386580994151,0.579491896883282,0.637577286890299,1508.2832247485,1495.68697648803,1509.37050832453,16
"1652",7,12999,129990207,2,"Newcastle Knights","away",2026-03-15,16.3291800752743,75.345217087669,47.2748324664895,1265.61157732677,1217.74256307361,1292.04345413621,1065.48867406198,2.7420561846579,1.2741427761825,2,28,18,10,5,0.626386580994151,0.579491896883282,0.637577286890299,1418.5152331504,1439.97777706848,1411.24353627177,36
"1653",7,12999,129990301,3,"Canberra Raiders","home",2026-03-19,22.3590384597641,78.8862248732839,49.613006788557,1253.95619415346,1152.0768464429,1267.8553717578,1263.38806468416,3.45705908928729,0.968731539933546,2,35,68,-33,11,0.583434619089282,0.592237484218236,0.551970540275476,1522.67705141696,1510.39991489089,1538.21666330335,10
"1654",8,12999,129990301,3,"Canterbury-Bankstown Bulldogs","away",2026-03-19,20.4337261385418,77.2213930720999,49.3122540077495,1354.03201319529,1288.33807260522,1058.94382747504,1156.77650105961,2.36041265405124,1.45511749030013,2,15,14,1,7,0.583434619089282,0.592237484218236,0.551970540275476,1464.15344320587,1445.56447830644,1501.97293222824,14
"1655",NA,12999,129990303,3,"Brisbane Broncos","away",2026-03-20,24.0047507905215,77.2070530804368,50.4489407913481,1210.68378267021,1212.08289275631,1307.92241279348,1243.22423707462,2.95863068804741,1.22541489640287,0,32,66,-34,15,0.661685918733813,0.649382653285751,0.655400765046904,1559.78296254927,1526.59562213166,1578.34309394551,18
"1656",7,12999,129990303,3,"Melbourne Storm","home",2026-03-20,29.1469159753124,78.612838338295,51.909700973073,1170.08242865879,1224.30802840246,1139.04774734713,1297.95948733615,3.53353309558132,1.11772794526875,4,98,24,74,1,0.661685918733813,0.649382653285751,0.655400765046904,1676.31568985074,1633.66253588727,1690.02014797104,14
"1657",7,12999,129990302,3,"Penrith Panthers","away",2026-03-20,25.0429087286477,78.7091922437264,50.9208143607572,1213.66726420201,1301.01686487413,965.575179310106,1349.87410786596,3.15444072551794,1.14383938318464,4,52,6,46,3,0.339513260947335,0.411561490077849,0.309868342719612,1657.55248257136,1603.24749811238,1673.74017474106,40
"1658",NA,12999,129990302,3,"Sydney Roosters","home",2026-03-20,22.9248448518522,72.7772582366614,48.2260724366338,1211.40481812145,1231.74129438845,1200.62616888416,1208.09571032754,2.22794302825445,1.51148615596163,2,44,60,-16,10,0.339513260947335,0.411561490077849,0.309868342719612,1541.94953835229,1541.14095566077,1534.63827868255,4
"1659",5,12999,129990305,3,"Cronulla-Sutherland Sharks","home",2026-03-21,23.8452577078817,77.1393422066826,50.4957378131534,1204.93652675463,1170.80775611842,1176.69857750735,1285.50071092615,2.40796366387819,1.29891314730886,2,56,36,20,7,0.600843223827003,0.550476445095948,0.64319776108822,1552.71797404461,1530.18321640401,1568.52907238619,10
"1660",8,12999,129990305,3,"Dolphins","away",2026-03-21,25.6040578802804,77.7700415725301,49.5272686433424,1125.33855950901,1305.49994193563,1078.4963282804,1307.43411762743,2.27899528240022,1.68613278987745,2,48,54,-6,9,0.600843223827003,0.550476445095948,0.64319776108822,1481.67090951912,1494.98870173979,1466.16229113787,38
"1661",6,12999,129990304,3,"Newcastle Knights","home",2026-03-21,17.5094292707579,75.7445040624089,47.7383425185002,1258.43488268717,1209.77800928919,1267.62084688804,1103.07935361826,2.69753281357843,1.25769420961155,4,64,34,30,4,0.368581092761337,0.418774182686486,0.329967298285689,1433.54851109426,1445.77269603732,1436.74662774738,12
"1662",7,12999,129990306,3,"South Sydney Rabbitohs","home",2026-03-21,19.3546527392199,77.741129849457,51.0459882343253,1307.96078704363,1153.33997633915,1360.56900047058,997.68065130291,2.77694596071924,1.29761062198119,2,58,56,2,8,0.635708428875543,0.61517699280627,0.592847848924005,1507.79174599566,1514.28962013866,1485.99407143995,20
"1663",7,12999,129990304,3,"Warriors","away",2026-03-21,21.9261831436655,80.4937691074501,50.6182601763842,1175.48919244827,1277.33847473509,1134.21570834121,1254.02520491034,2.93382142972834,1.58685166292919,4,82,24,58,2,0.368581092761337,0.418774182686486,0.329967298285689,1527.06232269187,1502.71869490453,1559.796667189,38
"1664",9,12999,129990306,3,"Wests Tigers","away",2026-03-21,20.5835858898027,77.3497823337125,51.2712664013213,1218.70236544694,1227.74503640529,1271.29132639254,1206.372807562,3.02469567246198,0.959502898884096,4,44,16,28,5,0.635708428875543,0.61517699280627,0.592847848924005,1411.06820718923,1432.79399784845,1420.71946551549,16
"1665",7,12999,129990308,3,"Gold Coast Titans","away",2026-03-22,18.7505828298526,78.0359442484615,48.8775135212319,1175.60474510813,1173.97220417047,1419.33053259515,1065.91852908624,2.99838546132891,1.61743925919924,0,24,68,-44,17,0.653335390130449,0.606612634644844,0.682104296132586,1330.44876645832,1391.23483924842,1294.66432975039,16
"1666",NA,12999,129990308,3,"North Queensland Cowboys","home",2026-03-22,22.3634841865647,75.015202419398,50.206508468149,1144.42885791031,1190.36630828989,1281.76622646053,1223.43712518049,3.41995317347421,1.17385409547158,0,34,72,-38,16,0.653335390130449,0.606612634644844,0.682104296132586,1440.53943685438,1466.47125697344,1427.29078019169,30
"1667",7,12999,129990307,3,"Parramatta Eels","home",2026-03-22,20.7957466933265,76.1582563349662,49.4661431570527,1256.89263384401,1192.86134114279,1212.55938107176,1206.05063955292,2.67911181197059,0.974660443616414,2,44,84,-40,12,0.593150572377179,0.554960744984314,0.604155535241471,1482.48175459649,1504.69474600981,1456.37382994199,30
"1668",7,12999,129990307,3,"St George-Illawarra Dragons","away",2026-03-22,20.0644514735887,75.9873682414888,49.0334085982751,1319.80155682018,1265.48498506571,1224.14477547926,1078.84275001064,2.72052638966695,1.40784944524485,0,34,61,-27,14,0.593150572377179,0.554960744984314,0.604155535241471,1416.98925680494,1466.34916818695,1382.92415697937,20
"1669",6,12999,129990401,4,"Manly-Warringah Sea Eagles","home",2026-03-26,23.6635433651047,77.5887222427222,51.2112079844481,1207.09004362452,1242.8591629232,1209.11627731518,1194.00364701285,3.29656052802462,1.35428366595647,0,44,65,-21,13,0.441905586601797,0.432582823086581,0.444995821239361,1493.24994680464,1489.8920575192,1483.86741684892,16
"1670",8,12999,129990401,4,"Sydney Roosters","away",2026-03-26,21.7893541607411,72.3106227424617,48.2725080904358,1173.58052903416,1200.85681672514,1135.84859875111,1340.38996770789,2.33426644655918,1.48079698660394,2,48,100,-52,15,0.441905586601797,0.432582823086581,0.444995821239361,1533.80122008955,1537.02534076,1522.24354497377,33
"1671",7,12999,129990403,4,"Brisbane Broncos","home",2026-03-27,23.6444657430902,77.0146298956106,50.5420043438672,1271.18275571,1199.47791919093,1283.32706802587,1211.17078285014,3.20111284676457,1.1518900026187,2,50,80,-30,13,0.612552631452664,0.546772240860165,0.656689147763747,1575.66342459888,1533.08944866452,1604.55912454739,26
"1672",8,12999,129990403,4,"Dolphins","away",2026-03-27,26.3478144074636,78.3838390781783,49.7956325247419,1138.69824593847,1293.76994541949,1074.80654858358,1309.20807056978,2.56225556545621,1.7049648224848,4,86,64,22,6,0.612552631452664,0.546772240860165,0.656689147763747,1496.09114689097,1500.49346619075,1491.8902015814,12
"1673",6,12999,129990402,4,"Warriors","home",2026-03-27,22.8906121550456,80.7641429610031,50.8811645658012,1167.29984090138,1276.71816625099,1115.54276584074,1279.94369261572,3.11779214394464,1.61164056315343,6,120,36,84,1,0.683297155420456,0.61034857843948,0.7251834262406,1535.90826891814,1506.9064367314,1572.99535912043,14
"1674",8,12999,129990402,4,"Wests Tigers","away",2026-03-27,20.3085707364146,77.6887953936897,51.2549904172421,1316.34022352012,1210.42033422097,1221.83384680899,1168.37043910828,3.02321393211426,0.961932724951051,4,60,36,24,5,0.683297155420456,0.61034857843948,0.7251834262406,1402.32520948224,1428.94576777652,1404.43337947245,32
"1675",6,12999,129990404,4,"Canterbury-Bankstown Bulldogs","home",2026-03-28,20.0477025702293,77.7481094877739,49.4735187672845,1342.81009240358,1276.61778824891,1055.88719782654,1179.40991099603,2.57878789480817,1.42781044088213,6,29,24,5,3,0.576324242206401,0.514246121138028,0.640732883541675,1478.15587406401,1451.48685314862,1524.05175383926,16
"1676",NA,12999,129990406,4,"Melbourne Storm","away",2026-03-28,28.2381010167937,78.3360680379973,51.6751189146887,1159.99748293926,1283.98954669832,1113.2448825063,1273.96191809598,3.68152110984644,1.17066426855262,4,112,42,70,4,0.228301212130358,0.288556787119976,0.216143738655964,1660.43522780113,1627.16870935441,1663.80411736916,24
"1677",8,12999,129990404,4,"Newcastle Knights","away",2026-03-28,17.1788635145124,75.1598338186643,47.5740419673901,1258.94878972594,1199.53132873184,1292.72359607476,1086.27459240117,2.77568084476372,1.18223255703486,4,76,72,4,8,0.576324242206401,0.514246121138028,0.640732883541675,1424.70256486799,1441.58495421045,1423.54793581595,24
"1678",14,12999,129990406,4,"North Queensland Cowboys","home",2026-03-28,22.8216751353709,75.5542902742341,50.61411796006,1123.52312643569,1212.7243297925,1249.8002528729,1252.51089766966,3.69475598306576,1.16342284974329,2,64,88,-24,12,0.228301212130358,0.288556787119976,0.216143738655964,1448.85938749125,1470.405130627,1440.00660834639,28
"1679",7,12999,129990405,4,"Parramatta Eels","away",2026-03-28,21.3480018917269,76.8687609548682,49.6181745676296,1257.37907581337,1282.26966067423,1179.40581820745,1145.92760117975,2.57836510325236,0.916180816999429,4,74,104,-30,9,0.730760663556782,0.637698325933376,0.77407479837819,1492.24614085943,1509.14513855997,1472.20760853233,20
"1680",NA,12999,129990405,4,"Penrith Panthers","home",2026-03-28,25.9403342049288,78.7266407091028,50.9255654991118,1183.86722834989,1257.81585298168,1112.4206685515,1276.14166139401,3.44517428198687,1.25520902019356,6,92,10,82,2,0.730760663556782,0.637698325933376,0.77407479837819,1665.70080083409,1607.36311301316,1686.13490844985,48
"1681",5,12999,129990407,4,"Canberra Raiders","home",2026-03-29,21.6174961521782,79.0730513808868,49.5162263812436,1244.29882250425,1152.97223565633,1283.82404945233,1248.06478080311,3.42963554393005,1.09060764753753,2,45,82,-37,14,0.457471913728462,0.470961266241039,0.461703550722067,1508.67462055882,1504.47754004871,1516.13784169233,22
"1682",10,12999,129990407,4,"Cronulla-Sutherland Sharks","away",2026-03-29,23.0145422454088,77.1909816742816,50.2259935443642,1199.24033514936,1181.43929075132,1186.31666285691,1269.39066827058,2.3834858440455,1.22097835847033,2,66,74,-8,10,0.457471913728462,0.470961266241039,0.461703550722067,1538.29773667276,1524.67845195305,1542.80116194266,34
"1683",6,12999,129990408,4,"Gold Coast Titans","home",2026-03-29,18.5855478600614,77.8537875935538,48.524862709958,1198.84846040164,1151.29387192024,1436.65070063944,1046.90341734107,3.05848233364917,1.76039290364728,0,40,98,-58,17,0.379928370233574,0.394264954916466,0.379866231806276,1322.12881582145,1387.30096559486,1281.9485015957,22
"1684",8,12999,129990408,4,"St George-Illawarra Dragons","away",2026-03-29,20.0605843851733,75.9881261469995,48.9714040823786,1401.59346341097,1265.45588596177,1162.9360889505,1053.71218501,2.91729480628693,1.38337847853016,0,54,91,-37,16,0.379928370233574,0.394264954916466,0.379866231806276,1407.22487054199,1461.89877563679,1367.09037838903,14
"1685",7,12999,129990501,5,"Dolphins","home",2026-04-02,25.4869455430158,78.1208087334876,49.8078945732573,1139.85635118216,1303.02374869432,1054.59815566856,1319.21558633559,2.64852023152884,1.72266693313571,4,98,90,8,8,0.505969452171639,0.514955086875427,0.517392153045975,1486.79241004583,1495.96118859935,1478.15776749195,18
"1686",8,12999,129990501,5,"Manly-Warringah Sea Eagles","away",2026-04-02,23.2037307631984,77.1933989081589,50.7185355053812,1200.90464100705,1225.82761314781,1270.78930067627,1152.72342819207,3.45876689634314,1.45302664599909,2,60,98,-38,14,0.505969452171639,0.514955086875427,0.517392153045975,1482.64421272619,1485.56622928833,1466.06758399935,52
"1687",9,12999,129990502,5,"Canterbury-Bankstown Bulldogs","away",2026-04-03,19.8048404160155,77.9432229185075,49.5051076412474,1324.10148685936,1278.74072095398,1061.47396595695,1187.54531633627,2.72406062111968,1.6421418144292,6,45,48,-3,6,0.574576638105806,0.601873229378209,0.505551475755707,1464.32409225106,1446.34439193724,1498.42243849759,24
"1688",6,12999,129990503,5,"Melbourne Storm","away",2026-04-03,27.9838149557861,78.7359039557175,51.5146117798073,1186.6376339629,1361.33017389642,1073.75018955592,1208.08420301023,3.64062984325566,1.22042441243947,4,136,70,66,7,0.543420848776034,0.486952849289888,0.589296313980889,1641.91445689226,1620.05427722561,1632.4498669154,10
"1689",NA,12999,129990503,5,"Penrith Panthers","home",2026-04-03,27.2639141526331,79.0430422665566,50.9900315691651,1177.0951946489,1250.38690180278,1129.07542843841,1273.19316171037,3.59846382506765,1.29989647898195,8,140,30,110,1,0.543420848776034,0.486952849289888,0.589296313980889,1672.16254490873,1610.98612975383,1695.17191651472,50
"1690",6,12999,129990502,5,"South Sydney Rabbitohs","home",2026-04-03,19.3933735748667,77.7566620584896,50.9232289402658,1285.82313982101,1254.8995777588,1313.31486044234,964.639812224735,2.97032920307609,1.21975398466232,4,78,72,6,7,0.574576638105806,0.601873229378209,0.505551475755707,1516.53474370265,1518.13785021059,1502.28015748299,32
"1691",6,12999,129990505,5,"Brisbane Broncos","away",2026-04-04,23.7857977985048,77.493752101874,50.5094840832352,1281.7917903674,1196.98924403948,1294.88744394432,1182.78053587913,3.5490460759587,1.14277660246158,4,76,92,-16,10,0.193515932066223,0.303550574398697,0.142661859057151,1584.96216144401,1537.62172625592,1618.29155863684,26
"1692",8,12999,129990505,5,"Gold Coast Titans","home",2026-04-04,18.7904149884578,77.3825603379405,48.6133709473605,1198.85755277754,1143.23623960502,1431.21165860107,1059.1492123006,3.05497339363022,1.65476932942845,2,62,112,-50,16,0.193515932066223,0.303550574398697,0.142661859057151,1337.01053493584,1393.3583160457,1306.75385232344,12
"1693",8,12999,129990504,5,"North Queensland Cowboys","away",2026-04-04,23.1323746272486,74.9810328577801,50.6372708824564,1210.49173884955,1236.20087000495,1185.37223770052,1204.66024380948,3.83307062408181,1.15361747875869,4,92,112,-20,11,0.393661326664724,0.46884307407477,0.322344059996433,1467.38015840012,1477.5195627558,1471.36085880015,32
"1694",7,12999,129990504,5,"St George-Illawarra Dragons","home",2026-04-04,19.6969493220629,75.7488385781795,49.0331198374359,1378.51785560631,1261.46853280406,1168.21992361347,1071.2494539094,3.22225711790971,1.42037576981835,0,68,113,-45,17,0.393661326664724,0.46884307407477,0.322344059996433,1392.3431514276,1455.84142518596,1342.28502766128,0
"1695",NA,12999,129990507,5,"Canberra Raiders","away",2026-04-05,21.6404463830475,78.8886682980336,49.485252798369,1231.26089315399,1154.11390151695,1295.89460648519,1241.94089395493,3.28385741129425,1.14517118868528,2,67,116,-49,15,0.415673989064792,0.424256083147675,0.43066340986452,1497.69529462934,1499.76792738629,1497.66969966345,12
"1696",7,12999,129990506,5,"Cronulla-Sutherland Sharks","home",2026-04-05,23.6736697106842,76.8195227738247,50.2724339317024,1197.60591504039,1172.17293330624,1183.8976630855,1282.32722817435,2.48047669340277,1.20771965696211,4,100,96,4,9,0.542734968598973,0.541044715155057,0.524849274647744,1549.27706260224,1529.38806461546,1561.26930397155,36
"1697",11,12999,129990507,5,"Newcastle Knights","home",2026-04-05,17.5881317036417,75.9302437895445,47.7195994493467,1262.13186234238,1189.41944900793,1294.06018031027,1090.0381168571,3.0291399940779,1.23129860361277,6,100,88,12,4,0.415673989064792,0.424256083147675,0.43066340986452,1438.53434668094,1446.72741542183,1449.17725115762,32
"1698",8,12999,129990506,5,"Warriors","away",2026-04-05,22.3571754257428,80.718294383343,50.7682946918531,1138.72185044729,1255.37507627593,1133.03019989029,1310.00707105878,3.29072461530796,1.57494212936423,6,134,68,66,2,0.542734968598973,0.541044715155057,0.524849274647744,1519.50913718805,1500.802950947,1543.9880220708,22
"1699",15,12999,129990508,5,"Parramatta Eels","home",2026-04-06,21.2671217782233,76.5766352975761,49.5210840935718,1249.97633126457,1269.59348103377,1182.26146911501,1160.57194510896,2.72366319705721,0.861209967979463,4,94,152,-58,13,0.595326327828542,0.600050238549588,0.542680621942335,1485.7843967848,1505.5221218193,1463.17060046746,20
"1700",8,12999,129990508,5,"Wests Tigers","away",2026-04-06,21.0100564922297,77.8274676700683,51.2396909922075,1292.61981010891,1179.25511416771,1255.38381600045,1182.68821276179,3.02182109618741,1.08421676145399,6,92,50,42,3,0.595326327828542,0.600050238549588,0.542680621942335,1418.72434121234,1435.04925356091,1433.44071652208,22
"1701",7,12999,129990601,6,"Canterbury-Bankstown Bulldogs","home",2026-04-09,20.0565499910546,77.1666295433971,49.3548011827726,1393.8153976478,1257.45627769674,1045.24552799953,1152.47259735609,2.6206169838525,1.60361330556345,6,69,80,-11,9,0.21110668783272,0.268901036214742,0.207345651031696,1454.1139315656,1442.36312423102,1478.64449752782,32
"1702",NA,12999,129990601,6,"Penrith Panthers","away",2026-04-09,28.6280793034751,79.3404597305632,51.2306296750152,1174.26948296996,1242.86368769461,1120.01090273211,1291.06157200774,3.6225559955636,1.28190269024303,10,190,40,150,1,0.21110668783272,0.268901036214742,0.207345651031696,1683.1204445381,1616.11660126093,1711.60006395548,16
"1703",8,12999,129990603,6,"Brisbane Broncos","home",2026-04-10,23.9186499305945,77.3441269757615,50.358915038241,1275.14428294535,1184.32988939711,1297.35419730766,1191.67370372639,3.93610331140117,1.25421000631388,6,102,104,-2,8,0.656831358852632,0.583330568954281,0.690920820536274,1589.6065438136,1540.65723199991,1623.99803299913,31
"1704",7,12999,129990602,6,"Manly-Warringah Sea Eagles","away",2026-04-10,24.9315069174065,77.9017949736693,51.5154233750583,1150.15036254663,1303.83795635894,1214.88194263569,1178.66002250055,3.43124088256255,1.36584504723914,4,112,116,-4,12,0.344319577418969,0.443309390661284,0.28783830966129,1494.78747957831,1490.71578015709,1486.76327012119,28
"1705",7,12999,129990603,6,"North Queensland Cowboys","away",2026-04-10,23.6644321496137,75.0421708863133,50.779034629509,1213.52223451858,1228.50881780465,1170.52990343849,1225.08062918092,3.8430863866369,1.14440043003317,6,124,112,12,7,0.656831358852632,0.583330568954281,0.690920820536274,1476.82803024008,1482.20799349654,1484.25462120001,35
"1706",6,12999,129990602,6,"St George-Illawarra Dragons","home",2026-04-10,18.5151323627392,76.1839082634888,48.9111326471897,1362.28678426993,1261.44042083582,1190.82672819666,1063.25448667483,3.32892169083513,1.39515322362925,0,68,145,-77,17,0.344319577418969,0.443309390661284,0.28783830966129,1382.89527958764,1451.15299444521,1329.39126526142,18
"1707",8,12999,129990604,6,"Canberra Raiders","away",2026-04-11,21.0620196000647,78.5353482001516,49.3361376304668,1228.42523956475,1152.00706742593,1308.74093009608,1229.04444031763,3.6268259666166,1.13646091736416,2,79,148,-69,16,0.561672013947141,0.540363544156692,0.567457557441718,1483.67147036689,1494.01048821777,1474.89623605803,36
"1708",NA,12999,129990605,6,"Cronulla-Sutherland Sharks","home",2026-04-11,24.4132495280432,76.7703514073952,50.1360878958002,1183.46956013797,1163.88255730786,1189.30380330037,1298.50759448389,2.69164809179861,1.19525647754438,6,136,118,18,6,0.522786229892732,0.489390199217889,0.557641033053361,1560.25142335587,1533.97761746391,1580.27533298564,22
"1709",6,12999,129990606,6,"Melbourne Storm","home",2026-04-11,26.9047860584389,79.3517497183744,51.1237350730189,1182.93937592513,1347.45036346263,1103.58517818257,1194.27915082961,3.72219205266032,1.3271989476931,4,146,120,26,11,0.669232632206811,0.664486426329168,0.628098225592198,1630.95655726288,1614.92380571851,1616.02171947463,14
"1710",6,12999,129990604,6,"South Sydney Rabbitohs","home",2026-04-11,20.1497711603747,78.1312623349802,51.0478352038498,1264.11375143175,1328.76560309327,1270.6959688158,954.221423491251,2.91210945089152,1.14656874558258,8,110,96,14,4,0.561672013947141,0.540363544156692,0.567457557441718,1526.74490438811,1522.11911791681,1522.05809845276,34
"1711",7,12999,129990605,6,"Sydney Roosters","away",2026-04-11,22.4619929110966,73.611985377914,48.7961576050096,1160.70569729211,1195.04540772163,1098.05768282605,1394.18656964542,2.37421045976563,1.3919491674077,4,81,116,-35,12,0.522786229892732,0.489390199217889,0.557641033053361,1544.406954168,1541.35116899086,1540.04337782334,34
"1712",7,12999,129990606,6,"Warriors","away",2026-04-11,22.3357449001983,80.4951967203424,50.8421970103419,1132.43853942046,1237.77257169937,1158.16838789687,1307.84664679525,3.33328113838948,1.54044560160237,6,156,104,52,5,0.669232632206811,0.664486426329168,0.628098225592198,1508.53477643443,1496.21339809855,1524.98199305671,38
"1713",7,12999,129990607,6,"Gold Coast Titans","away",2026-04-12,18.3829900891503,77.5396067176641,48.8165686905189,1186.08609961089,1144.90206522872,1425.19895908501,1075.76025956257,3.05167499001241,1.55548316966274,2,74,138,-64,15,0.690166760290269,0.652171693556987,0.691747010644648,1332.36615256625,1390.32281030171,1301.04737796116,52
"1714",6,12999,129990608,6,"Newcastle Knights","away",2026-04-12,18.4528438014232,76.4744291621718,48.0364234823859,1253.54395060184,1189.09428206745,1278.03656949166,1115.23582984567,3.14739159443322,1.217420687396,8,132,100,32,3,0.471900686004481,0.483549509807054,0.475837700203901,1452.55817094339,1452.48485459036,1471.95071476304,22
"1715",7,12999,129990607,6,"Parramatta Eels","home",2026-04-12,21.1910944715299,77.0220371797215,49.4298190479575,1241.51775138869,1261.27787217175,1210.14578096811,1163.77762840243,3.04024340523378,0.869537369900695,4,114,174,-60,14,0.690166760290269,0.652171693556987,0.691747010644648,1471.49656491691,1499.52161943381,1441.46337558977,10
"1716",6,12999,129990608,6,"Wests Tigers","home",2026-04-12,21.0694531026959,78.0178196098642,51.2853095326751,1282.92262150238,1175.03980731765,1252.90078704042,1210.54691999608,3.26051183041616,1.13916375576675,8,114,70,44,2,0.471900686004481,0.483549509807054,0.475837700203901,1433.01217308022,1441.04975594641,1455.14794139977,42
"1717",9,12999,129990701,7,"Manly-Warringah Sea Eagles","away",2026-04-16,25.1156165023621,77.6076872752492,51.5444979725548,1131.36134079383,1271.62767897741,1206.54902607755,1235.14042115052,3.4653664296088,1.28389434440479,6,140,134,6,9,0.484952594606904,0.489772804174831,0.519583035951246,1503.05114943637,1495.1488740637,1498.27680250764,38
"1718",7,12999,129990701,7,"North Queensland Cowboys","home",2026-04-16,24.3445662206369,75.2796406331345,50.8522925517385,1202.45090044746,1231.53828873637,1154.77810923218,1247.09579143006,3.73250120343869,1.07573640423118,8,159,143,16,4,0.484952594606904,0.489772804174831,0.519583035951246,1492.59198285254,1488.04129918609,1511.89145402146,6
"1719",8,12999,129990702,7,"Canberra Raiders","home",2026-04-17,21.9582984240608,78.3832273081425,49.1959693726388,1224.13972519087,1142.40664338038,1313.07647429032,1231.74177389857,3.5292164086196,1.06827326232231,4,115,182,-67,15,0.336755768092251,0.348264565755642,0.368863223437399,1497.15159870162,1499.41412365934,1497.5945383557,26
"1720",8,12999,129990703,7,"Dolphins","home",2026-04-17,25.0377288104349,77.4535602094784,48.9794208988619,1223.02497011123,1246.14232377267,1086.42226632845,1260.40265115546,2.72960901763711,1.67930691714757,4,116,142,-26,13,0.251417288486202,0.336433646111064,0.217478667821011,1474.64914319371,1490.8116377306,1457.46208137011,22
"1721",NA,12999,129990702,7,"Melbourne Storm","away",2026-04-17,26.1304988949326,79.330644735272,50.6963109686378,1175.86301336962,1329.18334165487,1134.39006749161,1187.24240177983,3.9188605295007,1.24756701083151,4,160,158,2,13,0.336755768092251,0.348264565755642,0.368863223437399,1614.89497408992,1608.27894145522,1590.89779045095,22
"1722",7,12999,129990703,7,"Penrith Panthers","away",2026-04-17,27.8703945452666,78.9000321467294,50.9767918945142,1186.61331399177,1235.61186643293,1139.81024856818,1265.25787768728,3.82520263582978,1.32498852882845,10,206,72,134,1,0.251417288486202,0.336433646111064,0.217478667821011,1664.18700504609,1608.80561162308,1679.89388999675,23
"1723",NA,12999,129990706,7,"Brisbane Broncos","away",2026-04-18,24.3435309347588,77.8634793572159,50.2173801359466,1275.37562596863,1175.01009603328,1315.0329454692,1174.6532815028,3.9399371127171,1.23895740593505,6,133,139,-6,11,0.323501728163889,0.375175185138506,0.333544733241561,1573.84259120114,1534.82392631036,1596.36120017767,21
"1724",6,12999,129990704,7,"Gold Coast Titans","away",2026-04-18,20.4000106838013,77.4472303146043,49.0675745690878,1183.26093363424,1180.007941315,1394.10702153991,1074.09464398881,3.10857449061166,1.52215417948297,4,126,148,-22,14,0.733258047377971,0.648001048014167,0.781497687354118,1348.93015481322,1396.84452723728,1328.71725838694,20
"1725",8,12999,129990705,7,"South Sydney Rabbitohs","home",2026-04-18,20.9807848907522,77.8233865948814,51.1649650916188,1247.78692634584,1318.45966690768,1270.89421068685,979.828138081776,2.79738288383803,1.19777462084762,8,144,132,12,5,0.689554346117079,0.599390689854804,0.739754841866733,1513.26477605338,1516.71548247525,1499.35979615509,30
"1726",6,12999,129990705,7,"St George-Illawarra Dragons","away",2026-04-18,18.4842244209748,76.2328737676795,48.8564646883584,1326.56957721374,1235.97399558567,1246.57712450486,1064.01921747434,3.48918638938502,1.31144403021149,0,86,173,-87,17,0.689554346117079,0.599390689854804,0.739754841866733,1374.63160972959,1446.7199005386,1317.87773287497,12
"1727",7,12999,129990704,7,"Warriors","home",2026-04-18,23.2756002061864,80.9454849171218,51.1516651897214,1127.07222705523,1227.40621739741,1153.29828462306,1326.39584798754,3.37328427008611,1.44801886550623,8,194,118,76,3,0.733258047377971,0.648001048014167,0.781497687354118,1524.59635960739,1502.85826236184,1550.1059220804,28
"1728",7,12999,129990706,7,"Wests Tigers","home",2026-04-18,22.3252859165342,78.1367504332724,51.5081909607146,1263.36726421224,1170.23741887859,1216.846739818,1264.21410479631,3.18488112059119,1.13081393042074,10,156,92,64,2,0.323501728163889,0.375175185138506,0.333544733241561,1445.68655661611,1446.21426084834,1476.11443339161,20
"1729",7,12999,129990708,7,"Canterbury-Bankstown Bulldogs","away",2026-04-19,20.7731569915913,77.3966317707932,49.5735131118062,1377.50647378893,1264.80890103493,1034.19079631956,1170.32424151473,2.76337996482135,1.56739650722964,8,101,96,5,7,0.473954292061187,0.562029624181692,0.364513377792691,1473.04737105761,1449.67411386887,1510.35067148655,20
"1730",7,12999,129990707,7,"Newcastle Knights","away",2026-04-19,18.6656731733378,76.5659634124415,47.8542380734428,1244.03131356573,1175.16862514341,1327.65437532216,1087.44168005493,3.01854809876723,1.26437544615224,8,154,142,12,6,0.66237796364634,0.638637749316641,0.654994685373003,1439.88378740749,1447.32034968843,1450.98422277119,24
"1731",9,12999,129990708,7,"Parramatta Eels","home",2026-04-19,20.5196288032381,76.3007149489382,49.2840299050801,1270.82668630537,1253.94119984144,1200.41703411002,1148.37097069828,3.03782880091976,0.817365127706653,4,124,226,-102,16,0.473954292061187,0.562029624181692,0.364513377792691,1454.93256266995,1492.99990249824,1413.79349516398,38
"1732",7,12999,129990707,7,"Sydney Roosters","home",2026-04-19,23.1542733364308,73.4552662552392,49.0483881487091,1159.40335545458,1171.40268325833,1103.51422185648,1413.19537546669,2.5917578321797,1.36843221736324,8,115,138,-23,8,0.66237796364634,0.638637749316641,0.654994685373003,1556.95382368542,1546.24507098304,1562.34901914547,38
"1733",7,12999,129990801,8,"Canberra Raiders","away",2026-04-23,22.2008005186172,78.780233669654,49.4242112102805,1214.59134167942,1149.22224477755,1301.3118858329,1240.63726746466,3.43746342410242,1.00417686658298,6,141,204,-63,13,0.393510279380505,0.409663467968243,0.414407212635062,1513.06946026741,1505.93147800178,1522.8400094182,14
"1734",7,12999,129990801,8,"Wests Tigers","home",2026-04-23,22.1857687615421,77.528545407276,51.5976995030717,1245.8852283595,1173.70317374587,1200.35593542892,1289.82125850854,3.23378825335572,1.1229650945955,10,176,113,63,3,0.393510279380505,0.409663467968243,0.414407212635062,1437.92251514018,1442.46250899695,1462.77264406195,33
"1735",NA,12999,129990803,8,"Brisbane Broncos","home",2026-04-24,24.1429190786733,77.9916705957829,50.0243373277898,1272.53308841051,1162.82949027129,1337.59096874105,1160.69408461263,4.18354088595408,1.34461996157895,8,154,159,-5,9,0.667653947574406,0.631107314758526,0.672220242841247,1581.60663267707,1538.57567816175,1609.70298950734,32
"1736",NA,12999,129990803,8,"Canterbury-Bankstown Bulldogs","away",2026-04-24,20.7267675720958,77.0728338645456,49.5991023250978,1368.7160853616,1264.88036697284,1052.95934854039,1158.78478702384,2.65757716693207,1.59335271679586,8,121,134,-13,10,0.667653947574406,0.631107314758526,0.672220242841247,1460.42227406708,1445.29441011069,1484.93120659826,12
"1737",7,12999,129990802,8,"Cronulla-Sutherland Sharks","away",2026-04-24,24.2684545563606,76.6641303229515,49.9479226220522,1160.52138652969,1162.38960386939,1220.60557510235,1291.93713881485,2.83014920629069,1.30354108889172,6,158,152,6,10,0.405101743858868,0.434269445589693,0.404948978271294,1547.70455383844,1529.08371547173,1557.9696916635,34
"1738",69,12999,129990802,8,"North Queensland Cowboys","home",2026-04-24,23.2438922473987,74.2428621951464,50.3211549986342,1198.88384642062,1230.30599141219,1181.13142267825,1224.11004394426,3.74855113123237,1.07119221997731,8,165,181,-16,11,0.405101743858868,0.434269445589693,0.404948978271294,1480.95312058197,1483.14357114434,1491.10813258341,46
"1739",10,12999,129990805,8,"Dolphins","away",2026-04-25,24.8554650818088,77.1863465969097,49.0406556449302,1226.68347190455,1251.65378434631,1096.23693034874,1258.99849208613,2.80583247657888,1.75854850211872,6,138,165,-27,12,0.588823916172799,0.527216898460011,0.653325493831615,1468.61512827004,1487.44730126949,1448.76293465727,18
"1740",7,12999,129990806,8,"Melbourne Storm","home",2026-04-25,25.8826689612366,78.4108060511557,50.4745323105195,1180.67123256744,1313.33234115558,1149.12666344212,1183.02785767304,3.92372889773066,1.29271299018162,4,182,184,-2,15,0.610760536123511,0.614555921109486,0.579735277601885,1598.97711252413,1601.76158711278,1565.65231938844,6
"1741",7,12999,129990806,8,"South Sydney Rabbitohs","away",2026-04-25,21.5219377973071,78.1339833991885,51.4550671861217,1249.59971076509,1313.21208689321,1242.16055804564,1011.15844979687,2.92953991080775,1.18590814359677,10,174,144,30,4,0.610760536123511,0.614555921109486,0.579735277601885,1520.71547174657,1520.7215755767,1509.76960248042,48
"1742",5,12999,129990804,8,"St George-Illawarra Dragons","home",2026-04-25,18.0951709557163,76.3389013416187,48.5650768070568,1320.83540258091,1238.49555585053,1261.90249703457,1047.69806442588,3.45983520602192,1.2327573883988,0,98,203,-105,17,0.242492089664963,0.35051515845925,0.175570071574411,1367.1809140364,1442.71380743714,1307.46792654964,16
"1743",8,12999,129990804,8,"Sydney Roosters","away",2026-04-25,24.045016936245,73.1279502799248,49.2854848597865,1156.55915412731,1160.93852226283,1082.42336854509,1444.80365293869,2.61625236224891,1.28632628432144,10,153,162,-9,5,0.242492089664963,0.35051515845925,0.175570071574411,1565.05675255791,1549.85869348987,1576.14923173055,62
"1744",6,12999,129990805,8,"Warriors","home",2026-04-25,23.5590641938152,81.6087558220945,51.0225652783381,1120.82789343191,1229.06184435356,1157.90038754568,1325.41209710829,3.59088721388095,1.54113773357586,10,222,138,84,2,0.588823916172799,0.527216898460011,0.653325493831615,1530.99816647032,1506.3782518817,1558.84601458624,20
"1745",NA,12999,129990808,8,"Manly-Warringah Sea Eagles","home",2026-04-26,25.8886795122204,77.6912260387342,51.9318280942015,1136.1396603462,1263.91001823876,1185.9960845129,1256.67199588149,3.37744444383227,1.3268606837405,8,178,140,38,6,0.567415861179926,0.503838040168557,0.612928111882207,1514.69001170693,1500.04660210545,1519.06012394569,33
"1746",8,12999,129990807,8,"Newcastle Knights","home",2026-04-26,18.9857327829375,76.712005607695,47.8029837890362,1229.20943475178,1171.3785076348,1364.39511280283,1067.31517925164,3.0774352128412,1.30851291938311,8,178,180,-2,8,0.202204634569037,0.274929886212348,0.190428747824549,1431.78085853501,1443.70672718159,1437.18401018611,12
"1747",NA,12999,129990808,8,"Parramatta Eels","away",2026-04-26,21.5684510750438,76.762672052002,49.3269881107752,1270.53708512705,1252.56472785096,1187.07201206342,1160.28871245638,2.97555907286457,0.768323220044254,6,162,246,-84,14,0.567415861179926,0.503838040168557,0.612928111882207,1467.55765966048,1497.37960625642,1439.21296005227,18
"1748",6,12999,129990807,8,"Penrith Panthers","away",2026-04-26,27.5781708725506,79.1460302179257,50.9181843808434,1195.69651515226,1238.51515444696,1145.64163365409,1264.34240502604,4.01569047767999,1.24548921709874,12,229,94,135,1,0.202204634569037,0.274929886212348,0.190428747824549,1670.22101996976,1612.16994808419,1688.59303670959,44
"1749",6,12999,129990901,9,"Canterbury-Bankstown Bulldogs","home",2026-05-01,20.2031615177701,76.5884638326729,49.503156185592,1353.3731202399,1265.24754495447,1057.34178762796,1166.95769980241,2.61812253691614,1.61775155378811,8,121,134,-13,10,0.43873721386115,0.432495066478811,0.438304285831891,1452.44596880887,1441.60548325828,1471.82001631191,12
"1750",7,12999,129990902,9,"Dolphins","home",2026-05-01,24.4441371769002,77.1151658010951,48.9182163062344,1226.46246359028,1250.71455728553,1117.52271452782,1237.99858256096,2.87748252798415,1.71303559199159,6,138,165,-27,12,0.326765638044793,0.343015491830297,0.349962246674371,1458.74690225819,1482.71947025409,1434.89595441054,28
"1751",6,12999,129990902,9,"Melbourne Storm","away",2026-05-01,24.6897088235624,77.8461576880863,50.0260603718883,1229.1709586134,1393.11240068625,1081.97906363559,1120.32618621266,3.98830516386682,1.33515021077072,4,182,184,-2,15,0.326765638044793,0.343015491830297,0.349962246674371,1584.31885965717,1595.61602790168,1542.46290828437,10
"1752",7,12999,129990901,9,"North Queensland Cowboys","away",2026-05-01,24.6092587125547,74.8282904634376,50.3618856987161,1171.71081563538,1191.70763192746,1235.30353731756,1233.6434413076,3.82363806335842,1.00692068677867,8,165,181,-16,11,0.43873721386115,0.432495066478811,0.438304285831891,1495.23067872936,1488.80087668844,1514.91017345256,28
"1753",7,12999,129990905,9,"Brisbane Broncos","away",2026-05-02,24.6143439339529,78.7721703600359,50.1428770881224,1272.44110310588,1159.83972085501,1335.03551061658,1158.61243953588,4.11252843279683,1.56394276388421,8,154,159,-5,9,0.473105345170187,0.515967658834543,0.443196654270262,1589.58293793529,1542.26460501416,1622.81417979369,24
"1754",9,12999,129990903,9,"Canberra Raiders","away",2026-05-02,21.7087524875001,78.9134196494747,49.1587585376637,1221.93586117865,1135.0489100909,1314.85317268292,1228.29903141678,3.35121561865628,1.123926254588,6,141,204,-63,13,0.289477322099958,0.351093708704546,0.262515551649756,1498.51370697254,1500.02811268146,1499.4162979236,28
"1755",6,12999,129990903,9,"Gold Coast Titans","home",2026-05-02,20.3760100427732,77.240396495728,49.1835200949425,1187.56527761618,1170.5874648361,1389.06060024751,1083.44896534948,3.16206002117496,1.550824928714,4,146,176,-30,16,0.289477322099958,0.351093708704546,0.262515551649756,1342.52834795029,1393.32453771742,1319.97716588111,12
"1756",8,12999,129990904,9,"Parramatta Eels","home",2026-05-02,21.3543440105412,76.5969117288818,49.1873688241287,1349.16486001943,1282.9508441799,1125.92769133961,1108.191389709,3.1570255284927,0.842223826841599,6,162,246,-84,14,0.381835976761079,0.473131574710769,0.29783797096349,1457.1756403288,1492.41798665811,1423.73008452756,14
"1757",NA,12999,129990905,9,"Sydney Roosters","home",2026-05-02,26.3223159200703,73.1202732631293,49.5683557681993,1127.72560487967,1121.28221092706,1045.25796643239,1548.07543376237,2.63927722051398,1.26914670726216,10,153,162,-9,5,0.473105345170187,0.515967658834543,0.443196654270262,1570.87656270987,1553.36384507447,1583.17203459353,38
"1758",7,12999,129990904,9,"Warriors","away",2026-05-02,23.3455203421863,81.3322304727689,51.1412113616378,1127.738219826,1228.69813369235,1142.96636429294,1332.94737128179,3.43543398104809,1.44866946956131,10,222,138,84,2,0.381835976761079,0.473131574710769,0.29783797096349,1540.86639248217,1511.1060828971,1572.71299483297,36
"1759",7,12999,129990907,9,"Cronulla-Sutherland Sharks","home",2026-05-03,24.852347282979,76.4442825035744,49.8910472647291,1126.11010333791,1137.40622763723,1230.34924059621,1339.46091048596,2.84034025391325,1.22532862355821,8,158,152,6,7,0.614431440813669,0.606371001737998,0.568600860492172,1533.42699569105,1523.42640992763,1534.16765079435,52
"1760",7,12999,129990908,9,"Manly-Warringah Sea Eagles","away",2026-05-03,26.3153587414872,77.8297524764102,51.9959184085494,1173.51128072543,1342.93541714444,1132.35631944213,1191.3516761286,3.47479777720233,1.24724904271607,8,178,140,38,6,0.703387285554088,0.653101136825934,0.717203312147069,1525.07203103862,1505.00822170376,1534.5429994704,16
"1761",NA,12999,129990906,9,"Newcastle Knights","home",2026-05-03,18.5665888159612,76.1892852712333,47.574804761694,1235.25686866668,1166.01579717671,1386.33140603466,1043.83626849654,3.19278910007073,1.29000214422012,8,178,180,-2,8,0.348812276277052,0.37882558008179,0.355448792420199,1426.92794730535,1440.95742831947,1429.56686027313,42
"1762",8,12999,129990908,9,"Penrith Panthers","home",2026-05-03,28.5634806201976,79.1972684048501,51.2230933179928,1188.87472424312,1244.00424518014,1117.46313563484,1292.28186072448,4.01474904901919,1.17075986407282,12,229,94,135,1,0.703387285554088,0.653101136825934,0.717203312147069,1675.07393119942,1614.91924694631,1696.21018662257,18
"1763",7,12999,129990906,9,"South Sydney Rabbitohs","away",2026-05-03,23.1106215294686,78.4259443952372,51.7877631549544,1333.20372811919,1353.75936167962,1175.9109245629,952.288942809057,3.05376751615928,1.11475365498096,10,174,144,30,4,0.348812276277052,0.37882558008179,0.355448792420199,1535.37372461353,1526.86713478779,1532.9590135845,38
"1764",6,12999,129990907,9,"Wests Tigers","away",2026-05-03,22.8346226358496,77.9768326828395,51.8018375328874,1225.91211465793,1183.50098332112,1190.43457930318,1304.05198299802,3.27976095815438,1.05558718891977,10,176,113,63,3,0.614431440813669,0.606371001737998,0.568600860492172,1452.47826843505,1448.36587431727,1486.19635555655,10
"1765",8,12999,129991001,10,"Canterbury-Bankstown Bulldogs","away",2026-05-07,19.7109718267039,76.7931560027125,49.4729668144565,1273.97073302551,1227.6726922572,1038.72128037029,1299.98023781427,2.58103518470117,1.64068646056082,8,121,134,-13,10,0.547331761830079,0.574292564036658,0.509510859978571,1441.9162756762,1437.28053259349,1454.28784487863,12
"1766",6,12999,129991001,10,"Dolphins","home",2026-05-07,24.6574889462862,76.8682558530294,49.3431233278603,1215.39471577486,1245.5716838484,1099.43135165615,1272.91866760731,3.0048335763051,1.6702534564721,6,138,165,-27,12,0.547331761830079,0.574292564036658,0.509510859978571,1474.90452694511,1489.28931533578,1460.89746454356,44
"1767",8,12999,129991002,10,"Gold Coast Titans","away",2026-05-08,19.8734494402068,76.3859727059843,48.9925088892459,1191.31136095921,1167.79221694593,1393.49696423266,1077.18202742852,3.15233641990447,1.45777543299116,4,146,176,-30,16,0.806474648695511,0.724986735617063,0.846020823948747,1335.58089221989,1389.81360063038,1309.47654381512,12
"1768",7,12999,129991003,10,"North Queensland Cowboys","home",2026-05-08,24.8127031898015,74.8985930356314,50.4001725567932,1139.74816669726,1122.00517401181,1364.2253250785,1204.44483482915,3.95421977955692,1.12650544557195,8,165,181,-16,11,0.582350220301354,0.507826935931161,0.666940082101096,1505.76037186203,1493.12582735323,1532.44234488583,30
"1769",NA,12999,129991003,10,"Parramatta Eels","away",2026-05-08,20.9130833699087,76.3810970251489,49.236126694681,1285.07496841826,1221.8137935291,1157.55202985924,1199.13990632646,3.32760399678313,0.791690397231103,6,162,246,-84,14,0.582350220301354,0.507826935931161,0.666940082101096,1448.01157688653,1487.686670911,1411.81656568902,33
"1770",6,12999,129991002,10,"Sydney Roosters","home",2026-05-08,27.0229769648661,73.8330568673416,49.8342544221074,1118.50206858689,1104.52527827144,1042.12248844645,1575.43090773663,2.66092058728314,1.25299790482643,10,153,162,-9,5,0.806474648695511,0.724986735617063,0.846020823948747,1583.52203442578,1558.20416848612,1605.44416842272,28
"1771",7,12999,129991006,10,"Brisbane Broncos","away",2026-05-09,24.5774832979157,78.6058401384338,49.8943044628351,1246.61463691953,1148.68933760371,1375.17337997959,1148.67569316372,4.34577672682902,1.65010619805116,8,154,159,-5,9,0.415921219528823,0.448540123275417,0.390541315550315,1576.93746621937,1537.42428160251,1600.5420459645,4
"1772",9,12999,129991005,10,"Cronulla-Sutherland Sharks","away",2026-05-09,26.4812064460002,76.59762555336,50.5575844288453,1127.24349713764,1172.48185397899,1160.72828616043,1373.57325585681,2.90991983867845,1.15180890614472,8,158,152,6,7,0.467041136566324,0.490348604927625,0.436665976339737,1542.68064111153,1527.36269991025,1551.42361637467,12
"1773",6,12999,129991006,10,"Manly-Warringah Sea Eagles","home",2026-05-09,25.696437216998,77.5999673278256,51.8161633040365,1193.3406038819,1342.27929211577,1138.5749402756,1166.25057556088,3.56630991057019,1.17241410015311,8,178,140,38,6,0.415921219528823,0.448540123275417,0.390541315550315,1517.95332589191,1501.53923307202,1523.23113195628,32
"1774",9,12999,129991004,10,"Newcastle Knights","away",2026-05-09,19.9725934870036,75.7579281549593,47.6603164759924,1230.20145654668,1150.83484934611,1381.69152167258,1068.02609238674,3.12122175406648,1.21260201556691,8,178,180,-2,8,0.385232286869955,0.488545899900265,0.290759572041715,1442.5564526747,1447.16917251865,1455.34890857632,44
"1775",6,12999,129991005,10,"South Sydney Rabbitohs","home",2026-05-09,24.0039842377005,78.040387731523,51.7404973656571,1307.99150443204,1341.59379997884,1192.17626908913,973.691606240514,2.99054146518973,1.0478684356821,10,174,144,30,4,0.467041136566324,0.490348604927625,0.436665976339737,1519.74521924418,1520.65539058861,1507.1769652813,36
"1776",NA,12999,129991004,10,"St George-Illawarra Dragons","home",2026-05-09,17.9694606983733,75.9585672611216,48.4111721986334,1271.58527842606,1204.7458224995,1376.1483472125,1012.61618056033,3.37224509366061,1.27879194509487,0,98,203,-105,17,0.385232286869955,0.488545899900265,0.290759572041715,1361.36110388444,1439.20865585255,1300.44512368666,10
"1777",NA,12999,129991008,10,"Canberra Raiders","home",2026-05-10,22.0862273382501,78.6186144705062,49.4492330254038,1216.05970950793,1141.94597548545,1294.70198232195,1242.38108953177,3.3301426815369,1.05649067931272,6,141,204,-63,13,0.265544272153322,0.340486928183696,0.242778448072022,1505.46116270294,1503.53904976851,1509.91691998959,18
"1778",8,12999,129991007,10,"Melbourne Storm","home",2026-05-10,23.8083262941487,77.8553882268011,49.664496749575,1225.32070109659,1372.04565664507,1126.26031981745,1102.0666150399,4.04900685403481,1.43504119812448,4,182,184,-2,15,0.672429274547462,0.696879069891615,0.567964931034914,1568.16123497025,1589.04618281998,1516.46139815134,44
"1779",8,12999,129991008,10,"Penrith Panthers","away",2026-05-10,27.9296717829857,78.4654323005591,51.2097077189132,1197.46224078854,1259.60399046933,1096.79534749675,1288.90494908101,3.83386410607804,1.10051427222845,12,229,94,135,1,0.265544272153322,0.340486928183696,0.242778448072022,1682.19263634612,1618.38823557805,1707.52205413669,30
"1780",6,12999,129991007,10,"Wests Tigers","away",2026-05-10,22.0645452776986,76.7782227218691,51.0337272809142,1255.67738777846,1181.19092432185,1233.48850454499,1230.00886401814,3.38297530066511,1.29225195758458,10,176,113,63,3,0.672429274547462,0.696879069891615,0.567964931034914,1443.22462301458,1444.42958433465,1468.94038997624,18
